priority_rank,game_name,game_url,canonical_game_key,missing_rank_rows,best_missing_rank,first_missing_rank_date,last_missing_rank_date,first_observed_play_count_date,first_observed_play_count_source,page_gap_status,metrics_status,exact_metrics_endpoint_count,exact_metrics_cdx_rows,exact_metrics_cached_endpoint_count,exact_metrics_missing_cache_count,exact_metrics_first_cdx_date,exact_metrics_last_cdx_date,exact_metrics_cdx_rows_in_missing_window,exact_metrics_sampled_rows_in_missing_window,exact_metrics_parsed_rows,exact_metrics_first_parsed_date,exact_metrics_first_parsed_plays,exact_metrics_gap_status,side_endpoint_observations,side_endpoint_cdx_hit_observations,side_endpoint_rows_in_missing_window,side_endpoint_parsed_rows,developer_list_observations,developer_list_rows_in_missing_window,recommended_next_action
1,Supermechs,http://www.kongregate.com/games/Tacticsoft/supermechs,www.kongregate.com/games/tacticsoft/supermechs,274,2,2016-06-05,2018-11-25,2018-12-17,count_source_probe,dynamic_metrics_placeholder,has_metrics,2,18,1,1,2018-12-17,2024-01-21,0,0,2,2018-12-17,3398196,exact_metrics_starts_after_missing_window,64,48,18,0,21,18,Exact metrics start too late and side endpoints lack public counts; pursue list/account captures or external corroboration.
2,Bloons Monkey City,https://www.kongregate.com/games/Ninjakiwi/bloons-monkey-city,www.kongregate.com/games/ninjakiwi/bloons-monkey-city,530,4,2014-11-25,2018-01-10,2018-02-21,count_source_probe,dynamic_metrics_placeholder,has_metrics,2,26,1,1,2018-02-21,2025-07-14,0,0,2,2018-02-21,12681018,exact_metrics_starts_after_missing_window,64,48,24,0,25,15,Exact metrics start too late and side endpoints lack public counts; pursue list/account captures or external corroboration.
3,Crusaders of the Lost Idols,https://www.kongregate.com/games/Codename_Enter/crusaders-of-the-lost-idols,www.kongregate.com/games/codename_enter/crusaders-of-the-lost-idols,70,1,2015-08-09,2017-11-08,2018-04-19,count_source_probe,dynamic_metrics_placeholder,has_metrics,2,8,1,1,2018-04-19,2024-01-20,0,0,24,2018-04-19,17651487,exact_metrics_starts_after_missing_window,64,48,16,0,24,15,Exact metrics start too late and side endpoints lack public counts; pursue list/account captures or external corroboration.
4,Mu Complex : Episode One,http://www.kongregate.com/games/StudioCime/mu-complex-episode-one,www.kongregate.com/games/studiocime/mu-complex-episode-one,20,1,2014-11-11,2015-10-03,2018-04-15,count_source_probe,dynamic_metrics_placeholder,has_metrics,2,2,1,1,2018-04-15,2026-03-12,0,0,3,2018-04-15,641755,exact_metrics_starts_after_missing_window,0,0,0,0,18,6,Exact metrics start too late; pursue broader list/account captures or external corroboration.
5,There is no game,https://www.kongregate.com/games/KaMiZoTo_Creator/there-is-no-game,www.kongregate.com/games/kamizoto_creator/there-is-no-game,15,1,2016-03-07,2017-03-18,2017-03-29,count_source_probe,dynamic_metrics_placeholder,has_metrics,2,20,1,1,2017-03-29,2024-09-24,0,0,2,2017-03-29,743305,exact_metrics_starts_after_missing_window,64,48,24,0,30,9,Exact metrics start too late and side endpoints lack public counts; pursue list/account captures or external corroboration.
6,Cosmos Quest,https://www.kongregate.com/games/GaiaByte/cosmos-quest,www.kongregate.com/games/gaiabyte/cosmos-quest,19,1,2017-03-04,2017-06-24,2017-09-04,count_source_probe,dynamic_metrics_placeholder,has_metrics,2,8,1,1,2017-09-04,2025-08-13,0,0,2,2017-09-04,4947705,exact_metrics_starts_after_missing_window,0,0,0,0,24,9,Exact metrics start too late; pursue broader list/account captures or external corroboration.
7,The Enchanted Cave 2,http://www.kongregate.com/games/DustinAux/the-enchanted-cave-2,www.kongregate.com/games/dustinaux/the-enchanted-cave-2,39,1,2015-02-07,2015-09-15,2015-09-18,count_source_probe,dynamic_metrics_placeholder,has_metrics,2,29,1,1,2015-09-18,2025-05-31,0,0,24,2015-09-18,1545521,exact_metrics_starts_after_missing_window,0,0,0,0,24,15,Exact metrics start too late; pursue broader list/account captures or external corroboration.
8,KingsRoad,http://www.kongregate.com/games/RumbleGames/kingsroad,www.kongregate.com/games/rumblegames/kingsroad,27,4,2014-12-27,2019-10-22,2021-03-18,count_source_probe,dynamic_metrics_placeholder,has_metrics,2,1,1,1,2021-03-18,2021-03-18,0,0,1,2021-03-18,5667526,exact_metrics_starts_after_missing_window,48,24,12,0,18,6,Exact metrics start too late and side endpoints lack public counts; pursue list/account captures or external corroboration.
9,Blockade3D,https://www.kongregate.com/games/blockadeboss/blockade3d,www.kongregate.com/games/blockadeboss/blockade3d,24,3,2016-08-17,2019-03-02,2019-03-28,count_source_probe,dynamic_metrics_placeholder,has_metrics,2,8,1,1,2019-03-28,2025-03-30,0,0,2,2019-03-28,535039,exact_metrics_starts_after_missing_window,0,0,0,0,0,0,Exact metrics start too late; pursue broader list/account captures or external corroboration.
10,Superfighters,https://www.kongregate.com/games/TRBW001/superfighters,www.kongregate.com/games/trbw001/superfighters,69,10,2018-06-25,2022-02-08,2022-03-19,count_source_probe,dynamic_metrics_placeholder,has_metrics,2,1,1,1,2022-03-19,2022-03-19,0,0,1,2022-03-19,264900,exact_metrics_starts_after_missing_window,0,0,0,0,0,0,Exact metrics start too late; pursue broader list/account captures or external corroboration.
11,Swarm Simulator,https://www.kongregate.com/games/swarmsim/swarm-simulator,www.kongregate.com/games/swarmsim/swarm-simulator,43,1,2015-02-23,2017-06-24,2017-09-01,count_source_probe,dynamic_metrics_placeholder,has_metrics,2,15,1,1,2017-09-01,2024-08-19,0,0,18,2017-09-01,9854193,exact_metrics_starts_after_missing_window,0,0,0,0,0,0,Exact metrics start too late; pursue broader list/account captures or external corroboration.
12,N Step Steve: Part 1,https://www.kongregate.com/games/EPGstudios/n-step-steve-part-1,www.kongregate.com/games/epgstudios/n-step-steve-part-1,29,4,2024-01-17,2025-10-07,2025-11-22,ranked_listing,dynamic_metrics_placeholder,has_metrics,2,0,2,0,,,0,0,0,,,exact_metrics_no_cached_cdx_rows,0,0,0,0,0,0,Escalate to broader list/account captures or external corroboration.
13,Trimps,https://www.kongregate.com/games/GreenSatellite/trimps,www.kongregate.com/games/greensatellite/trimps,24,3,2015-07-26,2016-09-03,2016-09-17,count_source_probe,dynamic_metrics_placeholder,has_metrics,2,39,1,1,2016-09-17,2025-05-13,0,0,17,2016-09-17,4289823,exact_metrics_starts_after_missing_window,0,0,0,0,0,0,Exact metrics start too late; pursue broader list/account captures or external corroboration.
14,Sports Heads: Football Championship,https://www.kongregate.com/games/Mousebreaker/sports-heads-football-championship,www.kongregate.com/games/mousebreaker/sports-heads-football-championship,14,3,2024-04-01,2025-08-01,2025-08-19,count_source_probe,dynamic_metrics_placeholder,has_metrics,2,1,1,1,2025-08-19,2025-08-19,0,0,1,2025-08-19,1510580,exact_metrics_starts_after_missing_window,0,0,0,0,0,0,Exact metrics start too late; pursue broader list/account captures or external corroboration.
15,Realm Grinder,https://www.kongregate.com/games/DivineGames/realm-grinder,www.kongregate.com/games/divinegames/realm-grinder,19,4,2015-07-26,2015-11-17,2015-12-02,count_source_probe,dynamic_metrics_placeholder,has_metrics,2,49,1,1,2015-12-02,2025-08-19,0,0,18,2015-12-02,6889634,exact_metrics_starts_after_missing_window,0,0,0,0,0,0,Exact metrics start too late; pursue broader list/account captures or external corroboration.
16,Medieval Chronicles 8 (Part 2),https://www.kongregate.com/games/VasantJ/medieval-chronicles-8-part-2,www.kongregate.com/games/vasantj/medieval-chronicles-8-part-2,13,5,2020-07-02,2020-07-09,2020-07-16,count_source_probe,dynamic_metrics_placeholder,has_metrics,2,13,2,0,2020-07-16,2024-01-20,0,0,16,2020-07-16,12860,exact_metrics_starts_after_missing_window,0,0,0,0,0,0,Exact metrics start too late; pursue broader list/account captures or external corroboration.
17,Fleeing the Complex,https://www.kongregate.com/games/Puffballs_United/fleeing-the-complex,www.kongregate.com/games/puffballs_united/fleeing-the-complex,270,10,2016-03-05,2018-03-12,2018-05-12,count_source_probe,dynamic_metrics_placeholder,has_metrics,2,27,1,1,2018-05-12,2023-09-23,0,0,2,2018-05-12,1107903,exact_metrics_starts_after_missing_window,50,27,10,0,0,0,Exact metrics start too late and side endpoints lack public counts; pursue list/account captures or external corroboration.
18,Medieval Chronicles 4,https://www.kongregate.com/games/VasantJ/medieval-chronicles-4,www.kongregate.com/games/vasantj/medieval-chronicles-4,5,1,2019-05-06,2019-07-18,2019-10-17,count_source_probe,dynamic_metrics_placeholder,has_metrics,2,5,1,1,2019-10-17,2024-02-22,0,0,15,2019-10-17,43633,exact_metrics_starts_after_missing_window,0,0,0,0,0,0,Exact metrics start too late; pursue broader list/account captures or external corroboration.
19,Medieval Cop 8 -DeathWish- (Part 3),http://www.kongregate.com/games/VasantJ/medieval-cop-8-deathwish-part-3,www.kongregate.com/games/vasantj/medieval-cop-8-deathwish-part-3,12,3,2017-08-25,2017-09-16,2021-09-02,count_source_probe,dynamic_metrics_placeholder,has_metrics,2,5,1,1,2021-09-02,2024-02-22,0,0,13,2021-09-02,102235,exact_metrics_starts_after_missing_window,0,0,0,0,0,0,Exact metrics start too late; pursue broader list/account captures or external corroboration.
20,Unpuzzle 2,https://www.kongregate.com/games/KekGames/unpuzzle-2,www.kongregate.com/games/kekgames/unpuzzle-2,7,1,2018-03-10,2019-05-26,2019-07-02,count_source_probe,dynamic_metrics_placeholder,has_metrics,2,24,1,1,2019-07-02,2024-01-21,0,0,24,2019-07-02,379847,exact_metrics_starts_after_missing_window,0,0,0,0,0,0,Exact metrics start too late; pursue broader list/account captures or external corroboration.
21,Medieval Cop 9 -Song & Silence- (Part 1),https://www.kongregate.com/games/VasantJ/medieval-cop-9-song-silence-part-1,www.kongregate.com/games/vasantj/medieval-cop-9-song-silence-part-1,12,4,2019-05-06,2020-01-02,2020-04-27,count_source_probe,dynamic_metrics_placeholder,has_metrics,2,4,1,1,2020-04-27,2024-02-22,0,0,8,2020-04-27,52621,exact_metrics_starts_after_missing_window,0,0,0,0,0,0,Exact metrics start too late; pursue broader list/account captures or external corroboration.
22,The Very Organized Thief,http://www.kongregate.com/games/arcan3artist/the-very-organized-thief,www.kongregate.com/games/arcan3artist/the-very-organized-thief,44,5,2014-11-01,2017-04-08,2017-11-16,metrics_json,dynamic_metrics_placeholder,has_metrics,2,5,1,1,2017-11-16,2024-12-18,0,0,1,2019-07-02,1524637,exact_metrics_starts_after_missing_window,0,0,0,0,0,0,Exact metrics start too late; pursue broader list/account captures or external corroboration.
23,Trader of Stories - Chapter 3,https://www.kongregate.com/games/mrudi/trader-of-stories-chapter-3,www.kongregate.com/games/mrudi/trader-of-stories-chapter-3,18,5,2024-04-01,2026-01-03,2026-06-29,live_metrics_json,dynamic_metrics_placeholder,has_metrics,2,0,2,0,,,0,0,0,,,exact_metrics_no_cached_cdx_rows,0,0,0,0,0,0,Escalate to broader list/account captures or external corroboration.
24,Super Hot,http://www.kongregate.com/games/Bunny_Engel/super-hot,www.kongregate.com/games/bunny_engel/super-hot,48,7,2014-11-02,2017-04-15,2017-10-05,count_source_probe,dynamic_metrics_placeholder,has_metrics,2,1,1,1,2017-10-05,2017-10-05,0,0,1,2017-10-05,545601,exact_metrics_starts_after_missing_window,0,0,0,0,0,0,Exact metrics start too late; pursue broader list/account captures or external corroboration.
25,Evo Explores,https://www.kongregate.com/games/tobeglad/evo-explores,www.kongregate.com/games/tobeglad/evo-explores,16,4,2016-09-05,2019-05-26,2019-07-02,count_source_probe,dynamic_metrics_placeholder,has_metrics,2,16,1,1,2019-07-02,2025-03-02,0,0,9,2019-07-02,354416,exact_metrics_starts_after_missing_window,0,0,0,0,0,0,Exact metrics start too late; pursue broader list/account captures or external corroboration.
26,Medieval Chronicles 9,https://www.kongregate.com/games/VasantJ/medieval-chronicles-9,www.kongregate.com/games/vasantj/medieval-chronicles-9,24,6,2020-06-07,2023-12-01,2024-01-17,count_source_probe,dynamic_metrics_placeholder,has_metrics,2,2,1,1,2024-01-17,2024-01-20,0,0,2,2024-01-17,27745,exact_metrics_starts_after_missing_window,0,0,0,0,0,0,Exact metrics start too late; pursue broader list/account captures or external corroboration.
27,Miscrits,http://www.kongregate.com/games/BrokenBulb/miscrits,www.kongregate.com/games/brokenbulb/miscrits,6,3,2014-12-27,2015-04-03,2019-02-09,count_source_probe,dynamic_metrics_placeholder,has_metrics,2,1,1,1,2019-02-09,2019-02-09,0,0,1,2019-02-09,1817399,exact_metrics_starts_after_missing_window,0,0,0,0,0,0,Exact metrics start too late; pursue broader list/account captures or external corroboration.
28,Drift Race in the open world,https://www.kongregate.com/games/roman8/drift-race-in-the-open-world,www.kongregate.com/games/roman8/drift-race-in-the-open-world,16,4,2024-01-21,2025-10-07,2026-06-29,live_metrics_json,no_page_cdx_rows,has_metrics,2,0,2,0,,,0,0,0,,,exact_metrics_no_cached_cdx_rows,0,0,0,0,0,0,Escalate to broader list/account captures or external corroboration.
29,Swords and Souls,https://www.kongregate.com/games/SoulGame/swords-and-souls,www.kongregate.com/games/soulgame/swords-and-souls,4,1,2015-10-29,2015-11-17,2015-11-22,count_source_probe,dynamic_metrics_placeholder,has_metrics,2,51,1,1,2015-11-22,2024-01-29,0,0,19,2015-11-22,1362561,exact_metrics_starts_after_missing_window,0,0,0,0,0,0,Exact metrics start too late; pursue broader list/account captures or external corroboration.
30,Game of Thrones Ascent,http://www.kongregate.com/games/DisruptorBeam/game-of-thrones-ascent,www.kongregate.com/games/disruptorbeam/game-of-thrones-ascent,28,6,2014-11-10,2016-06-01,2026-07-02,live_metrics_json,dynamic_metrics_placeholder,has_metrics,2,1,1,1,2024-05-28,2024-05-28,0,0,0,,,exact_metrics_starts_after_missing_window,48,24,18,0,0,0,Exact metrics start too late and side endpoints lack public counts; pursue list/account captures or external corroboration.
31,Mu Complex : Episode Two,http://www.kongregate.com/games/StudioCime/mu-complex-episode-two,www.kongregate.com/games/studiocime/mu-complex-episode-two,3,1,2015-05-12,2015-10-03,2020-03-27,count_source_probe,dynamic_metrics_placeholder,has_metrics,2,1,1,1,2020-03-27,2020-03-27,0,0,3,2020-03-27,293193,exact_metrics_starts_after_missing_window,0,0,0,0,0,0,Exact metrics start too late; pursue broader list/account captures or external corroboration.
32,Footie Fight,https://www.kongregate.com/games/oogzyent/footie-fight,www.kongregate.com/games/oogzyent/footie-fight,15,5,2024-04-01,2025-10-07,2026-06-29,live_metrics_json,dynamic_metrics_placeholder,has_metrics,2,0,2,0,,,0,0,0,,,exact_metrics_no_cached_cdx_rows,0,0,0,0,0,0,Escalate to broader list/account captures or external corroboration.
33,Medieval Cop - Dregg Me To Hell,http://www.kongregate.com/games/VasantJ/medieval-cop-dregg-me-to-hell,www.kongregate.com/games/vasantj/medieval-cop-dregg-me-to-hell,8,4,2016-11-18,2016-12-05,2023-08-21,count_source_probe,dynamic_metrics_placeholder,has_metrics,2,5,1,1,2023-08-21,2024-02-22,0,0,2,2023-08-21,144385,exact_metrics_starts_after_missing_window,0,0,0,0,0,0,Exact metrics start too late; pursue broader list/account captures or external corroboration.
34,The Gates of Heaven,http://www.kongregate.com/games/EmperorMason/the-gates-of-heaven,www.kongregate.com/games/emperormason/the-gates-of-heaven,2,1,2014-09-26,2014-09-26,2026-06-30,live_metrics_json,dynamic_metrics_placeholder,has_metrics,2,0,2,0,,,0,0,0,,,exact_metrics_no_cached_cdx_rows,10,0,0,0,0,0,Escalate to broader list/account captures or external corroboration.
35,Escape Game - Computer Office Escape,https://www.kongregate.com/games/masasgames/escape-game-computer-office-escape,www.kongregate.com/games/masasgames/escape-game-computer-office-escape,5,1,2020-06-02,2020-06-20,2020-06-21,count_source_probe,dynamic_metrics_placeholder,has_metrics,2,38,1,1,2020-06-21,2025-10-03,0,0,21,2020-06-21,112505,exact_metrics_starts_after_missing_window,0,0,0,0,0,0,Exact metrics start too late; pursue broader list/account captures or external corroboration.
36,Last Warrior,http://www.kongregate.com/games/sstudioss/last-warrior,www.kongregate.com/games/sstudioss/last-warrior,1,1,2014-09-02,2014-09-02,,,no_page_cdx_rows,no_cdx,2,0,2,0,,,0,0,0,,,exact_metrics_no_cached_cdx_rows,12,0,0,0,9,0,Escalate to broader list/account captures or external corroboration.
37,SpaceWarrior,http://www.kongregate.com/games/listenme02/spacewarrior,www.kongregate.com/games/listenme02/spacewarrior,1,1,2014-09-12,2014-09-12,,,no_page_cdx_rows,no_cdx,2,0,2,0,,,0,0,0,,,exact_metrics_no_cached_cdx_rows,12,0,0,0,1,0,Escalate to broader list/account captures or external corroboration.
38,The Funniest Game Ever,http://www.kongregate.com/games/Creeptasticman/the-funniest-game-ever,www.kongregate.com/games/creeptasticman/the-funniest-game-ever,1,1,2014-10-24,2014-10-24,,,no_page_cdx_rows,no_cdx,2,0,2,0,,,0,0,0,,,exact_metrics_no_cached_cdx_rows,12,0,0,0,15,0,Escalate to broader list/account captures or external corroboration.
39,The Saga Of The Wind Mobiles,http://www.kongregate.com/games/GhostTheFi/the-saga-of-the-wind-mobiles,www.kongregate.com/games/ghostthefi/the-saga-of-the-wind-mobiles,1,1,2016-06-29,2016-06-29,,,no_page_cdx_rows,no_cdx,2,0,2,0,,,0,0,0,,,exact_metrics_no_cached_cdx_rows,12,0,0,0,6,0,Escalate to broader list/account captures or external corroboration.
40,as3q32@gmail.com,http://www.kongregate.com/games/W3STS1DE/as3q32-gmail-com,www.kongregate.com/games/w3sts1de/as3q32-gmail-com,1,1,2016-07-07,2016-07-07,,,no_page_cdx_rows,no_cdx,2,0,2,0,,,0,0,0,,,exact_metrics_no_cached_cdx_rows,20,0,0,0,6,0,Escalate to broader list/account captures or external corroboration.
41,Make Me 10,http://www.kongregate.com/games/LinhVo1611/make-me-10,www.kongregate.com/games/linhvo1611/make-me-10,1,1,2017-05-16,2017-05-16,,,dynamic_metrics_placeholder,no_cdx,2,0,2,0,,,0,0,0,,,exact_metrics_no_cached_cdx_rows,12,12,0,0,12,0,Escalate to broader list/account captures or external corroboration.
42,Key to Success,http://www.kongregate.com/games/SamuelVenable/key-to-success,www.kongregate.com/games/samuelvenable/key-to-success,1,1,2017-05-25,2017-05-25,,,dynamic_metrics_placeholder,no_cdx,2,0,2,0,,,0,0,0,,,exact_metrics_no_cached_cdx_rows,2,2,0,0,3,0,Escalate to broader list/account captures or external corroboration.
43,Missiles Again,http://www.kongregate.com/games/mafagames/missiles-again,www.kongregate.com/games/mafagames/missiles-again,1,1,2017-05-26,2017-05-26,,,dynamic_metrics_placeholder,no_cdx,2,0,2,0,,,0,0,0,,,exact_metrics_no_cached_cdx_rows,12,4,0,0,59,0,Escalate to broader list/account captures or external corroboration.
44,The Space Commando,http://www.kongregate.com/games/Eternal_Vanguard/the-space-commando,www.kongregate.com/games/eternal_vanguard/the-space-commando,1,1,2017-08-17,2017-08-17,,,dynamic_metrics_placeholder,no_cdx,2,0,2,0,,,0,0,0,,,exact_metrics_no_cached_cdx_rows,2,2,0,0,7,0,Escalate to broader list/account captures or external corroboration.
45,Run Bird Run Online,http://www.kongregate.com/games/mafagames/run-bird-run-online,www.kongregate.com/games/mafagames/run-bird-run-online,1,1,2017-08-25,2017-08-25,,,dynamic_metrics_placeholder,no_cdx,2,0,2,0,,,0,0,0,,,exact_metrics_no_cached_cdx_rows,12,3,0,0,59,0,Escalate to broader list/account captures or external corroboration.
46,Zombie Derby 2,http://www.kongregate.com/games/brvasil/zombie-derby-2,www.kongregate.com/games/brvasil/zombie-derby-2,1,1,2017-09-13,2017-09-13,,,no_page_cdx_rows,no_cdx,2,0,2,0,,,0,0,0,,,exact_metrics_no_cached_cdx_rows,18,0,0,0,23,0,Escalate to broader list/account captures or external corroboration.
47,Football Legends 2016,http://www.kongregate.com/games/CoralCnora/football-legends-2016,www.kongregate.com/games/coralcnora/football-legends-2016,1,1,2017-09-30,2017-09-30,,,no_page_cdx_rows,no_cdx,2,0,2,0,,,0,0,0,,,exact_metrics_no_cached_cdx_rows,28,0,0,0,5,0,Escalate to broader list/account captures or external corroboration.
48,LT-Breakout,http://www.kongregate.com/games/SandmanZA/lt-breakout,www.kongregate.com/games/sandmanza/lt-breakout,1,1,2017-10-24,2017-10-24,,,dynamic_metrics_placeholder,no_cdx,2,0,2,0,,,0,0,0,,,exact_metrics_no_cached_cdx_rows,6,6,0,0,0,0,Escalate to broader list/account captures or external corroboration.
49,Surrounded,https://www.kongregate.com/games/JasonNumberXIII/surrounded,www.kongregate.com/games/jasonnumberxiii/surrounded,1,1,2021-11-12,2021-11-12,,,dynamic_metrics_placeholder,no_cdx,2,0,2,0,,,0,0,0,,,exact_metrics_no_cached_cdx_rows,30,8,0,0,78,0,Escalate to broader list/account captures or external corroboration.
50,Bad Eggs Online 2,http://www.kongregate.com/games/Rob_Almighty/bad-eggs-online-2,www.kongregate.com/games/rob_almighty/bad-eggs-online-2,23,8,2015-04-03,2017-10-25,2018-03-23,count_source_probe,dynamic_metrics_placeholder,has_metrics,2,24,2,0,2018-03-23,2024-01-17,0,0,6,2018-03-23,2259109,exact_metrics_starts_after_missing_window,44,18,12,0,0,0,Exact metrics start too late and side endpoints lack public counts; pursue list/account captures or external corroboration.
51,Robo Racing,http://www.kongregate.com/games/smokoko/robo-racing,www.kongregate.com/games/smokoko/robo-racing,2,1,2014-09-19,2014-09-19,2023-11-06,count_source_probe,dynamic_metrics_placeholder,has_metrics,2,1,1,1,2023-11-06,2023-11-06,0,0,1,2023-11-06,5156,exact_metrics_starts_after_missing_window,0,0,0,0,0,0,Exact metrics start too late; pursue broader list/account captures or external corroboration.
52,The Adventures of Bit and Ravh,http://www.kongregate.com/games/gillenew/the-adventures-of-bit-and-ravh,www.kongregate.com/games/gillenew/the-adventures-of-bit-and-ravh,2,1,2014-10-17,2014-10-18,2026-06-29,live_metrics_json,dynamic_metrics_placeholder,has_metrics,2,0,2,0,,,0,0,0,,,exact_metrics_no_cached_cdx_rows,7,0,0,0,0,0,Escalate to broader list/account captures or external corroboration.
53,Dino Storm,https://www.kongregate.com/games/SplitscreenGames/dino-storm,www.kongregate.com/games/splitscreengames/dino-storm,14,7,2015-02-15,2019-02-01,2019-04-23,count_source_probe,dynamic_metrics_placeholder,has_metrics,2,3,1,1,2019-04-23,2023-12-23,0,0,2,2019-04-23,1064679,exact_metrics_starts_after_missing_window,0,0,0,0,0,0,Exact metrics start too late; pursue broader list/account captures or external corroboration.
54,Unpuzzle,https://www.kongregate.com/games/KekGames/unpuzzle,www.kongregate.com/games/kekgames/unpuzzle,4,3,2019-02-01,2019-05-26,2019-07-02,count_source_probe,dynamic_metrics_placeholder,has_metrics,2,13,1,1,2019-07-02,2024-01-21,0,0,22,2019-07-02,417768,exact_metrics_starts_after_missing_window,0,0,0,0,0,0,Exact metrics start too late; pursue broader list/account captures or external corroboration.
55,Medieval Chronicles 7,https://www.kongregate.com/games/VasantJ/medieval-chronicles-7,www.kongregate.com/games/vasantj/medieval-chronicles-7,3,1,2020-01-01,2020-01-06,2020-01-08,count_source_probe,dynamic_metrics_placeholder,has_metrics,2,3,1,1,2020-01-08,2024-01-20,0,0,6,2020-01-08,7990,exact_metrics_starts_after_missing_window,0,0,0,0,0,0,Exact metrics start too late; pursue broader list/account captures or external corroboration.
56,Robo-Jump,http://www.kongregate.com/games/gr33ngunner007/robo-jump,www.kongregate.com/games/gr33ngunner007/robo-jump,2,1,2014-10-03,2014-10-04,2026-06-29,live_metrics_json,dynamic_metrics_placeholder,has_metrics,2,0,2,0,,,0,0,0,,,exact_metrics_no_cached_cdx_rows,8,0,0,0,0,0,Escalate to broader list/account captures or external corroboration.
57,Discover,http://www.kongregate.com/games/N_DEVELOPER/discover,www.kongregate.com/games/n_developer/discover,2,1,2016-01-16,2016-02-02,2026-06-29,live_metrics_json,dynamic_metrics_placeholder,has_metrics,2,0,2,0,,,0,0,0,,,exact_metrics_no_cached_cdx_rows,0,0,0,0,0,0,Escalate to broader list/account captures or external corroboration.
58,Pou Popper,http://www.kongregate.com/games/botsgames/pou-popper,www.kongregate.com/games/botsgames/pou-popper,1,1,2014-08-08,2014-08-08,2026-06-30,live_metrics_json,no_page_cdx_rows,has_metrics,2,0,2,0,,,0,0,0,,,exact_metrics_no_cached_cdx_rows,0,0,0,0,0,0,Escalate to broader list/account captures or external corroboration.
59,Wheelie Legend,http://www.kongregate.com/games/colburt187/wheelie-legend,www.kongregate.com/games/colburt187/wheelie-legend,1,1,2014-08-22,2014-08-22,2026-06-30,live_metrics_json,dynamic_metrics_placeholder,has_metrics,2,0,2,0,,,0,0,0,,,exact_metrics_no_cached_cdx_rows,5,0,0,0,0,0,Escalate to broader list/account captures or external corroboration.
60,Battle Of Heroes,http://www.kongregate.com/games/Andrew_Nyers/battle-of-heroes,www.kongregate.com/games/andrew_nyers/battle-of-heroes,1,1,2014-08-26,2014-08-26,2022-06-18,count_source_probe,dynamic_metrics_placeholder,has_metrics,2,1,1,1,2022-06-18,2022-06-18,0,0,1,2022-06-18,57018,exact_metrics_starts_after_missing_window,0,0,0,0,0,0,Exact metrics start too late; pursue broader list/account captures or external corroboration.
61,Jellydad Hero,http://www.kongregate.com/games/PITon_/jellydad-hero,www.kongregate.com/games/piton_/jellydad-hero,1,1,2014-08-29,2014-08-29,2021-06-08,count_source_probe,dynamic_metrics_placeholder,has_metrics,2,1,1,1,2021-06-08,2021-06-08,0,0,1,2021-06-08,31610,exact_metrics_starts_after_missing_window,0,0,0,0,0,0,Exact metrics start too late; pursue broader list/account captures or external corroboration.
62,Alexia Crow and the pandora's box,http://www.kongregate.com/games/josepho/alexia-crow-and-the-pandoras-box,www.kongregate.com/games/josepho/alexia-crow-and-the-pandoras-box,1,1,2014-09-05,2014-09-05,2026-06-30,live_metrics_json,no_page_cdx_rows,has_metrics,2,0,2,0,,,0,0,0,,,exact_metrics_no_cached_cdx_rows,0,0,0,0,0,0,Escalate to broader list/account captures or external corroboration.
63,The world most bugged game,http://www.kongregate.com/games/ErnaniR/the-world-most-bugged-game,www.kongregate.com/games/ernanir/the-world-most-bugged-game,1,1,2014-09-14,2014-09-14,2026-06-30,live_metrics_json,dynamic_metrics_placeholder,has_metrics,2,0,2,0,,,0,0,0,,,exact_metrics_no_cached_cdx_rows,5,0,0,0,0,0,Escalate to broader list/account captures or external corroboration.
64,Classical Snake,http://www.kongregate.com/games/bilinmexx/classical-snake,www.kongregate.com/games/bilinmexx/classical-snake,1,1,2014-09-19,2014-09-19,2026-06-30,live_metrics_json,dynamic_metrics_placeholder,has_metrics,2,0,2,0,,,0,0,0,,,exact_metrics_no_cached_cdx_rows,5,0,0,0,0,0,Escalate to broader list/account captures or external corroboration.
65,Brakeless Trials Game 2014,http://www.kongregate.com/games/lpunderground1/brakeless-trials-game-2014,www.kongregate.com/games/lpunderground1/brakeless-trials-game-2014,1,1,2014-09-20,2014-09-20,2026-06-30,live_metrics_json,dynamic_metrics_placeholder,has_metrics,2,0,2,0,,,0,0,0,,,exact_metrics_no_cached_cdx_rows,7,0,0,0,0,0,Escalate to broader list/account captures or external corroboration.
66,Evolve,http://www.kongregate.com/games/MohtashamS/evolve,www.kongregate.com/games/mohtashams/evolve,1,1,2014-09-26,2014-09-26,2026-06-30,live_metrics_json,dynamic_metrics_placeholder,has_metrics,2,0,2,0,,,0,0,0,,,exact_metrics_no_cached_cdx_rows,10,0,0,0,0,0,Escalate to broader list/account captures or external corroboration.
67,Bakery French Bread,http://www.kongregate.com/games/IanStokes/bakery-french-bread,www.kongregate.com/games/ianstokes/bakery-french-bread,1,1,2014-10-04,2014-10-04,2026-06-29,live_metrics_json,dynamic_metrics_placeholder,has_metrics,2,0,2,0,,,0,0,0,,,exact_metrics_no_cached_cdx_rows,0,0,0,0,0,0,Escalate to broader list/account captures or external corroboration.
68,Opulent Sunflappiness 3,http://www.kongregate.com/games/stewardhklarlove/opulent-sunflappiness-3,www.kongregate.com/games/stewardhklarlove/opulent-sunflappiness-3,1,1,2014-10-09,2014-10-09,2026-06-29,live_metrics_json,no_page_cdx_rows,has_metrics,2,0,2,0,,,0,0,0,,,exact_metrics_no_cached_cdx_rows,0,0,0,0,0,0,Escalate to broader list/account captures or external corroboration.
69,Umbrella Revolution,http://www.kongregate.com/games/dingjun/umbrella-revolution,www.kongregate.com/games/dingjun/umbrella-revolution,1,1,2014-10-10,2014-10-10,2026-06-29,live_metrics_json,dynamic_metrics_placeholder,has_metrics,2,0,2,0,,,0,0,0,,,exact_metrics_no_cached_cdx_rows,0,0,0,0,0,0,Escalate to broader list/account captures or external corroboration.
70,Freeze Tag,http://www.kongregate.com/games/codenforjesus/freeze-tag,www.kongregate.com/games/codenforjesus/freeze-tag,1,1,2014-10-13,2014-10-13,2026-06-29,live_metrics_json,dynamic_metrics_placeholder,has_metrics,2,0,2,0,,,0,0,0,,,exact_metrics_no_cached_cdx_rows,0,0,0,0,0,0,Escalate to broader list/account captures or external corroboration.
71,March,http://www.kongregate.com/games/UncleBig2D/march,www.kongregate.com/games/unclebig2d/march,1,1,2014-10-18,2014-10-18,2026-06-29,live_metrics_json,dynamic_metrics_placeholder,has_metrics,2,0,2,0,,,0,0,0,,,exact_metrics_no_cached_cdx_rows,0,0,0,0,0,0,Escalate to broader list/account captures or external corroboration.
72,shieldshooting,http://www.kongregate.com/games/youugames/shieldshooting,www.kongregate.com/games/youugames/shieldshooting,1,1,2014-10-29,2014-10-29,2026-06-29,live_metrics_json,dynamic_metrics_placeholder,has_metrics,2,0,2,0,,,0,0,0,,,exact_metrics_no_cached_cdx_rows,0,0,0,0,0,0,Escalate to broader list/account captures or external corroboration.
73,Out Of Order,http://www.kongregate.com/games/bigmonkeyfactory/out-of-order,www.kongregate.com/games/bigmonkeyfactory/out-of-order,1,1,2014-10-31,2014-10-31,2026-06-29,live_metrics_json,no_page_cdx_rows,has_metrics,2,0,2,0,,,0,0,0,,,exact_metrics_no_cached_cdx_rows,0,0,0,0,0,0,Escalate to broader list/account captures or external corroboration.
74,Minions Bejeweled,http://www.kongregate.com/games/wayak/minions-bejeweled,www.kongregate.com/games/wayak/minions-bejeweled,1,1,2014-11-11,2014-11-11,2026-06-30,live_metrics_json,no_page_cdx_rows,has_metrics,2,0,2,0,,,0,0,0,,,exact_metrics_no_cached_cdx_rows,0,0,0,0,0,0,Escalate to broader list/account captures or external corroboration.
75,The Experimental Platformer (v1.2b7),http://www.kongregate.com/games/SilverMediaPro/the-experimental-platformer-v1-2b7,www.kongregate.com/games/silvermediapro/the-experimental-platformer-v1-2b7,1,1,2014-11-25,2014-11-25,2026-06-30,live_metrics_json,no_page_cdx_rows,has_metrics,2,0,2,0,,,0,0,0,,,exact_metrics_no_cached_cdx_rows,0,0,0,0,0,0,Escalate to broader list/account captures or external corroboration.
76,The Monster Dash,http://www.kongregate.com/games/drakebrown987/the-monster-dash,www.kongregate.com/games/drakebrown987/the-monster-dash,1,1,2014-12-02,2014-12-02,2026-06-30,live_metrics_json,no_page_cdx_rows,has_metrics,2,0,2,0,,,0,0,0,,,exact_metrics_no_cached_cdx_rows,0,0,0,0,0,0,Escalate to broader list/account captures or external corroboration.
77,Toeter Shooter,http://www.kongregate.com/games/idaniel95/toeter-shooter,www.kongregate.com/games/idaniel95/toeter-shooter,1,1,2014-12-10,2014-12-10,2026-06-30,live_metrics_json,no_page_cdx_rows,has_metrics,2,0,2,0,,,0,0,0,,,exact_metrics_no_cached_cdx_rows,0,0,0,0,0,0,Escalate to broader list/account captures or external corroboration.
78,Guess the city2,http://www.kongregate.com/games/SandraKim/guess-the-city2,www.kongregate.com/games/sandrakim/guess-the-city2,1,1,2014-12-17,2014-12-17,2026-06-30,live_metrics_json,no_page_cdx_rows,has_metrics,2,0,2,0,,,0,0,0,,,exact_metrics_no_cached_cdx_rows,0,0,0,0,0,0,Escalate to broader list/account captures or external corroboration.
79,Shooter Jet Crystal,http://www.kongregate.com/games/BrenetComics/shooter-jet-crystal,www.kongregate.com/games/brenetcomics/shooter-jet-crystal,1,1,2014-12-28,2014-12-28,2026-06-30,live_metrics_json,dynamic_metrics_placeholder,has_metrics,2,0,2,0,,,0,0,0,,,exact_metrics_no_cached_cdx_rows,0,0,0,0,0,0,Escalate to broader list/account captures or external corroboration.
80,Robo Jump,http://www.kongregate.com/games/paulp_ws/robo-jump,www.kongregate.com/games/paulp_ws/robo-jump,1,1,2014-12-30,2014-12-30,2026-06-30,live_metrics_json,dynamic_metrics_placeholder,has_metrics,2,0,2,0,,,0,0,0,,,exact_metrics_no_cached_cdx_rows,0,0,0,0,0,0,Escalate to broader list/account captures or external corroboration.
81,Cute Baby Girl Spring Outing,http://www.kongregate.com/games/showgirlgames/cute-baby-girl-spring-outing,www.kongregate.com/games/showgirlgames/cute-baby-girl-spring-outing,1,1,2015-04-01,2015-04-01,2026-06-30,live_metrics_json,no_page_cdx_rows,has_metrics,2,0,2,0,,,0,0,0,,,exact_metrics_no_cached_cdx_rows,0,0,0,0,0,0,Escalate to broader list/account captures or external corroboration.
82,Alien Space Blaster 0.1,http://www.kongregate.com/games/TM_HeartGames/alien-space-blaster-0-1,www.kongregate.com/games/tm_heartgames/alien-space-blaster-0-1,1,1,2015-09-03,2015-09-03,2026-06-29,live_metrics_json,dynamic_metrics_placeholder,has_metrics,2,0,2,0,,,0,0,0,,,exact_metrics_no_cached_cdx_rows,0,0,0,0,0,0,Escalate to broader list/account captures or external corroboration.
83,Monster War Zone 3,http://www.kongregate.com/games/monsterplay999/monster-war-zone-3,www.kongregate.com/games/monsterplay999/monster-war-zone-3,1,1,2015-09-09,2015-09-09,2026-06-29,live_metrics_json,dynamic_metrics_placeholder,has_metrics,2,0,2,0,,,0,0,0,,,exact_metrics_no_cached_cdx_rows,0,0,0,0,0,0,Escalate to broader list/account captures or external corroboration.
84,uJet - Jetpack Controller Demonstration,http://www.kongregate.com/games/Vel_1828/ujet-jetpack-controller-demonstration,www.kongregate.com/games/vel_1828/ujet-jetpack-controller-demonstration,1,1,2015-09-14,2015-09-14,2026-06-29,live_metrics_json,dynamic_metrics_placeholder,has_metrics,2,0,2,0,,,0,0,0,,,exact_metrics_no_cached_cdx_rows,0,0,0,0,0,0,Escalate to broader list/account captures or external corroboration.
85,Funny Pets,http://www.kongregate.com/games/ggfdev/funny-pets,www.kongregate.com/games/ggfdev/funny-pets,1,1,2015-09-15,2015-09-15,2026-06-29,live_metrics_json,no_page_cdx_rows,has_metrics,2,0,2,0,,,0,0,0,,,exact_metrics_no_cached_cdx_rows,0,0,0,0,0,0,Escalate to broader list/account captures or external corroboration.
86,Lost Viking,http://www.kongregate.com/games/xraymonx2/lost-viking,www.kongregate.com/games/xraymonx2/lost-viking,1,1,2015-09-23,2015-09-23,2026-06-29,live_metrics_json,no_page_cdx_rows,has_metrics,2,0,2,0,,,0,0,0,,,exact_metrics_no_cached_cdx_rows,0,0,0,0,0,0,Escalate to broader list/account captures or external corroboration.
87,Cool battle,http://www.kongregate.com/games/inventor_123/cool-battle,www.kongregate.com/games/inventor_123/cool-battle,1,1,2015-09-30,2015-09-30,2026-06-29,live_metrics_json,dynamic_metrics_placeholder,has_metrics,2,0,2,0,,,0,0,0,,,exact_metrics_no_cached_cdx_rows,0,0,0,0,0,0,Escalate to broader list/account captures or external corroboration.
88,Alien survival Beta 2,http://www.kongregate.com/games/idknewname1/alien-survival-beta-2,www.kongregate.com/games/idknewname1/alien-survival-beta-2,1,1,2015-12-05,2015-12-05,2026-06-29,live_metrics_json,dynamic_metrics_placeholder,has_metrics,2,0,2,0,,,0,0,0,,,exact_metrics_no_cached_cdx_rows,0,0,0,0,0,0,Escalate to broader list/account captures or external corroboration.
89,Escape to Home,http://www.kongregate.com/games/Rarkahan/escape-to-home,www.kongregate.com/games/rarkahan/escape-to-home,1,1,2015-12-18,2015-12-18,2026-06-29,live_metrics_json,dynamic_metrics_placeholder,has_metrics,2,0,2,0,,,0,0,0,,,exact_metrics_no_cached_cdx_rows,0,0,0,0,0,0,Escalate to broader list/account captures or external corroboration.
90,Monster Love,http://www.kongregate.com/games/esthetix/monster-love,www.kongregate.com/games/esthetix/monster-love,1,1,2015-12-26,2015-12-26,2021-11-19,count_source_probe,dynamic_metrics_placeholder,has_metrics,2,1,2,0,2021-11-19,2021-11-19,0,0,3,2021-11-19,10103,exact_metrics_starts_after_missing_window,0,0,0,0,0,0,Exact metrics start too late; pursue broader list/account captures or external corroboration.
91,DanTDM Runner,http://www.kongregate.com/games/MichaelUP/dantdm-runner,www.kongregate.com/games/michaelup/dantdm-runner,1,1,2016-01-02,2016-01-02,2026-06-29,live_metrics_json,dynamic_metrics_placeholder,has_metrics,2,0,2,0,,,0,0,0,,,exact_metrics_no_cached_cdx_rows,0,0,0,0,0,0,Escalate to broader list/account captures or external corroboration.
92,New Traffic Jam City,http://www.kongregate.com/games/vitalitygames/new-traffic-jam-city,www.kongregate.com/games/vitalitygames/new-traffic-jam-city,1,1,2016-01-25,2016-01-25,2026-06-29,live_metrics_json,dynamic_metrics_placeholder,has_metrics,2,0,2,0,,,0,0,0,,,exact_metrics_no_cached_cdx_rows,0,0,0,0,0,0,Escalate to broader list/account captures or external corroboration.
93,Clash of the Races 5,http://www.kongregate.com/games/thegames8dotcom/clash-of-the-races-5,www.kongregate.com/games/thegames8dotcom/clash-of-the-races-5,1,1,2016-02-02,2016-02-02,2026-06-30,live_metrics_json,dynamic_metrics_placeholder,has_metrics,2,0,2,0,,,0,0,0,,,exact_metrics_no_cached_cdx_rows,0,0,0,0,0,0,Escalate to broader list/account captures or external corroboration.
94,Geoshape beta,http://www.kongregate.com/games/anarchiamgames/geoshape-beta,www.kongregate.com/games/anarchiamgames/geoshape-beta,1,1,2016-02-17,2016-02-17,2026-06-30,live_metrics_json,dynamic_metrics_placeholder,has_metrics,2,0,2,0,,,0,0,0,,,exact_metrics_no_cached_cdx_rows,0,0,0,0,0,0,Escalate to broader list/account captures or external corroboration.
95,Space Breakout!,http://www.kongregate.com/games/mintteacup/space-breakout,www.kongregate.com/games/mintteacup/space-breakout,1,1,2016-02-28,2016-02-28,2023-05-20,count_source_probe,no_page_cdx_rows,has_metrics,2,1,2,0,2023-05-20,2023-05-20,0,0,1,2023-05-20,190,exact_metrics_starts_after_missing_window,0,0,0,0,0,0,Exact metrics start too late; pursue broader list/account captures or external corroboration.
96,Roller Ball Plat,http://www.kongregate.com/games/Cyberdrax/roller-ball-plat,www.kongregate.com/games/cyberdrax/roller-ball-plat,1,1,2016-03-05,2016-03-05,2026-06-29,live_metrics_json,dynamic_metrics_placeholder,has_metrics,2,0,2,0,,,0,0,0,,,exact_metrics_no_cached_cdx_rows,0,0,0,0,0,0,Escalate to broader list/account captures or external corroboration.
97,Tactical Anomaly,http://www.kongregate.com/games/Dasius/tactical-anomaly,www.kongregate.com/games/dasius/tactical-anomaly,1,1,2016-03-07,2016-03-07,2026-06-29,live_metrics_json,no_page_cdx_rows,has_metrics,2,0,2,0,,,0,0,0,,,exact_metrics_no_cached_cdx_rows,0,0,0,0,0,0,Escalate to broader list/account captures or external corroboration.
98,Digimon Pyramid Adventure,http://www.kongregate.com/games/qywlgame/digimon-pyramid-adventure,www.kongregate.com/games/qywlgame/digimon-pyramid-adventure,1,1,2016-03-16,2016-03-16,2026-06-29,live_metrics_json,dynamic_metrics_placeholder,has_metrics,2,0,2,0,,,0,0,0,,,exact_metrics_no_cached_cdx_rows,0,0,0,0,0,0,Escalate to broader list/account captures or external corroboration.
99,Journey through Wind and Fire I,http://www.kongregate.com/games/FBMGames/journey-through-wind-and-fire-i,www.kongregate.com/games/fbmgames/journey-through-wind-and-fire-i,1,1,2016-03-20,2016-03-20,2026-06-29,live_metrics_json,dynamic_metrics_placeholder,has_metrics,2,0,2,0,,,0,0,0,,,exact_metrics_no_cached_cdx_rows,0,0,0,0,0,0,Escalate to broader list/account captures or external corroboration.
100,SuperBall Idle,http://www.kongregate.com/games/joao8991/superball-idle,www.kongregate.com/games/joao8991/superball-idle,1,1,2016-03-24,2016-03-24,2016-06-06,count_source_probe,dynamic_metrics_placeholder,has_metrics,2,0,2,0,,,0,0,0,,,exact_metrics_no_cached_cdx_rows,0,0,0,1,0,0,Escalate to broader list/account captures or external corroboration.
101,Aliens Hurry Home 2,http://www.kongregate.com/games/BenGAMEn/aliens-hurry-home-2,www.kongregate.com/games/bengamen/aliens-hurry-home-2,1,1,2016-05-06,2016-05-06,2026-06-29,live_metrics_json,dynamic_metrics_placeholder,has_metrics,2,0,2,0,,,0,0,0,,,exact_metrics_no_cached_cdx_rows,0,0,0,0,0,0,Escalate to broader list/account captures or external corroboration.
102,Hurdle Jump,http://www.kongregate.com/games/gamer70008000/hurdle-jump,www.kongregate.com/games/gamer70008000/hurdle-jump,1,1,2016-05-15,2016-05-15,2026-06-29,live_metrics_json,dynamic_metrics_placeholder,has_metrics,2,0,2,0,,,0,0,0,,,exact_metrics_no_cached_cdx_rows,0,0,0,0,0,0,Escalate to broader list/account captures or external corroboration.
103,What's inside the box?,http://www.kongregate.com/games/bontegames/whats-inside-the-box,www.kongregate.com/games/bontegames/whats-inside-the-box,1,1,2016-05-23,2016-05-23,2016-05-24,count_source_probe,dynamic_metrics_placeholder,has_metrics,2,4,2,0,2016-05-24,2024-08-27,0,0,6,2016-05-24,19773,exact_metrics_starts_after_missing_window,0,0,0,0,0,0,Exact metrics start too late; pursue broader list/account captures or external corroboration.
104,Atv Mashup,http://www.kongregate.com/games/win1game/atv-mashup,www.kongregate.com/games/win1game/atv-mashup,1,1,2016-05-24,2016-05-24,2026-06-29,live_metrics_json,no_page_cdx_rows,has_metrics,2,0,2,0,,,0,0,0,,,exact_metrics_no_cached_cdx_rows,0,0,0,0,0,0,Escalate to broader list/account captures or external corroboration.
105,Kindness and PAI,http://www.kongregate.com/games/simpleicarus/kindness-and-pai,www.kongregate.com/games/simpleicarus/kindness-and-pai,1,1,2016-06-04,2016-06-04,2026-06-29,live_metrics_json,no_page_cdx_rows,has_metrics,2,0,2,0,,,0,0,0,,,exact_metrics_no_cached_cdx_rows,0,0,0,0,0,0,Escalate to broader list/account captures or external corroboration.
106,Make It Fly 2.0,http://www.kongregate.com/games/gigaXD/make-it-fly-2-0,www.kongregate.com/games/gigaxd/make-it-fly-2-0,1,1,2016-06-05,2016-06-05,2026-06-29,live_metrics_json,dynamic_metrics_placeholder,has_metrics,2,0,2,0,,,0,0,0,,,exact_metrics_no_cached_cdx_rows,0,0,0,0,0,0,Escalate to broader list/account captures or external corroboration.
107,OrangeLandia,http://www.kongregate.com/games/manogyaacharya/orangelandia,www.kongregate.com/games/manogyaacharya/orangelandia,1,1,2016-06-13,2016-06-13,2026-06-29,live_metrics_json,dynamic_metrics_placeholder,has_metrics,2,0,2,0,,,0,0,0,,,exact_metrics_no_cached_cdx_rows,0,0,0,0,0,0,Escalate to broader list/account captures or external corroboration.
108,Dark Scary House Escape,http://www.kongregate.com/games/yolkgamez/dark-scary-house-escape,www.kongregate.com/games/yolkgamez/dark-scary-house-escape,1,1,2016-06-22,2016-06-22,2026-06-29,live_metrics_json,dynamic_metrics_placeholder,has_metrics,2,0,2,0,,,0,0,0,,,exact_metrics_no_cached_cdx_rows,0,0,0,0,0,0,Escalate to broader list/account captures or external corroboration.
109,Space Defender YM,http://www.kongregate.com/games/Yellowmen_Kit/space-defender-ym,www.kongregate.com/games/yellowmen_kit/space-defender-ym,1,1,2016-07-14,2016-07-14,2023-09-21,count_source_probe,dynamic_metrics_placeholder,has_metrics,2,1,2,0,2023-09-21,2023-09-21,0,0,1,2023-09-21,180,exact_metrics_starts_after_missing_window,0,0,0,0,0,0,Exact metrics start too late; pursue broader list/account captures or external corroboration.
110,Captain Reverso,http://www.kongregate.com/games/PaulHTML5/captain-reverso,www.kongregate.com/games/paulhtml5/captain-reverso,1,1,2016-07-20,2016-07-20,2026-06-29,live_metrics_json,dynamic_metrics_placeholder,has_metrics,2,0,2,0,,,0,0,0,,,exact_metrics_no_cached_cdx_rows,0,0,0,0,0,0,Escalate to broader list/account captures or external corroboration.
111,Space Hero,http://www.kongregate.com/games/george2222teodor/space-hero,www.kongregate.com/games/george2222teodor/space-hero,1,1,2016-07-27,2016-07-27,2026-06-29,live_metrics_json,dynamic_metrics_placeholder,has_metrics,2,0,2,0,,,0,0,0,,,exact_metrics_no_cached_cdx_rows,0,0,0,0,0,0,Escalate to broader list/account captures or external corroboration.
112,Nature Hidden Objects,http://www.kongregate.com/games/Kooxpi/nature-hidden-objects,www.kongregate.com/games/kooxpi/nature-hidden-objects,1,1,2016-08-05,2016-08-05,2026-06-29,live_metrics_json,dynamic_metrics_placeholder,has_metrics,2,0,2,0,,,0,0,0,,,exact_metrics_no_cached_cdx_rows,0,0,0,0,0,0,Escalate to broader list/account captures or external corroboration.
113,Shadow Adventure,http://www.kongregate.com/games/keybol/shadow-adventure,www.kongregate.com/games/keybol/shadow-adventure,1,1,2016-08-13,2016-08-13,2024-01-20,count_source_probe,dynamic_metrics_placeholder,has_metrics,2,2,2,0,2024-01-20,2024-02-23,0,0,6,2024-01-20,323,exact_metrics_starts_after_missing_window,0,0,0,0,0,0,Exact metrics start too late; pursue broader list/account captures or external corroboration.
114,Melon Madness,http://www.kongregate.com/games/WalrusSlayer44/melon-madness,www.kongregate.com/games/walrusslayer44/melon-madness,1,1,2016-08-20,2016-08-20,2026-06-29,live_metrics_json,dynamic_metrics_placeholder,has_metrics,2,0,2,0,,,0,0,0,,,exact_metrics_no_cached_cdx_rows,0,0,0,0,0,0,Escalate to broader list/account captures or external corroboration.
115,Spell Sorter,http://www.kongregate.com/games/314owen/spell-sorter,www.kongregate.com/games/314owen/spell-sorter,1,1,2016-08-28,2016-08-28,2026-06-29,live_metrics_json,dynamic_metrics_placeholder,has_metrics,2,0,2,0,,,0,0,0,,,exact_metrics_no_cached_cdx_rows,0,0,0,0,0,0,Escalate to broader list/account captures or external corroboration.
116,Square Jump: Revision of the Icy Tower,http://www.kongregate.com/games/marek123061/square-jump-revision-of-the-icy-tower,www.kongregate.com/games/marek123061/square-jump-revision-of-the-icy-tower,1,1,2016-09-03,2016-09-03,2026-06-29,live_metrics_json,dynamic_metrics_placeholder,has_metrics,2,0,2,0,,,0,0,0,,,exact_metrics_no_cached_cdx_rows,0,0,0,0,0,0,Escalate to broader list/account captures or external corroboration.
117,Unlock prototype,http://www.kongregate.com/games/zeeshahmad/unlock-prototype,www.kongregate.com/games/zeeshahmad/unlock-prototype,1,1,2016-09-16,2016-09-16,2026-06-29,live_metrics_json,dynamic_metrics_placeholder,has_metrics,2,0,2,0,,,0,0,0,,,exact_metrics_no_cached_cdx_rows,0,0,0,0,0,0,Escalate to broader list/account captures or external corroboration.
118,Adam and Eve 2,http://www.kongregate.com/games/fastgames/adam-and-eve-2,www.kongregate.com/games/fastgames/adam-and-eve-2,1,1,2016-09-17,2016-09-17,2026-06-29,live_metrics_json,dynamic_metrics_placeholder,has_metrics,2,1,2,0,2026-03-01,2026-03-01,0,0,0,,,exact_metrics_starts_after_missing_window,0,0,0,0,0,0,Exact metrics start too late; pursue broader list/account captures or external corroboration.
119,Retro Shuriken,http://www.kongregate.com/games/minininja956/retro-shuriken,www.kongregate.com/games/minininja956/retro-shuriken,1,1,2016-09-23,2016-09-23,2026-06-29,live_metrics_json,dynamic_metrics_placeholder,has_metrics,2,0,2,0,,,0,0,0,,,exact_metrics_no_cached_cdx_rows,0,0,0,0,0,0,Escalate to broader list/account captures or external corroboration.
120,Soul Shadows,http://www.kongregate.com/games/minininja956/soul-shadows,www.kongregate.com/games/minininja956/soul-shadows,1,1,2016-10-04,2016-10-04,2026-06-29,live_metrics_json,dynamic_metrics_placeholder,has_metrics,2,0,2,0,,,0,0,0,,,exact_metrics_no_cached_cdx_rows,0,0,0,0,0,0,Escalate to broader list/account captures or external corroboration.
121,Energy Bay,http://www.kongregate.com/games/IDnetGames/energy-bay,www.kongregate.com/games/idnetgames/energy-bay,1,1,2016-10-10,2016-10-10,2026-06-29,live_metrics_json,dynamic_metrics_placeholder,has_metrics,2,0,2,0,,,0,0,0,,,exact_metrics_no_cached_cdx_rows,0,0,0,0,0,0,Escalate to broader list/account captures or external corroboration.
122,Halloween Spooky Motocross,http://www.kongregate.com/games/vitalitygames/halloween-spooky-motocross,www.kongregate.com/games/vitalitygames/halloween-spooky-motocross,1,1,2016-10-17,2016-10-17,2026-06-29,live_metrics_json,dynamic_metrics_placeholder,has_metrics,2,0,2,0,,,0,0,0,,,exact_metrics_no_cached_cdx_rows,0,0,0,0,0,0,Escalate to broader list/account captures or external corroboration.
123,Simple factory idle game,http://www.kongregate.com/games/jopimpas/simple-factory-idle-game,www.kongregate.com/games/jopimpas/simple-factory-idle-game,1,1,2016-10-18,2016-10-18,2026-06-29,live_metrics_json,dynamic_metrics_placeholder,has_metrics,2,0,2,0,,,0,0,0,,,exact_metrics_no_cached_cdx_rows,0,0,0,0,0,0,Escalate to broader list/account captures or external corroboration.
124,[Future Mode] The Warriors Way 0.2,http://www.kongregate.com/games/JuztnKarlS/future-mode-the-warriors-way-0-2,www.kongregate.com/games/juztnkarls/future-mode-the-warriors-way-0-2,1,1,2016-10-24,2016-10-24,2026-06-29,live_metrics_json,dynamic_metrics_placeholder,has_metrics,2,0,2,0,,,0,0,0,,,exact_metrics_no_cached_cdx_rows,0,0,0,0,0,0,Escalate to broader list/account captures or external corroboration.
125,Filler Snake,http://www.kongregate.com/games/eurocrem/filler-snake,www.kongregate.com/games/eurocrem/filler-snake,1,1,2016-10-30,2016-10-30,2026-06-29,live_metrics_json,no_page_cdx_rows,has_metrics,2,0,2,0,,,0,0,0,,,exact_metrics_no_cached_cdx_rows,0,0,0,0,0,0,Escalate to broader list/account captures or external corroboration.
126,ASMR Universe(Web),http://www.kongregate.com/games/PoeTesla/asmr-universe-web,www.kongregate.com/games/poetesla/asmr-universe-web,1,1,2017-05-05,2017-05-05,2026-06-29,live_metrics_json,dynamic_metrics_placeholder,has_metrics,2,0,2,0,,,0,0,0,,,exact_metrics_no_cached_cdx_rows,0,0,0,0,0,0,Escalate to broader list/account captures or external corroboration.
127,Making a Batch File,http://www.kongregate.com/games/rhittzer/making-a-batch-file,www.kongregate.com/games/rhittzer/making-a-batch-file,1,1,2017-06-04,2017-06-04,2026-06-29,live_metrics_json,dynamic_metrics_placeholder,has_metrics,2,0,2,0,,,0,0,0,,,exact_metrics_no_cached_cdx_rows,0,0,0,0,0,0,Escalate to broader list/account captures or external corroboration.
128,Shootyship,http://www.kongregate.com/games/AOSOJ/shootyship,www.kongregate.com/games/aosoj/shootyship,1,1,2017-06-15,2017-06-15,2026-06-29,live_metrics_json,no_page_cdx_rows,has_metrics,2,0,2,0,,,0,0,0,,,exact_metrics_no_cached_cdx_rows,0,0,0,0,0,0,Escalate to broader list/account captures or external corroboration.
129,Snappy Shark,http://www.kongregate.com/games/johnnyk022181/snappy-shark,www.kongregate.com/games/johnnyk022181/snappy-shark,1,1,2017-06-16,2017-06-16,2026-06-29,live_metrics_json,no_page_cdx_rows,has_metrics,2,0,2,0,,,0,0,0,,,exact_metrics_no_cached_cdx_rows,0,0,0,0,0,0,Escalate to broader list/account captures or external corroboration.
130,calculator,http://www.kongregate.com/games/asaber33/calculator,www.kongregate.com/games/asaber33/calculator,1,1,2017-06-25,2017-06-25,2026-06-29,live_metrics_json,dynamic_metrics_placeholder,has_metrics,2,0,2,0,,,0,0,0,,,exact_metrics_no_cached_cdx_rows,0,0,0,0,0,0,Escalate to broader list/account captures or external corroboration.
131,Idle Spinner,http://www.kongregate.com/games/RufusGuy/idle-spinner,www.kongregate.com/games/rufusguy/idle-spinner,1,1,2017-07-03,2017-07-03,2023-11-26,count_source_probe,dynamic_metrics_placeholder,has_metrics,2,1,2,0,2023-11-26,2023-11-26,0,0,1,2023-11-26,293,exact_metrics_starts_after_missing_window,0,0,0,0,0,0,Exact metrics start too late; pursue broader list/account captures or external corroboration.
132,Tricoloma Home,http://www.kongregate.com/games/Enagamess/tricoloma-home,www.kongregate.com/games/enagamess/tricoloma-home,1,1,2017-07-12,2017-07-12,2026-06-29,live_metrics_json,dynamic_metrics_placeholder,has_metrics,2,0,2,0,,,0,0,0,,,exact_metrics_no_cached_cdx_rows,0,0,0,0,0,0,Escalate to broader list/account captures or external corroboration.
133,Faraway: Puzzle Escape,http://www.kongregate.com/games/Mousecity_Apps/faraway-puzzle-escape,www.kongregate.com/games/mousecity_apps/faraway-puzzle-escape,1,1,2017-07-20,2017-07-20,2021-06-18,count_source_probe,dynamic_metrics_placeholder,has_metrics,2,6,2,0,2021-06-18,2025-03-27,0,0,3,2021-06-18,158768,exact_metrics_starts_after_missing_window,0,0,0,0,0,0,Exact metrics start too late; pursue broader list/account captures or external corroboration.
134,Little Bitty Byte,http://www.kongregate.com/games/PartyBug/little-bitty-byte,www.kongregate.com/games/partybug/little-bitty-byte,1,1,2017-07-28,2017-07-28,2026-06-29,live_metrics_json,dynamic_metrics_placeholder,has_metrics,2,0,2,0,,,0,0,0,,,exact_metrics_no_cached_cdx_rows,0,0,0,0,0,0,Escalate to broader list/account captures or external corroboration.
135,EZ MONEY ALL DAYYY,http://www.kongregate.com/games/colenye/ez-money-all-dayyy,www.kongregate.com/games/colenye/ez-money-all-dayyy,1,1,2017-07-29,2017-07-29,2026-06-29,live_metrics_json,no_page_cdx_rows,has_metrics,2,0,2,0,,,0,0,0,,,exact_metrics_no_cached_cdx_rows,0,0,0,0,0,0,Escalate to broader list/account captures or external corroboration.
136,Shootrio,http://www.kongregate.com/games/ZuvayGame/shootrio,www.kongregate.com/games/zuvaygame/shootrio,1,1,2017-08-05,2017-08-05,2026-06-29,live_metrics_json,dynamic_metrics_placeholder,has_metrics,2,0,2,0,,,0,0,0,,,exact_metrics_no_cached_cdx_rows,0,0,0,0,0,0,Escalate to broader list/account captures or external corroboration.
137,Desert Bus 3D,http://www.kongregate.com/games/firkinstudios/desert-bus-3d,www.kongregate.com/games/firkinstudios/desert-bus-3d,1,1,2017-08-11,2017-08-11,2023-07-27,count_source_probe,dynamic_metrics_placeholder,has_metrics,2,2,2,0,2023-07-27,2023-09-13,0,0,6,2023-07-27,1345,exact_metrics_starts_after_missing_window,0,0,0,0,0,0,Exact metrics start too late; pursue broader list/account captures or external corroboration.
138,Zombie Cannon Attack!,http://www.kongregate.com/games/RubbleGames/zombie-cannon-attack,www.kongregate.com/games/rubblegames/zombie-cannon-attack,1,1,2017-08-23,2017-08-23,2026-06-29,live_metrics_json,dynamic_metrics_placeholder,has_metrics,2,0,2,0,,,0,0,0,,,exact_metrics_no_cached_cdx_rows,0,0,0,0,0,0,Escalate to broader list/account captures or external corroboration.
139,Good Apprentice Pelo 2021,http://www.kongregate.com/games/stewardhklarlove/good-apprentice-pelo-2021,www.kongregate.com/games/stewardhklarlove/good-apprentice-pelo-2021,1,1,2017-09-04,2017-09-04,2026-06-29,live_metrics_json,dynamic_metrics_placeholder,has_metrics,2,0,2,0,,,0,0,0,,,exact_metrics_no_cached_cdx_rows,0,0,0,0,0,0,Escalate to broader list/account captures or external corroboration.
140,Back To Home,http://www.kongregate.com/games/spacegrid/back-to-home,www.kongregate.com/games/spacegrid/back-to-home,1,1,2017-09-20,2017-09-20,2026-06-29,live_metrics_json,no_page_cdx_rows,has_metrics,2,0,2,0,,,0,0,0,,,exact_metrics_no_cached_cdx_rows,0,0,0,0,0,0,Escalate to broader list/account captures or external corroboration.
141,Supervivencia en la Selva,http://www.kongregate.com/games/adry_fab/supervivencia-en-la-selva,www.kongregate.com/games/adry_fab/supervivencia-en-la-selva,1,1,2017-10-08,2017-10-08,2023-06-03,count_source_probe,dynamic_metrics_placeholder,has_metrics,2,1,2,0,2023-06-03,2023-06-03,0,0,1,2023-06-03,97,exact_metrics_starts_after_missing_window,0,0,0,0,0,0,Exact metrics start too late; pursue broader list/account captures or external corroboration.
142,Escape From Ghost House 3,http://www.kongregate.com/games/top10newgames/escape-from-ghost-house-3,www.kongregate.com/games/top10newgames/escape-from-ghost-house-3,1,1,2017-10-15,2017-10-15,2026-06-29,live_metrics_json,no_page_cdx_rows,has_metrics,2,0,2,0,,,0,0,0,,,exact_metrics_no_cached_cdx_rows,0,0,0,0,0,0,Escalate to broader list/account captures or external corroboration.
143,Warscrap,http://www.kongregate.com/games/warscrap/warscrap,www.kongregate.com/games/warscrap/warscrap,1,1,2017-11-06,2017-11-06,2026-06-30,live_metrics_json,dynamic_metrics_placeholder,has_metrics,2,0,2,0,,,0,0,0,,,exact_metrics_no_cached_cdx_rows,0,0,0,0,0,0,Escalate to broader list/account captures or external corroboration.
144,SCP 079,https://www.kongregate.com/games/DevHeroNatio/scp-079,www.kongregate.com/games/devheronatio/scp-079,1,1,2019-08-25,2019-08-25,2026-06-30,live_metrics_json,no_page_cdx_rows,has_metrics,2,0,2,0,,,0,0,0,,,exact_metrics_no_cached_cdx_rows,0,0,0,0,0,0,Escalate to broader list/account captures or external corroboration.
145,test,https://www.kongregate.com/games/eyewars/test,www.kongregate.com/games/eyewars/test,1,1,2021-01-25,2021-01-25,2026-06-29,live_metrics_json,dynamic_metrics_placeholder,has_metrics,2,0,2,0,,,0,0,0,,,exact_metrics_no_cached_cdx_rows,0,0,0,0,0,0,Escalate to broader list/account captures or external corroboration.
146,Salads by Chef: Merge Сraft,https://www.kongregate.com/games/gpush_games/salads-by-chef-merge-sraft,www.kongregate.com/games/gpush_games/salads-by-chef-merge-sraft,1,1,2024-01-17,2024-01-17,2026-07-01,live_metrics_json,no_page_cdx_rows,has_metrics,2,0,2,0,,,0,0,0,,,exact_metrics_no_cached_cdx_rows,0,0,0,0,0,0,Escalate to broader list/account captures or external corroboration.
147,Tracesoccer,https://www.kongregate.com/games/Nevolane/tracesoccer,www.kongregate.com/games/nevolane/tracesoccer,1,1,2024-01-17,2024-01-17,2026-07-01,live_metrics_json,no_page_cdx_rows,has_metrics,2,0,2,0,,,0,0,0,,,exact_metrics_no_cached_cdx_rows,0,0,0,0,0,0,Escalate to broader list/account captures or external corroboration.
148,Idle Bouncer,http://www.kongregate.com/games/almostidle/idle-bouncer,www.kongregate.com/games/almostidle/idle-bouncer,7,4,2017-02-15,2017-04-01,2018-12-17,count_source_probe,dynamic_metrics_placeholder,has_metrics,2,25,2,0,2018-12-17,2025-09-20,0,0,22,2018-12-17,1505802,exact_metrics_starts_after_missing_window,0,0,0,0,0,0,Exact metrics start too late; pursue broader list/account captures or external corroboration.
149,Holyday City,http://www.kongregate.com/games/HolydayStudios/holyday-city,www.kongregate.com/games/holydaystudios/holyday-city,12,5,2015-05-06,2015-10-29,2025-11-30,count_source_probe,dynamic_metrics_placeholder,has_metrics,2,1,2,0,2025-11-30,2025-11-30,0,0,3,2025-11-30,5324074,exact_metrics_starts_after_missing_window,0,0,0,0,0,0,Exact metrics start too late; pursue broader list/account captures or external corroboration.
150,Animation Throwdown,http://www.kongregate.com/games/Throwdown/animation-throwdown,www.kongregate.com/games/throwdown/animation-throwdown,25,5,2017-02-15,2017-11-08,2018-02-15,count_source_probe,dynamic_metrics_placeholder,has_metrics,2,94,2,0,2018-02-15,2025-08-24,0,0,19,2018-02-15,4339559,exact_metrics_starts_after_missing_window,0,0,0,0,0,0,Exact metrics start too late; pursue broader list/account captures or external corroboration.
151,Zombie Derby 2,https://www.kongregate.com/en/games/BrineMedia/zombie-derby-2,www.kongregate.com/games/brinemedia/zombie-derby-2,12,8,2024-06-05,2025-04-03,2025-04-26,metrics_json,dynamic_metrics_placeholder,has_metrics,2,3,2,0,2025-03-23,2025-08-02,1,6,0,,,exact_metrics_overlap_sampled_no_count_signal,0,0,0,0,0,0,Treat exact metrics as weak for this window; inspect payload schema only if this game is strategically important.
152,Tyrant Unleashed,https://www.kongregate.com/games/synapticon/tyrant-unleashed-web,www.kongregate.com/games/synapticon/tyrant-unleashed-web,20,7,2014-12-17,2015-10-21,2021-05-13,count_source_probe,dynamic_metrics_placeholder,has_metrics,2,15,2,0,2021-05-13,2025-03-12,0,0,6,2021-05-13,12852143,exact_metrics_starts_after_missing_window,0,0,0,0,0,0,Exact metrics start too late; pursue broader list/account captures or external corroboration.
153,Factory idle,https://www.kongregate.com/games/Baldurans/factory-idle,www.kongregate.com/games/baldurans/factory-idle,11,9,2016-11-06,2017-04-08,2017-12-16,count_source_probe,dynamic_metrics_placeholder,has_metrics,2,6,2,0,2017-12-16,2025-06-14,0,0,6,2017-12-16,2134092,exact_metrics_starts_after_missing_window,0,0,0,0,0,0,Exact metrics start too late; pursue broader list/account captures or external corroboration.
154,Tap Adventure,https://www.kongregate.com/games/Avaloid/tap-adventure,www.kongregate.com/games/avaloid/tap-adventure,8,5,2015-10-21,2015-11-17,2015-11-20,count_source_probe,dynamic_metrics_placeholder,has_metrics,2,4,2,0,2015-11-20,2021-01-01,0,0,6,2015-11-20,1215944,exact_metrics_starts_after_missing_window,0,0,0,0,0,0,Exact metrics start too late; pursue broader list/account captures or external corroboration.
155,Decision 3,https://www.kongregate.com/games/FlyAnvil/decision-3,www.kongregate.com/games/flyanvil/decision-3,54,8,2015-02-06,2021-08-04,2021-12-16,count_source_probe,dynamic_metrics_placeholder,has_metrics,2,1,2,0,2021-12-16,2021-12-16,0,0,3,2021-12-16,1427126,exact_metrics_starts_after_missing_window,0,0,0,0,0,0,Exact metrics start too late; pursue broader list/account captures or external corroboration.
156,Bit Heroes,https://www.kongregate.com/games/Juppiomenz/bit-heroes,www.kongregate.com/games/juppiomenz/bit-heroes,6,5,2017-02-15,2017-03-18,2017-03-23,count_source_probe,dynamic_metrics_placeholder,has_metrics,2,82,1,1,2017-03-23,2025-06-01,0,0,1,2017-03-23,2082850,exact_metrics_starts_after_missing_window,0,0,0,0,0,0,Exact metrics start too late; pursue broader list/account captures or external corroboration.
157,Soccer Random,https://www.kongregate.com/games/rhminteractive/soccer-random,www.kongregate.com/games/rhminteractive/soccer-random,8,7,2024-04-01,2025-10-07,2026-06-29,live_metrics_json,dynamic_metrics_placeholder,has_metrics,2,0,2,0,,,0,0,0,,,exact_metrics_no_cached_cdx_rows,0,0,0,0,0,0,Escalate to broader list/account captures or external corroboration.
158,Colorize,http://www.kongregate.com/games/HundredHands/colorize,www.kongregate.com/games/hundredhands/colorize,2,2,2014-09-14,2014-09-20,2026-06-30,live_metrics_json,dynamic_metrics_placeholder,has_metrics,2,0,2,0,,,0,0,0,,,exact_metrics_no_cached_cdx_rows,0,0,0,0,0,0,Escalate to broader list/account captures or external corroboration.
159,Talking Ginger Paw Caring,http://www.kongregate.com/games/wowsomegames/talking-ginger-paw-caring,www.kongregate.com/games/wowsomegames/talking-ginger-paw-caring,1,2,2014-08-29,2014-08-29,,,no_page_cdx_rows,no_cdx,2,0,2,0,,,0,0,0,,,exact_metrics_no_cached_cdx_rows,32,0,0,0,21,0,Escalate to broader list/account captures or external corroboration.
160,StormFall,http://www.kongregate.com/games/playman2/stormfall,www.kongregate.com/games/playman2/stormfall,1,2,2014-09-05,2014-09-05,,,no_page_cdx_rows,no_cdx,2,0,2,0,,,0,0,0,,,exact_metrics_no_cached_cdx_rows,16,0,0,0,0,0,Escalate to broader list/account captures or external corroboration.
161,Baby Talking Tom Bathing,http://www.kongregate.com/games/wowsomegames/baby-talking-tom-bathing,www.kongregate.com/games/wowsomegames/baby-talking-tom-bathing,1,2,2014-09-12,2014-09-12,,,no_page_cdx_rows,no_cdx,2,0,2,0,,,0,0,0,,,exact_metrics_no_cached_cdx_rows,26,0,0,0,21,0,Escalate to broader list/account captures or external corroboration.
162,Kns run,http://www.kongregate.com/games/hikkigamer/kns-run,www.kongregate.com/games/hikkigamer/kns-run,1,2,2014-09-20,2014-09-20,,,dynamic_metrics_placeholder,no_cdx,2,0,2,0,,,0,0,0,,,exact_metrics_no_cached_cdx_rows,16,0,0,0,18,0,Escalate to broader list/account captures or external corroboration.
163,cuube,http://www.kongregate.com/games/dmarcy/cuube,www.kongregate.com/games/dmarcy/cuube,1,2,2014-09-26,2014-09-26,,,dynamic_metrics_placeholder,no_cdx,2,0,2,0,,,0,0,0,,,exact_metrics_no_cached_cdx_rows,22,0,0,0,11,0,Escalate to broader list/account captures or external corroboration.
164,Caralhinhos Voadores - Age Of Delicia,http://www.kongregate.com/games/maxwell06/caralhinhos-voadores-age-of-delicia,www.kongregate.com/games/maxwell06/caralhinhos-voadores-age-of-delicia,1,2,2014-10-03,2014-10-03,,,no_page_cdx_rows,no_cdx,2,0,2,0,,,0,0,0,,,exact_metrics_no_cached_cdx_rows,27,0,0,0,3,0,Escalate to broader list/account captures or external corroboration.
165,path of the wingman,http://www.kongregate.com/games/fckn/path-of-the-wingman,www.kongregate.com/games/fckn/path-of-the-wingman,1,2,2014-10-24,2014-10-24,,,no_page_cdx_rows,no_cdx,2,0,2,0,,,0,0,0,,,exact_metrics_no_cached_cdx_rows,20,0,0,0,17,0,Escalate to broader list/account captures or external corroboration.
166,Nowere Safe 3,http://www.kongregate.com/games/LexZ1/nowere-safe-3,www.kongregate.com/games/lexz1/nowere-safe-3,1,2,2014-10-29,2014-10-29,,,dynamic_metrics_placeholder,no_cdx,2,0,2,0,,,0,0,0,,,exact_metrics_no_cached_cdx_rows,21,2,0,0,2,0,Escalate to broader list/account captures or external corroboration.
167,Elsa And Anna Chinese Dress Up,http://www.kongregate.com/games/game4joy/elsa-and-anna-chinese-dress-up,www.kongregate.com/games/game4joy/elsa-and-anna-chinese-dress-up,1,2,2015-04-01,2015-04-01,,,dynamic_metrics_placeholder,no_cdx,2,0,2,0,,,0,0,0,,,exact_metrics_no_cached_cdx_rows,20,0,0,0,57,0,Escalate to broader list/account captures or external corroboration.
168,Animator Vs Animation (BETA),http://www.kongregate.com/games/MyLittle1/animator-vs-animation-beta,www.kongregate.com/games/mylittle1/animator-vs-animation-beta,1,2,2015-09-09,2015-09-09,,,no_page_cdx_rows,no_cdx,2,0,2,0,,,0,0,0,,,exact_metrics_no_cached_cdx_rows,28,0,0,0,1,0,Escalate to broader list/account captures or external corroboration.
169,changetype(),http://www.kongregate.com/games/inventor_123/changetype,www.kongregate.com/games/inventor_123/changetype,1,2,2015-09-30,2015-09-30,,,dynamic_metrics_placeholder,no_cdx,2,0,2,0,,,0,0,0,,,exact_metrics_no_cached_cdx_rows,20,0,0,0,16,0,Escalate to broader list/account captures or external corroboration.
170,CountryBalls 4,http://www.kongregate.com/games/NicoleWatterson/countryballs-4,www.kongregate.com/games/nicolewatterson/countryballs-4,1,2,2016-03-05,2016-03-05,,,dynamic_metrics_placeholder,no_cdx,2,0,2,0,,,0,0,0,,,exact_metrics_no_cached_cdx_rows,20,0,0,0,2,0,Escalate to broader list/account captures or external corroboration.
171,Mini Jumper,http://www.kongregate.com/games/mafagames/mini-jumper,www.kongregate.com/games/mafagames/mini-jumper,1,2,2016-03-16,2016-03-16,,,dynamic_metrics_placeholder,no_cdx,2,0,2,0,,,0,0,0,,,exact_metrics_no_cached_cdx_rows,33,3,0,0,59,0,Escalate to broader list/account captures or external corroboration.
172,dat boi,http://www.kongregate.com/games/Regone/dat-boi,www.kongregate.com/games/regone/dat-boi,1,2,2016-05-15,2016-05-15,,,dynamic_metrics_placeholder,no_cdx,2,0,2,0,,,0,0,0,,,exact_metrics_no_cached_cdx_rows,28,0,0,0,3,0,Escalate to broader list/account captures or external corroboration.
173,Aston Martin Hidden Wheels,http://www.kongregate.com/games/natalibt/aston-martin-hidden-wheels,www.kongregate.com/games/natalibt/aston-martin-hidden-wheels,1,2,2016-05-24,2016-05-24,,,dynamic_metrics_placeholder,no_cdx,2,0,2,0,,,0,0,0,,,exact_metrics_no_cached_cdx_rows,10,0,0,0,55,0,Escalate to broader list/account captures or external corroboration.
174,jhghj,http://www.kongregate.com/games/Ladybugluver/jhghj,www.kongregate.com/games/ladybugluver/jhghj,1,2,2016-07-07,2016-07-07,,,no_page_cdx_rows,no_cdx,2,0,2,0,,,0,0,0,,,exact_metrics_no_cached_cdx_rows,10,0,0,0,0,0,Escalate to broader list/account captures or external corroboration.
175,Dead Frontier,http://www.kongregate.com/games/PanRobercik/dead-frontier,www.kongregate.com/games/panrobercik/dead-frontier,1,2,2016-08-05,2016-08-05,,,no_page_cdx_rows,no_cdx,2,0,2,0,,,0,0,0,,,exact_metrics_no_cached_cdx_rows,14,0,0,0,2,0,Escalate to broader list/account captures or external corroboration.
176,Ballamos,http://www.kongregate.com/games/SherOnDale13/ballamos,www.kongregate.com/games/sherondale13/ballamos,1,2,2016-09-23,2016-09-23,,,no_page_cdx_rows,no_cdx,2,0,2,0,,,0,0,0,,,exact_metrics_no_cached_cdx_rows,21,0,0,0,0,0,Escalate to broader list/account captures or external corroboration.
177,Chevrolet Cruze Puzzle,http://www.kongregate.com/games/natalibt/chevrolet-cruze-puzzle,www.kongregate.com/games/natalibt/chevrolet-cruze-puzzle,1,2,2016-10-10,2016-10-10,,,dynamic_metrics_placeholder,no_cdx,2,0,2,0,,,0,0,0,,,exact_metrics_no_cached_cdx_rows,24,8,0,0,55,0,Escalate to broader list/account captures or external corroboration.
178,Sky Knight,http://www.kongregate.com/games/mafagames/sky-knight,www.kongregate.com/games/mafagames/sky-knight,1,2,2017-05-16,2017-05-16,,,dynamic_metrics_placeholder,no_cdx,2,0,2,0,,,0,0,0,,,exact_metrics_no_cached_cdx_rows,23,0,0,0,59,0,Escalate to broader list/account captures or external corroboration.
179,Horse Racing,http://www.kongregate.com/games/mafagames/horse-racing,www.kongregate.com/games/mafagames/horse-racing,1,2,2017-05-26,2017-05-26,,,dynamic_metrics_placeholder,no_cdx,2,0,2,0,,,0,0,0,,,exact_metrics_no_cached_cdx_rows,20,0,0,0,46,0,Escalate to broader list/account captures or external corroboration.
180,Finger Spinner Online,http://www.kongregate.com/games/mafagames/finger-spinner-online,www.kongregate.com/games/mafagames/finger-spinner-online,1,2,2017-06-16,2017-06-16,,,no_page_cdx_rows,no_cdx,2,0,2,0,,,0,0,0,,,exact_metrics_no_cached_cdx_rows,20,0,0,0,46,0,Escalate to broader list/account captures or external corroboration.
181,Britney Spears vs Child Servisous,http://www.kongregate.com/games/thunderstorm38/britney-spears-vs-child-servisous,www.kongregate.com/games/thunderstorm38/britney-spears-vs-child-servisous,1,2,2017-07-20,2017-07-20,,,dynamic_metrics_placeholder,no_cdx,2,0,2,0,,,0,0,0,,,exact_metrics_no_cached_cdx_rows,27,0,0,0,15,0,Escalate to broader list/account captures or external corroboration.
182,Cherrie New Spring Trends,http://www.kongregate.com/games/mafagames/cherrie-new-spring-trends,www.kongregate.com/games/mafagames/cherrie-new-spring-trends,1,2,2017-08-25,2017-08-25,,,dynamic_metrics_placeholder,no_cdx,2,0,2,0,,,0,0,0,,,exact_metrics_no_cached_cdx_rows,20,0,0,0,46,0,Escalate to broader list/account captures or external corroboration.
183,Raze 3,http://www.kongregate.com/games/CoralCnora/raze-3,www.kongregate.com/games/coralcnora/raze-3,1,2,2017-09-30,2017-09-30,,,no_page_cdx_rows,no_cdx,2,0,2,0,,,0,0,0,,,exact_metrics_no_cached_cdx_rows,28,0,0,0,5,0,Escalate to broader list/account captures or external corroboration.
184,AstroLords,http://www.kongregate.com/games/rub_en02/astrolords,www.kongregate.com/games/rub_en02/astrolords,1,3,2014-09-05,2014-09-05,,,no_page_cdx_rows,no_cdx,2,0,2,0,,,0,0,0,,,exact_metrics_no_cached_cdx_rows,28,0,0,0,0,0,Escalate to broader list/account captures or external corroboration.
185,Register Simulator,http://www.kongregate.com/games/cheffplayer2/register-simulator,www.kongregate.com/games/cheffplayer2/register-simulator,1,3,2014-09-20,2014-09-20,,,dynamic_metrics_placeholder,no_cdx,2,0,2,0,,,0,0,0,,,exact_metrics_no_cached_cdx_rows,20,0,0,0,14,0,Escalate to broader list/account captures or external corroboration.
186,A Kongergate Special,http://www.kongregate.com/games/NickJ66/a-kongergate-special,www.kongregate.com/games/nickj66/a-kongergate-special,1,3,2014-10-03,2014-10-03,,,no_page_cdx_rows,no_cdx,2,0,2,0,,,0,0,0,,,exact_metrics_no_cached_cdx_rows,29,0,0,0,21,0,Escalate to broader list/account captures or external corroboration.
187,Pokemon Kill 4,http://www.kongregate.com/games/NigelBoydMartin/pokemon-kill-4,www.kongregate.com/games/nigelboydmartin/pokemon-kill-4,1,3,2014-10-09,2014-10-09,,,dynamic_metrics_placeholder,no_cdx,2,0,2,0,,,0,0,0,,,exact_metrics_no_cached_cdx_rows,20,0,0,0,0,0,Escalate to broader list/account captures or external corroboration.
188,Session Key Viewer,http://www.kongregate.com/games/disposableernst/session-key-viewer,www.kongregate.com/games/disposableernst/session-key-viewer,1,3,2015-09-15,2015-09-15,,,no_page_cdx_rows,no_cdx,2,0,2,0,,,0,0,0,,,exact_metrics_no_cached_cdx_rows,29,0,0,0,0,0,Escalate to broader list/account captures or external corroboration.
189,Vape Naysh Vs The Memes Beta1,http://www.kongregate.com/games/Life_Glug/vape-naysh-vs-the-memes-beta1,www.kongregate.com/games/life_glug/vape-naysh-vs-the-memes-beta1,1,3,2016-06-05,2016-06-05,,,no_page_cdx_rows,no_cdx,2,0,2,0,,,0,0,0,,,exact_metrics_no_cached_cdx_rows,29,0,0,0,0,0,Escalate to broader list/account captures or external corroboration.
190,ATV Ride 2016,http://www.kongregate.com/games/rheyank/atv-ride-2016,www.kongregate.com/games/rheyank/atv-ride-2016,1,3,2016-08-20,2016-08-20,,,dynamic_metrics_placeholder,no_cdx,2,0,2,0,,,0,0,0,,,exact_metrics_no_cached_cdx_rows,20,0,0,0,18,0,Escalate to broader list/account captures or external corroboration.
191,SUV Car Cartoon Puzzle,http://www.kongregate.com/games/natalibt/suv-car-cartoon-puzzle,www.kongregate.com/games/natalibt/suv-car-cartoon-puzzle,1,3,2016-10-10,2016-10-10,,,dynamic_metrics_placeholder,no_cdx,2,0,2,0,,,0,0,0,,,exact_metrics_no_cached_cdx_rows,33,8,0,0,55,0,Escalate to broader list/account captures or external corroboration.
192,Boat Rush,http://www.kongregate.com/games/mafagames/boat-rush,www.kongregate.com/games/mafagames/boat-rush,1,3,2017-05-16,2017-05-16,,,dynamic_metrics_placeholder,no_cdx,2,0,2,0,,,0,0,0,,,exact_metrics_no_cached_cdx_rows,20,0,0,0,46,0,Escalate to broader list/account captures or external corroboration.
193,Defense Math,http://www.kongregate.com/games/mafagames/defense-math,www.kongregate.com/games/mafagames/defense-math,1,3,2017-06-16,2017-06-16,,,dynamic_metrics_placeholder,no_cdx,2,0,2,0,,,0,0,0,,,exact_metrics_no_cached_cdx_rows,29,4,0,0,46,0,Escalate to broader list/account captures or external corroboration.
194,as3 Shootorial #1,http://www.kongregate.com/games/Max_Raze/as3-shootorial-1,www.kongregate.com/games/max_raze/as3-shootorial-1,1,3,2017-08-25,2017-08-25,,,dynamic_metrics_placeholder,no_cdx,2,0,2,0,,,0,0,0,,,exact_metrics_no_cached_cdx_rows,20,0,0,0,0,0,Escalate to broader list/account captures or external corroboration.
195,Dot Snap Battle,http://www.kongregate.com/games/odiusfly/dot-snap-battle,www.kongregate.com/games/odiusfly/dot-snap-battle,1,3,2017-09-20,2017-09-20,,,no_page_cdx_rows,no_cdx,2,0,2,0,,,0,0,0,,,exact_metrics_no_cached_cdx_rows,29,0,0,0,0,0,Escalate to broader list/account captures or external corroboration.
196,CBS:Escape from the Mall,http://www.kongregate.com/games/cFreak19/cbs-escape-from-the-mall,www.kongregate.com/games/cfreak19/cbs-escape-from-the-mall,1,3,2021-11-12,2021-11-12,,,dynamic_metrics_placeholder,no_cdx,2,0,2,0,,,0,0,0,,,exact_metrics_no_cached_cdx_rows,20,0,0,0,16,0,Escalate to broader list/account captures or external corroboration.
197,Crush Crush,https://www.kongregate.com/games/SadPandaStudios/crush-crush,www.kongregate.com/games/sadpandastudios/crush-crush,33,10,2016-06-01,2019-12-02,2019-12-15,count_source_probe,dynamic_metrics_placeholder,has_metrics,2,31,2,0,2019-12-15,2025-06-24,0,0,6,2019-12-15,6169607,exact_metrics_starts_after_missing_window,0,0,0,0,0,0,Exact metrics start too late; pursue broader list/account captures or external corroboration.
198,Hero Simulator,http://www.kongregate.com/games/revanaii/hero-simulator,www.kongregate.com/games/revanaii/hero-simulator,25,5,2015-07-26,2017-04-08,2019-02-27,count_source_probe,dynamic_metrics_placeholder,has_metrics,2,3,2,0,2019-02-27,2023-09-29,0,0,4,2019-02-27,1596365,exact_metrics_starts_after_missing_window,0,0,0,0,0,0,Exact metrics start too late; pursue broader list/account captures or external corroboration.
199,Bad Eggs Online,http://www.kongregate.com/games/Rob_Almighty/bad-eggs-online,www.kongregate.com/games/rob_almighty/bad-eggs-online,10,9,2016-11-07,2017-04-01,2018-10-07,count_source_probe,dynamic_metrics_placeholder,has_metrics,2,1,2,0,2018-10-07,2018-10-07,0,0,3,2018-10-07,2176683,exact_metrics_starts_after_missing_window,0,0,0,0,0,0,Exact metrics start too late; pursue broader list/account captures or external corroboration.
200,Holyday City Reloaded,http://www.kongregate.com/games/HolydayStudios/holyday-city-reloaded,www.kongregate.com/games/holydaystudios/holyday-city-reloaded,4,5,2017-11-01,2018-12-22,2021-04-30,count_source_probe,not_checked,has_metrics,2,14,2,0,2021-04-30,2025-09-02,0,0,2,2021-04-30,8240657,exact_metrics_starts_after_missing_window,0,0,0,0,0,0,Exact metrics start too late; pursue broader list/account captures or external corroboration.
201,Rise of Mythos,http://www.kongregate.com/games/evrybody_02/rise-of-mythos,www.kongregate.com/games/evrybody_02/rise-of-mythos,1,4,2014-09-19,2014-09-19,,,no_page_cdx_rows,no_cdx,2,0,2,0,,,0,0,0,,,exact_metrics_no_cached_cdx_rows,20,0,0,0,14,0,Escalate to broader list/account captures or external corroboration.
202,Simple Platformer,http://www.kongregate.com/games/C00MZY/simple-platformer,www.kongregate.com/games/c00mzy/simple-platformer,1,4,2014-11-11,2014-11-11,,,dynamic_metrics_placeholder,no_cdx,2,0,2,0,,,0,0,0,,,exact_metrics_no_cached_cdx_rows,29,0,0,0,18,0,Escalate to broader list/account captures or external corroboration.
203,Doom II: Hell on Earth,http://www.kongregate.com/games/predbannik/doom-ii-hell-on-earth,www.kongregate.com/games/predbannik/doom-ii-hell-on-earth,1,4,2015-09-09,2015-09-09,,,dynamic_metrics_placeholder,no_cdx,2,0,2,0,,,0,0,0,,,exact_metrics_no_cached_cdx_rows,20,0,0,0,0,0,Escalate to broader list/account captures or external corroboration.
204,DoodiaMan Find Wife,http://www.kongregate.com/games/feicaigames/doodiaman-find-wife,www.kongregate.com/games/feicaigames/doodiaman-find-wife,1,4,2016-01-02,2016-01-02,,,dynamic_metrics_placeholder,no_cdx,2,0,2,0,,,0,0,0,,,exact_metrics_no_cached_cdx_rows,20,0,0,0,16,0,Escalate to broader list/account captures or external corroboration.
205,1p.Story: Death,http://www.kongregate.com/games/isketchworks/1p-story-death,www.kongregate.com/games/isketchworks/1p-story-death,1,4,2016-03-16,2016-03-16,,,dynamic_metrics_placeholder,no_cdx,2,0,2,0,,,0,0,0,,,exact_metrics_no_cached_cdx_rows,20,0,0,0,0,0,Escalate to broader list/account captures or external corroboration.
206,BMW M5 E34,http://www.kongregate.com/games/natalibt/bmw-m5-e34,www.kongregate.com/games/natalibt/bmw-m5-e34,1,4,2016-05-06,2016-05-06,,,dynamic_metrics_placeholder,no_cdx,2,0,2,0,,,0,0,0,,,exact_metrics_no_cached_cdx_rows,20,0,0,0,55,0,Escalate to broader list/account captures or external corroboration.
207,Super Mario Worlds Ep.1: The Dark World (SMB Fan-made Game),http://www.kongregate.com/games/yvolcano4/super-mario-worlds-ep-1-the-dark-world-smb-fan-made-game,www.kongregate.com/games/yvolcano4/super-mario-worlds-ep-1-the-dark-world-smb-fan-made-game,1,4,2016-09-23,2016-09-23,,,dynamic_metrics_placeholder,no_cdx,2,0,2,0,,,0,0,0,,,exact_metrics_no_cached_cdx_rows,25,0,0,0,6,0,Escalate to broader list/account captures or external corroboration.
208,Mr.Miner,http://www.kongregate.com/games/LinhVo1611/mr-miner,www.kongregate.com/games/linhvo1611/mr-miner,1,4,2017-05-16,2017-05-16,,,dynamic_metrics_placeholder,no_cdx,2,0,2,0,,,0,0,0,,,exact_metrics_no_cached_cdx_rows,27,0,0,0,12,0,Escalate to broader list/account captures or external corroboration.
209,Balls Vs Blocks Online,http://www.kongregate.com/games/mafagames/balls-vs-blocks-online,www.kongregate.com/games/mafagames/balls-vs-blocks-online,1,4,2017-06-16,2017-06-16,,,no_page_cdx_rows,no_cdx,2,0,2,0,,,0,0,0,,,exact_metrics_no_cached_cdx_rows,24,0,0,0,46,0,Escalate to broader list/account captures or external corroboration.
210,Kung Fu Adventure,http://www.kongregate.com/games/thunderstorm38/kung-fu-adventure,www.kongregate.com/games/thunderstorm38/kung-fu-adventure,1,4,2017-07-28,2017-07-28,,,dynamic_metrics_placeholder,no_cdx,2,0,2,0,,,0,0,0,,,exact_metrics_no_cached_cdx_rows,25,0,0,0,15,0,Escalate to broader list/account captures or external corroboration.
211,E-Sim,http://www.kongregate.com/games/evrybody_02/e-sim,www.kongregate.com/games/evrybody_02/e-sim,1,5,2014-09-19,2014-09-19,,,no_page_cdx_rows,no_cdx,2,0,2,0,,,0,0,0,,,exact_metrics_no_cached_cdx_rows,22,0,0,0,14,0,Escalate to broader list/account captures or external corroboration.
212,My Line Of Sight attempt from Construct 2,http://www.kongregate.com/games/LeBanging/my-line-of-sight-attempt-from-construct-2,www.kongregate.com/games/lebanging/my-line-of-sight-attempt-from-construct-2,1,5,2014-09-26,2014-09-26,,,dynamic_metrics_placeholder,no_cdx,2,0,2,0,,,0,0,0,,,exact_metrics_no_cached_cdx_rows,25,0,0,0,0,0,Escalate to broader list/account captures or external corroboration.
213,Burnt Plate,http://www.kongregate.com/games/Courador/burnt-plate,www.kongregate.com/games/courador/burnt-plate,1,5,2014-10-04,2014-10-04,,,dynamic_metrics_placeholder,no_cdx,2,0,2,0,,,0,0,0,,,exact_metrics_no_cached_cdx_rows,28,0,0,0,13,0,Escalate to broader list/account captures or external corroboration.
214,I'ts a lamp?,http://www.kongregate.com/games/EdoByte/its-a-lamp,www.kongregate.com/games/edobyte/its-a-lamp,1,5,2014-10-29,2014-10-29,,,no_page_cdx_rows,no_cdx,2,0,2,0,,,0,0,0,,,exact_metrics_no_cached_cdx_rows,21,0,0,0,0,0,Escalate to broader list/account captures or external corroboration.
215,Una Chief: The Great Adventure,http://www.kongregate.com/games/UCEG/una-chief-the-great-adventure,www.kongregate.com/games/uceg/una-chief-the-great-adventure,1,5,2014-12-17,2014-12-17,,,no_page_cdx_rows,no_cdx,2,0,2,0,,,0,0,0,,,exact_metrics_no_cached_cdx_rows,26,0,0,0,0,0,Escalate to broader list/account captures or external corroboration.
216,Spacebar v0.1,http://www.kongregate.com/games/SidBiafra/spacebar-v0-1,www.kongregate.com/games/sidbiafra/spacebar-v0-1,1,5,2015-12-05,2015-12-05,,,no_page_cdx_rows,no_cdx,2,0,2,0,,,0,0,0,,,exact_metrics_no_cached_cdx_rows,20,0,0,0,0,0,Escalate to broader list/account captures or external corroboration.
217,Whitewash,http://www.kongregate.com/games/GraveDangerGames/whitewash,www.kongregate.com/games/gravedangergames/whitewash,1,5,2016-02-02,2016-02-02,,,dynamic_metrics_placeholder,no_cdx,2,0,2,0,,,0,0,0,,,exact_metrics_no_cached_cdx_rows,24,0,0,0,15,0,Escalate to broader list/account captures or external corroboration.
218,idk,http://www.kongregate.com/games/dakota1324/idk,www.kongregate.com/games/dakota1324/idk,1,5,2016-02-17,2016-02-17,,,no_page_cdx_rows,no_cdx,2,0,2,0,,,0,0,0,,,exact_metrics_no_cached_cdx_rows,20,0,0,0,0,0,Escalate to broader list/account captures or external corroboration.
219,Super Casual,http://www.kongregate.com/games/canvasgames/super-casual,www.kongregate.com/games/canvasgames/super-casual,1,5,2016-03-16,2016-03-16,,,no_page_cdx_rows,no_cdx,2,0,2,0,,,0,0,0,,,exact_metrics_no_cached_cdx_rows,25,0,0,0,0,0,Escalate to broader list/account captures or external corroboration.
220,Ghoul be Gone Demo,http://www.kongregate.com/games/PhoenixSong75/ghoul-be-gone-demo,www.kongregate.com/games/phoenixsong75/ghoul-be-gone-demo,1,5,2016-03-20,2016-03-20,,,no_page_cdx_rows,no_cdx,2,0,2,0,,,0,0,0,,,exact_metrics_no_cached_cdx_rows,29,0,0,0,0,0,Escalate to broader list/account captures or external corroboration.
221,UFC 198 Live Stream - Werdum vs Miocic,http://www.kongregate.com/games/ketroketro/test-ufc-198-live-stream-werdum-vs-miocic,www.kongregate.com/games/ketroketro/test-ufc-198-live-stream-werdum-vs-miocic,1,5,2016-05-15,2016-05-15,,,no_page_cdx_rows,no_cdx,2,0,2,0,,,0,0,0,,,exact_metrics_no_cached_cdx_rows,22,0,0,0,0,0,Escalate to broader list/account captures or external corroboration.
222,quangjing,http://www.kongregate.com/games/1207732597/quangjing,www.kongregate.com/games/1207732597/quangjing,1,5,2016-06-22,2016-06-22,,,no_page_cdx_rows,no_cdx,2,0,2,0,,,0,0,0,,,exact_metrics_no_cached_cdx_rows,27,0,0,0,15,0,Escalate to broader list/account captures or external corroboration.
223,Create your face with this stupid game,http://www.kongregate.com/games/danwon67/create-your-face-with-this-stupid-game,www.kongregate.com/games/danwon67/create-your-face-with-this-stupid-game,1,5,2016-07-27,2016-07-27,,,dynamic_metrics_placeholder,no_cdx,2,0,2,0,,,0,0,0,,,exact_metrics_no_cached_cdx_rows,25,0,0,0,18,0,Escalate to broader list/account captures or external corroboration.
224,Hired Ops — New Dynamic Online Shooter,http://www.kongregate.com/games/MunimShaikh932/hired-ops-new-dynamic-online-shooter,www.kongregate.com/games/munimshaikh932/hired-ops-new-dynamic-online-shooter,1,5,2016-10-30,2016-10-30,,,no_page_cdx_rows,no_cdx,2,0,2,0,,,0,0,0,,,exact_metrics_no_cached_cdx_rows,27,0,0,0,0,0,Escalate to broader list/account captures or external corroboration.
225,Viking Workout,http://www.kongregate.com/games/mobilTR/viking-workout,www.kongregate.com/games/mobiltr/viking-workout,1,5,2017-11-06,2017-11-06,,,dynamic_metrics_placeholder,no_cdx,2,0,2,0,,,0,0,0,,,exact_metrics_no_cached_cdx_rows,28,0,0,0,9,0,Escalate to broader list/account captures or external corroboration.
226,Red Crucible: Firestorm,http://www.kongregate.com/games/rocketeergames/red-crucible-firestorm,www.kongregate.com/games/rocketeergames/red-crucible-firestorm,6,8,2015-10-27,2015-12-03,2016-01-08,count_source_probe,dynamic_metrics_placeholder,has_metrics,2,1,2,0,2016-01-08,2016-01-08,0,0,4,2016-01-08,1963838,exact_metrics_starts_after_missing_window,0,0,0,0,0,0,Exact metrics start too late; pursue broader list/account captures or external corroboration.
227,3D Zombie Hell,http://www.kongregate.com/games/szrylmz/3d-zombie-hell,www.kongregate.com/games/szrylmz/3d-zombie-hell,2,2,2014-09-19,2014-09-19,2026-06-30,live_metrics_json,dynamic_metrics_placeholder,has_metrics,2,0,2,0,,,0,0,0,,,exact_metrics_no_cached_cdx_rows,0,0,0,0,0,0,Escalate to broader list/account captures or external corroboration.
228,Fruit Frenzy,http://www.kongregate.com/games/TreSensa/fruit-frenzy,www.kongregate.com/games/tresensa/fruit-frenzy,2,2,2014-10-17,2014-10-18,2026-06-29,live_metrics_json,not_checked,has_metrics,2,0,2,0,,,0,0,0,,,exact_metrics_no_cached_cdx_rows,0,0,0,0,0,0,Escalate to broader list/account captures or external corroboration.
229,Old Taxi Jigsaw,http://www.kongregate.com/games/newgamess/old-taxi-jigsaw,www.kongregate.com/games/newgamess/old-taxi-jigsaw,2,3,2014-09-19,2014-09-19,2026-06-30,live_metrics_json,dynamic_metrics_placeholder,has_metrics,2,0,2,0,,,0,0,0,,,exact_metrics_no_cached_cdx_rows,0,0,0,0,0,0,Escalate to broader list/account captures or external corroboration.
230,Card Hunter,http://www.kongregate.com/games/BlueManchu/card-hunter,www.kongregate.com/games/bluemanchu/card-hunter,7,8,2014-12-29,2015-07-06,2018-02-15,count_source_probe,not_checked,has_metrics,2,8,2,0,2018-02-15,2020-04-29,0,0,4,2018-02-15,2505676,exact_metrics_starts_after_missing_window,0,0,0,0,0,0,Exact metrics start too late; pursue broader list/account captures or external corroboration.
231,Bullet Heaven 2,http://www.kongregate.com/games/kupo707/bullet-heaven-2,www.kongregate.com/games/kupo707/bullet-heaven-2,2,4,2015-11-08,2015-11-13,2021-01-15,count_source_probe,not_checked,has_metrics,2,3,2,0,2021-01-15,2024-05-17,0,0,3,2021-01-15,882313,exact_metrics_starts_after_missing_window,0,0,0,0,0,0,Exact metrics start too late; pursue broader list/account captures or external corroboration.
232,UnpuzzleR,https://www.kongregate.com/games/KekGames/unpuzzler,www.kongregate.com/games/kekgames/unpuzzler,2,4,2019-12-07,2020-01-02,2020-02-20,count_source_probe,dynamic_metrics_placeholder,has_metrics,2,13,2,0,2020-02-20,2025-01-27,0,0,8,2020-02-20,76203,exact_metrics_starts_after_missing_window,0,0,0,0,0,0,Exact metrics start too late; pursue broader list/account captures or external corroboration.
233,Medieval Chronicles 8,https://www.kongregate.com/games/VasantJ/medieval-chronicles-8,www.kongregate.com/games/vasantj/medieval-chronicles-8,4,2,2020-03-02,2020-06-07,2020-06-24,count_source_probe,not_checked,has_metrics,2,136,2,0,2020-06-24,2024-01-20,0,0,4,2020-06-24,32747,exact_metrics_starts_after_missing_window,0,0,0,0,0,0,Exact metrics start too late; pursue broader list/account captures or external corroboration.
234,Armor Mayhem,https://www.kongregate.com/games/JuicyBit/armor-mayhem,www.kongregate.com/games/juicybit/armor-mayhem,61,11,2018-05-07,2021-08-04,2021-11-24,count_source_probe,not_checked,has_metrics,2,3,2,0,2021-11-24,2025-02-12,0,0,3,2021-11-24,129333,exact_metrics_starts_after_missing_window,0,0,0,0,0,0,Exact metrics start too late; pursue broader list/account captures or external corroboration.
235,Revolution Idle 2,http://www.kongregate.com/games/Gumrok/revolution-idle-2,www.kongregate.com/games/gumrok/revolution-idle-2,7,6,2017-05-06,2017-05-30,2021-05-19,count_source_probe,not_checked,has_metrics,2,6,2,0,2021-05-19,2025-07-17,0,0,4,2021-05-19,975399,exact_metrics_starts_after_missing_window,0,0,0,0,0,0,Exact metrics start too late; pursue broader list/account captures or external corroboration.
236,Ghost Climb,http://www.kongregate.com/games/2pgcom/ghost-climb,www.kongregate.com/games/2pgcom/ghost-climb,1,2,2014-08-22,2014-08-22,2026-06-30,live_metrics_json,not_checked,has_metrics,2,0,2,0,,,0,0,0,,,exact_metrics_no_cached_cdx_rows,0,0,0,0,0,0,Escalate to broader list/account captures or external corroboration.
237,EggDrop,http://www.kongregate.com/games/BrainStormer/eggdrop,www.kongregate.com/games/brainstormer/eggdrop,1,2,2014-08-26,2014-08-26,2026-06-30,live_metrics_json,not_checked,has_metrics,2,0,2,0,,,0,0,0,,,exact_metrics_no_cached_cdx_rows,0,0,0,0,0,0,Escalate to broader list/account captures or external corroboration.
238,Pair My Alphabets,http://www.kongregate.com/games/quicksailor/pair-my-alphabets,www.kongregate.com/games/quicksailor/pair-my-alphabets,1,2,2014-09-02,2014-09-02,2026-06-30,live_metrics_json,not_checked,has_metrics,2,0,2,0,,,0,0,0,,,exact_metrics_no_cached_cdx_rows,0,0,0,0,0,0,Escalate to broader list/account captures or external corroboration.
239,Tutti - The Skater Capybara,http://www.kongregate.com/games/JunkeiraGrecco/tutti-the-skater-capybara,www.kongregate.com/games/junkeiragrecco/tutti-the-skater-capybara,1,2,2014-09-19,2014-09-19,2026-06-30,live_metrics_json,not_checked,has_metrics,2,0,2,0,,,0,0,0,,,exact_metrics_no_cached_cdx_rows,0,0,0,0,0,0,Escalate to broader list/account captures or external corroboration.
240,Dead Ops,http://www.kongregate.com/games/alex3698/dead-ops,www.kongregate.com/games/alex3698/dead-ops,1,2,2014-09-26,2014-09-26,2026-06-30,live_metrics_json,not_checked,has_metrics,2,0,2,0,,,0,0,0,,,exact_metrics_no_cached_cdx_rows,0,0,0,0,0,0,Escalate to broader list/account captures or external corroboration.
241,Fastest Lap,http://www.kongregate.com/games/gamer70008000/fastest-lap,www.kongregate.com/games/gamer70008000/fastest-lap,1,2,2014-10-04,2014-10-04,2026-06-29,live_metrics_json,not_checked,has_metrics,2,0,2,0,,,0,0,0,,,exact_metrics_no_cached_cdx_rows,0,0,0,0,0,0,Escalate to broader list/account captures or external corroboration.
242,SpongeBob Save Crab,http://www.kongregate.com/games/game4joy1/spongebob-save-crab,www.kongregate.com/games/game4joy1/spongebob-save-crab,1,2,2014-10-09,2014-10-09,2026-06-29,live_metrics_json,not_checked,has_metrics,2,0,2,0,,,0,0,0,,,exact_metrics_no_cached_cdx_rows,0,0,0,0,0,0,Escalate to broader list/account captures or external corroboration.
243,Humans vs. Golems: Soccer,http://www.kongregate.com/games/TukkoRauta/humans-vs-golems-soccer,www.kongregate.com/games/tukkorauta/humans-vs-golems-soccer,1,2,2014-10-10,2014-10-10,2026-06-29,live_metrics_json,not_checked,has_metrics,2,0,2,0,,,0,0,0,,,exact_metrics_no_cached_cdx_rows,0,0,0,0,0,0,Escalate to broader list/account captures or external corroboration.
244,TestGame5334,http://www.kongregate.com/games/jimmydelaney19/testgame5334,www.kongregate.com/games/jimmydelaney19/testgame5334,1,2,2014-10-13,2014-10-13,2026-06-29,live_metrics_json,not_checked,has_metrics,2,0,2,0,,,0,0,0,,,exact_metrics_no_cached_cdx_rows,0,0,0,0,0,0,Escalate to broader list/account captures or external corroboration.
245,Wearing Flowers,http://www.kongregate.com/games/gogameskiff/wearing-flowers,www.kongregate.com/games/gogameskiff/wearing-flowers,1,2,2014-10-18,2014-10-18,2026-06-29,live_metrics_json,not_checked,has_metrics,2,0,2,0,,,0,0,0,,,exact_metrics_no_cached_cdx_rows,0,0,0,0,0,0,Escalate to broader list/account captures or external corroboration.
246,A Pirate Adventure,http://www.kongregate.com/games/hrishi29x/a-pirate-adventure,www.kongregate.com/games/hrishi29x/a-pirate-adventure,1,2,2014-10-31,2014-10-31,2026-06-29,live_metrics_json,not_checked,has_metrics,2,0,2,0,,,0,0,0,,,exact_metrics_no_cached_cdx_rows,0,0,0,0,0,0,Escalate to broader list/account captures or external corroboration.
247,Floof V1.00,http://www.kongregate.com/games/sega42596/floof-v1-00,www.kongregate.com/games/sega42596/floof-v1-00,1,2,2014-11-11,2014-11-11,2026-06-30,live_metrics_json,not_checked,has_metrics,2,0,2,0,,,0,0,0,,,exact_metrics_no_cached_cdx_rows,0,0,0,0,0,0,Escalate to broader list/account captures or external corroboration.
248,Blobs Temple Adventure!,http://www.kongregate.com/games/Uramin/blobs-temple-adventure,www.kongregate.com/games/uramin/blobs-temple-adventure,1,2,2014-11-25,2014-11-25,2026-06-30,live_metrics_json,not_checked,has_metrics,2,0,2,0,,,0,0,0,,,exact_metrics_no_cached_cdx_rows,0,0,0,0,0,0,Escalate to broader list/account captures or external corroboration.
249,FPSnake,http://www.kongregate.com/games/PacoSwifty/fpsnake,www.kongregate.com/games/pacoswifty/fpsnake,1,2,2014-12-02,2014-12-02,2026-06-30,live_metrics_json,not_checked,has_metrics,2,0,2,0,,,0,0,0,,,exact_metrics_no_cached_cdx_rows,0,0,0,0,0,0,Escalate to broader list/account captures or external corroboration.
250,Mega Blobber,http://www.kongregate.com/games/Deeepgames/mega-blobber,www.kongregate.com/games/deeepgames/mega-blobber,1,2,2014-12-10,2014-12-10,2026-06-30,live_metrics_json,not_checked,has_metrics,2,0,2,0,,,0,0,0,,,exact_metrics_no_cached_cdx_rows,0,0,0,0,0,0,Escalate to broader list/account captures or external corroboration.
251,Far Away Home - Alpha gameplay,http://www.kongregate.com/games/MiniLimoStudio/far-away-home-alpha-gameplay,www.kongregate.com/games/minilimostudio/far-away-home-alpha-gameplay,1,2,2014-12-17,2014-12-17,2026-06-30,live_metrics_json,not_checked,has_metrics,2,0,2,0,,,0,0,0,,,exact_metrics_no_cached_cdx_rows,0,0,0,0,0,0,Escalate to broader list/account captures or external corroboration.
252,Pre-Civilization Bronze Age,http://www.kongregate.com/games/clarusvictoria/pre-civilization-bronze-age,www.kongregate.com/games/clarusvictoria/pre-civilization-bronze-age,1,2,2014-12-17,2014-12-17,2017-09-30,count_source_probe,not_checked,has_metrics,2,2,2,0,2017-09-30,2022-07-20,0,0,2,2017-09-30,483821,exact_metrics_starts_after_missing_window,0,0,0,0,0,0,Exact metrics start too late; pursue broader list/account captures or external corroboration.
253,Zombie Payback,http://www.kongregate.com/games/XxDarkWorldxX/zombie-payback,www.kongregate.com/games/xxdarkworldxx/zombie-payback,1,2,2014-12-28,2014-12-28,2026-06-30,live_metrics_json,not_checked,has_metrics,2,0,2,0,,,0,0,0,,,exact_metrics_no_cached_cdx_rows,0,0,0,0,0,0,Escalate to broader list/account captures or external corroboration.
254,Crystal Galaxia,http://www.kongregate.com/games/Danibellido/crystal-galaxia,www.kongregate.com/games/danibellido/crystal-galaxia,1,2,2014-12-30,2014-12-30,2026-06-30,live_metrics_json,not_checked,has_metrics,2,0,2,0,,,0,0,0,,,exact_metrics_no_cached_cdx_rows,0,0,0,0,0,0,Escalate to broader list/account captures or external corroboration.
255,Button Game Adventure,http://www.kongregate.com/games/swipefaststudios/button-game-adventure,www.kongregate.com/games/swipefaststudios/button-game-adventure,1,2,2015-09-03,2015-09-03,2023-05-11,count_source_probe,not_checked,has_metrics,2,1,2,0,2023-05-11,2023-05-11,0,0,1,2023-05-11,66,exact_metrics_starts_after_missing_window,0,0,0,0,0,0,Exact metrics start too late; pursue broader list/account captures or external corroboration.
256,How To Be A Gent,http://www.kongregate.com/games/maxglockling/how-to-be-a-gent,www.kongregate.com/games/maxglockling/how-to-be-a-gent,1,2,2015-09-14,2015-09-14,2026-06-29,live_metrics_json,not_checked,has_metrics,2,0,2,0,,,0,0,0,,,exact_metrics_no_cached_cdx_rows,0,0,0,0,0,0,Escalate to broader list/account captures or external corroboration.
257,Massive Singleplayer Online,http://www.kongregate.com/games/Warstrider/massive-singleplayer-online,www.kongregate.com/games/warstrider/massive-singleplayer-online,1,2,2015-09-15,2015-09-15,2026-06-29,live_metrics_json,not_checked,has_metrics,2,0,2,0,,,0,0,0,,,exact_metrics_no_cached_cdx_rows,0,0,0,0,0,0,Escalate to broader list/account captures or external corroboration.
258,Necromancer's Quest Beta,http://www.kongregate.com/games/ExperaGameStudio/necromancers-quest-beta,www.kongregate.com/games/experagamestudio/necromancers-quest-beta,1,2,2015-09-23,2015-09-23,2024-01-17,count_source_probe,not_checked,has_metrics,2,3,2,0,2024-01-17,2024-02-22,0,0,3,2024-01-17,11137,exact_metrics_starts_after_missing_window,0,0,0,0,0,0,Exact metrics start too late; pursue broader list/account captures or external corroboration.
259,Billy jump,http://www.kongregate.com/games/israelmaiden6/billy-jump,www.kongregate.com/games/israelmaiden6/billy-jump,1,2,2015-12-05,2015-12-05,2026-06-29,live_metrics_json,not_checked,has_metrics,2,0,2,0,,,0,0,0,,,exact_metrics_no_cached_cdx_rows,0,0,0,0,0,0,Escalate to broader list/account captures or external corroboration.
260,Interstellar Velocity. Beta 0.9,http://www.kongregate.com/games/paroxysm2000/interstellar-velocity-beta-0-9,www.kongregate.com/games/paroxysm2000/interstellar-velocity-beta-0-9,1,2,2015-12-18,2015-12-18,2026-06-29,live_metrics_json,not_checked,has_metrics,2,0,2,0,,,0,0,0,,,exact_metrics_no_cached_cdx_rows,0,0,0,0,0,0,Escalate to broader list/account captures or external corroboration.
261,Gingerbread Men's Carnival Escape,http://www.kongregate.com/games/GameKB/gingerbread-mens-carnival-escape,www.kongregate.com/games/gamekb/gingerbread-mens-carnival-escape,1,2,2015-12-26,2015-12-26,2026-06-29,live_metrics_json,not_checked,has_metrics,2,0,2,0,,,0,0,0,,,exact_metrics_no_cached_cdx_rows,0,0,0,0,0,0,Escalate to broader list/account captures or external corroboration.
262,openEtG,http://www.kongregate.com/games/kaekaze/openetg,www.kongregate.com/games/kaekaze/openetg,1,2,2016-01-02,2016-01-02,2026-06-29,live_metrics_json,not_checked,has_metrics,2,0,2,0,,,0,0,0,,,exact_metrics_no_cached_cdx_rows,0,0,0,0,0,0,Escalate to broader list/account captures or external corroboration.
263,Football2016,http://www.kongregate.com/games/ProAssasinXD/football2016,www.kongregate.com/games/proassasinxd/football2016,1,2,2016-01-16,2016-01-16,2026-06-29,live_metrics_json,not_checked,has_metrics,2,0,2,0,,,0,0,0,,,exact_metrics_no_cached_cdx_rows,0,0,0,0,0,0,Escalate to broader list/account captures or external corroboration.
264,Class RoomPuzzle,http://www.kongregate.com/games/jumpo102006/class-roompuzzle,www.kongregate.com/games/jumpo102006/class-roompuzzle,1,2,2016-01-25,2016-01-25,2026-06-29,live_metrics_json,not_checked,has_metrics,2,0,2,0,,,0,0,0,,,exact_metrics_no_cached_cdx_rows,0,0,0,0,0,0,Escalate to broader list/account captures or external corroboration.
265,Quester Joe,http://www.kongregate.com/games/leronir/quester-joe,www.kongregate.com/games/leronir/quester-joe,1,2,2016-02-02,2016-02-02,2026-06-30,live_metrics_json,not_checked,has_metrics,2,0,2,0,,,0,0,0,,,exact_metrics_no_cached_cdx_rows,0,0,0,0,0,0,Escalate to broader list/account captures or external corroboration.
266,Dacia Taxi Jigsaw,http://www.kongregate.com/games/newgamess/dacia-taxi-jigsaw,www.kongregate.com/games/newgamess/dacia-taxi-jigsaw,1,2,2016-02-17,2016-02-17,2026-06-30,live_metrics_json,not_checked,has_metrics,2,0,2,0,,,0,0,0,,,exact_metrics_no_cached_cdx_rows,0,0,0,0,0,0,Escalate to broader list/account captures or external corroboration.
267,Ancient Greece: The Impossible Task,http://www.kongregate.com/games/chrisjmarino/ancient-greece-the-impossible-task,www.kongregate.com/games/chrisjmarino/ancient-greece-the-impossible-task,1,2,2016-02-28,2016-02-28,2026-06-30,live_metrics_json,not_checked,has_metrics,2,0,2,0,,,0,0,0,,,exact_metrics_no_cached_cdx_rows,0,0,0,0,0,0,Escalate to broader list/account captures or external corroboration.
268,Classical Pong,http://www.kongregate.com/games/JumesB/classical-pong,www.kongregate.com/games/jumesb/classical-pong,1,2,2016-03-20,2016-03-20,2026-06-29,live_metrics_json,not_checked,has_metrics,2,0,2,0,,,0,0,0,,,exact_metrics_no_cached_cdx_rows,0,0,0,0,0,0,Escalate to broader list/account captures or external corroboration.
269,Cat around the world - Alipne Lakes,http://www.kongregate.com/games/myplayyard/cat-around-the-world-alipne-lakes,www.kongregate.com/games/myplayyard/cat-around-the-world-alipne-lakes,1,2,2016-03-24,2016-03-24,2024-12-17,count_source_probe,not_checked,has_metrics,2,1,2,0,2024-12-17,2024-12-17,0,0,1,2024-12-17,733,exact_metrics_starts_after_missing_window,0,0,0,0,0,0,Exact metrics start too late; pursue broader list/account captures or external corroboration.
270,Paint Box,http://www.kongregate.com/games/qkygames/paint-box,www.kongregate.com/games/qkygames/paint-box,1,2,2016-05-06,2016-05-06,2026-06-29,live_metrics_json,not_checked,has_metrics,2,0,2,0,,,0,0,0,,,exact_metrics_no_cached_cdx_rows,0,0,0,0,0,0,Escalate to broader list/account captures or external corroboration.
271,Army Parking Mania,http://www.kongregate.com/games/vitalitygames/army-parking-mania,www.kongregate.com/games/vitalitygames/army-parking-mania,1,2,2016-05-23,2016-05-23,2026-06-29,live_metrics_json,not_checked,has_metrics,2,0,2,0,,,0,0,0,,,exact_metrics_no_cached_cdx_rows,0,0,0,0,0,0,Escalate to broader list/account captures or external corroboration.
272,FunBox,http://www.kongregate.com/games/Pio6/funbox,www.kongregate.com/games/pio6/funbox,1,2,2016-06-04,2016-06-04,2026-06-29,live_metrics_json,not_checked,has_metrics,2,0,2,0,,,0,0,0,,,exact_metrics_no_cached_cdx_rows,0,0,0,0,0,0,Escalate to broader list/account captures or external corroboration.
273,For USA,http://www.kongregate.com/games/yasdar/for-usa,www.kongregate.com/games/yasdar/for-usa,1,2,2016-06-05,2016-06-05,2026-06-29,live_metrics_json,not_checked,has_metrics,2,0,2,0,,,0,0,0,,,exact_metrics_no_cached_cdx_rows,0,0,0,0,0,0,Escalate to broader list/account captures or external corroboration.
274,WigWigWig,http://www.kongregate.com/games/Glebaster/wigwigwig,www.kongregate.com/games/glebaster/wigwigwig,1,2,2016-06-13,2016-06-13,2026-06-29,live_metrics_json,not_checked,has_metrics,2,0,2,0,,,0,0,0,,,exact_metrics_no_cached_cdx_rows,0,0,0,0,0,0,Escalate to broader list/account captures or external corroboration.
275,Harry potter Eagle eyes,http://www.kongregate.com/games/oktar/harry-potter-eagle-eyes,www.kongregate.com/games/oktar/harry-potter-eagle-eyes,1,2,2016-06-22,2016-06-22,2026-06-29,live_metrics_json,not_checked,has_metrics,2,0,2,0,,,0,0,0,,,exact_metrics_no_cached_cdx_rows,0,0,0,0,0,0,Escalate to broader list/account captures or external corroboration.
276,ROYAL THIEF,http://www.kongregate.com/games/SergioG482/royal-thief,www.kongregate.com/games/sergiog482/royal-thief,1,2,2016-06-29,2016-06-29,2026-06-29,live_metrics_json,not_checked,has_metrics,2,0,2,0,,,0,0,0,,,exact_metrics_no_cached_cdx_rows,0,0,0,0,0,0,Escalate to broader list/account captures or external corroboration.
277,Elephant Multi-task,http://www.kongregate.com/games/Peaceful8/elephant-multi-task,www.kongregate.com/games/peaceful8/elephant-multi-task,1,2,2016-07-14,2016-07-14,2026-06-29,live_metrics_json,not_checked,has_metrics,2,0,2,0,,,0,0,0,,,exact_metrics_no_cached_cdx_rows,0,0,0,0,0,0,Escalate to broader list/account captures or external corroboration.
278,The Epic Gang,http://www.kongregate.com/games/DarkenSoft/the-epic-gang,www.kongregate.com/games/darkensoft/the-epic-gang,1,2,2016-07-20,2016-07-20,2026-06-29,live_metrics_json,not_checked,has_metrics,2,0,2,0,,,0,0,0,,,exact_metrics_no_cached_cdx_rows,0,0,0,0,0,0,Escalate to broader list/account captures or external corroboration.
279,KNF Sightglass Cuppa Restaurant Escape,http://www.kongregate.com/games/knfgame1/knf-sightglass-cuppa-restaurant-escape,www.kongregate.com/games/knfgame1/knf-sightglass-cuppa-restaurant-escape,1,2,2016-07-27,2016-07-27,2026-06-29,live_metrics_json,not_checked,has_metrics,2,0,2,0,,,0,0,0,,,exact_metrics_no_cached_cdx_rows,0,0,0,0,0,0,Escalate to broader list/account captures or external corroboration.
280,Tittu And Annie 16,http://www.kongregate.com/games/Enagamess/tittu-and-annie-16,www.kongregate.com/games/enagamess/tittu-and-annie-16,1,2,2016-08-13,2016-08-13,2026-06-29,live_metrics_json,not_checked,has_metrics,2,0,2,0,,,0,0,0,,,exact_metrics_no_cached_cdx_rows,0,0,0,0,0,0,Escalate to broader list/account captures or external corroboration.
281,Parkour Legends,http://www.kongregate.com/games/RobertWGames/parkour-legends,www.kongregate.com/games/robertwgames/parkour-legends,1,2,2016-08-20,2016-08-20,2026-06-29,live_metrics_json,not_checked,has_metrics,2,0,2,0,,,0,0,0,,,exact_metrics_no_cached_cdx_rows,0,0,0,0,0,0,Escalate to broader list/account captures or external corroboration.
282,Bottle Crash Deluxe,http://www.kongregate.com/games/LinzioGame/bottle-crash-deluxe,www.kongregate.com/games/linziogame/bottle-crash-deluxe,1,2,2016-08-28,2016-08-28,2023-09-14,count_source_probe,not_checked,has_metrics,2,1,2,0,2023-09-14,2023-09-14,0,0,1,2023-09-14,55,exact_metrics_starts_after_missing_window,0,0,0,0,0,0,Exact metrics start too late; pursue broader list/account captures or external corroboration.
283,Cat Drop,http://www.kongregate.com/games/OutGG/cat-drop,www.kongregate.com/games/outgg/cat-drop,1,2,2016-09-03,2016-09-03,2026-06-29,live_metrics_json,not_checked,has_metrics,2,0,2,0,,,0,0,0,,,exact_metrics_no_cached_cdx_rows,0,0,0,0,0,0,Escalate to broader list/account captures or external corroboration.
284,ICEBERG,http://www.kongregate.com/games/KekGames/iceberg,www.kongregate.com/games/kekgames/iceberg,1,2,2016-09-16,2016-09-16,2026-06-29,live_metrics_json,not_checked,has_metrics,2,0,2,0,,,0,0,0,,,exact_metrics_no_cached_cdx_rows,0,0,0,0,0,0,Escalate to broader list/account captures or external corroboration.
285,Eve quest,http://www.kongregate.com/games/NikolaiS179/eve-quest,www.kongregate.com/games/nikolais179/eve-quest,1,2,2016-09-17,2016-09-17,2026-06-29,live_metrics_json,not_checked,has_metrics,2,0,2,0,,,0,0,0,,,exact_metrics_no_cached_cdx_rows,0,0,0,0,0,0,Escalate to broader list/account captures or external corroboration.
286,Halloween Search For History,http://www.kongregate.com/games/Enagamess/halloween-search-for-history,www.kongregate.com/games/enagamess/halloween-search-for-history,1,2,2016-10-04,2016-10-04,2026-06-29,live_metrics_json,not_checked,has_metrics,2,0,2,0,,,0,0,0,,,exact_metrics_no_cached_cdx_rows,0,0,0,0,0,0,Escalate to broader list/account captures or external corroboration.
287,Jumpocat,http://www.kongregate.com/games/FreeS/jumpocat,www.kongregate.com/games/frees/jumpocat,1,2,2016-10-17,2016-10-17,2026-06-29,live_metrics_json,not_checked,has_metrics,2,0,2,0,,,0,0,0,,,exact_metrics_no_cached_cdx_rows,0,0,0,0,0,0,Escalate to broader list/account captures or external corroboration.
288,Triangle Hero,http://www.kongregate.com/games/StarvingStudios/triangle-hero,www.kongregate.com/games/starvingstudios/triangle-hero,1,2,2016-10-18,2016-10-18,2026-06-29,live_metrics_json,not_checked,has_metrics,2,0,2,0,,,0,0,0,,,exact_metrics_no_cached_cdx_rows,0,0,0,0,0,0,Escalate to broader list/account captures or external corroboration.
289,Halloween Creepy Cemetry,http://www.kongregate.com/games/Enagamess/halloween-creepy-cemetry,www.kongregate.com/games/enagamess/halloween-creepy-cemetry,1,2,2016-10-24,2016-10-24,2026-06-29,live_metrics_json,not_checked,has_metrics,2,0,2,0,,,0,0,0,,,exact_metrics_no_cached_cdx_rows,0,0,0,0,0,0,Escalate to broader list/account captures or external corroboration.
290,Another Platform Game,http://www.kongregate.com/games/PlayHardStudios/another-platform-game,www.kongregate.com/games/playhardstudios/another-platform-game,1,2,2016-10-30,2016-10-30,2026-06-29,live_metrics_json,not_checked,has_metrics,2,0,2,0,,,0,0,0,,,exact_metrics_no_cached_cdx_rows,0,0,0,0,0,0,Escalate to broader list/account captures or external corroboration.
291,Fast and Chairious BETA,http://www.kongregate.com/games/HectorFV/fast-and-chairious-beta,www.kongregate.com/games/hectorfv/fast-and-chairious-beta,1,2,2017-05-05,2017-05-05,2026-06-29,live_metrics_json,not_checked,has_metrics,2,0,2,0,,,0,0,0,,,exact_metrics_no_cached_cdx_rows,0,0,0,0,0,0,Escalate to broader list/account captures or external corroboration.
292,Nidiarde,http://www.kongregate.com/games/JanaChumi/nidiarde,www.kongregate.com/games/janachumi/nidiarde,1,2,2017-05-25,2017-05-25,2026-06-29,live_metrics_json,not_checked,has_metrics,2,0,2,0,,,0,0,0,,,exact_metrics_no_cached_cdx_rows,0,0,0,0,0,0,Escalate to broader list/account captures or external corroboration.
293,Binary Switcher,http://www.kongregate.com/games/runvsgamedev/binary-switcher,www.kongregate.com/games/runvsgamedev/binary-switcher,1,2,2017-06-04,2017-06-04,2026-06-29,live_metrics_json,not_checked,has_metrics,2,0,2,0,,,0,0,0,,,exact_metrics_no_cached_cdx_rows,0,0,0,0,0,0,Escalate to broader list/account captures or external corroboration.
294,Car Drift Racers,http://www.kongregate.com/games/vitalitygames/car-drift-racers,www.kongregate.com/games/vitalitygames/car-drift-racers,1,2,2017-06-15,2017-06-15,2026-06-29,live_metrics_json,not_checked,has_metrics,2,0,2,0,,,0,0,0,,,exact_metrics_no_cached_cdx_rows,0,0,0,0,0,0,Escalate to broader list/account captures or external corroboration.
295,Zombie defense,http://www.kongregate.com/games/smoluss/zombie-defense,www.kongregate.com/games/smoluss/zombie-defense,1,2,2017-06-25,2017-06-25,2026-06-29,live_metrics_json,not_checked,has_metrics,2,0,2,0,,,0,0,0,,,exact_metrics_no_cached_cdx_rows,0,0,0,0,0,0,Escalate to broader list/account captures or external corroboration.
296,Knf Hotel Escape,http://www.kongregate.com/games/knfescapegame/knf-hotel-escape,www.kongregate.com/games/knfescapegame/knf-hotel-escape,1,2,2017-07-03,2017-07-03,2026-06-29,live_metrics_json,not_checked,has_metrics,2,0,2,0,,,0,0,0,,,exact_metrics_no_cached_cdx_rows,0,0,0,0,0,0,Escalate to broader list/account captures or external corroboration.
297,mPandanda,http://www.kongregate.com/games/mpandanda/mpandanda,www.kongregate.com/games/mpandanda/mpandanda,1,2,2017-07-12,2017-07-12,2026-06-29,live_metrics_json,not_checked,has_metrics,2,0,2,0,,,0,0,0,,,exact_metrics_no_cached_cdx_rows,0,0,0,0,0,0,Escalate to broader list/account captures or external corroboration.
298,Twisted Cooking Mama,http://www.kongregate.com/games/PartyBug/twisted-cooking-mama,www.kongregate.com/games/partybug/twisted-cooking-mama,1,2,2017-07-28,2017-07-28,2026-06-29,live_metrics_json,not_checked,has_metrics,2,0,2,0,,,0,0,0,,,exact_metrics_no_cached_cdx_rows,0,0,0,0,0,0,Escalate to broader list/account captures or external corroboration.
299,Zombie Cave,http://www.kongregate.com/games/minininja956/zombie-cave,www.kongregate.com/games/minininja956/zombie-cave,1,2,2017-07-29,2017-07-29,2026-06-29,live_metrics_json,not_checked,has_metrics,2,0,2,0,,,0,0,0,,,exact_metrics_no_cached_cdx_rows,0,0,0,0,0,0,Escalate to broader list/account captures or external corroboration.
300,Toy Drop,http://www.kongregate.com/games/Darkmoonfire/toy-drop,www.kongregate.com/games/darkmoonfire/toy-drop,1,2,2017-08-05,2017-08-05,2026-06-29,live_metrics_json,not_checked,has_metrics,2,0,2,0,,,0,0,0,,,exact_metrics_no_cached_cdx_rows,0,0,0,0,0,0,Escalate to broader list/account captures or external corroboration.
301,DOT.,http://www.kongregate.com/games/9PacStudios/dot,www.kongregate.com/games/9pacstudios/dot,1,2,2017-08-11,2017-08-11,2026-06-29,live_metrics_json,not_checked,has_metrics,2,0,2,0,,,0,0,0,,,exact_metrics_no_cached_cdx_rows,0,0,0,0,0,0,Escalate to broader list/account captures or external corroboration.
302,Ensemble,http://www.kongregate.com/games/Vermillion_gd/ensemble,www.kongregate.com/games/vermillion_gd/ensemble,1,2,2017-08-17,2017-08-17,2026-06-29,live_metrics_json,not_checked,has_metrics,2,0,2,0,,,0,0,0,,,exact_metrics_no_cached_cdx_rows,0,0,0,0,0,0,Escalate to broader list/account captures or external corroboration.
303,Swordz.io,http://www.kongregate.com/games/Leonylyner/swordz-io,www.kongregate.com/games/leonylyner/swordz-io,1,2,2017-08-23,2017-08-23,2026-06-29,live_metrics_json,not_checked,has_metrics,2,0,2,0,,,0,0,0,,,exact_metrics_no_cached_cdx_rows,0,0,0,0,0,0,Escalate to broader list/account captures or external corroboration.
304,The Meat - The Game Adventure,http://www.kongregate.com/games/ALT_Games/the-meat-the-game-adventure,www.kongregate.com/games/alt_games/the-meat-the-game-adventure,1,2,2017-09-04,2017-09-04,2026-06-29,live_metrics_json,not_checked,has_metrics,2,0,2,0,,,0,0,0,,,exact_metrics_no_cached_cdx_rows,0,0,0,0,0,0,Escalate to broader list/account captures or external corroboration.
305,SS17 Swallala Elena,http://www.kongregate.com/games/lionel_ict/ss17-swallala-elena,www.kongregate.com/games/lionel_ict/ss17-swallala-elena,1,2,2017-09-13,2017-09-13,2026-06-29,live_metrics_json,not_checked,has_metrics,2,0,2,0,,,0,0,0,,,exact_metrics_no_cached_cdx_rows,0,0,0,0,0,0,Escalate to broader list/account captures or external corroboration.
306,Duck Witch Escape,http://www.kongregate.com/games/8bgames/duck-witch-escape,www.kongregate.com/games/8bgames/duck-witch-escape,1,2,2017-09-20,2017-09-20,2024-01-13,count_source_probe,not_checked,has_metrics,2,1,2,0,2024-01-13,2024-01-13,0,0,1,2024-01-13,507,exact_metrics_starts_after_missing_window,0,0,0,0,0,0,Exact metrics start too late; pursue broader list/account captures or external corroboration.
307,PlaneQuests,http://www.kongregate.com/games/LvCKrolentStudio/planequests,www.kongregate.com/games/lvckrolentstudio/planequests,1,2,2017-10-08,2017-10-08,2026-06-29,live_metrics_json,not_checked,has_metrics,2,0,2,0,,,0,0,0,,,exact_metrics_no_cached_cdx_rows,0,0,0,0,0,0,Escalate to broader list/account captures or external corroboration.
308,hi no homo,http://www.kongregate.com/games/zephybite/hi-no-homo,www.kongregate.com/games/zephybite/hi-no-homo,1,2,2017-10-15,2017-10-15,2022-08-20,count_source_probe,not_checked,has_metrics,2,5,2,0,2022-08-20,2024-03-08,0,0,5,2022-08-20,17764,exact_metrics_starts_after_missing_window,0,0,0,0,0,0,Exact metrics start too late; pursue broader list/account captures or external corroboration.
309,Booga,http://www.kongregate.com/games/AshCrimsonEL/booga,www.kongregate.com/games/ashcrimsonel/booga,1,2,2017-10-24,2017-10-24,2026-06-29,live_metrics_json,not_checked,has_metrics,2,0,2,0,,,0,0,0,,,exact_metrics_no_cached_cdx_rows,0,0,0,0,0,0,Escalate to broader list/account captures or external corroboration.
310,Thanksgiving Friend Rescue 1,http://www.kongregate.com/games/top10newgames/thanksgiving-friend-rescue-1,www.kongregate.com/games/top10newgames/thanksgiving-friend-rescue-1,1,2,2017-11-06,2017-11-06,2026-06-30,live_metrics_json,not_checked,has_metrics,2,0,2,0,,,0,0,0,,,exact_metrics_no_cached_cdx_rows,0,0,0,0,0,0,Escalate to broader list/account captures or external corroboration.
311,Snake,https://www.kongregate.com/games/Doodler_101/snake,www.kongregate.com/games/doodler_101/snake,1,2,2019-08-25,2019-08-25,2026-06-30,live_metrics_json,not_checked,has_metrics,2,0,2,0,,,0,0,0,,,exact_metrics_no_cached_cdx_rows,0,0,0,0,0,0,Escalate to broader list/account captures or external corroboration.
312,Factory Balls forever,https://www.kongregate.com/games/bontegames/factory-balls-forever,www.kongregate.com/games/bontegames/factory-balls-forever,1,2,2020-01-02,2020-01-02,2020-01-08,count_source_probe,not_checked,has_metrics,2,26,2,0,2020-01-08,2025-09-18,0,0,5,2020-01-08,68871,exact_metrics_starts_after_missing_window,0,0,0,0,0,0,Exact metrics start too late; pursue broader list/account captures or external corroboration.
313,Bullfrogs,http://www.kongregate.com/games/Warstrider/bullfrogs,www.kongregate.com/games/warstrider/bullfrogs,1,2,2021-01-25,2021-01-25,2026-06-29,live_metrics_json,not_checked,has_metrics,2,0,2,0,,,0,0,0,,,exact_metrics_no_cached_cdx_rows,0,0,0,0,0,0,Escalate to broader list/account captures or external corroboration.
314,RPGCorp,https://www.kongregate.com/games/Arckaon/rpgcorp,www.kongregate.com/games/arckaon/rpgcorp,1,2,2021-11-12,2021-11-12,2026-06-29,live_metrics_json,not_checked,has_metrics,2,0,2,0,,,0,0,0,,,exact_metrics_no_cached_cdx_rows,0,0,0,0,0,0,Escalate to broader list/account captures or external corroboration.
315,Dear Edmund,https://www.kongregate.com/games/MindTheGrease/dear-edmund,www.kongregate.com/games/mindthegrease/dear-edmund,1,2,2024-01-17,2024-01-17,2024-01-18,count_source_probe,not_checked,has_metrics,2,2,2,0,2024-01-18,2024-02-07,0,0,2,2024-01-18,317,exact_metrics_starts_after_missing_window,0,0,0,0,0,0,Exact metrics start too late; pursue broader list/account captures or external corroboration.
316,Blang,http://www.kongregate.com/games/redux/blang,www.kongregate.com/games/redux/blang,5,10,2016-05-25,2017-07-24,2023-09-06,count_source_probe,not_checked,has_metrics,2,1,2,0,2023-09-06,2023-09-06,0,0,1,2023-09-06,27008,exact_metrics_starts_after_missing_window,0,0,0,0,0,0,Exact metrics start too late; pursue broader list/account captures or external corroboration.
317,Idle Tower Defense,https://www.kongregate.com/en/games/tbiz5270/idle-tower-defense,www.kongregate.com/games/tbiz5270/idle-tower-defense,7,7,2017-06-03,2017-06-24,2023-04-17,count_source_probe,not_checked,has_metrics,2,2,2,0,2023-04-17,2023-12-21,0,0,2,2023-04-17,822314,exact_metrics_starts_after_missing_window,0,0,0,0,0,0,Exact metrics start too late; pursue broader list/account captures or external corroboration.
318,qsplit,http://www.kongregate.com/games/FtMFtM/qsplit,www.kongregate.com/games/ftmftm/qsplit,2,3,2014-10-17,2014-10-18,2026-06-29,live_metrics_json,not_checked,has_metrics,2,0,2,0,,,0,0,0,,,exact_metrics_no_cached_cdx_rows,0,0,0,0,0,0,Escalate to broader list/account captures or external corroboration.
319,AZ Tank Game,http://www.kongregate.com/games/Asheer/az-tank-game,www.kongregate.com/games/asheer/az-tank-game,1,3,2014-07-26,2014-07-26,2026-06-30,live_metrics_json,not_checked,has_metrics,2,0,2,0,,,0,0,0,,,exact_metrics_no_cached_cdx_rows,0,0,0,0,0,0,Escalate to broader list/account captures or external corroboration.
320,Ben 10 Train Champ,http://www.kongregate.com/games/win1game/ben-10-train-champ,www.kongregate.com/games/win1game/ben-10-train-champ,1,3,2014-07-30,2014-07-30,2026-06-30,live_metrics_json,not_checked,has_metrics,2,0,2,0,,,0,0,0,,,exact_metrics_no_cached_cdx_rows,0,0,0,0,0,0,Escalate to broader list/account captures or external corroboration.
321,max dificult z,http://www.kongregate.com/games/megancitu/max-dificult-z,www.kongregate.com/games/megancitu/max-dificult-z,1,3,2014-08-22,2014-08-22,2026-06-30,live_metrics_json,not_checked,has_metrics,2,0,2,0,,,0,0,0,,,exact_metrics_no_cached_cdx_rows,0,0,0,0,0,0,Escalate to broader list/account captures or external corroboration.
322,Parking Lot Smashball,http://www.kongregate.com/games/JawGames/parking-lot-smashball,www.kongregate.com/games/jawgames/parking-lot-smashball,1,3,2014-08-26,2014-08-26,2026-06-30,live_metrics_json,not_checked,has_metrics,2,0,2,0,,,0,0,0,,,exact_metrics_no_cached_cdx_rows,0,0,0,0,0,0,Escalate to broader list/account captures or external corroboration.
323,Jogo de Exploração,http://www.kongregate.com/games/Mr_Ferrado/jogo-de-explora-o,www.kongregate.com/games/mr_ferrado/jogo-de-explora-o,1,3,2014-08-29,2014-08-29,2026-06-30,live_metrics_json,not_checked,has_metrics,2,0,2,0,,,0,0,0,,,exact_metrics_no_cached_cdx_rows,0,0,0,0,0,0,Escalate to broader list/account captures or external corroboration.
324,Archaeologist Office Escape,http://www.kongregate.com/games/quicksailor/archaeologist-office-escape,www.kongregate.com/games/quicksailor/archaeologist-office-escape,1,3,2014-09-02,2014-09-02,2026-06-30,live_metrics_json,not_checked,has_metrics,2,0,2,0,,,0,0,0,,,exact_metrics_no_cached_cdx_rows,0,0,0,0,0,0,Escalate to broader list/account captures or external corroboration.
325,Racing Porsche Jigsaw,http://www.kongregate.com/games/newgamess/racing-porsche-jigsaw,www.kongregate.com/games/newgamess/racing-porsche-jigsaw,1,3,2014-09-12,2014-09-12,2026-06-30,live_metrics_json,not_checked,has_metrics,2,0,2,0,,,0,0,0,,,exact_metrics_no_cached_cdx_rows,0,0,0,0,0,0,Escalate to broader list/account captures or external corroboration.
326,Kiss the duck,http://www.kongregate.com/games/hidrasoin/kiss-the-duck,www.kongregate.com/games/hidrasoin/kiss-the-duck,1,3,2014-09-14,2014-09-14,2026-06-30,live_metrics_json,not_checked,has_metrics,2,0,2,0,,,0,0,0,,,exact_metrics_no_cached_cdx_rows,0,0,0,0,0,0,Escalate to broader list/account captures or external corroboration.
327,Frip and Froop's Logical Labyrinth,http://www.kongregate.com/games/OtterTeej/frip-and-froops-logical-labyrinth,www.kongregate.com/games/otterteej/frip-and-froops-logical-labyrinth,1,3,2014-09-19,2014-09-19,2026-06-30,live_metrics_json,not_checked,has_metrics,2,0,2,0,,,0,0,0,,,exact_metrics_no_cached_cdx_rows,0,0,0,0,0,0,Escalate to broader list/account captures or external corroboration.
328,Redshift,http://www.kongregate.com/games/ClipwireGames/redshift,www.kongregate.com/games/clipwiregames/redshift,1,3,2014-09-26,2014-09-26,2020-11-07,count_source_probe,not_checked,has_metrics,2,1,2,0,2020-11-07,2020-11-07,0,0,1,2020-11-07,2390866,exact_metrics_starts_after_missing_window,0,0,0,0,0,0,Exact metrics start too late; pursue broader list/account captures or external corroboration.
329,War on Iraq,http://www.kongregate.com/games/FreeWorldGroup/war-on-iraq,www.kongregate.com/games/freeworldgroup/war-on-iraq,1,3,2014-09-26,2014-09-26,2026-06-30,live_metrics_json,not_checked,has_metrics,2,0,2,0,,,0,0,0,,,exact_metrics_no_cached_cdx_rows,0,0,0,0,0,0,Escalate to broader list/account captures or external corroboration.
330,Tap It! - Tap the red button!,http://www.kongregate.com/games/GuilhermeG5/tap-it-tap-the-red-button,www.kongregate.com/games/guilhermeg5/tap-it-tap-the-red-button,1,3,2014-10-04,2014-10-04,2026-06-29,live_metrics_json,not_checked,has_metrics,2,0,2,0,,,0,0,0,,,exact_metrics_no_cached_cdx_rows,0,0,0,0,0,0,Escalate to broader list/account captures or external corroboration.
331,Click the Monkey,http://www.kongregate.com/games/bigkev711/click-the-monkey,www.kongregate.com/games/bigkev711/click-the-monkey,1,3,2014-10-10,2014-10-10,2026-06-29,live_metrics_json,not_checked,has_metrics,2,0,2,0,,,0,0,0,,,exact_metrics_no_cached_cdx_rows,0,0,0,0,0,0,Escalate to broader list/account captures or external corroboration.
332,PekaFace,http://www.kongregate.com/games/tima291199/pekaface,www.kongregate.com/games/tima291199/pekaface,1,3,2014-10-13,2014-10-13,2026-06-29,live_metrics_json,not_checked,has_metrics,2,0,2,0,,,0,0,0,,,exact_metrics_no_cached_cdx_rows,0,0,0,0,0,0,Escalate to broader list/account captures or external corroboration.
333,Yaba V0.1,http://www.kongregate.com/games/FordJr/yaba-v0-1,www.kongregate.com/games/fordjr/yaba-v0-1,1,3,2014-10-18,2014-10-18,2026-06-29,live_metrics_json,not_checked,has_metrics,2,0,2,0,,,0,0,0,,,exact_metrics_no_cached_cdx_rows,0,0,0,0,0,0,Escalate to broader list/account captures or external corroboration.
334,2048,http://www.kongregate.com/games/Geckoo1337/2048,www.kongregate.com/games/geckoo1337/2048,1,3,2014-10-24,2014-10-24,2026-06-29,live_metrics_json,not_checked,has_metrics,2,0,2,0,,,0,0,0,,,exact_metrics_no_cached_cdx_rows,0,0,0,0,0,0,Escalate to broader list/account captures or external corroboration.
335,Wandering Eyes,http://www.kongregate.com/games/myplayyard/wandering-eyes,www.kongregate.com/games/myplayyard/wandering-eyes,1,3,2014-10-29,2014-10-29,2019-10-31,count_source_probe,not_checked,has_metrics,2,1,1,1,2019-10-31,2019-10-31,0,0,1,2019-10-31,4447,exact_metrics_starts_after_missing_window,0,0,0,0,0,0,Exact metrics start too late; pursue broader list/account captures or external corroboration.
336,Potato Pirate,http://www.kongregate.com/games/sorenof/potato-pirate,www.kongregate.com/games/sorenof/potato-pirate,1,3,2014-10-31,2014-10-31,2026-06-29,live_metrics_json,not_checked,has_metrics,2,0,2,0,,,0,0,0,,,exact_metrics_no_cached_cdx_rows,0,0,0,0,0,0,Escalate to broader list/account captures or external corroboration.
337,Match It RGB,http://www.kongregate.com/games/Danieo6/match-it-rgb,www.kongregate.com/games/danieo6/match-it-rgb,1,3,2014-11-11,2014-11-11,2026-06-30,live_metrics_json,not_checked,has_metrics,2,0,2,0,,,0,0,0,,,exact_metrics_no_cached_cdx_rows,0,0,0,0,0,0,Escalate to broader list/account captures or external corroboration.
338,[TEST] AvengerHeroWorld,http://www.kongregate.com/games/galaxymika/test-avengerheroworld,www.kongregate.com/games/galaxymika/test-avengerheroworld,1,3,2014-11-25,2014-11-25,2026-06-30,live_metrics_json,not_checked,has_metrics,2,0,2,0,,,0,0,0,,,exact_metrics_no_cached_cdx_rows,0,0,0,0,0,0,Escalate to broader list/account captures or external corroboration.
339,Burro Bandito,http://www.kongregate.com/games/corralezd/burro-bandito,www.kongregate.com/games/corralezd/burro-bandito,1,3,2014-12-02,2014-12-02,2026-06-30,live_metrics_json,not_checked,has_metrics,2,0,2,0,,,0,0,0,,,exact_metrics_no_cached_cdx_rows,0,0,0,0,0,0,Escalate to broader list/account captures or external corroboration.
340,Plat Jump Demo,http://www.kongregate.com/games/chigbi/plat-jump-demo,www.kongregate.com/games/chigbi/plat-jump-demo,1,3,2014-12-10,2014-12-10,2026-06-30,live_metrics_json,not_checked,has_metrics,2,0,2,0,,,0,0,0,,,exact_metrics_no_cached_cdx_rows,0,0,0,0,0,0,Escalate to broader list/account captures or external corroboration.
341,We're Dropping Christmas,http://www.kongregate.com/games/WCGD/were-dropping-christmas,www.kongregate.com/games/wcgd/were-dropping-christmas,1,3,2014-12-17,2014-12-17,2026-06-30,live_metrics_json,not_checked,has_metrics,2,0,2,0,,,0,0,0,,,exact_metrics_no_cached_cdx_rows,0,0,0,0,0,0,Escalate to broader list/account captures or external corroboration.
342,Patih Araya Demo,http://www.kongregate.com/games/greatz/patih-araya-demo,www.kongregate.com/games/greatz/patih-araya-demo,1,3,2014-12-28,2014-12-28,2026-06-30,live_metrics_json,not_checked,has_metrics,2,0,2,0,,,0,0,0,,,exact_metrics_no_cached_cdx_rows,0,0,0,0,0,0,Escalate to broader list/account captures or external corroboration.
343,New Year Surprise,http://www.kongregate.com/games/SandraKim/new-year-surprise,www.kongregate.com/games/sandrakim/new-year-surprise,1,3,2014-12-30,2014-12-30,2026-06-30,live_metrics_json,not_checked,has_metrics,2,0,2,0,,,0,0,0,,,exact_metrics_no_cached_cdx_rows,0,0,0,0,0,0,Escalate to broader list/account captures or external corroboration.
344,Astronaut A12 (A12_),http://www.kongregate.com/games/DevinBeggs1214/astronaut-a12-a12,www.kongregate.com/games/devinbeggs1214/astronaut-a12-a12,1,3,2015-04-01,2015-04-01,2026-06-30,live_metrics_json,not_checked,has_metrics,2,0,2,0,,,0,0,0,,,exact_metrics_no_cached_cdx_rows,0,0,0,0,0,0,Escalate to broader list/account captures or external corroboration.
345,AnonymousHotel,http://www.kongregate.com/games/JairusScott/anonymoushotel,www.kongregate.com/games/jairusscott/anonymoushotel,1,3,2015-09-03,2015-09-03,2026-06-29,live_metrics_json,not_checked,has_metrics,2,0,2,0,,,0,0,0,,,exact_metrics_no_cached_cdx_rows,0,0,0,0,0,0,Escalate to broader list/account captures or external corroboration.
346,Musical keyboard,http://www.kongregate.com/games/GoodGodlyGod/musical-keyboard,www.kongregate.com/games/goodgodlygod/musical-keyboard,1,3,2015-09-09,2015-09-09,2026-06-29,live_metrics_json,not_checked,has_metrics,2,0,2,0,,,0,0,0,,,exact_metrics_no_cached_cdx_rows,0,0,0,0,0,0,Escalate to broader list/account captures or external corroboration.
347,Zombie Ace,http://www.kongregate.com/games/abcgames2015/zombie-ace,www.kongregate.com/games/abcgames2015/zombie-ace,1,3,2015-09-14,2015-09-14,2026-06-29,live_metrics_json,not_checked,has_metrics,2,0,2,0,,,0,0,0,,,exact_metrics_no_cached_cdx_rows,0,0,0,0,0,0,Escalate to broader list/account captures or external corroboration.
348,Black Cats House Escape,http://www.kongregate.com/games/ainarsa/black-cats-house-escape,www.kongregate.com/games/ainarsa/black-cats-house-escape,1,3,2015-09-23,2015-09-23,2026-06-29,live_metrics_json,not_checked,has_metrics,2,0,2,0,,,0,0,0,,,exact_metrics_no_cached_cdx_rows,0,0,0,0,0,0,Escalate to broader list/account captures or external corroboration.
349,Pong,http://www.kongregate.com/games/BiVision/pong,www.kongregate.com/games/bivision/pong,1,3,2015-09-30,2015-09-30,2026-06-29,live_metrics_json,not_checked,has_metrics,2,0,2,0,,,0,0,0,,,exact_metrics_no_cached_cdx_rows,0,0,0,0,0,0,Escalate to broader list/account captures or external corroboration.
350,Enter into Darkness 3,http://www.kongregate.com/games/Newshield_Ent/enter-into-darkness-3,www.kongregate.com/games/newshield_ent/enter-into-darkness-3,1,3,2015-12-05,2015-12-05,2026-06-29,live_metrics_json,not_checked,has_metrics,2,0,2,0,,,0,0,0,,,exact_metrics_no_cached_cdx_rows,0,0,0,0,0,0,Escalate to broader list/account captures or external corroboration.
351,Bullet Boy,http://www.kongregate.com/games/PomeloGames/bullet-boy,www.kongregate.com/games/pomelogames/bullet-boy,1,3,2015-12-18,2015-12-18,2026-06-29,live_metrics_json,not_checked,has_metrics,2,0,2,0,,,0,0,0,,,exact_metrics_no_cached_cdx_rows,0,0,0,0,0,0,Escalate to broader list/account captures or external corroboration.
352,TheLastSurvivor,http://www.kongregate.com/games/KERBOGAMES/thelastsurvivor,www.kongregate.com/games/kerbogames/thelastsurvivor,1,3,2015-12-26,2015-12-26,2026-06-29,live_metrics_json,not_checked,has_metrics,2,0,2,0,,,0,0,0,,,exact_metrics_no_cached_cdx_rows,0,0,0,0,0,0,Escalate to broader list/account captures or external corroboration.
353,Construction Sabotage War 3,http://www.kongregate.com/games/thegames8dotcom/construction-sabotage-war-3,www.kongregate.com/games/thegames8dotcom/construction-sabotage-war-3,1,3,2016-01-02,2016-01-02,2026-06-29,live_metrics_json,not_checked,has_metrics,2,0,2,0,,,0,0,0,,,exact_metrics_no_cached_cdx_rows,0,0,0,0,0,0,Escalate to broader list/account captures or external corroboration.
354,SpaceWar,http://www.kongregate.com/games/qsqd3c2a1/spacewar,www.kongregate.com/games/qsqd3c2a1/spacewar,1,3,2016-01-16,2016-01-16,2026-06-29,live_metrics_json,not_checked,has_metrics,2,0,2,0,,,0,0,0,,,exact_metrics_no_cached_cdx_rows,0,0,0,0,0,0,Escalate to broader list/account captures or external corroboration.
355,Memory - Talktalk,http://www.kongregate.com/games/Bella500/memory-talktalk,www.kongregate.com/games/bella500/memory-talktalk,1,3,2016-01-25,2016-01-25,2026-06-29,live_metrics_json,not_checked,has_metrics,2,0,2,0,,,0,0,0,,,exact_metrics_no_cached_cdx_rows,0,0,0,0,0,0,Escalate to broader list/account captures or external corroboration.
356,Classic Pong,http://www.kongregate.com/games/chopperu123/classic-pong,www.kongregate.com/games/chopperu123/classic-pong,1,3,2016-02-02,2016-02-02,2026-06-30,live_metrics_json,not_checked,has_metrics,2,0,2,0,,,0,0,0,,,exact_metrics_no_cached_cdx_rows,0,0,0,0,0,0,Escalate to broader list/account captures or external corroboration.
357,Pizza guy,http://www.kongregate.com/games/llwolf/pizza-guy,www.kongregate.com/games/llwolf/pizza-guy,1,3,2016-02-17,2016-02-17,2026-06-30,live_metrics_json,not_checked,has_metrics,2,0,2,0,,,0,0,0,,,exact_metrics_no_cached_cdx_rows,0,0,0,0,0,0,Escalate to broader list/account captures or external corroboration.
358,Can You Escape Love? An Escape the Room Game Inspired by Undertale,http://www.kongregate.com/games/chibixi/can-you-escape-love-an-escape-the-room-game-inspired-by-undertale,www.kongregate.com/games/chibixi/can-you-escape-love-an-escape-the-room-game-inspired-by-undertale,1,3,2016-02-28,2016-02-28,2026-06-30,live_metrics_json,not_checked,has_metrics,2,0,2,0,,,0,0,0,,,exact_metrics_no_cached_cdx_rows,0,0,0,0,0,0,Escalate to broader list/account captures or external corroboration.
359,Wipo,http://www.kongregate.com/games/BlueSn0w/wipo,www.kongregate.com/games/bluesn0w/wipo,1,3,2016-03-05,2016-03-05,2026-06-29,live_metrics_json,not_checked,has_metrics,2,0,2,0,,,0,0,0,,,exact_metrics_no_cached_cdx_rows,0,0,0,0,0,0,Escalate to broader list/account captures or external corroboration.
360,Anti-Plane,http://www.kongregate.com/games/calinutz05/anti-plane,www.kongregate.com/games/calinutz05/anti-plane,1,3,2016-03-07,2016-03-07,2026-06-29,live_metrics_json,not_checked,has_metrics,2,0,2,0,,,0,0,0,,,exact_metrics_no_cached_cdx_rows,0,0,0,0,0,0,Escalate to broader list/account captures or external corroboration.
361,TANKS!,http://www.kongregate.com/games/nyantoaster/tanks,www.kongregate.com/games/nyantoaster/tanks,1,3,2016-03-16,2016-03-16,2026-06-29,live_metrics_json,not_checked,has_metrics,2,0,2,0,,,0,0,0,,,exact_metrics_no_cached_cdx_rows,0,0,0,0,0,0,Escalate to broader list/account captures or external corroboration.
362,Spell idle 2,http://www.kongregate.com/games/omgnoob191/spell-idle-2,www.kongregate.com/games/omgnoob191/spell-idle-2,1,3,2016-03-20,2016-03-20,2025-04-02,count_source_probe,not_checked,has_metrics,2,1,2,0,2025-04-02,2025-04-02,0,0,1,2025-04-02,341944,exact_metrics_starts_after_missing_window,0,0,0,0,0,0,Exact metrics start too late; pursue broader list/account captures or external corroboration.
363,Card game,http://www.kongregate.com/games/badfitz100/card-game,www.kongregate.com/games/badfitz100/card-game,1,3,2016-03-24,2016-03-24,2026-06-29,live_metrics_json,not_checked,has_metrics,2,0,2,0,,,0,0,0,,,exact_metrics_no_cached_cdx_rows,0,0,0,0,0,0,Escalate to broader list/account captures or external corroboration.
364,Pacman Star Adventure 2,http://www.kongregate.com/games/Gamesdeveloper/pacman-star-adventure-2,www.kongregate.com/games/gamesdeveloper/pacman-star-adventure-2,1,3,2016-05-06,2016-05-06,2026-06-29,live_metrics_json,not_checked,has_metrics,2,0,2,0,,,0,0,0,,,exact_metrics_no_cached_cdx_rows,0,0,0,0,0,0,Escalate to broader list/account captures or external corroboration.
365,Rock Sweeper,http://www.kongregate.com/games/coconutloverrr/rock-sweeper,www.kongregate.com/games/coconutloverrr/rock-sweeper,1,3,2016-05-15,2016-05-15,2026-06-29,live_metrics_json,not_checked,has_metrics,2,0,2,0,,,0,0,0,,,exact_metrics_no_cached_cdx_rows,0,0,0,0,0,0,Escalate to broader list/account captures or external corroboration.
366,Easter with Family,http://www.kongregate.com/games/SandraKim/easter-with-family,www.kongregate.com/games/sandrakim/easter-with-family,1,3,2016-05-23,2016-05-23,2026-06-29,live_metrics_json,not_checked,has_metrics,2,0,2,0,,,0,0,0,,,exact_metrics_no_cached_cdx_rows,0,0,0,0,0,0,Escalate to broader list/account captures or external corroboration.
367,Juggernaut Jigsaw,http://www.kongregate.com/games/newgamess/juggernaut-jigsaw,www.kongregate.com/games/newgamess/juggernaut-jigsaw,1,3,2016-05-24,2016-05-24,2026-06-29,live_metrics_json,not_checked,has_metrics,2,0,2,0,,,0,0,0,,,exact_metrics_no_cached_cdx_rows,0,0,0,0,0,0,Escalate to broader list/account captures or external corroboration.
368,Attraction,http://www.kongregate.com/games/Aldrinsalazar/attraction,www.kongregate.com/games/aldrinsalazar/attraction,1,3,2016-06-04,2016-06-04,2026-06-29,live_metrics_json,not_checked,has_metrics,2,0,2,0,,,0,0,0,,,exact_metrics_no_cached_cdx_rows,0,0,0,0,0,0,Escalate to broader list/account captures or external corroboration.
369,The Mansion Tour!!,http://www.kongregate.com/games/del9901705_39278/the-mansion-tour,www.kongregate.com/games/del9901705_39278/the-mansion-tour,1,3,2016-06-13,2016-06-13,2026-06-29,live_metrics_json,not_checked,has_metrics,2,0,2,0,,,0,0,0,,,exact_metrics_no_cached_cdx_rows,0,0,0,0,0,0,Escalate to broader list/account captures or external corroboration.
370,Terroir Studio,http://www.kongregate.com/games/chasles/terroir-studio,www.kongregate.com/games/chasles/terroir-studio,1,3,2016-06-22,2016-06-22,2026-06-29,live_metrics_json,not_checked,has_metrics,2,0,2,0,,,0,0,0,,,exact_metrics_no_cached_cdx_rows,0,0,0,0,0,0,Escalate to broader list/account captures or external corroboration.
371,Bonehead,http://www.kongregate.com/games/PoLlOrOn/bonehead,www.kongregate.com/games/polloron/bonehead,1,3,2016-06-29,2016-06-29,2026-06-29,live_metrics_json,not_checked,has_metrics,2,0,2,0,,,0,0,0,,,exact_metrics_no_cached_cdx_rows,0,0,0,0,0,0,Escalate to broader list/account captures or external corroboration.
372,Smash duel,http://www.kongregate.com/games/xelu3banh/smash-duel,www.kongregate.com/games/xelu3banh/smash-duel,1,3,2016-07-07,2016-07-07,2026-06-29,live_metrics_json,not_checked,has_metrics,2,0,2,0,,,0,0,0,,,exact_metrics_no_cached_cdx_rows,0,0,0,0,0,0,Escalate to broader list/account captures or external corroboration.
373,Space Assault,http://www.kongregate.com/games/tete94/space-assault,www.kongregate.com/games/tete94/space-assault,1,3,2016-07-14,2016-07-14,2026-06-29,live_metrics_json,not_checked,has_metrics,2,0,2,0,,,0,0,0,,,exact_metrics_no_cached_cdx_rows,0,0,0,0,0,0,Escalate to broader list/account captures or external corroboration.
374,The Secret Lab,http://www.kongregate.com/games/SandraKim/the-secret-lab,www.kongregate.com/games/sandrakim/the-secret-lab,1,3,2016-07-20,2016-07-20,2026-06-29,live_metrics_json,not_checked,has_metrics,2,0,2,0,,,0,0,0,,,exact_metrics_no_cached_cdx_rows,0,0,0,0,0,0,Escalate to broader list/account captures or external corroboration.
375,KNF mysterious snow forest escape,http://www.kongregate.com/games/knfgame1/knf-mysterious-snow-forest-escape,www.kongregate.com/games/knfgame1/knf-mysterious-snow-forest-escape,1,3,2016-07-27,2016-07-27,2026-06-29,live_metrics_json,not_checked,has_metrics,2,0,2,0,,,0,0,0,,,exact_metrics_no_cached_cdx_rows,0,0,0,0,0,0,Escalate to broader list/account captures or external corroboration.
376,Tittu And Annie 11,http://www.kongregate.com/games/Enagamess/tittu-and-annie-11,www.kongregate.com/games/enagamess/tittu-and-annie-11,1,3,2016-08-05,2016-08-05,2026-06-29,live_metrics_json,not_checked,has_metrics,2,0,2,0,,,0,0,0,,,exact_metrics_no_cached_cdx_rows,0,0,0,0,0,0,Escalate to broader list/account captures or external corroboration.
377,Bobcat Theft Escape,http://www.kongregate.com/games/yolkgamez/bobcat-theft-escape,www.kongregate.com/games/yolkgamez/bobcat-theft-escape,1,3,2016-08-13,2016-08-13,2026-06-29,live_metrics_json,not_checked,has_metrics,2,0,2,0,,,0,0,0,,,exact_metrics_no_cached_cdx_rows,0,0,0,0,0,0,Escalate to broader list/account captures or external corroboration.
378,Soy Luna Pac-Man,http://www.kongregate.com/games/juegosluna/soy-luna-pac-man,www.kongregate.com/games/juegosluna/soy-luna-pac-man,1,3,2016-08-28,2016-08-28,2026-06-29,live_metrics_json,not_checked,has_metrics,2,0,2,0,,,0,0,0,,,exact_metrics_no_cached_cdx_rows,0,0,0,0,0,0,Escalate to broader list/account captures or external corroboration.
379,Bad Pad - DEMO,http://www.kongregate.com/games/AvishayMizrav/bad-pad-demo,www.kongregate.com/games/avishaymizrav/bad-pad-demo,1,3,2016-09-03,2016-09-03,2026-06-29,live_metrics_json,not_checked,has_metrics,2,0,2,0,,,0,0,0,,,exact_metrics_no_cached_cdx_rows,0,0,0,0,0,0,Escalate to broader list/account captures or external corroboration.
380,Escape Rooms 3,http://www.kongregate.com/games/rahchel321/escape-rooms-3,www.kongregate.com/games/rahchel321/escape-rooms-3,1,3,2016-09-16,2016-09-16,2026-06-29,live_metrics_json,not_checked,has_metrics,2,0,2,0,,,0,0,0,,,exact_metrics_no_cached_cdx_rows,0,0,0,0,0,0,Escalate to broader list/account captures or external corroboration.
381,Blaze Hidden Stars,http://www.kongregate.com/games/blazejuegos/blaze-hidden-stars,www.kongregate.com/games/blazejuegos/blaze-hidden-stars,1,3,2016-09-17,2016-09-17,2023-05-18,metrics_json,not_checked,has_metrics,2,1,2,0,2023-05-18,2023-05-18,0,0,1,2023-05-18,33,exact_metrics_starts_after_missing_window,0,0,0,0,0,0,Exact metrics start too late; pursue broader list/account captures or external corroboration.
382,Giga Sun Rising 04,http://www.kongregate.com/games/gigasun/giga-sun-rising-04,www.kongregate.com/games/gigasun/giga-sun-rising-04,1,3,2016-09-23,2016-09-23,2026-06-29,live_metrics_json,not_checked,has_metrics,2,0,2,0,,,0,0,0,,,exact_metrics_no_cached_cdx_rows,0,0,0,0,0,0,Escalate to broader list/account captures or external corroboration.
383,Seize the Saucers!,http://www.kongregate.com/games/123kenny10/seize-the-saucers,www.kongregate.com/games/123kenny10/seize-the-saucers,1,3,2016-10-04,2016-10-04,2026-06-29,live_metrics_json,not_checked,has_metrics,2,0,2,0,,,0,0,0,,,exact_metrics_no_cached_cdx_rows,0,0,0,0,0,0,Escalate to broader list/account captures or external corroboration.
384,Hallowwen Escape Games - 10 Turnips,http://www.kongregate.com/games/Enagamess/hallowwen-escape-games-10-turnips,www.kongregate.com/games/enagamess/hallowwen-escape-games-10-turnips,1,3,2016-10-17,2016-10-17,2026-06-29,live_metrics_json,not_checked,has_metrics,2,0,2,0,,,0,0,0,,,exact_metrics_no_cached_cdx_rows,0,0,0,0,0,0,Escalate to broader list/account captures or external corroboration.
385,Bisectors with different distance functions,http://www.kongregate.com/games/laspinko/bisectors-with-different-distance-functions,www.kongregate.com/games/laspinko/bisectors-with-different-distance-functions,1,3,2016-10-18,2016-10-18,2026-06-29,live_metrics_json,not_checked,has_metrics,2,0,2,0,,,0,0,0,,,exact_metrics_no_cached_cdx_rows,0,0,0,0,0,0,Escalate to broader list/account captures or external corroboration.
386,Halloween Brightness Paves The Path,http://www.kongregate.com/games/Enagamess/halloween-brightness-paves-the-path,www.kongregate.com/games/enagamess/halloween-brightness-paves-the-path,1,3,2016-10-24,2016-10-24,2026-06-29,live_metrics_json,not_checked,has_metrics,2,0,2,0,,,0,0,0,,,exact_metrics_no_cached_cdx_rows,0,0,0,0,0,0,Escalate to broader list/account captures or external corroboration.
387,Heroes vs Devil,http://www.kongregate.com/games/Husenicar/heroes-vs-devil,www.kongregate.com/games/husenicar/heroes-vs-devil,1,3,2016-10-30,2016-10-30,2026-06-29,live_metrics_json,not_checked,has_metrics,2,0,2,0,,,0,0,0,,,exact_metrics_no_cached_cdx_rows,0,0,0,0,0,0,Escalate to broader list/account captures or external corroboration.
388,GiTD#66 Gameplay Demo,http://www.kongregate.com/games/nutter666/gitd-66-gameplay-demo,www.kongregate.com/games/nutter666/gitd-66-gameplay-demo,1,3,2017-05-05,2017-05-05,2026-06-29,live_metrics_json,not_checked,has_metrics,2,0,0,2,,,0,0,0,,,exact_metrics_no_cached_cdx_rows,0,0,0,0,0,0,Run a bounded exact metrics CDX check before escalating.
389,breakout,http://www.kongregate.com/games/AvelinoM/breakout,www.kongregate.com/games/avelinom/breakout,1,3,2017-05-25,2017-05-25,2026-06-29,live_metrics_json,not_checked,has_metrics,2,0,0,2,,,0,0,0,,,exact_metrics_no_cached_cdx_rows,0,0,0,0,0,0,Run a bounded exact metrics CDX check before escalating.
390,10 Shot Soccer,http://www.kongregate.com/games/teemukorh/10-shot-soccer,www.kongregate.com/games/teemukorh/10-shot-soccer,1,3,2017-05-26,2017-05-26,2026-06-29,live_metrics_json,not_checked,has_metrics,2,0,0,2,,,0,0,0,,,exact_metrics_no_cached_cdx_rows,0,0,0,0,0,0,Run a bounded exact metrics CDX check before escalating.
391,Herb Garden,http://www.kongregate.com/games/ZumwaltWood/herb-garden,www.kongregate.com/games/zumwaltwood/herb-garden,1,3,2017-06-04,2017-06-04,2026-06-29,live_metrics_json,not_checked,has_metrics,2,0,0,2,,,0,0,0,,,exact_metrics_no_cached_cdx_rows,0,0,0,0,0,0,Run a bounded exact metrics CDX check before escalating.
392,Mafia Roulette (Local Test),http://www.kongregate.com/games/toxikb/mafia-roulette-local-test,www.kongregate.com/games/toxikb/mafia-roulette-local-test,1,3,2017-06-15,2017-06-15,2026-06-29,live_metrics_json,not_checked,has_metrics,2,0,0,2,,,0,0,0,,,exact_metrics_no_cached_cdx_rows,0,0,0,0,0,0,Run a bounded exact metrics CDX check before escalating.
393,Rotator,http://www.kongregate.com/games/Stefan4024/rotator,www.kongregate.com/games/stefan4024/rotator,1,3,2017-06-25,2017-06-25,2026-06-29,live_metrics_json,not_checked,has_metrics,2,0,0,2,,,0,0,0,,,exact_metrics_no_cached_cdx_rows,0,0,0,0,0,0,Run a bounded exact metrics CDX check before escalating.
394,NSR Prison Escape,http://www.kongregate.com/games/Nsrgames/nsr-prison-escape,www.kongregate.com/games/nsrgames/nsr-prison-escape,1,3,2017-07-03,2017-07-03,2026-06-29,live_metrics_json,not_checked,has_metrics,2,0,0,2,,,0,0,0,,,exact_metrics_no_cached_cdx_rows,0,0,0,0,0,0,Run a bounded exact metrics CDX check before escalating.
395,Coppice,http://www.kongregate.com/games/Enagamess/coppice,www.kongregate.com/games/enagamess/coppice,1,3,2017-07-12,2017-07-12,2026-06-29,live_metrics_json,not_checked,has_metrics,2,0,0,2,,,0,0,0,,,exact_metrics_no_cached_cdx_rows,0,0,0,0,0,0,Run a bounded exact metrics CDX check before escalating.
396,Defense Prototype 3,http://www.kongregate.com/games/mikhog/defense-prototype-3,www.kongregate.com/games/mikhog/defense-prototype-3,1,3,2017-07-20,2017-07-20,2026-06-29,live_metrics_json,not_checked,has_metrics,2,0,0,2,,,0,0,0,,,exact_metrics_no_cached_cdx_rows,0,0,0,0,0,0,Run a bounded exact metrics CDX check before escalating.
397,Create A Wrestler,http://www.kongregate.com/games/salcha00/create-a-wrestler,www.kongregate.com/games/salcha00/create-a-wrestler,1,3,2017-07-28,2017-07-28,2026-06-29,live_metrics_json,not_checked,has_metrics,2,0,0,2,,,0,0,0,,,exact_metrics_no_cached_cdx_rows,0,0,0,0,0,0,Run a bounded exact metrics CDX check before escalating.
398,flappyturkey,http://www.kongregate.com/games/gameallblack/flappyturkey,www.kongregate.com/games/gameallblack/flappyturkey,1,3,2017-07-29,2017-07-29,2026-06-29,live_metrics_json,not_checked,has_metrics,2,0,0,2,,,0,0,0,,,exact_metrics_no_cached_cdx_rows,0,0,0,0,0,0,Run a bounded exact metrics CDX check before escalating.
399,Summoner's Tale (in developing),http://www.kongregate.com/games/Mohamed_Negm/summoners-tale-in-developing,www.kongregate.com/games/mohamed_negm/summoners-tale-in-developing,1,3,2017-08-05,2017-08-05,2026-06-29,live_metrics_json,not_checked,has_metrics,2,0,0,2,,,0,0,0,,,exact_metrics_no_cached_cdx_rows,0,0,0,0,0,0,Run a bounded exact metrics CDX check before escalating.
400,Tantalus,http://www.kongregate.com/games/bier919/tantalus,www.kongregate.com/games/bier919/tantalus,1,3,2017-08-11,2017-08-11,2026-06-29,live_metrics_json,not_checked,has_metrics,2,0,0,2,,,0,0,0,,,exact_metrics_no_cached_cdx_rows,0,0,0,0,0,0,Run a bounded exact metrics CDX check before escalating.
401,Rango,http://www.kongregate.com/games/sadistfairy/rango,www.kongregate.com/games/sadistfairy/rango,1,3,2017-08-17,2017-08-17,2026-06-29,live_metrics_json,not_checked,has_metrics,2,0,0,2,,,0,0,0,,,exact_metrics_no_cached_cdx_rows,0,0,0,0,0,0,Run a bounded exact metrics CDX check before escalating.
402,Knf Chalet Bungalow Escape,http://www.kongregate.com/games/knfescapegame/knf-chalet-bungalow-escape,www.kongregate.com/games/knfescapegame/knf-chalet-bungalow-escape,1,3,2017-08-23,2017-08-23,2026-06-29,live_metrics_json,not_checked,has_metrics,2,0,0,2,,,0,0,0,,,exact_metrics_no_cached_cdx_rows,0,0,0,0,0,0,Run a bounded exact metrics CDX check before escalating.
403,Stardust,http://www.kongregate.com/games/voidExec/stardust,www.kongregate.com/games/voidexec/stardust,1,3,2017-09-04,2017-09-04,2026-06-29,live_metrics_json,not_checked,has_metrics,2,0,0,2,,,0,0,0,,,exact_metrics_no_cached_cdx_rows,0,0,0,0,0,0,Run a bounded exact metrics CDX check before escalating.
404,SS17 SuperCarla,http://www.kongregate.com/games/lionel_ict/ss17-supercarla,www.kongregate.com/games/lionel_ict/ss17-supercarla,1,3,2017-09-13,2017-09-13,2026-06-29,live_metrics_json,not_checked,has_metrics,2,0,0,2,,,0,0,0,,,exact_metrics_no_cached_cdx_rows,0,0,0,0,0,0,Run a bounded exact metrics CDX check before escalating.
405,Last Man Alive,http://www.kongregate.com/games/storm_howard/last-man-alive,www.kongregate.com/games/storm_howard/last-man-alive,1,3,2017-09-30,2017-09-30,2026-06-29,live_metrics_json,not_checked,has_metrics,2,0,0,2,,,0,0,0,,,exact_metrics_no_cached_cdx_rows,0,0,0,0,0,0,Run a bounded exact metrics CDX check before escalating.
406,Dr. Steward 75K's Intergalactic Darryl Naturam 2021,http://www.kongregate.com/games/stewardhklarlove/dr-steward-75ks-intergalactic-darryl-naturam-2021,www.kongregate.com/games/stewardhklarlove/dr-steward-75ks-intergalactic-darryl-naturam-2021,1,3,2017-10-08,2017-10-08,2026-06-29,live_metrics_json,not_checked,has_metrics,2,0,0,2,,,0,0,0,,,exact_metrics_no_cached_cdx_rows,0,0,0,0,0,0,Run a bounded exact metrics CDX check before escalating.
407,Space Stranger,http://www.kongregate.com/games/LatypovKamil/space-stranger,www.kongregate.com/games/latypovkamil/space-stranger,1,3,2017-10-15,2017-10-15,2026-06-29,live_metrics_json,not_checked,has_metrics,2,0,0,2,,,0,0,0,,,exact_metrics_no_cached_cdx_rows,0,0,0,0,0,0,Run a bounded exact metrics CDX check before escalating.
408,Marble Duel: Old-school match 3 blasting,http://www.kongregate.com/games/HeroCraft_Games/marble-duel-old-school-match-3-blasting,www.kongregate.com/games/herocraft_games/marble-duel-old-school-match-3-blasting,1,3,2017-10-24,2017-10-24,2026-06-29,live_metrics_json,not_checked,has_metrics,2,0,0,2,,,0,0,0,,,exact_metrics_no_cached_cdx_rows,0,0,0,0,0,0,Run a bounded exact metrics CDX check before escalating.
409,3Dsteve009096-1,http://www.kongregate.com/games/steve009096/3dsteve009096-1,www.kongregate.com/games/steve009096/3dsteve009096-1,1,3,2017-11-06,2017-11-06,2026-06-30,live_metrics_json,not_checked,has_metrics,2,0,0,2,,,0,0,0,,,exact_metrics_no_cached_cdx_rows,0,0,0,0,0,0,Run a bounded exact metrics CDX check before escalating.
410,Baloon Rush 2,https://www.kongregate.com/games/Maty733/baloon-rush-2,www.kongregate.com/games/maty733/baloon-rush-2,1,3,2019-08-25,2019-08-25,2026-06-30,live_metrics_json,not_checked,has_metrics,2,0,0,2,,,0,0,0,,,exact_metrics_no_cached_cdx_rows,0,0,0,0,0,0,Run a bounded exact metrics CDX check before escalating.
411,Medieval Chronicles 9 (Part 2),https://www.kongregate.com/games/VasantJ/medieval-chronicles-9-part-2,www.kongregate.com/games/vasantj/medieval-chronicles-9-part-2,1,3,2020-06-07,2020-06-07,2020-07-16,count_source_probe,not_checked,has_metrics,2,16,1,1,2020-07-16,2024-01-20,0,0,2,2020-07-16,18128,exact_metrics_starts_after_missing_window,0,0,0,0,0,0,Exact metrics start too late; pursue broader list/account captures or external corroboration.
412,Sokob,http://www.kongregate.com/games/adgard/sokob,www.kongregate.com/games/adgard/sokob,1,3,2021-01-25,2021-01-25,2026-06-29,live_metrics_json,not_checked,has_metrics,2,0,0,2,,,0,0,0,,,exact_metrics_no_cached_cdx_rows,0,0,0,0,0,0,Run a bounded exact metrics CDX check before escalating.
413,Earn to Die,https://www.kongregate.com/games/ToffeeGames/earn-to-die,www.kongregate.com/games/toffeegames/earn-to-die,58,12,2014-08-22,2022-12-05,2023-02-26,count_source_probe,not_checked,has_metrics,2,2,2,0,2023-02-26,2023-05-25,0,0,2,2023-02-26,2572042,exact_metrics_starts_after_missing_window,0,0,0,0,0,0,Exact metrics start too late; pursue broader list/account captures or external corroboration.
414,Mutilate-a-Doll 2,http://www.kongregate.com/games/0rava/mutilate-a-doll-2,www.kongregate.com/games/0rava/mutilate-a-doll-2,20,9,2014-12-17,2015-05-15,2015-06-11,count_source_probe,not_checked,has_metrics,2,101,2,0,2015-06-11,2025-08-30,0,0,4,2015-06-11,5400636,exact_metrics_starts_after_missing_window,0,0,0,0,0,0,Exact metrics start too late; pursue broader list/account captures or external corroboration.
415,Wave1,http://www.kongregate.com/games/Xpxilomm/wave1,www.kongregate.com/games/xpxilomm/wave1,2,4,2014-10-03,2014-10-04,2026-06-29,live_metrics_json,not_checked,has_metrics,2,0,0,2,,,0,0,0,,,exact_metrics_no_cached_cdx_rows,0,0,0,0,0,0,Run a bounded exact metrics CDX check before escalating.
416,Matchtron,http://www.kongregate.com/games/cwpobs/matchtron,www.kongregate.com/games/cwpobs/matchtron,2,4,2014-10-17,2014-10-18,2026-06-29,live_metrics_json,not_checked,has_metrics,2,0,0,2,,,0,0,0,,,exact_metrics_no_cached_cdx_rows,0,0,0,0,0,0,Run a bounded exact metrics CDX check before escalating.
417,The Troll Face Quiz Demo,http://www.kongregate.com/games/TheGameCreatorX/the-troll-face-quiz-demo,www.kongregate.com/games/thegamecreatorx/the-troll-face-quiz-demo,2,4,2016-01-16,2016-02-02,2026-06-29,live_metrics_json,not_checked,has_metrics,2,0,0,2,,,0,0,0,,,exact_metrics_no_cached_cdx_rows,0,0,0,0,0,0,Run a bounded exact metrics CDX check before escalating.
418,RPgTest,http://www.kongregate.com/games/Nicolo974jtm34/rpgtest,www.kongregate.com/games/nicolo974jtm34/rpgtest,2,6,2014-10-03,2014-10-04,,,dynamic_metrics_placeholder,no_cdx,2,0,2,0,,,0,0,0,,,exact_metrics_no_cached_cdx_rows,10,0,0,0,6,0,Escalate to broader list/account captures or external corroboration.
419,Mining Truck,http://www.kongregate.com/games/xiatiandaole/mining-truck,www.kongregate.com/games/xiatiandaole/mining-truck,2,6,2014-10-17,2014-10-18,,,dynamic_metrics_placeholder,no_cdx,2,0,2,0,,,0,0,0,,,exact_metrics_no_cached_cdx_rows,10,0,0,0,18,0,Escalate to broader list/account captures or external corroboration.
420,Scalak,https://www.kongregate.com/games/chomi3/scalak,www.kongregate.com/games/chomi3/scalak,4,7,2019-02-01,2019-05-26,2019-07-02,metrics_json,not_checked,has_metrics,2,0,0,2,,,0,0,0,,,exact_metrics_no_cached_cdx_rows,0,0,0,0,0,0,Run a bounded exact metrics CDX check before escalating.
421,The River Cabin,http://www.kongregate.com/games/SandraKim/the-river-cabin,www.kongregate.com/games/sandrakim/the-river-cabin,1,4,2014-08-22,2014-08-22,2026-06-30,live_metrics_json,not_checked,has_metrics,2,0,0,2,,,0,0,0,,,exact_metrics_no_cached_cdx_rows,0,0,0,0,0,0,Run a bounded exact metrics CDX check before escalating.
422,Soccer Free Kick Challenge,http://www.kongregate.com/games/JawGames/soccer-free-kick-challenge,www.kongregate.com/games/jawgames/soccer-free-kick-challenge,1,4,2014-08-26,2014-08-26,2026-06-30,live_metrics_json,not_checked,has_metrics,2,0,0,2,,,0,0,0,,,exact_metrics_no_cached_cdx_rows,0,0,0,0,0,0,Run a bounded exact metrics CDX check before escalating.
423,Astro Destroyer,http://www.kongregate.com/games/iGamersbox/astro-destroyer,www.kongregate.com/games/igamersbox/astro-destroyer,1,4,2014-08-29,2014-08-29,2026-06-30,live_metrics_json,not_checked,has_metrics,2,0,0,2,,,0,0,0,,,exact_metrics_no_cached_cdx_rows,0,0,0,0,0,0,Run a bounded exact metrics CDX check before escalating.
424,Escape From Forbidden Forest,http://www.kongregate.com/games/Enagamess/escape-from-forbidden-forest,www.kongregate.com/games/enagamess/escape-from-forbidden-forest,1,4,2014-09-02,2014-09-02,2026-06-30,live_metrics_json,not_checked,has_metrics,2,0,0,2,,,0,0,0,,,exact_metrics_no_cached_cdx_rows,0,0,0,0,0,0,Run a bounded exact metrics CDX check before escalating.
425,3D Snake!,http://www.kongregate.com/games/JaredTimpson/3d-snake,www.kongregate.com/games/jaredtimpson/3d-snake,1,4,2014-09-05,2014-09-05,2026-06-30,live_metrics_json,not_checked,has_metrics,2,0,0,2,,,0,0,0,,,exact_metrics_no_cached_cdx_rows,0,0,0,0,0,0,Run a bounded exact metrics CDX check before escalating.
426,Airport Minibus Parking,http://www.kongregate.com/games/funnychasegames/airport-minibus-parking,www.kongregate.com/games/funnychasegames/airport-minibus-parking,1,4,2014-09-12,2014-09-12,2026-06-30,live_metrics_json,not_checked,has_metrics,2,0,0,2,,,0,0,0,,,exact_metrics_no_cached_cdx_rows,0,0,0,0,0,0,Run a bounded exact metrics CDX check before escalating.
427,Fun to Boot,http://www.kongregate.com/games/PlexusPuzzles/fun-to-boot,www.kongregate.com/games/plexuspuzzles/fun-to-boot,1,4,2014-09-14,2014-09-14,2026-06-30,live_metrics_json,not_checked,has_metrics,2,0,0,2,,,0,0,0,,,exact_metrics_no_cached_cdx_rows,0,0,0,0,0,0,Run a bounded exact metrics CDX check before escalating.
428,Tic Tac Toe,http://www.kongregate.com/games/EmperorMason/tic-tac-toe,www.kongregate.com/games/emperormason/tic-tac-toe,1,4,2014-09-19,2014-09-19,2026-06-30,live_metrics_json,not_checked,has_metrics,2,0,0,2,,,0,0,0,,,exact_metrics_no_cached_cdx_rows,0,0,0,0,0,0,Run a bounded exact metrics CDX check before escalating.
429,Pontus,http://www.kongregate.com/games/pontusmaska/pontus,www.kongregate.com/games/pontusmaska/pontus,1,4,2014-09-26,2014-09-26,2026-06-30,live_metrics_json,not_checked,has_metrics,2,0,0,2,,,0,0,0,,,exact_metrics_no_cached_cdx_rows,0,0,0,0,0,0,Run a bounded exact metrics CDX check before escalating.
430,The poop machine,http://www.kongregate.com/games/poopeegames/the-poop-machine,www.kongregate.com/games/poopeegames/the-poop-machine,1,4,2014-09-26,2014-09-26,2026-06-30,live_metrics_json,not_checked,has_metrics,2,0,0,2,,,0,0,0,,,exact_metrics_no_cached_cdx_rows,0,0,0,0,0,0,Run a bounded exact metrics CDX check before escalating.
431,Zombie Siege,http://www.kongregate.com/games/yell/zombie-siege,www.kongregate.com/games/yell/zombie-siege,1,4,2014-10-04,2014-10-04,2026-06-29,live_metrics_json,not_checked,has_metrics,2,0,0,2,,,0,0,0,,,exact_metrics_no_cached_cdx_rows,0,0,0,0,0,0,Run a bounded exact metrics CDX check before escalating.
432,3-bit Zombies,http://www.kongregate.com/games/nicomay99/3-bit-zombies,www.kongregate.com/games/nicomay99/3-bit-zombies,1,4,2014-10-09,2014-10-09,2026-06-29,live_metrics_json,not_checked,has_metrics,2,0,0,2,,,0,0,0,,,exact_metrics_no_cached_cdx_rows,0,0,0,0,0,0,Run a bounded exact metrics CDX check before escalating.
433,Fruit Smash Beta,http://www.kongregate.com/games/2bsocial/fruit-smash-beta,www.kongregate.com/games/2bsocial/fruit-smash-beta,1,4,2014-10-10,2014-10-10,2026-06-29,live_metrics_json,not_checked,has_metrics,2,0,0,2,,,0,0,0,,,exact_metrics_no_cached_cdx_rows,0,0,0,0,0,0,Run a bounded exact metrics CDX check before escalating.
434,Topdown Shooter,http://www.kongregate.com/games/Phasko/topdown-shooter,www.kongregate.com/games/phasko/topdown-shooter,1,4,2014-10-13,2014-10-13,2026-06-29,live_metrics_json,not_checked,has_metrics,2,0,0,2,,,0,0,0,,,exact_metrics_no_cached_cdx_rows,0,0,0,0,0,0,Run a bounded exact metrics CDX check before escalating.
435,Sweggy Burd 420 MLG,http://www.kongregate.com/games/madscs/sweggy-burd-420-mlg,www.kongregate.com/games/madscs/sweggy-burd-420-mlg,1,4,2014-10-18,2014-10-18,2026-06-29,live_metrics_json,not_checked,has_metrics,2,0,0,2,,,0,0,0,,,exact_metrics_no_cached_cdx_rows,0,0,0,0,0,0,Run a bounded exact metrics CDX check before escalating.
436,Mordecai Saw Game,http://www.kongregate.com/games/inkagames/mordecai-saw-game,www.kongregate.com/games/inkagames/mordecai-saw-game,1,4,2014-10-24,2014-10-24,2026-06-29,live_metrics_json,not_checked,has_metrics,2,0,0,2,,,0,0,0,,,exact_metrics_no_cached_cdx_rows,0,0,0,0,0,0,Run a bounded exact metrics CDX check before escalating.
437,Audi R8 Differences,http://www.kongregate.com/games/newgamess/audi-r8-differences,www.kongregate.com/games/newgamess/audi-r8-differences,1,4,2014-10-29,2014-10-29,2026-06-29,live_metrics_json,not_checked,has_metrics,2,0,0,2,,,0,0,0,,,exact_metrics_no_cached_cdx_rows,0,0,0,0,0,0,Run a bounded exact metrics CDX check before escalating.
438,Box Man's Dreams,http://www.kongregate.com/games/micGAMER254/box-mans-dreams,www.kongregate.com/games/micgamer254/box-mans-dreams,1,4,2014-10-31,2014-10-31,2026-06-29,live_metrics_json,not_checked,has_metrics,2,0,0,2,,,0,0,0,,,exact_metrics_no_cached_cdx_rows,0,0,0,0,0,0,Run a bounded exact metrics CDX check before escalating.
439,Cursor Cloned,http://www.kongregate.com/games/GGMagenta/cursor-cloned,www.kongregate.com/games/ggmagenta/cursor-cloned,1,4,2014-11-25,2014-11-25,2026-06-30,live_metrics_json,not_checked,has_metrics,2,0,0,2,,,0,0,0,,,exact_metrics_no_cached_cdx_rows,0,0,0,0,0,0,Run a bounded exact metrics CDX check before escalating.
440,Buzz - I saw my friends,http://www.kongregate.com/games/UninspiredStudio/buzz-i-saw-my-friends,www.kongregate.com/games/uninspiredstudio/buzz-i-saw-my-friends,1,4,2014-12-02,2014-12-02,2026-06-30,live_metrics_json,not_checked,has_metrics,2,0,0,2,,,0,0,0,,,exact_metrics_no_cached_cdx_rows,0,0,0,0,0,0,Run a bounded exact metrics CDX check before escalating.
441,Trailer Simulator 2015,http://www.kongregate.com/games/trailersimulator/trailer-simulator-2015,www.kongregate.com/games/trailersimulator/trailer-simulator-2015,1,4,2014-12-10,2014-12-10,2026-06-30,live_metrics_json,not_checked,has_metrics,2,0,0,2,,,0,0,0,,,exact_metrics_no_cached_cdx_rows,0,0,0,0,0,0,Run a bounded exact metrics CDX check before escalating.
442,Far Away Home - Alpha gameplay planet Sidon,http://www.kongregate.com/games/MiniLimoStudio/far-away-home-alpha-gameplay-planet-sidon,www.kongregate.com/games/minilimostudio/far-away-home-alpha-gameplay-planet-sidon,1,4,2014-12-17,2014-12-17,2026-06-30,live_metrics_json,not_checked,has_metrics,2,0,0,2,,,0,0,0,,,exact_metrics_no_cached_cdx_rows,0,0,0,0,0,0,Run a bounded exact metrics CDX check before escalating.
443,Egg in the Air,http://www.kongregate.com/games/indiejump/egg-in-the-air,www.kongregate.com/games/indiejump/egg-in-the-air,1,4,2014-12-28,2014-12-28,2026-06-30,live_metrics_json,not_checked,has_metrics,2,0,0,2,,,0,0,0,,,exact_metrics_no_cached_cdx_rows,0,0,0,0,0,0,Run a bounded exact metrics CDX check before escalating.
444,Tom and Jerry Jigsaw,http://www.kongregate.com/games/game4joy1/tom-and-jerry-jigsaw,www.kongregate.com/games/game4joy1/tom-and-jerry-jigsaw,1,4,2014-12-30,2014-12-30,2026-06-30,live_metrics_json,not_checked,has_metrics,2,0,0,2,,,0,0,0,,,exact_metrics_no_cached_cdx_rows,0,0,0,0,0,0,Run a bounded exact metrics CDX check before escalating.
445,Classic Jon,http://www.kongregate.com/games/CoolFlow/classic-jon,www.kongregate.com/games/coolflow/classic-jon,1,4,2015-04-01,2015-04-01,2026-06-30,live_metrics_json,not_checked,has_metrics,2,0,0,2,,,0,0,0,,,exact_metrics_no_cached_cdx_rows,0,0,0,0,0,0,Run a bounded exact metrics CDX check before escalating.
446,King Slime 2,http://www.kongregate.com/games/guvigo2/king-slime-2,www.kongregate.com/games/guvigo2/king-slime-2,1,4,2015-09-03,2015-09-03,2026-06-29,live_metrics_json,not_checked,has_metrics,2,0,0,2,,,0,0,0,,,exact_metrics_no_cached_cdx_rows,0,0,0,0,0,0,Run a bounded exact metrics CDX check before escalating.
447,Unlimited Bunker,http://www.kongregate.com/games/ainarsa/unlimited-bunker,www.kongregate.com/games/ainarsa/unlimited-bunker,1,4,2015-09-14,2015-09-14,2026-06-29,live_metrics_json,not_checked,has_metrics,2,0,0,2,,,0,0,0,,,exact_metrics_no_cached_cdx_rows,0,0,0,0,0,0,Run a bounded exact metrics CDX check before escalating.
448,Wooden Basement Escape,http://www.kongregate.com/games/ainarsa/wooden-basement-escape,www.kongregate.com/games/ainarsa/wooden-basement-escape,1,4,2015-09-15,2015-09-15,2026-06-29,live_metrics_json,not_checked,has_metrics,2,0,0,2,,,0,0,0,,,exact_metrics_no_cached_cdx_rows,0,0,0,0,0,0,Run a bounded exact metrics CDX check before escalating.
449,I.D.K (interplanetary demolition knights),http://www.kongregate.com/games/del9265494_55149/i-d-k-interplanetary-demolition-knights,www.kongregate.com/games/del9265494_55149/i-d-k-interplanetary-demolition-knights,1,4,2015-09-23,2015-09-23,2026-06-29,live_metrics_json,not_checked,has_metrics,2,0,0,2,,,0,0,0,,,exact_metrics_no_cached_cdx_rows,0,0,0,0,0,0,Run a bounded exact metrics CDX check before escalating.
450,Stop the Fan on the Fly!,http://www.kongregate.com/games/lakotasdad/stop-the-fan-on-the-fly,www.kongregate.com/games/lakotasdad/stop-the-fan-on-the-fly,1,4,2015-09-30,2015-09-30,2026-06-29,live_metrics_json,not_checked,has_metrics,2,0,0,2,,,0,0,0,,,exact_metrics_no_cached_cdx_rows,0,0,0,0,0,0,Run a bounded exact metrics CDX check before escalating.
451,Enter into Darkness 2,http://www.kongregate.com/games/Newshield_Ent/enter-into-darkness-2,www.kongregate.com/games/newshield_ent/enter-into-darkness-2,1,4,2015-12-05,2015-12-05,2026-06-29,live_metrics_json,not_checked,has_metrics,2,0,0,2,,,0,0,0,,,exact_metrics_no_cached_cdx_rows,0,0,0,0,0,0,Run a bounded exact metrics CDX check before escalating.
452,Grim And Slamrock,http://www.kongregate.com/games/bradbittner0/grim-and-slamrock,www.kongregate.com/games/bradbittner0/grim-and-slamrock,1,4,2015-12-18,2015-12-18,2026-06-29,live_metrics_json,not_checked,has_metrics,2,0,0,2,,,0,0,0,,,exact_metrics_no_cached_cdx_rows,0,0,0,0,0,0,Run a bounded exact metrics CDX check before escalating.
453,Santas Christmas Gifts Venture,http://www.kongregate.com/games/firstescapegames/santas-christmas-gifts-venture,www.kongregate.com/games/firstescapegames/santas-christmas-gifts-venture,1,4,2015-12-26,2015-12-26,2026-06-29,live_metrics_json,not_checked,has_metrics,2,0,0,2,,,0,0,0,,,exact_metrics_no_cached_cdx_rows,0,0,0,0,0,0,Run a bounded exact metrics CDX check before escalating.
454,Castle Defence,http://www.kongregate.com/games/sublevelgames/castle-defence,www.kongregate.com/games/sublevelgames/castle-defence,1,4,2016-01-25,2016-01-25,2026-06-29,live_metrics_json,not_checked,has_metrics,2,0,0,2,,,0,0,0,,,exact_metrics_no_cached_cdx_rows,0,0,0,0,0,0,Run a bounded exact metrics CDX check before escalating.
455,Super Demolisher Dev.,http://www.kongregate.com/games/Lucifiphic_Rias/super-demolisher-dev,www.kongregate.com/games/lucifiphic_rias/super-demolisher-dev,1,4,2016-02-02,2016-02-02,2026-06-30,live_metrics_json,not_checked,has_metrics,2,0,0,2,,,0,0,0,,,exact_metrics_no_cached_cdx_rows,0,0,0,0,0,0,Run a bounded exact metrics CDX check before escalating.
456,Jump To Perfection,http://www.kongregate.com/games/tanzimhsn972/jump-to-perfection,www.kongregate.com/games/tanzimhsn972/jump-to-perfection,1,4,2016-02-17,2016-02-17,2026-06-30,live_metrics_json,not_checked,has_metrics,2,0,0,2,,,0,0,0,,,exact_metrics_no_cached_cdx_rows,0,0,0,0,0,0,Run a bounded exact metrics CDX check before escalating.
457,Xrunning,http://www.kongregate.com/games/Xbeta/xrunning,www.kongregate.com/games/xbeta/xrunning,1,4,2016-02-28,2016-02-28,2026-06-30,live_metrics_json,not_checked,has_metrics,2,0,0,2,,,0,0,0,,,exact_metrics_no_cached_cdx_rows,0,0,0,0,0,0,Run a bounded exact metrics CDX check before escalating.
458,MEAN MINING MACHINE III,http://www.kongregate.com/games/netzeus/mean-mining-machine-iii,www.kongregate.com/games/netzeus/mean-mining-machine-iii,1,4,2016-03-05,2016-03-05,2026-06-29,live_metrics_json,not_checked,has_metrics,2,0,0,2,,,0,0,0,,,exact_metrics_no_cached_cdx_rows,0,0,0,0,0,0,Run a bounded exact metrics CDX check before escalating.
459,Ball Roller,http://www.kongregate.com/games/tackypoop111/ball-roller,www.kongregate.com/games/tackypoop111/ball-roller,1,4,2016-03-07,2016-03-07,2026-06-29,live_metrics_json,not_checked,has_metrics,2,0,0,2,,,0,0,0,,,exact_metrics_no_cached_cdx_rows,0,0,0,0,0,0,Run a bounded exact metrics CDX check before escalating.
460,Pixel Modern SWAT VS Mercenary,http://www.kongregate.com/games/mentolatux/pixel-modern-swat-vs-mercenary,www.kongregate.com/games/mentolatux/pixel-modern-swat-vs-mercenary,1,4,2016-03-20,2016-03-20,2025-08-07,metrics_json,not_checked,has_metrics,2,0,0,2,,,0,0,0,,,exact_metrics_no_cached_cdx_rows,0,0,0,0,0,0,Run a bounded exact metrics CDX check before escalating.
461,Little Goku Fight the Red Ribbon,http://www.kongregate.com/games/carloconetwork/little-goku-fight-the-red-ribbon,www.kongregate.com/games/carloconetwork/little-goku-fight-the-red-ribbon,1,4,2016-03-24,2016-03-24,2026-06-29,live_metrics_json,not_checked,has_metrics,2,0,0,2,,,0,0,0,,,exact_metrics_no_cached_cdx_rows,0,0,0,0,0,0,Run a bounded exact metrics CDX check before escalating.
462,Lost Ethereal,http://www.kongregate.com/games/theLucre/lost-ethereal,www.kongregate.com/games/thelucre/lost-ethereal,1,4,2016-05-15,2016-05-15,2019-07-02,metrics_json,not_checked,has_metrics,2,0,0,2,,,0,0,0,,,exact_metrics_no_cached_cdx_rows,0,0,0,0,0,0,Run a bounded exact metrics CDX check before escalating.
463,Flieger,http://www.kongregate.com/games/born2drill/flieger,www.kongregate.com/games/born2drill/flieger,1,4,2016-05-23,2016-05-23,2026-06-29,live_metrics_json,not_checked,has_metrics,2,0,0,2,,,0,0,0,,,exact_metrics_no_cached_cdx_rows,0,0,0,0,0,0,Run a bounded exact metrics CDX check before escalating.
464,Atomic Level,http://www.kongregate.com/games/nolina/atomic-level,www.kongregate.com/games/nolina/atomic-level,1,4,2016-05-24,2016-05-24,2026-06-29,live_metrics_json,not_checked,has_metrics,2,0,0,2,,,0,0,0,,,exact_metrics_no_cached_cdx_rows,0,0,0,0,0,0,Run a bounded exact metrics CDX check before escalating.
465,Dolidon,http://www.kongregate.com/games/DonM83/dolidon,www.kongregate.com/games/donm83/dolidon,1,4,2016-06-04,2016-06-04,2026-06-29,live_metrics_json,not_checked,has_metrics,2,0,0,2,,,0,0,0,,,exact_metrics_no_cached_cdx_rows,0,0,0,0,0,0,Run a bounded exact metrics CDX check before escalating.
466,Flash vs Arrow vs Supergirl,http://www.kongregate.com/games/neal867/flash-vs-arrow-vs-supergirl,www.kongregate.com/games/neal867/flash-vs-arrow-vs-supergirl,1,4,2016-06-05,2016-06-05,2026-06-29,live_metrics_json,not_checked,has_metrics,2,0,0,2,,,0,0,0,,,exact_metrics_no_cached_cdx_rows,0,0,0,0,0,0,Run a bounded exact metrics CDX check before escalating.
467,Ninja Spark,http://www.kongregate.com/games/tchilla/ninja-spark,www.kongregate.com/games/tchilla/ninja-spark,1,4,2016-06-13,2016-06-13,2026-06-29,live_metrics_json,not_checked,has_metrics,2,0,0,2,,,0,0,0,,,exact_metrics_no_cached_cdx_rows,0,0,0,0,0,0,Run a bounded exact metrics CDX check before escalating.
468,Mine Rush,http://www.kongregate.com/games/AndeanCoyote/mine-rush,www.kongregate.com/games/andeancoyote/mine-rush,1,4,2016-06-22,2016-06-22,2026-06-29,live_metrics_json,not_checked,has_metrics,2,0,0,2,,,0,0,0,,,exact_metrics_no_cached_cdx_rows,0,0,0,0,0,0,Run a bounded exact metrics CDX check before escalating.
469,Space Invaders Mini,http://www.kongregate.com/games/M4LD0/space-invaders-mini,www.kongregate.com/games/m4ld0/space-invaders-mini,1,4,2016-06-29,2016-06-29,2026-06-29,live_metrics_json,not_checked,has_metrics,2,0,0,2,,,0,0,0,,,exact_metrics_no_cached_cdx_rows,0,0,0,0,0,0,Run a bounded exact metrics CDX check before escalating.
470,Assault Universe Asteroid Runner,http://www.kongregate.com/games/ZinkZonkStudios/assault-universe-asteroid-runner,www.kongregate.com/games/zinkzonkstudios/assault-universe-asteroid-runner,1,4,2016-07-07,2016-07-07,2026-06-29,live_metrics_json,not_checked,has_metrics,2,0,0,2,,,0,0,0,,,exact_metrics_no_cached_cdx_rows,0,0,0,0,0,0,Run a bounded exact metrics CDX check before escalating.
471,Feed The D (Christian-Friendly),http://www.kongregate.com/games/AnAlt_Ver3/feed-the-d-christian-friendly,www.kongregate.com/games/analt_ver3/feed-the-d-christian-friendly,1,4,2016-07-14,2016-07-14,2022-10-21,metrics_json,not_checked,has_metrics,2,0,0,2,,,0,0,0,,,exact_metrics_no_cached_cdx_rows,0,0,0,0,0,0,Run a bounded exact metrics CDX check before escalating.
472,Mino-War,http://www.kongregate.com/games/MPCDS/mino-war,www.kongregate.com/games/mpcds/mino-war,1,4,2016-07-20,2016-07-20,2026-06-29,live_metrics_json,not_checked,has_metrics,2,0,0,2,,,0,0,0,,,exact_metrics_no_cached_cdx_rows,0,0,0,0,0,0,Run a bounded exact metrics CDX check before escalating.
473,Plushy Animals,http://www.kongregate.com/games/zygomaticgames/plushy-animals,www.kongregate.com/games/zygomaticgames/plushy-animals,1,4,2016-07-27,2016-07-27,2026-06-29,live_metrics_json,not_checked,has_metrics,2,0,0,2,,,0,0,0,,,exact_metrics_no_cached_cdx_rows,0,0,0,0,0,0,Run a bounded exact metrics CDX check before escalating.
474,Who Can Escape The Fortress,http://www.kongregate.com/games/rahchel321/who-can-escape-the-fortress,www.kongregate.com/games/rahchel321/who-can-escape-the-fortress,1,4,2016-08-05,2016-08-05,2026-06-29,live_metrics_json,not_checked,has_metrics,2,0,0,2,,,0,0,0,,,exact_metrics_no_cached_cdx_rows,0,0,0,0,0,0,Run a bounded exact metrics CDX check before escalating.
475,Starbomb,http://www.kongregate.com/games/HappyWhippings/starbomb,www.kongregate.com/games/happywhippings/starbomb,1,4,2016-08-13,2016-08-13,2026-06-29,live_metrics_json,not_checked,has_metrics,2,0,0,2,,,0,0,0,,,exact_metrics_no_cached_cdx_rows,0,0,0,0,0,0,Run a bounded exact metrics CDX check before escalating.
476,Space Wings Beta,http://www.kongregate.com/games/LucasCs91274/space-wings-beta,www.kongregate.com/games/lucascs91274/space-wings-beta,1,4,2016-08-20,2016-08-20,2026-06-29,live_metrics_json,not_checked,has_metrics,2,0,0,2,,,0,0,0,,,exact_metrics_no_cached_cdx_rows,0,0,0,0,0,0,Run a bounded exact metrics CDX check before escalating.
477,Asylum Murder House,http://www.kongregate.com/games/CrazyEscapeGames/asylum-murder-house,www.kongregate.com/games/crazyescapegames/asylum-murder-house,1,4,2016-08-28,2016-08-28,2026-06-29,live_metrics_json,not_checked,has_metrics,2,0,0,2,,,0,0,0,,,exact_metrics_no_cached_cdx_rows,0,0,0,0,0,0,Run a bounded exact metrics CDX check before escalating.
478,Japanese Kana Practice,http://www.kongregate.com/games/PotatoSlapper/japanese-kana-practice,www.kongregate.com/games/potatoslapper/japanese-kana-practice,1,4,2016-09-03,2016-09-03,2026-06-29,live_metrics_json,not_checked,has_metrics,2,0,0,2,,,0,0,0,,,exact_metrics_no_cached_cdx_rows,0,0,0,0,0,0,Run a bounded exact metrics CDX check before escalating.
479,Facility Escape,http://www.kongregate.com/games/bakuriu4/facility-escape,www.kongregate.com/games/bakuriu4/facility-escape,1,4,2016-09-16,2016-09-16,2026-06-29,live_metrics_json,not_checked,has_metrics,2,0,0,2,,,0,0,0,,,exact_metrics_no_cached_cdx_rows,0,0,0,0,0,0,Run a bounded exact metrics CDX check before escalating.
480,Rocket vs. Cars,http://www.kongregate.com/games/flying_chairs/rocket-vs-cars,www.kongregate.com/games/flying_chairs/rocket-vs-cars,1,4,2016-09-17,2016-09-17,2026-06-29,live_metrics_json,not_checked,has_metrics,2,0,0,2,,,0,0,0,,,exact_metrics_no_cached_cdx_rows,0,0,0,0,0,0,Run a bounded exact metrics CDX check before escalating.
481,Princesses Grill Party,http://www.kongregate.com/games/gamesforgirlz/princesses-grill-party,www.kongregate.com/games/gamesforgirlz/princesses-grill-party,1,4,2016-10-04,2016-10-04,2026-06-29,live_metrics_json,not_checked,has_metrics,2,0,0,2,,,0,0,0,,,exact_metrics_no_cached_cdx_rows,0,0,0,0,0,0,Run a bounded exact metrics CDX check before escalating.
482,Princess Lilly Dark Forest Escape,http://www.kongregate.com/games/playitonline/princess-lilly-dark-forest-escape,www.kongregate.com/games/playitonline/princess-lilly-dark-forest-escape,1,4,2016-10-10,2016-10-10,2026-06-29,live_metrics_json,not_checked,has_metrics,2,0,0,2,,,0,0,0,,,exact_metrics_no_cached_cdx_rows,0,0,0,0,0,0,Run a bounded exact metrics CDX check before escalating.
483,Little Johny House Escape,http://www.kongregate.com/games/knfescapegame/little-johny-house-escape,www.kongregate.com/games/knfescapegame/little-johny-house-escape,1,4,2016-10-17,2016-10-17,2026-06-29,live_metrics_json,not_checked,has_metrics,2,0,0,2,,,0,0,0,,,exact_metrics_no_cached_cdx_rows,0,0,0,0,0,0,Run a bounded exact metrics CDX check before escalating.
484,Fractals [kinda math stuff?],http://www.kongregate.com/games/laspinko/fractals-kinda-math-stuff,www.kongregate.com/games/laspinko/fractals-kinda-math-stuff,1,4,2016-10-18,2016-10-18,2026-06-29,live_metrics_json,not_checked,has_metrics,2,0,0,2,,,0,0,0,,,exact_metrics_no_cached_cdx_rows,0,0,0,0,0,0,Run a bounded exact metrics CDX check before escalating.
485,Brick Trip Runner,http://www.kongregate.com/games/higatsu/brick-trip-runner,www.kongregate.com/games/higatsu/brick-trip-runner,1,4,2016-10-24,2016-10-24,2026-06-29,live_metrics_json,not_checked,has_metrics,2,0,0,2,,,0,0,0,,,exact_metrics_no_cached_cdx_rows,0,0,0,0,0,0,Run a bounded exact metrics CDX check before escalating.
486,IdlePixelGemMiner,http://www.kongregate.com/games/Andrei9900/idlepixelgemminer,www.kongregate.com/games/andrei9900/idlepixelgemminer,1,4,2016-10-30,2016-10-30,2023-09-14,metrics_json,not_checked,has_metrics,2,0,0,2,,,0,0,0,,,exact_metrics_no_cached_cdx_rows,0,0,0,0,0,0,Run a bounded exact metrics CDX check before escalating.
487,Roll a Ball Test,http://www.kongregate.com/games/Jonty9999/roll-a-ball-test,www.kongregate.com/games/jonty9999/roll-a-ball-test,1,4,2017-05-05,2017-05-05,2026-06-29,live_metrics_json,not_checked,has_metrics,2,0,0,2,,,0,0,0,,,exact_metrics_no_cached_cdx_rows,0,0,0,0,0,0,Run a bounded exact metrics CDX check before escalating.
488,Tree Tap - Money Idle Clicker,http://www.kongregate.com/games/Donislaw/tree-tap-money-idle-clicker,www.kongregate.com/games/donislaw/tree-tap-money-idle-clicker,1,4,2017-05-25,2017-05-25,2026-06-29,live_metrics_json,not_checked,has_metrics,2,0,0,2,,,0,0,0,,,exact_metrics_no_cached_cdx_rows,0,0,0,0,0,0,Run a bounded exact metrics CDX check before escalating.
489,Bank adventure,http://www.kongregate.com/games/MirchiS/bank-adventure,www.kongregate.com/games/mirchis/bank-adventure,1,4,2017-05-26,2017-05-26,2026-06-29,live_metrics_json,not_checked,has_metrics,2,0,0,2,,,0,0,0,,,exact_metrics_no_cached_cdx_rows,0,0,0,0,0,0,Run a bounded exact metrics CDX check before escalating.
490,SWITCH,http://www.kongregate.com/games/Mirakus/switch,www.kongregate.com/games/mirakus/switch,1,4,2017-06-04,2017-06-04,2026-06-29,live_metrics_json,not_checked,has_metrics,2,0,0,2,,,0,0,0,,,exact_metrics_no_cached_cdx_rows,0,0,0,0,0,0,Run a bounded exact metrics CDX check before escalating.
491,Arkansas,http://www.kongregate.com/games/Alexiar2/arkansas,www.kongregate.com/games/alexiar2/arkansas,1,4,2017-06-15,2017-06-15,2026-06-29,live_metrics_json,not_checked,has_metrics,2,0,0,2,,,0,0,0,,,exact_metrics_no_cached_cdx_rows,0,0,0,0,0,0,Run a bounded exact metrics CDX check before escalating.
492,Maximum Damage,http://www.kongregate.com/games/cubenom/maximum-damage,www.kongregate.com/games/cubenom/maximum-damage,1,4,2017-06-25,2017-06-25,2026-06-29,live_metrics_json,not_checked,has_metrics,2,0,0,2,,,0,0,0,,,exact_metrics_no_cached_cdx_rows,0,0,0,0,0,0,Run a bounded exact metrics CDX check before escalating.
493,Atlas Designer,http://www.kongregate.com/games/Enagamess/atlas-designer,www.kongregate.com/games/enagamess/atlas-designer,1,4,2017-07-03,2017-07-03,2026-06-29,live_metrics_json,not_checked,has_metrics,2,0,0,2,,,0,0,0,,,exact_metrics_no_cached_cdx_rows,0,0,0,0,0,0,Run a bounded exact metrics CDX check before escalating.
494,Extreme OffRoad Cars,http://www.kongregate.com/games/vitalitygames/extreme-offroad-cars,www.kongregate.com/games/vitalitygames/extreme-offroad-cars,1,4,2017-07-12,2017-07-12,2026-06-29,live_metrics_json,not_checked,has_metrics,2,0,0,2,,,0,0,0,,,exact_metrics_no_cached_cdx_rows,0,0,0,0,0,0,Run a bounded exact metrics CDX check before escalating.
495,Knf Deluxe House Escape,http://www.kongregate.com/games/knfescapegame/knf-deluxe-house-escape,www.kongregate.com/games/knfescapegame/knf-deluxe-house-escape,1,4,2017-07-20,2017-07-20,2026-06-29,live_metrics_json,not_checked,has_metrics,2,0,0,2,,,0,0,0,,,exact_metrics_no_cached_cdx_rows,0,0,0,0,0,0,Run a bounded exact metrics CDX check before escalating.
496,Afterburner,http://www.kongregate.com/games/zerodevider/afterburner,www.kongregate.com/games/zerodevider/afterburner,1,4,2017-07-29,2017-07-29,2023-09-13,metrics_json,not_checked,has_metrics,2,0,0,2,,,0,0,0,,,exact_metrics_no_cached_cdx_rows,0,0,0,0,0,0,Run a bounded exact metrics CDX check before escalating.
497,Ancient palace,http://www.kongregate.com/games/top10newgames/ancient-palace,www.kongregate.com/games/top10newgames/ancient-palace,1,4,2017-08-05,2017-08-05,2026-06-29,live_metrics_json,not_checked,has_metrics,2,0,0,2,,,0,0,0,,,exact_metrics_no_cached_cdx_rows,0,0,0,0,0,0,Run a bounded exact metrics CDX check before escalating.
498,Walk Box Deluxe,http://www.kongregate.com/games/cockibo/walk-box-deluxe,www.kongregate.com/games/cockibo/walk-box-deluxe,1,4,2017-08-11,2017-08-11,2026-06-29,live_metrics_json,not_checked,has_metrics,2,0,0,2,,,0,0,0,,,exact_metrics_no_cached_cdx_rows,0,0,0,0,0,0,Run a bounded exact metrics CDX check before escalating.
499,Forbidden Trace - The Cliffs,http://www.kongregate.com/games/NoFateNet/forbidden-trace-the-cliffs,www.kongregate.com/games/nofatenet/forbidden-trace-the-cliffs,1,4,2017-08-17,2017-08-17,2026-06-29,live_metrics_json,not_checked,has_metrics,2,0,0,2,,,0,0,0,,,exact_metrics_no_cached_cdx_rows,0,0,0,0,0,0,Run a bounded exact metrics CDX check before escalating.
500,GodClicker,http://www.kongregate.com/games/BullerSweety/godclicker,www.kongregate.com/games/bullersweety/godclicker,1,4,2017-08-23,2017-08-23,2026-06-29,live_metrics_json,not_checked,has_metrics,2,0,0,2,,,0,0,0,,,exact_metrics_no_cached_cdx_rows,0,0,0,0,0,0,Run a bounded exact metrics CDX check before escalating.
501,The Forgotten Art,http://www.kongregate.com/games/Stav_S/the-forgotten-art,www.kongregate.com/games/stav_s/the-forgotten-art,1,4,2017-08-25,2017-08-25,2026-06-29,live_metrics_json,not_checked,has_metrics,2,0,0,2,,,0,0,0,,,exact_metrics_no_cached_cdx_rows,0,0,0,0,0,0,Run a bounded exact metrics CDX check before escalating.
502,Hunter House Escape,http://www.kongregate.com/games/Nsrgames/hunter-house-escape,www.kongregate.com/games/nsrgames/hunter-house-escape,1,4,2017-09-04,2017-09-04,2026-06-29,live_metrics_json,not_checked,has_metrics,2,0,0,2,,,0,0,0,,,exact_metrics_no_cached_cdx_rows,0,0,0,0,0,0,Run a bounded exact metrics CDX check before escalating.
503,SS17 Marta Pons,http://www.kongregate.com/games/lionel_ict/ss17-marta-pons,www.kongregate.com/games/lionel_ict/ss17-marta-pons,1,4,2017-09-13,2017-09-13,2026-06-29,live_metrics_json,not_checked,has_metrics,2,0,0,2,,,0,0,0,,,exact_metrics_no_cached_cdx_rows,0,0,0,0,0,0,Run a bounded exact metrics CDX check before escalating.
504,Indian Forest,http://www.kongregate.com/games/spacegrid/indian-forest,www.kongregate.com/games/spacegrid/indian-forest,1,4,2017-09-20,2017-09-20,2026-06-29,live_metrics_json,not_checked,has_metrics,2,0,0,2,,,0,0,0,,,exact_metrics_no_cached_cdx_rows,0,0,0,0,0,0,Run a bounded exact metrics CDX check before escalating.
505,クールカツ AMV God Of The New World,http://www.kongregate.com/games/neal867/amv-god-of-the-new-world,www.kongregate.com/games/neal867/amv-god-of-the-new-world,1,4,2017-09-30,2017-09-30,2026-06-29,live_metrics_json,not_checked,has_metrics,2,0,0,2,,,0,0,0,,,exact_metrics_no_cached_cdx_rows,0,0,0,0,0,0,Run a bounded exact metrics CDX check before escalating.
506,Block Tower,http://www.kongregate.com/games/rigbymark653/block-tower,www.kongregate.com/games/rigbymark653/block-tower,1,4,2017-10-08,2017-10-08,2026-06-29,live_metrics_json,not_checked,has_metrics,2,0,0,2,,,0,0,0,,,exact_metrics_no_cached_cdx_rows,0,0,0,0,0,0,Run a bounded exact metrics CDX check before escalating.
507,Room Escape 18,http://www.kongregate.com/games/Nsrgames/room-escape-18,www.kongregate.com/games/nsrgames/room-escape-18,1,4,2017-10-15,2017-10-15,2026-06-29,live_metrics_json,not_checked,has_metrics,2,0,0,2,,,0,0,0,,,exact_metrics_no_cached_cdx_rows,0,0,0,0,0,0,Run a bounded exact metrics CDX check before escalating.
508,18 Wheeler Trucks Differences,http://www.kongregate.com/games/newgamess/18-wheeler-trucks-differences,www.kongregate.com/games/newgamess/18-wheeler-trucks-differences,1,4,2017-10-24,2017-10-24,2026-06-29,live_metrics_json,not_checked,has_metrics,2,0,0,2,,,0,0,0,,,exact_metrics_no_cached_cdx_rows,0,0,0,0,0,0,Run a bounded exact metrics CDX check before escalating.
509,Berinjela & SnowBall,http://www.kongregate.com/games/imsec/berinjela-snowball,www.kongregate.com/games/imsec/berinjela-snowball,1,4,2017-11-06,2017-11-06,2026-06-30,live_metrics_json,not_checked,has_metrics,2,0,0,2,,,0,0,0,,,exact_metrics_no_cached_cdx_rows,0,0,0,0,0,0,Run a bounded exact metrics CDX check before escalating.
510,Sea Is Below,https://www.kongregate.com/games/Abhinav_kun/sea-is-below,www.kongregate.com/games/abhinav_kun/sea-is-below,1,4,2019-08-25,2019-08-25,2026-06-30,live_metrics_json,not_checked,has_metrics,2,0,0,2,,,0,0,0,,,exact_metrics_no_cached_cdx_rows,0,0,0,0,0,0,Run a bounded exact metrics CDX check before escalating.
511,n,http://www.kongregate.com/games/Legenderyhero24/n,www.kongregate.com/games/legenderyhero24/n,1,4,2021-01-25,2021-01-25,2026-06-29,live_metrics_json,not_checked,has_metrics,2,0,0,2,,,0,0,0,,,exact_metrics_no_cached_cdx_rows,0,0,0,0,0,0,Run a bounded exact metrics CDX check before escalating.
512,Dragon Clicker 0.2,https://www.kongregate.com/games/DanimalsTCGYT/dragon-clicker-0-2,www.kongregate.com/games/danimalstcgyt/dragon-clicker-0-2,1,4,2021-11-12,2021-11-12,2026-06-29,live_metrics_json,not_checked,has_metrics,2,0,0,2,,,0,0,0,,,exact_metrics_no_cached_cdx_rows,0,0,0,0,0,0,Run a bounded exact metrics CDX check before escalating.
513,AstroWorlds,http://www.kongregate.com/games/bystudio02/astroworlds,www.kongregate.com/games/bystudio02/astroworlds,1,6,2014-08-29,2014-08-29,,,no_page_cdx_rows,no_cdx,2,0,2,0,,,0,0,0,,,exact_metrics_no_cached_cdx_rows,20,0,0,0,14,0,Escalate to broader list/account captures or external corroboration.
514,Peppa Zoo Decor,http://www.kongregate.com/games/lemonindieg/peppa-zoo-decor,www.kongregate.com/games/lemonindieg/peppa-zoo-decor,1,6,2014-10-13,2014-10-13,,,dynamic_metrics_placeholder,no_cdx,2,0,2,0,,,0,0,0,,,exact_metrics_no_cached_cdx_rows,26,0,0,0,17,0,Escalate to broader list/account captures or external corroboration.
515,Teste mark 2,http://www.kongregate.com/games/MateusF29/teste-mark-2,www.kongregate.com/games/mateusf29/teste-mark-2,1,6,2015-09-30,2015-09-30,,,no_page_cdx_rows,no_cdx,2,0,2,0,,,0,0,0,,,exact_metrics_no_cached_cdx_rows,21,0,0,0,17,0,Escalate to broader list/account captures or external corroboration.
516,Bubble Shooter Rotation Xmas,http://www.kongregate.com/games/omkara/bubble-shooter-rotation-xmas,www.kongregate.com/games/omkara/bubble-shooter-rotation-xmas,1,6,2015-12-18,2015-12-18,,,dynamic_metrics_placeholder,no_cdx,2,0,2,0,,,0,0,0,,,exact_metrics_no_cached_cdx_rows,27,3,0,0,0,0,Escalate to broader list/account captures or external corroboration.
517,The Super Casual Game,http://www.kongregate.com/games/esaffer/the-super-casual-game,www.kongregate.com/games/esaffer/the-super-casual-game,1,6,2016-03-16,2016-03-16,,,dynamic_metrics_placeholder,no_cdx,2,0,2,0,,,0,0,0,,,exact_metrics_no_cached_cdx_rows,20,0,0,0,17,0,Escalate to broader list/account captures or external corroboration.
518,quang,http://www.kongregate.com/games/1207732597/quang,www.kongregate.com/games/1207732597/quang,1,6,2016-06-22,2016-06-22,,,no_page_cdx_rows,no_cdx,2,0,2,0,,,0,0,0,,,exact_metrics_no_cached_cdx_rows,26,0,0,0,15,0,Escalate to broader list/account captures or external corroboration.
519,EndGame,http://www.kongregate.com/games/SnowdonGames/endgame,www.kongregate.com/games/snowdongames/endgame,1,6,2016-07-27,2016-07-27,,,dynamic_metrics_placeholder,no_cdx,2,0,2,0,,,0,0,0,,,exact_metrics_no_cached_cdx_rows,26,0,0,0,0,0,Escalate to broader list/account captures or external corroboration.
520,Will's Quest For Cheese,http://www.kongregate.com/games/thebartyparty/wills-quest-for-cheese,www.kongregate.com/games/thebartyparty/wills-quest-for-cheese,1,6,2016-10-18,2016-10-18,,,no_page_cdx_rows,no_cdx,2,0,2,0,,,0,0,0,,,exact_metrics_no_cached_cdx_rows,29,0,0,0,0,0,Escalate to broader list/account captures or external corroboration.
521,Kuzini.comgnom,http://www.kongregate.com/games/iPTNZW/kuzini-comgnom,www.kongregate.com/games/iptnzw/kuzini-comgnom,1,6,2016-10-24,2016-10-24,,,no_page_cdx_rows,no_cdx,2,0,2,0,,,0,0,0,,,exact_metrics_no_cached_cdx_rows,20,0,0,0,0,0,Escalate to broader list/account captures or external corroboration.
522,American Cars Memory,http://www.kongregate.com/games/natalibt/american-cars-memory,www.kongregate.com/games/natalibt/american-cars-memory,1,6,2017-05-25,2017-05-25,,,dynamic_metrics_placeholder,no_cdx,2,0,2,0,,,0,0,0,,,exact_metrics_no_cached_cdx_rows,26,0,0,0,55,0,Escalate to broader list/account captures or external corroboration.
523,Naruto Suspend,http://www.kongregate.com/games/thunderstorm38/naruto-suspend,www.kongregate.com/games/thunderstorm38/naruto-suspend,1,6,2017-07-28,2017-07-28,,,dynamic_metrics_placeholder,no_cdx,2,0,2,0,,,0,0,0,,,exact_metrics_no_cached_cdx_rows,20,0,0,0,15,0,Escalate to broader list/account captures or external corroboration.
524,Extreme Battlefield,http://www.kongregate.com/games/thunderstorm38/extreme-battlefield,www.kongregate.com/games/thunderstorm38/extreme-battlefield,1,6,2017-07-29,2017-07-29,,,no_page_cdx_rows,no_cdx,2,0,2,0,,,0,0,0,,,exact_metrics_no_cached_cdx_rows,23,0,0,0,15,0,Escalate to broader list/account captures or external corroboration.
525,Seasonal Farming,http://www.kongregate.com/games/phacanu/seasonal-farming,www.kongregate.com/games/phacanu/seasonal-farming,1,6,2017-08-25,2017-08-25,,,dynamic_metrics_placeholder,no_cdx,2,0,2,0,,,0,0,0,,,exact_metrics_no_cached_cdx_rows,29,0,0,0,18,0,Escalate to broader list/account captures or external corroboration.
526,Blocky Warrior,http://www.kongregate.com/games/mobilTR/blocky-warrior,www.kongregate.com/games/mobiltr/blocky-warrior,1,6,2017-11-06,2017-11-06,,,dynamic_metrics_placeholder,no_cdx,2,0,2,0,,,0,0,0,,,exact_metrics_no_cached_cdx_rows,20,0,0,0,9,0,Escalate to broader list/account captures or external corroboration.
527,Trimps Preview,http://www.kongregate.com/games/GreenSatellite/trimps-preview,www.kongregate.com/games/greensatellite/trimps-preview,15,8,2015-07-26,2016-11-08,2026-06-29,live_metrics_json,not_checked,has_metrics,2,0,2,0,,,0,0,0,,,exact_metrics_no_cached_cdx_rows,0,0,0,0,0,0,Escalate to broader list/account captures or external corroboration.
528,Cage Bird,http://www.kongregate.com/games/Ymar2011/cage-bird,www.kongregate.com/games/ymar2011/cage-bird,2,5,2014-10-03,2014-10-04,2026-06-29,live_metrics_json,not_checked,has_metrics,2,0,0,2,,,0,0,0,,,exact_metrics_no_cached_cdx_rows,0,0,0,0,0,0,Run a bounded exact metrics CDX check before escalating.
529,Battle Pirates,https://www.kongregate.com/en/games/KIXEYE/battle-pirates,www.kongregate.com/games/kixeye/battle-pirates,2,5,2014-10-17,2014-10-18,2022-10-26,metrics_json,not_checked,has_metrics,2,0,0,2,,,0,0,0,,,exact_metrics_no_cached_cdx_rows,0,0,0,0,0,0,Run a bounded exact metrics CDX check before escalating.
530,Tabletop idle,http://www.kongregate.com/games/omgnoob191/tabletop-idle,www.kongregate.com/games/omgnoob191/tabletop-idle,9,10,2017-05-27,2017-06-18,2020-07-16,count_source_probe,not_checked,has_metrics,2,3,2,0,2020-07-16,2025-04-02,0,0,3,2020-07-16,509506,exact_metrics_starts_after_missing_window,0,0,0,0,0,0,Exact metrics start too late; pursue broader list/account captures or external corroboration.
531,max dificult x,http://www.kongregate.com/games/heletrico/max-dificult-x,www.kongregate.com/games/heletrico/max-dificult-x,1,5,2014-08-22,2014-08-22,2026-06-30,live_metrics_json,not_checked,has_metrics,2,0,0,2,,,0,0,0,,,exact_metrics_no_cached_cdx_rows,0,0,0,0,0,0,Run a bounded exact metrics CDX check before escalating.
532,Color Cube Clicker,http://www.kongregate.com/games/GameDev408/color-cube-clicker,www.kongregate.com/games/gamedev408/color-cube-clicker,1,5,2014-08-26,2014-08-26,2026-06-30,live_metrics_json,not_checked,has_metrics,2,0,0,2,,,0,0,0,,,exact_metrics_no_cached_cdx_rows,0,0,0,0,0,0,Run a bounded exact metrics CDX check before escalating.
533,Tic Tac Toe,http://www.kongregate.com/games/iDummy/tic-tac-toe,www.kongregate.com/games/idummy/tic-tac-toe,1,5,2014-08-29,2014-08-29,2026-06-30,live_metrics_json,not_checked,has_metrics,2,0,0,2,,,0,0,0,,,exact_metrics_no_cached_cdx_rows,0,0,0,0,0,0,Run a bounded exact metrics CDX check before escalating.
534,The Beginning,http://www.kongregate.com/games/NuclearNapalm/the-beginning,www.kongregate.com/games/nuclearnapalm/the-beginning,1,5,2014-09-02,2014-09-02,2026-06-30,live_metrics_json,not_checked,has_metrics,2,0,0,2,,,0,0,0,,,exact_metrics_no_cached_cdx_rows,0,0,0,0,0,0,Run a bounded exact metrics CDX check before escalating.
535,No Brakes,http://www.kongregate.com/games/thepodge/no-brakes,www.kongregate.com/games/thepodge/no-brakes,1,5,2014-09-05,2014-09-05,2026-06-30,live_metrics_json,not_checked,has_metrics,2,0,0,2,,,0,0,0,,,exact_metrics_no_cached_cdx_rows,0,0,0,0,0,0,Run a bounded exact metrics CDX check before escalating.
536,Temple,http://www.kongregate.com/games/TacoGames/temple,www.kongregate.com/games/tacogames/temple,1,5,2014-09-12,2014-09-12,2026-06-30,live_metrics_json,not_checked,has_metrics,2,0,0,2,,,0,0,0,,,exact_metrics_no_cached_cdx_rows,0,0,0,0,0,0,Run a bounded exact metrics CDX check before escalating.
537,Pushing Arena,http://www.kongregate.com/games/fiore1996/pushing-arena,www.kongregate.com/games/fiore1996/pushing-arena,1,5,2014-09-14,2014-09-14,2026-06-30,live_metrics_json,not_checked,has_metrics,2,0,0,2,,,0,0,0,,,exact_metrics_no_cached_cdx_rows,0,0,0,0,0,0,Run a bounded exact metrics CDX check before escalating.
538,Heroic Escape,http://www.kongregate.com/games/diggidy27/heroic-escape,www.kongregate.com/games/diggidy27/heroic-escape,1,5,2014-09-19,2014-09-19,2026-06-30,live_metrics_json,not_checked,has_metrics,2,0,0,2,,,0,0,0,,,exact_metrics_no_cached_cdx_rows,0,0,0,0,0,0,Run a bounded exact metrics CDX check before escalating.
539,3D Ghost Maze,http://www.kongregate.com/games/kebabs91/3d-ghost-maze,www.kongregate.com/games/kebabs91/3d-ghost-maze,1,5,2014-09-20,2014-09-20,2026-06-30,live_metrics_json,not_checked,has_metrics,2,0,0,2,,,0,0,0,,,exact_metrics_no_cached_cdx_rows,0,0,0,0,0,0,Run a bounded exact metrics CDX check before escalating.
540,White,http://www.kongregate.com/games/OinkIguana/white,www.kongregate.com/games/oinkiguana/white,1,5,2014-10-09,2014-10-09,2021-07-29,metrics_json,not_checked,has_metrics,2,0,0,2,,,0,0,0,,,exact_metrics_no_cached_cdx_rows,0,0,0,0,0,0,Run a bounded exact metrics CDX check before escalating.
541,Pixel Warfare,http://www.kongregate.com/games/PacoGame5/pixel-warfare,www.kongregate.com/games/pacogame5/pixel-warfare,1,5,2014-10-10,2014-10-10,2025-06-19,metrics_json,not_checked,has_metrics,2,0,0,2,,,0,0,0,,,exact_metrics_no_cached_cdx_rows,0,0,0,0,0,0,Run a bounded exact metrics CDX check before escalating.
542,Minion Go Home,http://www.kongregate.com/games/tungnguyendev/minion-go-home,www.kongregate.com/games/tungnguyendev/minion-go-home,1,5,2014-10-13,2014-10-13,2026-06-29,live_metrics_json,not_checked,has_metrics,2,0,0,2,,,0,0,0,,,exact_metrics_no_cached_cdx_rows,0,0,0,0,0,0,Run a bounded exact metrics CDX check before escalating.
543,TDMS Alpha,http://www.kongregate.com/games/CraftyDart/tdms-alpha,www.kongregate.com/games/craftydart/tdms-alpha,1,5,2014-10-18,2014-10-18,2026-06-29,live_metrics_json,not_checked,has_metrics,2,0,0,2,,,0,0,0,,,exact_metrics_no_cached_cdx_rows,0,0,0,0,0,0,Run a bounded exact metrics CDX check before escalating.
544,Color Picker,http://www.kongregate.com/games/PeterLauris/color-picker,www.kongregate.com/games/peterlauris/color-picker,1,5,2014-10-24,2014-10-24,2026-06-29,live_metrics_json,not_checked,has_metrics,2,0,0,2,,,0,0,0,,,exact_metrics_no_cached_cdx_rows,0,0,0,0,0,0,Run a bounded exact metrics CDX check before escalating.
545,Snot Launch,http://www.kongregate.com/games/sorenof/snot-launch,www.kongregate.com/games/sorenof/snot-launch,1,5,2014-10-31,2014-10-31,2026-06-29,live_metrics_json,not_checked,has_metrics,2,0,0,2,,,0,0,0,,,exact_metrics_no_cached_cdx_rows,0,0,0,0,0,0,Run a bounded exact metrics CDX check before escalating.
546,CrazyCicle,http://www.kongregate.com/games/s2hago/crazycicle,www.kongregate.com/games/s2hago/crazycicle,1,5,2014-11-11,2014-11-11,2026-06-30,live_metrics_json,not_checked,has_metrics,2,0,0,2,,,0,0,0,,,exact_metrics_no_cached_cdx_rows,0,0,0,0,0,0,Run a bounded exact metrics CDX check before escalating.
547,Glorkian Warrior: The Trials Of Glork,http://www.kongregate.com/games/pixeljamgames/glorkian-warrior-the-trials-of-glork,www.kongregate.com/games/pixeljamgames/glorkian-warrior-the-trials-of-glork,1,5,2014-11-25,2014-11-25,2026-06-30,live_metrics_json,not_checked,has_metrics,2,0,0,2,,,0,0,0,,,exact_metrics_no_cached_cdx_rows,0,0,0,0,0,0,Run a bounded exact metrics CDX check before escalating.
548,Game of Bombs,http://www.kongregate.com/games/popelyshev/game-of-bombs,www.kongregate.com/games/popelyshev/game-of-bombs,1,5,2014-12-02,2014-12-02,2026-06-30,live_metrics_json,not_checked,has_metrics,2,0,0,2,,,0,0,0,,,exact_metrics_no_cached_cdx_rows,0,0,0,0,0,0,Run a bounded exact metrics CDX check before escalating.
549,December Problems,http://www.kongregate.com/games/MamauGames/december-problems,www.kongregate.com/games/mamaugames/december-problems,1,5,2014-12-10,2014-12-10,2020-12-21,metrics_json,not_checked,has_metrics,2,0,0,2,,,0,0,0,,,exact_metrics_no_cached_cdx_rows,0,0,0,0,0,0,Run a bounded exact metrics CDX check before escalating.
550,Captain Glasgow's Game,http://www.kongregate.com/games/CaptainGlasgow/captain-glasgows-game,www.kongregate.com/games/captainglasgow/captain-glasgows-game,1,5,2014-12-28,2014-12-28,2026-06-30,live_metrics_json,not_checked,has_metrics,2,0,0,2,,,0,0,0,,,exact_metrics_no_cached_cdx_rows,0,0,0,0,0,0,Run a bounded exact metrics CDX check before escalating.
551,Headless Zombie 2,http://www.kongregate.com/games/flazm/headless-zombie-2,www.kongregate.com/games/flazm/headless-zombie-2,1,5,2014-12-30,2014-12-30,2023-05-24,metrics_json,not_checked,has_metrics,2,0,0,2,,,0,0,0,,,exact_metrics_no_cached_cdx_rows,0,0,0,0,0,0,Run a bounded exact metrics CDX check before escalating.
552,GRAVITY,http://www.kongregate.com/games/Primagin/gravity,www.kongregate.com/games/primagin/gravity,1,5,2015-04-01,2015-04-01,2026-06-30,live_metrics_json,not_checked,has_metrics,2,0,0,2,,,0,0,0,,,exact_metrics_no_cached_cdx_rows,0,0,0,0,0,0,Run a bounded exact metrics CDX check before escalating.
553,You are the Monst-Hair,http://www.kongregate.com/games/polskais1/you-are-the-monst-hair,www.kongregate.com/games/polskais1/you-are-the-monst-hair,1,5,2015-09-03,2015-09-03,2025-02-03,metrics_json,not_checked,has_metrics,2,0,0,2,,,0,0,0,,,exact_metrics_no_cached_cdx_rows,0,0,0,0,0,0,Run a bounded exact metrics CDX check before escalating.
554,Breakerino,http://www.kongregate.com/games/TheRaynoan/breakerino,www.kongregate.com/games/theraynoan/breakerino,1,5,2015-09-09,2015-09-09,2026-06-29,live_metrics_json,not_checked,has_metrics,2,0,0,2,,,0,0,0,,,exact_metrics_no_cached_cdx_rows,0,0,0,0,0,0,Run a bounded exact metrics CDX check before escalating.
555,KoGaMa | ♦ GEOMETRY DASH ♦,http://www.kongregate.com/games/KoGaMaDaniel/kogama-geometry-dash,www.kongregate.com/games/kogamadaniel/kogama-geometry-dash,1,5,2015-09-14,2015-09-14,2026-06-29,live_metrics_json,not_checked,has_metrics,2,0,0,2,,,0,0,0,,,exact_metrics_no_cached_cdx_rows,0,0,0,0,0,0,Run a bounded exact metrics CDX check before escalating.
556,Super Pirate Adventure,http://www.kongregate.com/games/Gamesdeveloper/super-pirate-adventure,www.kongregate.com/games/gamesdeveloper/super-pirate-adventure,1,5,2015-09-15,2015-09-15,2026-06-29,live_metrics_json,not_checked,has_metrics,2,0,0,2,,,0,0,0,,,exact_metrics_no_cached_cdx_rows,0,0,0,0,0,0,Run a bounded exact metrics CDX check before escalating.
557,Earth Typing Defense,http://www.kongregate.com/games/heroikcom/earth-typing-defense,www.kongregate.com/games/heroikcom/earth-typing-defense,1,5,2015-09-23,2015-09-23,2026-06-29,live_metrics_json,not_checked,has_metrics,2,0,0,2,,,0,0,0,,,exact_metrics_no_cached_cdx_rows,0,0,0,0,0,0,Run a bounded exact metrics CDX check before escalating.
558,Japanese Language - Hiragana & Katakana Exceed,http://www.kongregate.com/games/Pidroh/japanese-language-hiragana-katakana-exceed,www.kongregate.com/games/pidroh/japanese-language-hiragana-katakana-exceed,1,5,2015-09-30,2015-09-30,2026-06-29,live_metrics_json,not_checked,has_metrics,2,0,0,2,,,0,0,0,,,exact_metrics_no_cached_cdx_rows,0,0,0,0,0,0,Run a bounded exact metrics CDX check before escalating.
559,Launch the Pig,http://www.kongregate.com/games/Jotappolk/launch-the-pig,www.kongregate.com/games/jotappolk/launch-the-pig,1,5,2015-12-18,2015-12-18,2026-06-29,live_metrics_json,not_checked,has_metrics,2,0,0,2,,,0,0,0,,,exact_metrics_no_cached_cdx_rows,0,0,0,0,0,0,Run a bounded exact metrics CDX check before escalating.
560,Aid The Santa,http://www.kongregate.com/games/Enagamess/aid-the-santa,www.kongregate.com/games/enagamess/aid-the-santa,1,5,2015-12-26,2015-12-26,2026-06-29,live_metrics_json,not_checked,has_metrics,2,0,0,2,,,0,0,0,,,exact_metrics_no_cached_cdx_rows,0,0,0,0,0,0,Run a bounded exact metrics CDX check before escalating.
561,Beach Rush K,http://www.kongregate.com/games/Runeworks/beach-rush-k,www.kongregate.com/games/runeworks/beach-rush-k,1,5,2016-01-02,2016-01-02,2026-06-29,live_metrics_json,not_checked,has_metrics,2,0,0,2,,,0,0,0,,,exact_metrics_no_cached_cdx_rows,0,0,0,0,0,0,Run a bounded exact metrics CDX check before escalating.
562,Space War,http://www.kongregate.com/games/kinmyy/space-war,www.kongregate.com/games/kinmyy/space-war,1,5,2016-01-16,2016-01-16,2026-06-29,live_metrics_json,not_checked,has_metrics,2,0,0,2,,,0,0,0,,,exact_metrics_no_cached_cdx_rows,0,0,0,0,0,0,Run a bounded exact metrics CDX check before escalating.
563,Rescue From Trench House,http://www.kongregate.com/games/Enagamess/rescue-from-trench-house,www.kongregate.com/games/enagamess/rescue-from-trench-house,1,5,2016-01-25,2016-01-25,2026-06-29,live_metrics_json,not_checked,has_metrics,2,0,0,2,,,0,0,0,,,exact_metrics_no_cached_cdx_rows,0,0,0,0,0,0,Run a bounded exact metrics CDX check before escalating.
564,Youtube Runner,http://www.kongregate.com/games/MeroDN/youtube-runner,www.kongregate.com/games/merodn/youtube-runner,1,5,2016-02-28,2016-02-28,2026-06-30,live_metrics_json,not_checked,has_metrics,2,0,0,2,,,0,0,0,,,exact_metrics_no_cached_cdx_rows,0,0,0,0,0,0,Run a bounded exact metrics CDX check before escalating.
565,Medieval Cop - The True Monster,https://www.kongregate.com/games/VasantJ/medieval-cop-the-true-monster,www.kongregate.com/games/vasantj/medieval-cop-the-true-monster,1,5,2016-03-05,2016-03-05,2016-04-02,metrics_json,not_checked,has_metrics,2,0,0,2,,,0,0,0,,,exact_metrics_no_cached_cdx_rows,0,0,0,0,0,0,Run a bounded exact metrics CDX check before escalating.
566,"Brock, the Broccoli BETA 1.3",http://www.kongregate.com/games/Gabrielepower86/brock-the-broccoli-beta-1-3,www.kongregate.com/games/gabrielepower86/brock-the-broccoli-beta-1-3,1,5,2016-03-07,2016-03-07,2026-06-29,live_metrics_json,not_checked,has_metrics,2,0,0,2,,,0,0,0,,,exact_metrics_no_cached_cdx_rows,0,0,0,0,0,0,Run a bounded exact metrics CDX check before escalating.
567,Lovely Day,http://www.kongregate.com/games/SandraKim/lovely-day,www.kongregate.com/games/sandrakim/lovely-day,1,5,2016-03-24,2016-03-24,2026-06-29,live_metrics_json,not_checked,has_metrics,2,0,0,2,,,0,0,0,,,exact_metrics_no_cached_cdx_rows,0,0,0,0,0,0,Run a bounded exact metrics CDX check before escalating.
568,Special Strike: DLC 4,http://www.kongregate.com/games/brvasil/special-strike-dlc-4,www.kongregate.com/games/brvasil/special-strike-dlc-4,1,5,2016-05-06,2016-05-06,2026-06-29,live_metrics_json,not_checked,has_metrics,2,0,0,2,,,0,0,0,,,exact_metrics_no_cached_cdx_rows,0,0,0,0,0,0,Run a bounded exact metrics CDX check before escalating.
569,Just Bounce,http://www.kongregate.com/games/asyncrobot/just-bounce,www.kongregate.com/games/asyncrobot/just-bounce,1,5,2016-05-23,2016-05-23,2026-06-29,live_metrics_json,not_checked,has_metrics,2,0,0,2,,,0,0,0,,,exact_metrics_no_cached_cdx_rows,0,0,0,0,0,0,Run a bounded exact metrics CDX check before escalating.
570,Car Transporter Jigsaw,http://www.kongregate.com/games/newgamess/car-transporter-jigsaw,www.kongregate.com/games/newgamess/car-transporter-jigsaw,1,5,2016-05-24,2016-05-24,2026-06-29,live_metrics_json,not_checked,has_metrics,2,0,0,2,,,0,0,0,,,exact_metrics_no_cached_cdx_rows,0,0,0,0,0,0,Run a bounded exact metrics CDX check before escalating.
571,Gravitational Attraction.,http://www.kongregate.com/games/chesster415/gravitational-attraction,www.kongregate.com/games/chesster415/gravitational-attraction,1,5,2016-06-04,2016-06-04,2026-06-29,live_metrics_json,not_checked,has_metrics,2,0,0,2,,,0,0,0,,,exact_metrics_no_cached_cdx_rows,0,0,0,0,0,0,Run a bounded exact metrics CDX check before escalating.
572,Overwatch: Tracer Concept,http://www.kongregate.com/games/neal867/overwatch-tracer-concept,www.kongregate.com/games/neal867/overwatch-tracer-concept,1,5,2016-06-05,2016-06-05,2026-06-29,live_metrics_json,not_checked,has_metrics,2,0,0,2,,,0,0,0,,,exact_metrics_no_cached_cdx_rows,0,0,0,0,0,0,Run a bounded exact metrics CDX check before escalating.
573,Following Zombie (horror),http://www.kongregate.com/games/sandrudarius/following-zombie-horror,www.kongregate.com/games/sandrudarius/following-zombie-horror,1,5,2016-06-13,2016-06-13,2026-06-29,live_metrics_json,not_checked,has_metrics,2,0,0,2,,,0,0,0,,,exact_metrics_no_cached_cdx_rows,0,0,0,0,0,0,Run a bounded exact metrics CDX check before escalating.
574,Escape the Study,http://www.kongregate.com/games/BoredAllNight/escape-the-study,www.kongregate.com/games/boredallnight/escape-the-study,1,5,2016-06-29,2016-06-29,2026-06-29,live_metrics_json,not_checked,has_metrics,2,0,0,2,,,0,0,0,,,exact_metrics_no_cached_cdx_rows,0,0,0,0,0,0,Run a bounded exact metrics CDX check before escalating.
575,Celebrity Gunslingers,http://www.kongregate.com/games/freegamepick/celebrity-gunslingers,www.kongregate.com/games/freegamepick/celebrity-gunslingers,1,5,2016-07-07,2016-07-07,2026-06-29,live_metrics_json,not_checked,has_metrics,2,0,0,2,,,0,0,0,,,exact_metrics_no_cached_cdx_rows,0,0,0,0,0,0,Run a bounded exact metrics CDX check before escalating.
576,Space Bunny,http://www.kongregate.com/games/catsito001/space-bunny,www.kongregate.com/games/catsito001/space-bunny,1,5,2016-07-14,2016-07-14,2026-06-29,live_metrics_json,not_checked,has_metrics,2,0,0,2,,,0,0,0,,,exact_metrics_no_cached_cdx_rows,0,0,0,0,0,0,Run a bounded exact metrics CDX check before escalating.
577,The Last Kingdom,http://www.kongregate.com/games/SandraKim/the-last-kingdom,www.kongregate.com/games/sandrakim/the-last-kingdom,1,5,2016-07-20,2016-07-20,2026-06-29,live_metrics_json,not_checked,has_metrics,2,0,0,2,,,0,0,0,,,exact_metrics_no_cached_cdx_rows,0,0,0,0,0,0,Run a bounded exact metrics CDX check before escalating.
578,Brick blast,http://www.kongregate.com/games/Miafuck/brick-blast,www.kongregate.com/games/miafuck/brick-blast,1,5,2016-08-05,2016-08-05,2023-09-14,metrics_json,not_checked,has_metrics,2,0,0,2,,,0,0,0,,,exact_metrics_no_cached_cdx_rows,0,0,0,0,0,0,Run a bounded exact metrics CDX check before escalating.
579,What Country Is This Flag,http://www.kongregate.com/games/LovattoStudio/what-country-is-this-flag,www.kongregate.com/games/lovattostudio/what-country-is-this-flag,1,5,2016-08-13,2016-08-13,2026-06-29,live_metrics_json,not_checked,has_metrics,2,0,0,2,,,0,0,0,,,exact_metrics_no_cached_cdx_rows,0,0,0,0,0,0,Run a bounded exact metrics CDX check before escalating.
580,Prison Escape,http://www.kongregate.com/games/DukesOfDevon/prison-escape,www.kongregate.com/games/dukesofdevon/prison-escape,1,5,2016-08-20,2016-08-20,2023-09-14,metrics_json,not_checked,has_metrics,2,0,0,2,,,0,0,0,,,exact_metrics_no_cached_cdx_rows,0,0,0,0,0,0,Run a bounded exact metrics CDX check before escalating.
581,Le Royal Casino,http://www.kongregate.com/games/MrBirdHacker/le-royal-casino,www.kongregate.com/games/mrbirdhacker/le-royal-casino,1,5,2016-08-28,2016-08-28,2026-06-29,live_metrics_json,not_checked,has_metrics,2,0,0,2,,,0,0,0,,,exact_metrics_no_cached_cdx_rows,0,0,0,0,0,0,Run a bounded exact metrics CDX check before escalating.
582,Las Vegas Casino Bar Escape,http://www.kongregate.com/games/yolkgamez/las-vegas-casino-bar-escape,www.kongregate.com/games/yolkgamez/las-vegas-casino-bar-escape,1,5,2016-09-03,2016-09-03,2023-05-20,metrics_json,not_checked,has_metrics,2,0,0,2,,,0,0,0,,,exact_metrics_no_cached_cdx_rows,0,0,0,0,0,0,Run a bounded exact metrics CDX check before escalating.
583,Fishy Uprising,http://www.kongregate.com/games/AngrySnorlax/fishy-uprising,www.kongregate.com/games/angrysnorlax/fishy-uprising,1,5,2016-09-16,2016-09-16,2026-06-29,live_metrics_json,not_checked,has_metrics,2,0,0,2,,,0,0,0,,,exact_metrics_no_cached_cdx_rows,0,0,0,0,0,0,Run a bounded exact metrics CDX check before escalating.
584,First Person In Real Life 4,http://www.kongregate.com/games/lisanti/first-person-in-real-life-4,www.kongregate.com/games/lisanti/first-person-in-real-life-4,1,5,2016-09-17,2016-09-17,2026-06-29,live_metrics_json,not_checked,has_metrics,2,0,0,2,,,0,0,0,,,exact_metrics_no_cached_cdx_rows,0,0,0,0,0,0,Run a bounded exact metrics CDX check before escalating.
585,Jump Frenzy,http://www.kongregate.com/games/gamer70008000/jump-frenzy,www.kongregate.com/games/gamer70008000/jump-frenzy,1,5,2016-09-23,2016-09-23,2026-06-29,live_metrics_json,not_checked,has_metrics,2,0,0,2,,,0,0,0,,,exact_metrics_no_cached_cdx_rows,0,0,0,0,0,0,Run a bounded exact metrics CDX check before escalating.
586,Escape Rooms 4,http://www.kongregate.com/games/rahchel321/escape-rooms-4,www.kongregate.com/games/rahchel321/escape-rooms-4,1,5,2016-10-04,2016-10-04,2026-06-29,live_metrics_json,not_checked,has_metrics,2,0,0,2,,,0,0,0,,,exact_metrics_no_cached_cdx_rows,0,0,0,0,0,0,Run a bounded exact metrics CDX check before escalating.
587,Cargostone,http://www.kongregate.com/games/vitalitygames/cargostone,www.kongregate.com/games/vitalitygames/cargostone,1,5,2016-10-10,2016-10-10,2026-06-29,live_metrics_json,not_checked,has_metrics,2,0,0,2,,,0,0,0,,,exact_metrics_no_cached_cdx_rows,0,0,0,0,0,0,Run a bounded exact metrics CDX check before escalating.
588,Kalimba Adventures,http://www.kongregate.com/games/jogosgratispro/kalimba-adventures,www.kongregate.com/games/jogosgratispro/kalimba-adventures,1,5,2016-10-17,2016-10-17,2026-06-29,live_metrics_json,not_checked,has_metrics,2,0,0,2,,,0,0,0,,,exact_metrics_no_cached_cdx_rows,0,0,0,0,0,0,Run a bounded exact metrics CDX check before escalating.
589,Mandelbrot set[Math stuff],http://www.kongregate.com/games/laspinko/mandelbrot-set-math-stuff,www.kongregate.com/games/laspinko/mandelbrot-set-math-stuff,1,5,2016-10-18,2016-10-18,2026-06-29,live_metrics_json,not_checked,has_metrics,2,0,0,2,,,0,0,0,,,exact_metrics_no_cached_cdx_rows,0,0,0,0,0,0,Run a bounded exact metrics CDX check before escalating.
590,Save My Pig!,http://www.kongregate.com/games/AmazingTito/save-my-pig,www.kongregate.com/games/amazingtito/save-my-pig,1,5,2016-10-24,2016-10-24,2026-06-29,live_metrics_json,not_checked,has_metrics,2,0,0,2,,,0,0,0,,,exact_metrics_no_cached_cdx_rows,0,0,0,0,0,0,Run a bounded exact metrics CDX check before escalating.
591,Idle Wizards Walk,http://www.kongregate.com/games/squiddymccloud/idle-wizards-walk,www.kongregate.com/games/squiddymccloud/idle-wizards-walk,1,5,2017-05-05,2017-05-05,2026-06-29,live_metrics_json,not_checked,has_metrics,2,0,0,2,,,0,0,0,,,exact_metrics_no_cached_cdx_rows,0,0,0,0,0,0,Run a bounded exact metrics CDX check before escalating.
592,Mushroom Land,http://www.kongregate.com/games/MirchiS/mushroom-land,www.kongregate.com/games/mirchis/mushroom-land,1,5,2017-05-16,2017-05-16,2026-06-29,live_metrics_json,not_checked,has_metrics,2,0,0,2,,,0,0,0,,,exact_metrics_no_cached_cdx_rows,0,0,0,0,0,0,Run a bounded exact metrics CDX check before escalating.
593,Boho Chic Spring Shopping,http://www.kongregate.com/games/gamesforgirlz/boho-chic-spring-shopping,www.kongregate.com/games/gamesforgirlz/boho-chic-spring-shopping,1,5,2017-05-25,2017-05-25,2026-06-29,live_metrics_json,not_checked,has_metrics,2,0,0,2,,,0,0,0,,,exact_metrics_no_cached_cdx_rows,0,0,0,0,0,0,Run a bounded exact metrics CDX check before escalating.
594,The Jasper in Shaolin School,http://www.kongregate.com/games/Enagamess/the-jasper-in-shaolin-school,www.kongregate.com/games/enagamess/the-jasper-in-shaolin-school,1,5,2017-05-26,2017-05-26,2026-06-29,live_metrics_json,not_checked,has_metrics,2,0,0,2,,,0,0,0,,,exact_metrics_no_cached_cdx_rows,0,0,0,0,0,0,Run a bounded exact metrics CDX check before escalating.
595,Feed the Spider,http://www.kongregate.com/games/nunesbarbosa/feed-the-spider,www.kongregate.com/games/nunesbarbosa/feed-the-spider,1,5,2017-06-04,2017-06-04,2026-06-29,live_metrics_json,not_checked,has_metrics,2,0,0,2,,,0,0,0,,,exact_metrics_no_cached_cdx_rows,0,0,0,0,0,0,Run a bounded exact metrics CDX check before escalating.
596,Scottish Solitaire (HTML5),http://www.kongregate.com/games/zygomaticgames/scottish-solitaire-html5,www.kongregate.com/games/zygomaticgames/scottish-solitaire-html5,1,5,2017-06-15,2017-06-15,2026-06-29,live_metrics_json,not_checked,has_metrics,2,0,0,2,,,0,0,0,,,exact_metrics_no_cached_cdx_rows,0,0,0,0,0,0,Run a bounded exact metrics CDX check before escalating.
597,Nordic Kingdom,http://www.kongregate.com/games/MARTINIRosso/nordic-kingdom,www.kongregate.com/games/martinirosso/nordic-kingdom,1,5,2017-06-16,2017-06-16,2022-06-02,metrics_json,not_checked,has_metrics,2,0,0,2,,,0,0,0,,,exact_metrics_no_cached_cdx_rows,0,0,0,0,0,0,Run a bounded exact metrics CDX check before escalating.
598,Wreck The Yard Beta,http://www.kongregate.com/games/Furious/wreck-the-yard-beta,www.kongregate.com/games/furious/wreck-the-yard-beta,1,5,2017-06-25,2017-06-25,2026-06-29,live_metrics_json,not_checked,has_metrics,2,0,0,2,,,0,0,0,,,exact_metrics_no_cached_cdx_rows,0,0,0,0,0,0,Run a bounded exact metrics CDX check before escalating.
599,Speed Square,http://www.kongregate.com/games/SnipeShot360/speed-square,www.kongregate.com/games/snipeshot360/speed-square,1,5,2017-07-03,2017-07-03,2023-09-13,metrics_json,not_checked,has_metrics,2,0,0,2,,,0,0,0,,,exact_metrics_no_cached_cdx_rows,0,0,0,0,0,0,Run a bounded exact metrics CDX check before escalating.
600,Be fast or die,http://www.kongregate.com/games/KlasseMia19/be-fast-or-die,www.kongregate.com/games/klassemia19/be-fast-or-die,1,5,2017-07-12,2017-07-12,2026-06-29,live_metrics_json,not_checked,has_metrics,2,0,0,2,,,0,0,0,,,exact_metrics_no_cached_cdx_rows,0,0,0,0,0,0,Run a bounded exact metrics CDX check before escalating.
601,Fantasy Pyramid Solitaire,http://www.kongregate.com/games/Vegarius/fantasy-pyramid-solitaire,www.kongregate.com/games/vegarius/fantasy-pyramid-solitaire,1,5,2017-07-20,2017-07-20,2026-06-29,live_metrics_json,not_checked,has_metrics,2,0,0,2,,,0,0,0,,,exact_metrics_no_cached_cdx_rows,0,0,0,0,0,0,Run a bounded exact metrics CDX check before escalating.
602,Rubber Dinghy,http://www.kongregate.com/games/greatguygames/rubber-dinghy,www.kongregate.com/games/greatguygames/rubber-dinghy,1,5,2017-07-28,2017-07-28,2026-06-29,live_metrics_json,not_checked,has_metrics,2,0,0,2,,,0,0,0,,,exact_metrics_no_cached_cdx_rows,0,0,0,0,0,0,Run a bounded exact metrics CDX check before escalating.
603,Teddy Time,http://www.kongregate.com/games/pbooty/teddy-time,www.kongregate.com/games/pbooty/teddy-time,1,5,2017-07-29,2017-07-29,2026-06-29,live_metrics_json,not_checked,has_metrics,2,0,0,2,,,0,0,0,,,exact_metrics_no_cached_cdx_rows,0,0,0,0,0,0,Run a bounded exact metrics CDX check before escalating.
604,Ancient Temple Escape,http://www.kongregate.com/games/top10newgames/ancient-temple-escape,www.kongregate.com/games/top10newgames/ancient-temple-escape,1,5,2017-08-05,2017-08-05,2026-06-29,live_metrics_json,not_checked,has_metrics,2,0,0,2,,,0,0,0,,,exact_metrics_no_cached_cdx_rows,0,0,0,0,0,0,Run a bounded exact metrics CDX check before escalating.
605,Fox Runner Adventures,http://www.kongregate.com/games/tedsanders11/fox-runner-adventures,www.kongregate.com/games/tedsanders11/fox-runner-adventures,1,5,2017-08-11,2017-08-11,2026-06-29,live_metrics_json,not_checked,has_metrics,2,0,0,2,,,0,0,0,,,exact_metrics_no_cached_cdx_rows,0,0,0,0,0,0,Run a bounded exact metrics CDX check before escalating.
606,Seas The Day,http://www.kongregate.com/games/ankhgames/seas-the-day,www.kongregate.com/games/ankhgames/seas-the-day,1,5,2017-08-17,2017-08-17,2026-06-29,live_metrics_json,not_checked,has_metrics,2,0,0,2,,,0,0,0,,,exact_metrics_no_cached_cdx_rows,0,0,0,0,0,0,Run a bounded exact metrics CDX check before escalating.
607,1010 Hex (HTML5),http://www.kongregate.com/games/zygomaticgames/1010-hex-html5,www.kongregate.com/games/zygomaticgames/1010-hex-html5,1,5,2017-08-23,2017-08-23,2026-06-29,live_metrics_json,not_checked,has_metrics,2,0,0,2,,,0,0,0,,,exact_metrics_no_cached_cdx_rows,0,0,0,0,0,0,Run a bounded exact metrics CDX check before escalating.
608,FWG Flight,http://www.kongregate.com/games/FreeWorldGroup/fwg-flight,www.kongregate.com/games/freeworldgroup/fwg-flight,1,5,2017-08-25,2017-08-25,2026-06-29,live_metrics_json,not_checked,has_metrics,2,0,0,2,,,0,0,0,,,exact_metrics_no_cached_cdx_rows,0,0,0,0,0,0,Run a bounded exact metrics CDX check before escalating.
609,Mushroom Clicker,http://www.kongregate.com/games/mushroomfanlol/mushroom-clicker,www.kongregate.com/games/mushroomfanlol/mushroom-clicker,1,5,2017-09-04,2017-09-04,2026-06-29,live_metrics_json,not_checked,has_metrics,2,0,0,2,,,0,0,0,,,exact_metrics_no_cached_cdx_rows,0,0,0,0,0,0,Run a bounded exact metrics CDX check before escalating.
610,Cute Bear Caring,http://www.kongregate.com/games/gamesforgirlz/cute-bear-caring,www.kongregate.com/games/gamesforgirlz/cute-bear-caring,1,5,2017-09-13,2017-09-13,2026-06-29,live_metrics_json,not_checked,has_metrics,2,0,0,2,,,0,0,0,,,exact_metrics_no_cached_cdx_rows,0,0,0,0,0,0,Run a bounded exact metrics CDX check before escalating.
611,Ball Temere,http://www.kongregate.com/games/Miancky/ball-temere,www.kongregate.com/games/miancky/ball-temere,1,5,2017-09-20,2017-09-20,2026-06-29,live_metrics_json,not_checked,has_metrics,2,0,0,2,,,0,0,0,,,exact_metrics_no_cached_cdx_rows,0,0,0,0,0,0,Run a bounded exact metrics CDX check before escalating.
612,The Elder Bones,http://www.kongregate.com/games/PolakX3/the-elder-bones,www.kongregate.com/games/polakx3/the-elder-bones,1,5,2017-09-30,2017-09-30,2026-06-29,live_metrics_json,not_checked,has_metrics,2,0,0,2,,,0,0,0,,,exact_metrics_no_cached_cdx_rows,0,0,0,0,0,0,Run a bounded exact metrics CDX check before escalating.
613,Foempies,http://www.kongregate.com/games/Udder/foempies,www.kongregate.com/games/udder/foempies,1,5,2017-10-08,2017-10-08,2026-06-29,live_metrics_json,not_checked,has_metrics,2,0,0,2,,,0,0,0,,,exact_metrics_no_cached_cdx_rows,0,0,0,0,0,0,Run a bounded exact metrics CDX check before escalating.
614,Asteroid Attack!,http://www.kongregate.com/games/reid_myles/asteroid-attack,www.kongregate.com/games/reid_myles/asteroid-attack,1,5,2017-10-15,2017-10-15,2026-06-29,live_metrics_json,not_checked,has_metrics,2,0,0,2,,,0,0,0,,,exact_metrics_no_cached_cdx_rows,0,0,0,0,0,0,Run a bounded exact metrics CDX check before escalating.
615,Decrepitos The Game,http://www.kongregate.com/games/mofdna/decrepitos-the-game,www.kongregate.com/games/mofdna/decrepitos-the-game,1,5,2017-10-24,2017-10-24,2026-06-29,live_metrics_json,not_checked,has_metrics,2,0,0,2,,,0,0,0,,,exact_metrics_no_cached_cdx_rows,0,0,0,0,0,0,Run a bounded exact metrics CDX check before escalating.
616,Shprot - Sprat Diet,https://www.kongregate.com/games/kbvpneofit/shprot-sprat-diet,www.kongregate.com/games/kbvpneofit/shprot-sprat-diet,1,5,2019-08-25,2019-08-25,2026-06-30,live_metrics_json,not_checked,has_metrics,2,0,0,2,,,0,0,0,,,exact_metrics_no_cached_cdx_rows,0,0,0,0,0,0,Run a bounded exact metrics CDX check before escalating.
617,Space Over Retro Community,http://www.kongregate.com/games/NeoBiel/space-over-retro-community,www.kongregate.com/games/neobiel/space-over-retro-community,1,5,2021-01-25,2021-01-25,2026-06-29,live_metrics_json,not_checked,has_metrics,2,0,0,2,,,0,0,0,,,exact_metrics_no_cached_cdx_rows,0,0,0,0,0,0,Run a bounded exact metrics CDX check before escalating.
618,LoucoLandia,https://www.kongregate.com/games/BarbaraE17/loucolandia,www.kongregate.com/games/barbarae17/loucolandia,1,5,2021-11-12,2021-11-12,2026-06-29,live_metrics_json,not_checked,has_metrics,2,0,0,2,,,0,0,0,,,exact_metrics_no_cached_cdx_rows,0,0,0,0,0,0,Run a bounded exact metrics CDX check before escalating.
619,Underworld Idle,https://www.kongregate.com/games/e_cha/underworld-idle,www.kongregate.com/games/e_cha/underworld-idle,1,5,2023-12-21,2023-12-21,2023-12-28,metrics_json,not_checked,has_metrics,2,0,0,2,,,0,0,0,,,exact_metrics_no_cached_cdx_rows,0,0,0,0,0,0,Run a bounded exact metrics CDX check before escalating.
620,Skrillex Equinox Launchpad v2.0,https://www.kongregate.com/en/games/Gothicbub/skrillex-equinox-launchpad-v2-0,www.kongregate.com/games/gothicbub/skrillex-equinox-launchpad-v2-0,1,5,2026-01-03,2026-01-03,2026-06-29,live_metrics_json,not_checked,has_metrics,2,0,0,2,,,0,0,0,,,exact_metrics_no_cached_cdx_rows,0,0,0,0,0,0,Run a bounded exact metrics CDX check before escalating.
621,Hummer Puzzle,http://www.kongregate.com/games/natalibt/hummer-puzzle,www.kongregate.com/games/natalibt/hummer-puzzle,1,7,2014-12-10,2014-12-10,,,no_page_cdx_rows,no_cdx,2,0,2,0,,,0,0,0,,,exact_metrics_no_cached_cdx_rows,26,0,0,0,55,0,Escalate to broader list/account captures or external corroboration.
622,Sands of Doom,http://www.kongregate.com/games/szunyi/sands-of-doom,www.kongregate.com/games/szunyi/sands-of-doom,1,7,2014-12-28,2014-12-28,,,no_page_cdx_rows,no_cdx,2,0,2,0,,,0,0,0,,,exact_metrics_no_cached_cdx_rows,24,0,0,0,6,0,Escalate to broader list/account captures or external corroboration.
623,Teste1,http://www.kongregate.com/games/MateusF29/teste1,www.kongregate.com/games/mateusf29/teste1,1,7,2015-09-30,2015-09-30,,,no_page_cdx_rows,no_cdx,2,0,2,0,,,0,0,0,,,exact_metrics_no_cached_cdx_rows,30,0,0,0,17,0,Escalate to broader list/account captures or external corroboration.
624,FidgetFuck,http://www.kongregate.com/games/FlyingHighSecond/fidgetfuck,www.kongregate.com/games/flyinghighsecond/fidgetfuck,1,7,2017-06-04,2017-06-04,,,no_page_cdx_rows,no_cdx,2,0,2,0,,,0,0,0,,,exact_metrics_no_cached_cdx_rows,21,0,0,0,0,0,Escalate to broader list/account captures or external corroboration.
625,Right Box,http://www.kongregate.com/games/mafagames/right-box,www.kongregate.com/games/mafagames/right-box,1,7,2017-06-16,2017-06-16,,,dynamic_metrics_placeholder,no_cdx,2,0,2,0,,,0,0,0,,,exact_metrics_no_cached_cdx_rows,20,0,0,0,46,0,Escalate to broader list/account captures or external corroboration.
626,Ball In The Cup,http://www.kongregate.com/games/mafagames/ball-in-the-cup,www.kongregate.com/games/mafagames/ball-in-the-cup,1,7,2017-07-12,2017-07-12,,,dynamic_metrics_placeholder,no_cdx,2,0,2,0,,,0,0,0,,,exact_metrics_no_cached_cdx_rows,26,0,0,0,46,0,Escalate to broader list/account captures or external corroboration.
627,Litter Monkey,http://www.kongregate.com/games/thunderstorm38/litter-monkey,www.kongregate.com/games/thunderstorm38/litter-monkey,1,7,2017-07-28,2017-07-28,,,dynamic_metrics_placeholder,no_cdx,2,0,2,0,,,0,0,0,,,exact_metrics_no_cached_cdx_rows,20,0,0,0,9,0,Escalate to broader list/account captures or external corroboration.
628,Treasure Hunt,http://www.kongregate.com/games/thunderstorm38/treasure-hunt,www.kongregate.com/games/thunderstorm38/treasure-hunt,1,7,2017-07-29,2017-07-29,,,no_page_cdx_rows,no_cdx,2,0,2,0,,,0,0,0,,,exact_metrics_no_cached_cdx_rows,28,0,0,0,9,0,Escalate to broader list/account captures or external corroboration.
629,Cloaked,http://www.kongregate.com/games/yvolcano4/cloaked,www.kongregate.com/games/yvolcano4/cloaked,1,7,2017-08-11,2017-08-11,,,dynamic_metrics_placeholder,no_cdx,2,0,2,0,,,0,0,0,,,exact_metrics_no_cached_cdx_rows,24,0,0,0,6,0,Escalate to broader list/account captures or external corroboration.
630,Dragon Dash,http://www.kongregate.com/games/mobilTR/dragon-dash,www.kongregate.com/games/mobiltr/dragon-dash,1,7,2017-11-06,2017-11-06,,,dynamic_metrics_placeholder,no_cdx,2,0,2,0,,,0,0,0,,,exact_metrics_no_cached_cdx_rows,26,0,0,0,9,0,Escalate to broader list/account captures or external corroboration.
631,In Space,https://www.kongregate.com/games/pitigamedev/in-space,www.kongregate.com/games/pitigamedev/in-space,4,9,2024-04-01,2025-10-07,2026-06-29,live_metrics_json,not_checked,has_metrics,2,0,0,2,,,0,0,0,,,exact_metrics_no_cached_cdx_rows,0,0,0,0,0,0,Run a bounded exact metrics CDX check before escalating.
632,Samsung KNOX,http://www.kongregate.com/games/CS_Dx/samsung-knox,www.kongregate.com/games/cs_dx/samsung-knox,1,8,2014-08-29,2014-08-29,,,no_page_cdx_rows,no_cdx,2,0,2,0,,,0,0,0,,,exact_metrics_no_cached_cdx_rows,25,0,0,0,0,0,Escalate to broader list/account captures or external corroboration.
633,Baby Talking Tom Great Makeover,http://www.kongregate.com/games/wowsomegames/baby-talking-tom-great-makeover,www.kongregate.com/games/wowsomegames/baby-talking-tom-great-makeover,1,8,2014-10-10,2014-10-10,,,dynamic_metrics_placeholder,no_cdx,2,0,2,0,,,0,0,0,,,exact_metrics_no_cached_cdx_rows,26,0,0,0,21,6,Escalate to broader list/account captures or external corroboration.
634,Super Mario Puzzle,http://www.kongregate.com/games/natalibt/super-mario-puzzle,www.kongregate.com/games/natalibt/super-mario-puzzle,1,8,2014-10-13,2014-10-13,,,dynamic_metrics_placeholder,no_cdx,2,0,2,0,,,0,0,0,,,exact_metrics_no_cached_cdx_rows,27,0,0,0,55,0,Escalate to broader list/account captures or external corroboration.
635,Terrorist Hunt,http://www.kongregate.com/games/szunyi/terrorist-hunt,www.kongregate.com/games/szunyi/terrorist-hunt,1,8,2014-12-28,2014-12-28,,,no_page_cdx_rows,no_cdx,2,0,2,0,,,0,0,0,,,exact_metrics_no_cached_cdx_rows,27,0,0,0,6,0,Escalate to broader list/account captures or external corroboration.
636,Wolfenstein 3D,http://www.kongregate.com/games/PaulHTML5/wolfenstein-3d,www.kongregate.com/games/paulhtml5/wolfenstein-3d,1,8,2015-09-03,2015-09-03,,,dynamic_metrics_placeholder,no_cdx,2,0,2,0,,,0,0,0,,,exact_metrics_no_cached_cdx_rows,20,0,0,0,10,0,Escalate to broader list/account captures or external corroboration.
637,Love Story,http://www.kongregate.com/games/gamesrishti/love-story,www.kongregate.com/games/gamesrishti/love-story,1,8,2015-09-09,2015-09-09,,,dynamic_metrics_placeholder,no_cdx,2,0,2,0,,,0,0,0,,,exact_metrics_no_cached_cdx_rows,20,0,0,0,60,0,Escalate to broader list/account captures or external corroboration.
638,Jogo Machão,http://www.kongregate.com/games/Beetle1/jogo-mach-o,www.kongregate.com/games/beetle1/jogo-mach-o,1,8,2015-09-30,2015-09-30,,,no_page_cdx_rows,no_cdx,2,0,2,0,,,0,0,0,,,exact_metrics_no_cached_cdx_rows,20,0,0,0,13,0,Escalate to broader list/account captures or external corroboration.
639,Untitled Game #1,http://www.kongregate.com/games/vswitch/untitled-game-1,www.kongregate.com/games/vswitch/untitled-game-1,1,8,2016-01-16,2016-01-16,,,no_page_cdx_rows,no_cdx,2,0,2,0,,,0,0,0,,,exact_metrics_no_cached_cdx_rows,20,0,0,0,0,0,Escalate to broader list/account captures or external corroboration.
640,Minifield,http://www.kongregate.com/games/JasonNumberXIII/minifield,www.kongregate.com/games/jasonnumberxiii/minifield,1,8,2017-06-25,2017-06-25,,,dynamic_metrics_placeholder,no_cdx,2,0,2,0,,,0,0,0,,,exact_metrics_no_cached_cdx_rows,20,0,0,0,66,0,Escalate to broader list/account captures or external corroboration.
641,Mighty Motors - Drag Racing,http://www.kongregate.com/games/mobilTR/mighty-motors-drag-racing,www.kongregate.com/games/mobiltr/mighty-motors-drag-racing,1,8,2017-11-06,2017-11-06,,,dynamic_metrics_placeholder,no_cdx,2,0,2,0,,,0,0,0,,,exact_metrics_no_cached_cdx_rows,20,0,0,0,9,0,Escalate to broader list/account captures or external corroboration.
642,Honey Clicker,https://www.kongregate.com/games/RedBot360/honey-clicker,www.kongregate.com/games/redbot360/honey-clicker,1,8,2019-08-25,2019-08-25,,,no_page_cdx_rows,no_cdx,2,0,2,0,,,0,0,0,,,exact_metrics_no_cached_cdx_rows,20,0,0,0,15,0,Escalate to broader list/account captures or external corroboration.
643,Incursion,http://www.kongregate.com/games/booblycCom/incursion,www.kongregate.com/games/booblyccom/incursion,55,14,2014-11-01,2019-08-04,2022-06-03,count_source_probe,not_checked,has_metrics,2,1,2,0,2022-06-03,2022-06-03,0,0,1,2022-06-03,3102209,exact_metrics_starts_after_missing_window,0,0,0,0,0,0,Exact metrics start too late; pursue broader list/account captures or external corroboration.
644,blue,https://www.kongregate.com/games/bontegames/blue,www.kongregate.com/games/bontegames/blue,4,6,2019-10-21,2019-11-19,2019-11-25,metrics_json,not_checked,has_metrics,2,0,0,2,,,0,0,0,,,exact_metrics_no_cached_cdx_rows,0,0,0,0,0,0,Run a bounded exact metrics CDX check before escalating.
645,Marketglory,http://www.kongregate.com/games/breakdo/marketglory,www.kongregate.com/games/breakdo/marketglory,1,9,2014-09-02,2014-09-02,,,no_page_cdx_rows,no_cdx,2,0,2,0,,,0,0,0,,,exact_metrics_no_cached_cdx_rows,20,0,0,0,14,0,Escalate to broader list/account captures or external corroboration.
646,Costanza Cube 2,http://www.kongregate.com/games/dmarcy/costanza-cube-2,www.kongregate.com/games/dmarcy/costanza-cube-2,1,9,2014-09-26,2014-09-26,,,dynamic_metrics_placeholder,no_cdx,2,0,2,0,,,0,0,0,,,exact_metrics_no_cached_cdx_rows,21,0,0,0,9,0,Escalate to broader list/account captures or external corroboration.
647,space mision alpha v1.0 3D,http://www.kongregate.com/games/fckn/space-mision-alpha-v1-0-3d,www.kongregate.com/games/fckn/space-mision-alpha-v1-0-3d,1,9,2014-10-09,2014-10-09,,,no_page_cdx_rows,no_cdx,2,0,2,0,,,0,0,0,,,exact_metrics_no_cached_cdx_rows,20,0,0,0,17,0,Escalate to broader list/account captures or external corroboration.
648,Clear Vision 3,http://www.kongregate.com/games/szunyi/clear-vision-3,www.kongregate.com/games/szunyi/clear-vision-3,1,9,2014-12-28,2014-12-28,,,no_page_cdx_rows,no_cdx,2,0,2,0,,,0,0,0,,,exact_metrics_no_cached_cdx_rows,20,0,0,0,6,0,Escalate to broader list/account captures or external corroboration.
649,The stupid Quiz,http://www.kongregate.com/games/Deheeteapple/the-stupid-quiz,www.kongregate.com/games/deheeteapple/the-stupid-quiz,1,9,2016-01-16,2016-01-16,,,no_page_cdx_rows,no_cdx,2,0,2,0,,,0,0,0,,,exact_metrics_no_cached_cdx_rows,26,0,0,0,0,0,Escalate to broader list/account captures or external corroboration.
650,Monster Shooter,http://www.kongregate.com/games/asad_marmash/monster-shooter,www.kongregate.com/games/asad_marmash/monster-shooter,1,9,2016-02-17,2016-02-17,,,no_page_cdx_rows,no_cdx,2,0,2,0,,,0,0,0,,,exact_metrics_no_cached_cdx_rows,20,0,0,0,16,0,Escalate to broader list/account captures or external corroboration.
651,Suns and Clouds,http://www.kongregate.com/games/LocoDiamond/suns-and-clouds,www.kongregate.com/games/locodiamond/suns-and-clouds,1,9,2016-06-29,2016-06-29,,,no_page_cdx_rows,no_cdx,2,0,2,0,,,0,0,0,,,exact_metrics_no_cached_cdx_rows,27,0,0,0,0,0,Escalate to broader list/account captures or external corroboration.
652,Coding Masters: Idle,http://www.kongregate.com/games/JGGsGames/coding-masters-idle,www.kongregate.com/games/jggsgames/coding-masters-idle,1,9,2016-08-13,2016-08-13,,,dynamic_metrics_placeholder,no_cdx,2,0,2,0,,,0,0,0,,,exact_metrics_no_cached_cdx_rows,24,0,0,0,0,0,Escalate to broader list/account captures or external corroboration.
653,Plutonium quest,http://www.kongregate.com/games/arielroler/plutonium-quest,www.kongregate.com/games/arielroler/plutonium-quest,1,9,2016-10-30,2016-10-30,,,dynamic_metrics_placeholder,no_cdx,2,0,2,0,,,0,0,0,,,exact_metrics_no_cached_cdx_rows,26,0,0,0,19,0,Escalate to broader list/account captures or external corroboration.
654,Plumber,http://www.kongregate.com/games/mafagames/plumber,www.kongregate.com/games/mafagames/plumber,1,9,2017-07-12,2017-07-12,,,dynamic_metrics_placeholder,no_cdx,2,0,2,0,,,0,0,0,,,exact_metrics_no_cached_cdx_rows,26,0,0,0,45,0,Escalate to broader list/account captures or external corroboration.
655,Flying Bird,http://www.kongregate.com/games/sherazbhatti226/flying-bird,www.kongregate.com/games/sherazbhatti226/flying-bird,1,9,2017-07-29,2017-07-29,,,no_page_cdx_rows,no_cdx,2,0,2,0,,,0,0,0,,,exact_metrics_no_cached_cdx_rows,26,0,0,0,0,0,Escalate to broader list/account captures or external corroboration.
656,Spongebob Zombies Party,http://www.kongregate.com/games/feicaigames/spongebob-zombies-party,www.kongregate.com/games/feicaigames/spongebob-zombies-party,1,9,2017-08-17,2017-08-17,,,dynamic_metrics_placeholder,no_cdx,2,0,2,0,,,0,0,0,,,exact_metrics_no_cached_cdx_rows,25,0,0,0,16,0,Escalate to broader list/account captures or external corroboration.
657,WarLight: Multi-Player,https://www.kongregate.com/games/FizzerWL/warlight-multi-player,www.kongregate.com/games/fizzerwl/warlight-multi-player,52,14,2017-04-08,2020-11-03,2020-11-12,count_source_probe,not_checked,has_metrics,2,1,2,0,2020-11-12,2020-11-12,0,0,1,2020-11-12,906405,exact_metrics_starts_after_missing_window,0,0,0,0,0,0,Exact metrics start too late; pursue broader list/account captures or external corroboration.
658,Oldschool tennis (pre-pre-BETA!),http://www.kongregate.com/games/ManCave_Studios/oldschool-tennis-pre-pre-beta,www.kongregate.com/games/mancave_studios/oldschool-tennis-pre-pre-beta,1,10,2014-10-09,2014-10-09,,,dynamic_metrics_placeholder,no_cdx,2,0,2,0,,,0,0,0,,,exact_metrics_no_cached_cdx_rows,20,0,0,0,0,0,Escalate to broader list/account captures or external corroboration.
659,Terrorist Shootout,http://www.kongregate.com/games/gamesrishti/terrorist-shootout,www.kongregate.com/games/gamesrishti/terrorist-shootout,1,10,2014-10-10,2014-10-10,,,no_page_cdx_rows,no_cdx,2,0,2,0,,,0,0,0,,,exact_metrics_no_cached_cdx_rows,20,0,0,0,60,0,Escalate to broader list/account captures or external corroboration.
660,Moto Rush,http://www.kongregate.com/games/szunyi/moto-rush,www.kongregate.com/games/szunyi/moto-rush,1,10,2014-12-28,2014-12-28,,,no_page_cdx_rows,no_cdx,2,0,2,0,,,0,0,0,,,exact_metrics_no_cached_cdx_rows,26,0,0,0,6,0,Escalate to broader list/account captures or external corroboration.
661,Fiat Police Puzzle,http://www.kongregate.com/games/natalibt/fiat-police-puzzle,www.kongregate.com/games/natalibt/fiat-police-puzzle,1,10,2015-09-15,2015-09-15,,,dynamic_metrics_placeholder,no_cdx,2,0,2,0,,,0,0,0,,,exact_metrics_no_cached_cdx_rows,21,0,0,0,55,0,Escalate to broader list/account captures or external corroboration.
662,Cadillac Police Puzzle,http://www.kongregate.com/games/natalibt/cadillac-police-puzzle,www.kongregate.com/games/natalibt/cadillac-police-puzzle,1,10,2015-09-23,2015-09-23,,,dynamic_metrics_placeholder,no_cdx,2,0,2,0,,,0,0,0,,,exact_metrics_no_cached_cdx_rows,21,0,0,0,55,0,Escalate to broader list/account captures or external corroboration.
663,stupid quiz,http://www.kongregate.com/games/deheeteappel/stupid-quiz,www.kongregate.com/games/deheeteappel/stupid-quiz,1,10,2016-01-16,2016-01-16,,,no_page_cdx_rows,no_cdx,2,0,2,0,,,0,0,0,,,exact_metrics_no_cached_cdx_rows,20,0,0,0,0,0,Escalate to broader list/account captures or external corroboration.
664,AU Modern FPS,http://www.kongregate.com/games/OneManArmy3D/au-modern-fps,www.kongregate.com/games/onemanarmy3d/au-modern-fps,1,10,2016-01-25,2016-01-25,,,dynamic_metrics_placeholder,no_cdx,2,0,2,0,,,0,0,0,,,exact_metrics_no_cached_cdx_rows,29,4,0,0,0,0,Escalate to broader list/account captures or external corroboration.
665,GeneSplicer: Hybrid Creator,http://www.kongregate.com/games/yvolcano4/genesplicer-hybrid-creator,www.kongregate.com/games/yvolcano4/genesplicer-hybrid-creator,1,10,2016-03-20,2016-03-20,,,dynamic_metrics_placeholder,no_cdx,2,0,2,0,,,0,0,0,,,exact_metrics_no_cached_cdx_rows,24,0,0,0,6,0,Escalate to broader list/account captures or external corroboration.
666,The Last Defence 2,http://www.kongregate.com/games/siddharth1281998/the-last-defence-2,www.kongregate.com/games/siddharth1281998/the-last-defence-2,1,10,2016-06-13,2016-06-13,,,dynamic_metrics_placeholder,no_cdx,2,0,2,0,,,0,0,0,,,exact_metrics_no_cached_cdx_rows,26,0,0,0,0,0,Escalate to broader list/account captures or external corroboration.
667,The Saga Of The Wind,http://www.kongregate.com/games/GhostTheFi/the-saga-of-the-wind,www.kongregate.com/games/ghostthefi/the-saga-of-the-wind,1,10,2016-06-29,2016-06-29,,,no_page_cdx_rows,no_cdx,2,0,2,0,,,0,0,0,,,exact_metrics_no_cached_cdx_rows,23,0,0,0,3,0,Escalate to broader list/account captures or external corroboration.
668,Phantom Reverse Episode 2,http://www.kongregate.com/games/JackAstral/phantom-reverse-episode-2,www.kongregate.com/games/jackastral/phantom-reverse-episode-2,1,10,2017-05-26,2017-05-26,,,dynamic_metrics_placeholder,no_cdx,2,0,2,0,,,0,0,0,,,exact_metrics_no_cached_cdx_rows,20,0,0,0,0,0,Escalate to broader list/account captures or external corroboration.
669,Fidget Clicker,http://www.kongregate.com/games/Tatemartin/fidget-clicker,www.kongregate.com/games/tatemartin/fidget-clicker,1,10,2017-06-04,2017-06-04,,,no_page_cdx_rows,no_cdx,2,0,2,0,,,0,0,0,,,exact_metrics_no_cached_cdx_rows,20,0,0,0,0,0,Escalate to broader list/account captures or external corroboration.
670,Fidget Spinner Bros,http://www.kongregate.com/games/mafagames/fidget-spinner-bros,www.kongregate.com/games/mafagames/fidget-spinner-bros,1,10,2017-07-12,2017-07-12,,,dynamic_metrics_placeholder,no_cdx,2,0,2,0,,,0,0,0,,,exact_metrics_no_cached_cdx_rows,28,0,0,0,45,0,Escalate to broader list/account captures or external corroboration.
671,Volkswagen Golf 2,http://www.kongregate.com/games/natalibt/volkswagen-golf-2,www.kongregate.com/games/natalibt/volkswagen-golf-2,1,10,2017-09-20,2017-09-20,,,dynamic_metrics_placeholder,no_cdx,2,0,2,0,,,0,0,0,,,exact_metrics_no_cached_cdx_rows,23,4,0,0,55,0,Escalate to broader list/account captures or external corroboration.
672,Kaedemus,http://www.kongregate.com/games/Mirakus/kaedemus,www.kongregate.com/games/mirakus/kaedemus,1,10,2017-10-08,2017-10-08,,,no_page_cdx_rows,no_cdx,2,0,2,0,,,0,0,0,,,exact_metrics_no_cached_cdx_rows,26,0,0,0,0,0,Escalate to broader list/account captures or external corroboration.
673,Castles N' Knights,https://www.kongregate.com/games/RedBot360/castles-n-knights,www.kongregate.com/games/redbot360/castles-n-knights,1,10,2019-08-25,2019-08-25,,,no_page_cdx_rows,no_cdx,2,0,2,0,,,0,0,0,,,exact_metrics_no_cached_cdx_rows,23,0,0,0,15,0,Escalate to broader list/account captures or external corroboration.
674,Transmission,http://www.kongregate.com/games/ScienceMuseum/transmission,www.kongregate.com/games/sciencemuseum/transmission,5,8,2014-11-01,2014-12-02,2018-02-18,count_source_probe,not_checked,has_metrics,2,1,2,0,2018-02-18,2018-02-18,0,0,1,2018-02-18,578252,exact_metrics_starts_after_missing_window,0,0,0,0,0,0,Exact metrics start too late; pursue broader list/account captures or external corroboration.
675,Shop Heroes,http://www.kongregate.com/games/cloudcade/shop-heroes,www.kongregate.com/games/cloudcade/shop-heroes,9,10,2015-10-29,2017-06-24,2018-02-14,count_source_probe,not_checked,has_metrics,2,4,2,0,2018-02-14,2022-04-13,0,0,4,2018-02-14,7949314,exact_metrics_starts_after_missing_window,0,0,0,0,0,0,Exact metrics start too late; pursue broader list/account captures or external corroboration.
676,Akaneiro,http://www.kongregate.com/games/Spicyhorse/akaneiro,www.kongregate.com/games/spicyhorse/akaneiro,18,10,2014-12-27,2016-11-19,2018-03-04,count_source_probe,not_checked,has_metrics,2,1,2,0,2018-03-04,2018-03-04,0,0,1,2018-03-04,953427,exact_metrics_starts_after_missing_window,0,0,0,0,0,0,Exact metrics start too late; pursue broader list/account captures or external corroboration.
677,Straw Hat Samurai: Duels,https://www.kongregate.com/games/Lutgames/straw-hat-samurai-duels,www.kongregate.com/games/lutgames/straw-hat-samurai-duels,3,8,2017-04-08,2018-06-25,2018-12-19,metrics_json,not_checked,has_metrics,2,0,0,2,,,0,0,0,,,exact_metrics_no_cached_cdx_rows,0,0,0,0,0,0,Run a bounded exact metrics CDX check before escalating.
678,Tanki Online,http://www.kongregate.com/games/tankionlineuser/tanki-online,www.kongregate.com/games/tankionlineuser/tanki-online,3,8,2017-04-08,2017-04-15,2018-03-16,metrics_json,not_checked,has_metrics,2,0,0,2,,,0,0,0,,,exact_metrics_no_cached_cdx_rows,0,0,0,0,0,0,Run a bounded exact metrics CDX check before escalating.
679,Squid Ink,http://www.kongregate.com/games/LollygagGames/squid-ink,www.kongregate.com/games/lollygaggames/squid-ink,3,8,2017-11-01,2017-11-08,2018-05-16,metrics_json,not_checked,has_metrics,2,0,0,2,,,0,0,0,,,exact_metrics_no_cached_cdx_rows,0,0,0,0,0,0,Run a bounded exact metrics CDX check before escalating.
680,Gravitee Wars Online,http://www.kongregate.com/games/FunkyPear/gravitee-wars-online,www.kongregate.com/games/funkypear/gravitee-wars-online,16,10,2014-10-03,2014-10-24,2020-04-29,count_source_probe,not_checked,has_metrics,2,18,2,0,2020-04-29,2024-09-29,0,0,4,2020-04-29,2088795,exact_metrics_starts_after_missing_window,0,0,0,0,0,0,Exact metrics start too late; pursue broader list/account captures or external corroboration.
681,Transport Defender,http://www.kongregate.com/games/IDNoise/transport-defender,www.kongregate.com/games/idnoise/transport-defender,22,9,2015-07-26,2017-04-08,2018-03-15,count_source_probe,not_checked,has_metrics,2,6,2,0,2018-03-15,2024-02-23,0,0,4,2018-03-15,1600108,exact_metrics_starts_after_missing_window,0,0,0,0,0,0,Exact metrics start too late; pursue broader list/account captures or external corroboration.
682,Idle Evolution,http://www.kongregate.com/games/NewProject1/idle-evolution,www.kongregate.com/games/newproject1/idle-evolution,8,8,2015-02-16,2015-04-01,2020-10-20,count_source_probe,not_checked,has_metrics,2,10,2,0,2020-10-20,2025-04-24,0,0,4,2020-10-20,2523061,exact_metrics_starts_after_missing_window,0,0,0,0,0,0,Exact metrics start too late; pursue broader list/account captures or external corroboration.
683,Blush Blush,https://www.kongregate.com/games/SadPandaStudios/blush-blush,www.kongregate.com/games/sadpandastudios/blush-blush,35,11,2020-11-01,2022-12-06,2023-02-14,count_source_probe,not_checked,has_metrics,2,6,2,0,2023-02-14,2024-12-24,0,0,3,2023-02-14,496791,exact_metrics_starts_after_missing_window,0,0,0,0,0,0,Exact metrics start too late; pursue broader list/account captures or external corroboration.
684,Rush Team Free FPS Multiplayers,https://www.kongregate.com/games/rokawar/rush-team-free-fps-multiplayers,www.kongregate.com/games/rokawar/rush-team-free-fps-multiplayers,2,6,2017-03-04,2017-03-11,2019-11-01,metrics_json,not_checked,has_metrics,2,0,0,2,,,0,0,0,,,exact_metrics_no_cached_cdx_rows,0,0,0,0,0,0,Run a bounded exact metrics CDX check before escalating.
685,Red Remover Player Pack,http://www.kongregate.com/games/TheGameHomepage/red-remover-player-pack,www.kongregate.com/games/thegamehomepage/red-remover-player-pack,33,11,2014-08-22,2016-04-12,2024-05-06,count_source_probe,not_checked,has_metrics,2,3,2,0,2024-05-06,2024-12-13,0,0,3,2024-05-06,635225,exact_metrics_starts_after_missing_window,0,0,0,0,0,0,Exact metrics start too late; pursue broader list/account captures or external corroboration.
686,Swimwear Store,http://www.kongregate.com/games/games2girls/swimwear-store,www.kongregate.com/games/games2girls/swimwear-store,2,11,2014-09-19,2014-09-19,,,dynamic_metrics_placeholder,no_cdx,2,0,2,0,,,0,0,0,,,exact_metrics_no_cached_cdx_rows,24,0,0,0,51,0,Escalate to broader list/account captures or external corroboration.
687,Demon War: Idle Rebellion,http://www.kongregate.com/games/ColdCoreStudios/demon-war-idle-rebellion,www.kongregate.com/games/coldcorestudios/demon-war-idle-rebellion,6,9,2016-12-22,2017-03-04,2021-10-14,count_source_probe,not_checked,has_metrics,2,1,2,0,2021-10-14,2021-10-14,0,0,1,2021-10-14,751755,exact_metrics_starts_after_missing_window,0,0,0,0,0,0,Exact metrics start too late; pursue broader list/account captures or external corroboration.
688,StrormFall,http://www.kongregate.com/games/havetime02/strormfall,www.kongregate.com/games/havetime02/strormfall,1,11,2014-09-02,2014-09-02,,,no_page_cdx_rows,no_cdx,2,0,2,0,,,0,0,0,,,exact_metrics_no_cached_cdx_rows,20,0,0,0,0,0,Escalate to broader list/account captures or external corroboration.
689,Stalked Incubus,http://www.kongregate.com/games/HendrikSchiffer/stalked-incubus,www.kongregate.com/games/hendrikschiffer/stalked-incubus,1,11,2014-10-17,2014-10-17,,,dynamic_metrics_placeholder,no_cdx,2,0,2,0,,,0,0,0,,,exact_metrics_no_cached_cdx_rows,27,0,0,0,0,0,Escalate to broader list/account captures or external corroboration.
690,Jaguar Puzzle,http://www.kongregate.com/games/natalibt/jaguar-puzzle,www.kongregate.com/games/natalibt/jaguar-puzzle,1,11,2014-12-17,2014-12-17,,,no_page_cdx_rows,no_cdx,2,0,2,0,,,0,0,0,,,exact_metrics_no_cached_cdx_rows,25,0,0,0,55,0,Escalate to broader list/account captures or external corroboration.
691,Dental Surgery,http://www.kongregate.com/games/szunyi/dental-surgery,www.kongregate.com/games/szunyi/dental-surgery,1,11,2014-12-28,2014-12-28,,,no_page_cdx_rows,no_cdx,2,0,2,0,,,0,0,0,,,exact_metrics_no_cached_cdx_rows,20,0,0,0,0,0,Escalate to broader list/account captures or external corroboration.
692,100 tons of Coal,http://www.kongregate.com/games/Palazoles/100-tons-of-coal,www.kongregate.com/games/palazoles/100-tons-of-coal,1,11,2015-09-15,2015-09-15,,,dynamic_metrics_placeholder,no_cdx,2,0,2,0,,,0,0,0,,,exact_metrics_no_cached_cdx_rows,20,0,0,0,14,0,Escalate to broader list/account captures or external corroboration.
693,basic car behavior,http://www.kongregate.com/games/munoz20/basic-car-behavior,www.kongregate.com/games/munoz20/basic-car-behavior,1,11,2015-12-26,2015-12-26,,,no_page_cdx_rows,no_cdx,2,0,2,0,,,0,0,0,,,exact_metrics_no_cached_cdx_rows,26,0,0,0,17,0,Escalate to broader list/account captures or external corroboration.
694,Color Switch,http://www.kongregate.com/games/OneOnlineGames/color-switch,www.kongregate.com/games/oneonlinegames/color-switch,1,11,2016-02-17,2016-02-17,,,dynamic_metrics_placeholder,no_cdx,2,0,2,0,,,0,0,0,,,exact_metrics_no_cached_cdx_rows,20,0,0,0,0,0,Escalate to broader list/account captures or external corroboration.
695,Ford Hidden Car Tires,http://www.kongregate.com/games/natalibt/ford-hidden-car-tires,www.kongregate.com/games/natalibt/ford-hidden-car-tires,1,11,2016-07-14,2016-07-14,,,dynamic_metrics_placeholder,no_cdx,2,0,2,0,,,0,0,0,,,exact_metrics_no_cached_cdx_rows,27,0,0,0,55,0,Escalate to broader list/account captures or external corroboration.
696,Heroes of Myths,http://www.kongregate.com/games/robbert4/heroes-of-myths,www.kongregate.com/games/robbert4/heroes-of-myths,1,11,2017-05-05,2017-05-05,,,dynamic_metrics_placeholder,no_cdx,2,0,2,0,,,0,0,0,,,exact_metrics_no_cached_cdx_rows,23,0,0,0,0,0,Escalate to broader list/account captures or external corroboration.
697,Plants vs. Zombies: Apocalypse,http://www.kongregate.com/games/jonthegreat711/plants-vs-zombies-apocalypse,www.kongregate.com/games/jonthegreat711/plants-vs-zombies-apocalypse,1,11,2017-07-12,2017-07-12,,,dynamic_metrics_placeholder,no_cdx,2,0,2,0,,,0,0,0,,,exact_metrics_no_cached_cdx_rows,20,0,0,0,0,0,Escalate to broader list/account captures or external corroboration.
698,Bottle Flip Challenge,http://www.kongregate.com/games/mafagames/bottle-flip-challenge,www.kongregate.com/games/mafagames/bottle-flip-challenge,1,11,2017-09-20,2017-09-20,,,no_page_cdx_rows,no_cdx,2,0,2,0,,,0,0,0,,,exact_metrics_no_cached_cdx_rows,24,0,0,0,45,0,Escalate to broader list/account captures or external corroboration.
699,Computer Evolution,http://www.kongregate.com/games/joao8991/computer-evolution,www.kongregate.com/games/joao8991/computer-evolution,3,8,2017-03-11,2017-04-01,2019-04-16,metrics_json,not_checked,has_metrics,2,0,0,2,,,0,0,0,,,exact_metrics_no_cached_cdx_rows,0,0,0,0,0,0,Run a bounded exact metrics CDX check before escalating.
700,SAS: Zombie Assault 3,http://www.kongregate.com/games/Ninjakiwi/sas-zombie-assault-3,www.kongregate.com/games/ninjakiwi/sas-zombie-assault-3,40,15,2014-08-29,2016-03-01,2016-03-07,count_source_probe,not_checked,has_metrics,2,28,2,0,2016-03-07,2023-11-06,0,0,4,2016-03-07,3993172,exact_metrics_starts_after_missing_window,0,0,0,0,0,0,Exact metrics start too late; pursue broader list/account captures or external corroboration.
701,Time Clickers,http://www.kongregate.com/games/ProtonStudio/time-clickers,www.kongregate.com/games/protonstudio/time-clickers,5,9,2015-03-29,2015-07-26,2019-02-13,count_source_probe,not_checked,has_metrics,2,8,2,0,2019-02-13,2025-03-30,0,0,4,2019-02-13,1928651,exact_metrics_starts_after_missing_window,0,0,0,0,0,0,Exact metrics start too late; pursue broader list/account captures or external corroboration.
702,Idle Raiders: Second Run,http://www.kongregate.com/games/pitforest/idle-raiders-second-run,www.kongregate.com/games/pitforest/idle-raiders-second-run,2,8,2017-04-01,2017-04-15,2017-08-30,metrics_json,not_checked,has_metrics,2,0,0,2,,,0,0,0,,,exact_metrics_no_cached_cdx_rows,0,0,0,0,0,0,Run a bounded exact metrics CDX check before escalating.
703,Hexologic,https://www.kongregate.com/games/mythicowl/hexologic,www.kongregate.com/games/mythicowl/hexologic,2,8,2019-02-01,2019-02-01,2019-02-05,metrics_json,not_checked,has_metrics,2,0,0,2,,,0,0,0,,,exact_metrics_no_cached_cdx_rows,0,0,0,0,0,0,Run a bounded exact metrics CDX check before escalating.
704,Tap Tap Infinity,http://www.kongregate.com/games/TapTapInfinity/tap-tap-infinity,www.kongregate.com/games/taptapinfinity/tap-tap-infinity,2,12,2015-01-03,2015-01-18,,,dynamic_metrics_placeholder,no_cdx,2,0,2,0,,,0,0,0,,,exact_metrics_no_cached_cdx_rows,17,2,0,0,0,0,Escalate to broader list/account captures or external corroboration.
705,BigFarm Online(Sweden),http://www.kongregate.com/games/surre02/bigfarm-online-sweden,www.kongregate.com/games/surre02/bigfarm-online-sweden,1,12,2014-09-05,2014-09-05,,,no_page_cdx_rows,no_cdx,2,0,2,0,,,0,0,0,,,exact_metrics_no_cached_cdx_rows,25,0,0,0,0,0,Escalate to broader list/account captures or external corroboration.
706,Zinku - Kuiz nga Kimia,http://www.kongregate.com/games/del7244009/zinku-kuiz-nga-kimia,www.kongregate.com/games/del7244009/zinku-kuiz-nga-kimia,1,12,2015-09-03,2015-09-03,,,dynamic_metrics_placeholder,no_cdx,2,0,2,0,,,0,0,0,,,exact_metrics_no_cached_cdx_rows,20,0,0,0,15,0,Escalate to broader list/account captures or external corroboration.
707,Alfa Romeo Brera Puzzle,http://www.kongregate.com/games/natalibt/alfa-romeo-brera-puzzle,www.kongregate.com/games/natalibt/alfa-romeo-brera-puzzle,1,12,2015-09-23,2015-09-23,,,dynamic_metrics_placeholder,no_cdx,2,0,2,0,,,0,0,0,,,exact_metrics_no_cached_cdx_rows,28,0,0,0,55,0,Escalate to broader list/account captures or external corroboration.
708,Powerblocks,http://www.kongregate.com/games/mafagames/powerblocks,www.kongregate.com/games/mafagames/powerblocks,1,12,2016-05-23,2016-05-23,,,dynamic_metrics_placeholder,no_cdx,2,0,2,0,,,0,0,0,,,exact_metrics_no_cached_cdx_rows,20,0,0,0,45,0,Escalate to broader list/account captures or external corroboration.
709,Virus Attack,http://www.kongregate.com/games/mafagames/virus-attack,www.kongregate.com/games/mafagames/virus-attack,1,12,2016-05-24,2016-05-24,,,no_page_cdx_rows,no_cdx,2,0,2,0,,,0,0,0,,,exact_metrics_no_cached_cdx_rows,28,0,0,0,45,0,Escalate to broader list/account captures or external corroboration.
710,Dinamic Chess,http://www.kongregate.com/games/niconosave/dinamic-chess,www.kongregate.com/games/niconosave/dinamic-chess,1,12,2016-10-04,2016-10-04,,,no_page_cdx_rows,no_cdx,2,0,2,0,,,0,0,0,,,exact_metrics_no_cached_cdx_rows,23,0,0,0,0,0,Escalate to broader list/account captures or external corroboration.
711,Paradise,http://www.kongregate.com/games/spacegrid/paradise,www.kongregate.com/games/spacegrid/paradise,1,12,2017-05-25,2017-05-25,,,no_page_cdx_rows,no_cdx,2,0,2,0,,,0,0,0,,,exact_metrics_no_cached_cdx_rows,28,0,0,0,0,0,Escalate to broader list/account captures or external corroboration.
712,You Are Getting Tired,http://www.kongregate.com/games/SelfishDream/you-are-getting-tired,www.kongregate.com/games/selfishdream/you-are-getting-tired,1,12,2017-06-16,2017-06-16,,,no_page_cdx_rows,no_cdx,2,0,2,0,,,0,0,0,,,exact_metrics_no_cached_cdx_rows,20,0,0,0,0,0,Escalate to broader list/account captures or external corroboration.
713,Agents of Mayhem: Splatter Effect,http://www.kongregate.com/games/rheyank/agents-of-mayhem-splatter-effect,www.kongregate.com/games/rheyank/agents-of-mayhem-splatter-effect,1,12,2017-07-28,2017-07-28,,,dynamic_metrics_placeholder,no_cdx,2,0,2,0,,,0,0,0,,,exact_metrics_no_cached_cdx_rows,28,0,0,0,18,0,Escalate to broader list/account captures or external corroboration.
714,Freekick Training,http://www.kongregate.com/games/mafagames/freekick-training,www.kongregate.com/games/mafagames/freekick-training,1,12,2017-09-13,2017-09-13,,,dynamic_metrics_placeholder,no_cdx,2,0,2,0,,,0,0,0,,,exact_metrics_no_cached_cdx_rows,20,0,0,0,45,0,Escalate to broader list/account captures or external corroboration.
715,Zombie Buster,http://www.kongregate.com/games/mafagames/zombie-buster,www.kongregate.com/games/mafagames/zombie-buster,1,12,2017-09-20,2017-09-20,,,no_page_cdx_rows,no_cdx,2,0,2,0,,,0,0,0,,,exact_metrics_no_cached_cdx_rows,20,0,0,0,45,0,Escalate to broader list/account captures or external corroboration.
716,Super Monday Night Combat,http://www.kongregate.com/games/uberent/super-monday-night-combat,www.kongregate.com/games/uberent/super-monday-night-combat,28,11,2014-08-22,2016-08-17,2023-12-12,count_source_probe,not_checked,has_metrics,2,1,2,0,2023-12-12,2023-12-12,0,0,1,2023-12-12,60628,exact_metrics_starts_after_missing_window,0,0,0,0,0,0,Exact metrics start too late; pursue broader list/account captures or external corroboration.
717,Mike Shadow: I Paid For It! (Mochi Premiums),http://www.kongregate.com/games/Allkiko1/mike-shadow-i-paid-for-it-mochi-premiums,www.kongregate.com/games/allkiko1/mike-shadow-i-paid-for-it-mochi-premiums,3,13,2017-04-01,2017-04-15,,,dynamic_metrics_placeholder,no_cdx,2,0,2,0,,,0,0,0,,,exact_metrics_no_cached_cdx_rows,12,4,0,0,0,0,Escalate to broader list/account captures or external corroboration.
718,Man or Monster,http://www.kongregate.com/games/miniclip/man-or-monster,www.kongregate.com/games/miniclip/man-or-monster,30,12,2015-04-30,2017-04-15,2018-03-08,count_source_probe,not_checked,has_metrics,2,4,2,0,2018-03-08,2024-03-08,0,0,4,2018-03-08,411295,exact_metrics_starts_after_missing_window,0,0,0,0,0,0,Exact metrics start too late; pursue broader list/account captures or external corroboration.
719,GravityHunt,http://www.kongregate.com/games/GravityHunt/gravityhunt,www.kongregate.com/games/gravityhunt/gravityhunt,1,13,2014-09-14,2014-09-14,,,dynamic_metrics_placeholder,no_cdx,2,0,2,0,,,0,0,0,,,exact_metrics_no_cached_cdx_rows,28,0,0,0,0,0,Escalate to broader list/account captures or external corroboration.
720,Plants Attack,http://www.kongregate.com/games/xiatiandaole/plants-attack,www.kongregate.com/games/xiatiandaole/plants-attack,1,13,2014-10-10,2014-10-10,,,dynamic_metrics_placeholder,no_cdx,2,0,2,0,,,0,0,0,,,exact_metrics_no_cached_cdx_rows,20,0,0,0,18,0,Escalate to broader list/account captures or external corroboration.
721,The FPS Training PreAlpha,http://www.kongregate.com/games/HLoKHaMZ/the-fps-training-prealpha,www.kongregate.com/games/hlokhamz/the-fps-training-prealpha,1,13,2014-10-17,2014-10-17,,,no_page_cdx_rows,no_cdx,2,0,2,0,,,0,0,0,,,exact_metrics_no_cached_cdx_rows,28,0,0,0,0,0,Escalate to broader list/account captures or external corroboration.
722,Kuizi Biologjia - Pjesa e 3,http://www.kongregate.com/games/del7244009/kuizi-biologjia-pjesa-e-3,www.kongregate.com/games/del7244009/kuizi-biologjia-pjesa-e-3,1,13,2015-09-03,2015-09-03,,,dynamic_metrics_placeholder,no_cdx,2,0,2,0,,,0,0,0,,,exact_metrics_no_cached_cdx_rows,25,0,0,0,15,0,Escalate to broader list/account captures or external corroboration.
723,TDS game 2,http://www.kongregate.com/games/munoz20/tds-game-2,www.kongregate.com/games/munoz20/tds-game-2,1,13,2015-12-26,2015-12-26,,,no_page_cdx_rows,no_cdx,2,0,2,0,,,0,0,0,,,exact_metrics_no_cached_cdx_rows,29,0,0,0,17,0,Escalate to broader list/account captures or external corroboration.
724,Death Soul,http://www.kongregate.com/games/mafagames/death-soul,www.kongregate.com/games/mafagames/death-soul,1,13,2016-05-06,2016-05-06,,,dynamic_metrics_placeholder,no_cdx,2,0,2,0,,,0,0,0,,,exact_metrics_no_cached_cdx_rows,20,0,0,0,45,0,Escalate to broader list/account captures or external corroboration.
725,Super Cowboy Run,http://www.kongregate.com/games/mafagames/super-cowboy-run,www.kongregate.com/games/mafagames/super-cowboy-run,1,13,2016-05-23,2016-05-23,,,no_page_cdx_rows,no_cdx,2,0,2,0,,,0,0,0,,,exact_metrics_no_cached_cdx_rows,26,0,0,0,45,0,Escalate to broader list/account captures or external corroboration.
726,Jumpy Shark,http://www.kongregate.com/games/mafagames/jumpy-shark,www.kongregate.com/games/mafagames/jumpy-shark,1,13,2016-05-24,2016-05-24,,,no_page_cdx_rows,no_cdx,2,0,2,0,,,0,0,0,,,exact_metrics_no_cached_cdx_rows,20,0,0,0,42,0,Escalate to broader list/account captures or external corroboration.
727,Gray Tank,http://www.kongregate.com/games/domjotebit/gray-tank,www.kongregate.com/games/domjotebit/gray-tank,1,13,2016-06-05,2016-06-05,,,dynamic_metrics_placeholder,no_cdx,2,0,2,0,,,0,0,0,,,exact_metrics_no_cached_cdx_rows,20,0,0,0,0,0,Escalate to broader list/account captures or external corroboration.
728,Idle Game Dev,http://www.kongregate.com/games/Blobzone/idle-game-dev,www.kongregate.com/games/blobzone/idle-game-dev,1,13,2016-07-20,2016-07-20,,,dynamic_metrics_placeholder,no_cdx,2,0,2,0,,,0,0,0,,,exact_metrics_no_cached_cdx_rows,20,0,0,0,0,0,Escalate to broader list/account captures or external corroboration.
729,Guerra de Quatro Mundos clique em [♥Like],http://www.kongregate.com/games/Maury71/guerra-de-quatro-mundos-clique-em-like,www.kongregate.com/games/maury71/guerra-de-quatro-mundos-clique-em-like,1,13,2016-08-28,2016-08-28,,,no_page_cdx_rows,no_cdx,2,0,2,0,,,0,0,0,,,exact_metrics_no_cached_cdx_rows,29,0,0,0,0,0,Escalate to broader list/account captures or external corroboration.
730,Hold Position 2: Medieval,http://www.kongregate.com/games/mafagames/hold-position-2-medieval,www.kongregate.com/games/mafagames/hold-position-2-medieval,1,13,2016-10-10,2016-10-10,,,dynamic_metrics_placeholder,no_cdx,2,0,2,0,,,0,0,0,,,exact_metrics_no_cached_cdx_rows,20,0,0,0,42,0,Escalate to broader list/account captures or external corroboration.
731,Colotap,http://www.kongregate.com/games/Palazoles/colotap,www.kongregate.com/games/palazoles/colotap,1,13,2016-10-30,2016-10-30,,,no_page_cdx_rows,no_cdx,2,0,2,0,,,0,0,0,,,exact_metrics_no_cached_cdx_rows,29,0,0,0,0,0,Escalate to broader list/account captures or external corroboration.
732,Snake And Blocks,http://www.kongregate.com/games/mafagames/snake-and-blocks,www.kongregate.com/games/mafagames/snake-and-blocks,1,13,2017-07-20,2017-07-20,,,dynamic_metrics_placeholder,no_cdx,2,0,2,0,,,0,0,0,,,exact_metrics_no_cached_cdx_rows,20,0,0,0,42,0,Escalate to broader list/account captures or external corroboration.
733,"101: A Video Game about Video Games (okay, a really early one)",http://www.kongregate.com/games/wigardju/101-a-video-game-about-video-games-okay-a-really-early-one,www.kongregate.com/games/wigardju/101-a-video-game-about-video-games-okay-a-really-early-one,1,13,2017-08-05,2017-08-05,,,no_page_cdx_rows,no_cdx,2,0,2,0,,,0,0,0,,,exact_metrics_no_cached_cdx_rows,20,0,0,0,0,0,Escalate to broader list/account captures or external corroboration.
734,Shoot the Roy Minions,http://www.kongregate.com/games/coolstronggames/shoot-the-roy-minions,www.kongregate.com/games/coolstronggames/shoot-the-roy-minions,1,13,2017-08-17,2017-08-17,,,dynamic_metrics_placeholder,no_cdx,2,0,2,0,,,0,0,0,,,exact_metrics_no_cached_cdx_rows,20,0,0,0,0,0,Escalate to broader list/account captures or external corroboration.
735,Ninja Balance,http://www.kongregate.com/games/mafagames/ninja-balance,www.kongregate.com/games/mafagames/ninja-balance,1,13,2017-08-23,2017-08-23,,,dynamic_metrics_placeholder,no_cdx,2,0,2,0,,,0,0,0,,,exact_metrics_no_cached_cdx_rows,20,0,0,0,42,0,Escalate to broader list/account captures or external corroboration.
736,Fighting For Glorton 1.2v,http://www.kongregate.com/games/Zueirao34/fighting-for-glorton-1-2v,www.kongregate.com/games/zueirao34/fighting-for-glorton-1-2v,1,13,2017-09-04,2017-09-04,,,dynamic_metrics_placeholder,no_cdx,2,0,2,0,,,0,0,0,,,exact_metrics_no_cached_cdx_rows,20,0,0,0,6,0,Escalate to broader list/account captures or external corroboration.
737,Tangrid,http://www.kongregate.com/games/mafagames/tangrid,www.kongregate.com/games/mafagames/tangrid,1,13,2017-09-13,2017-09-13,,,dynamic_metrics_placeholder,no_cdx,2,0,2,0,,,0,0,0,,,exact_metrics_no_cached_cdx_rows,20,0,0,0,42,0,Escalate to broader list/account captures or external corroboration.
738,Break The Line,http://www.kongregate.com/games/mafagames/break-the-line,www.kongregate.com/games/mafagames/break-the-line,1,13,2017-09-20,2017-09-20,,,no_page_cdx_rows,no_cdx,2,0,2,0,,,0,0,0,,,exact_metrics_no_cached_cdx_rows,20,0,0,0,42,0,Escalate to broader list/account captures or external corroboration.
739,Gold Miner Jack 2,https://www.kongregate.com/games/crazyschoolgames/gold-miner-jack-2,www.kongregate.com/games/crazyschoolgames/gold-miner-jack-2,1,13,2019-08-25,2019-08-25,,,no_page_cdx_rows,no_cdx,2,0,2,0,,,0,0,0,,,exact_metrics_no_cached_cdx_rows,29,0,0,0,0,0,Escalate to broader list/account captures or external corroboration.
740,Tetristeroids,http://www.kongregate.com/games/benbrunton/tetristeroids,www.kongregate.com/games/benbrunton/tetristeroids,2,6,2014-09-19,2014-09-19,2026-06-30,live_metrics_json,not_checked,has_metrics,2,0,0,2,,,0,0,0,,,exact_metrics_no_cached_cdx_rows,0,0,0,0,0,0,Run a bounded exact metrics CDX check before escalating.
741,Mecha Galaxy,https://www.kongregate.com/games/VictoryAwaits/mecha-galaxy,www.kongregate.com/games/victoryawaits/mecha-galaxy,2,10,2024-10-04,2024-10-08,2026-07-01,live_metrics_json,dynamic_metrics_placeholder,has_metrics,2,0,1,1,,,0,0,0,,,exact_metrics_no_cached_cdx_rows,0,0,0,0,0,0,Run a bounded exact metrics CDX check before escalating.
742,Boxing Random,https://www.kongregate.com/games/rhminteractive/boxing-random,www.kongregate.com/games/rhminteractive/boxing-random,2,10,2025-03-22,2025-03-26,2026-07-01,live_metrics_json,dynamic_metrics_placeholder,has_metrics,2,0,1,1,,,0,0,0,,,exact_metrics_no_cached_cdx_rows,0,0,0,0,0,0,Run a bounded exact metrics CDX check before escalating.
743,SPLAT DEATH SALAD,https://www.kongregate.com/games/SophieHoulden/splat-death-salad,www.kongregate.com/games/sophiehoulden/splat-death-salad,24,11,2016-11-07,2019-05-08,2019-05-13,count_source_probe,not_checked,has_metrics,2,1,2,0,2019-05-13,2019-05-13,0,0,1,2019-05-13,492621,exact_metrics_starts_after_missing_window,0,0,0,0,0,0,Exact metrics start too late; pursue broader list/account captures or external corroboration.
744,Run Hikari Run,http://www.kongregate.com/games/MrYayak/run-hikari-run,www.kongregate.com/games/mryayak/run-hikari-run,1,6,2014-08-22,2014-08-22,2026-06-30,live_metrics_json,not_checked,has_metrics,2,0,0,2,,,0,0,0,,,exact_metrics_no_cached_cdx_rows,0,0,0,0,0,0,Run a bounded exact metrics CDX check before escalating.
745,The Swordman,http://www.kongregate.com/games/TheGameFather/the-swordman,www.kongregate.com/games/thegamefather/the-swordman,1,6,2014-08-26,2014-08-26,2026-06-30,live_metrics_json,not_checked,has_metrics,2,0,0,2,,,0,0,0,,,exact_metrics_no_cached_cdx_rows,0,0,0,0,0,0,Run a bounded exact metrics CDX check before escalating.
746,Secret Cave Escape,http://www.kongregate.com/games/Enagamess/secret-cave-escape,www.kongregate.com/games/enagamess/secret-cave-escape,1,6,2014-09-02,2014-09-02,2026-06-30,live_metrics_json,not_checked,has_metrics,2,0,0,2,,,0,0,0,,,exact_metrics_no_cached_cdx_rows,0,0,0,0,0,0,Run a bounded exact metrics CDX check before escalating.
747,Gold Miner Slots,http://www.kongregate.com/games/TreSensa/gold-miner-slots,www.kongregate.com/games/tresensa/gold-miner-slots,1,6,2014-09-05,2014-09-05,2026-06-30,live_metrics_json,not_checked,has_metrics,2,0,0,2,,,0,0,0,,,exact_metrics_no_cached_cdx_rows,0,0,0,0,0,0,Run a bounded exact metrics CDX check before escalating.
748,Space Flash,http://www.kongregate.com/games/spectr_006/space-flash,www.kongregate.com/games/spectr_006/space-flash,1,6,2014-09-12,2014-09-12,2026-06-30,live_metrics_json,not_checked,has_metrics,2,0,0,2,,,0,0,0,,,exact_metrics_no_cached_cdx_rows,0,0,0,0,0,0,Run a bounded exact metrics CDX check before escalating.
749,Idle Artisian Miner(Beta2),http://www.kongregate.com/games/CremeenGraphics/idle-artisian-miner-beta2,www.kongregate.com/games/cremeengraphics/idle-artisian-miner-beta2,1,6,2014-09-14,2014-09-14,2026-06-30,live_metrics_json,not_checked,has_metrics,2,0,0,2,,,0,0,0,,,exact_metrics_no_cached_cdx_rows,0,0,0,0,0,0,Run a bounded exact metrics CDX check before escalating.
750,Sir. Killer,http://www.kongregate.com/games/galaxymika/sir-killer,www.kongregate.com/games/galaxymika/sir-killer,1,6,2014-09-19,2014-09-19,2026-06-30,live_metrics_json,not_checked,has_metrics,2,0,0,2,,,0,0,0,,,exact_metrics_no_cached_cdx_rows,0,0,0,0,0,0,Run a bounded exact metrics CDX check before escalating.
751,Test Game 1,http://www.kongregate.com/games/mandheer/test-game-1,www.kongregate.com/games/mandheer/test-game-1,1,6,2014-09-20,2014-09-20,2026-06-30,live_metrics_json,not_checked,has_metrics,2,0,0,2,,,0,0,0,,,exact_metrics_no_cached_cdx_rows,0,0,0,0,0,0,Run a bounded exact metrics CDX check before escalating.
752,Bunny Defender,http://www.kongregate.com/games/MujahidK2/bunny-defender,www.kongregate.com/games/mujahidk2/bunny-defender,1,6,2014-09-26,2014-09-26,2026-06-30,live_metrics_json,not_checked,has_metrics,2,0,0,2,,,0,0,0,,,exact_metrics_no_cached_cdx_rows,0,0,0,0,0,0,Run a bounded exact metrics CDX check before escalating.
753,Burning World,http://www.kongregate.com/games/LightwellGames/burning-world,www.kongregate.com/games/lightwellgames/burning-world,1,6,2014-09-26,2014-09-26,2026-06-30,live_metrics_json,not_checked,has_metrics,2,0,0,2,,,0,0,0,,,exact_metrics_no_cached_cdx_rows,0,0,0,0,0,0,Run a bounded exact metrics CDX check before escalating.
754,BCS`S Runner,http://www.kongregate.com/games/carter101/bcs-s-runner,www.kongregate.com/games/carter101/bcs-s-runner,1,6,2014-10-04,2014-10-04,2026-06-29,live_metrics_json,not_checked,has_metrics,2,0,0,2,,,0,0,0,,,exact_metrics_no_cached_cdx_rows,0,0,0,0,0,0,Run a bounded exact metrics CDX check before escalating.
755,Coin,http://www.kongregate.com/games/LeTienAnh/coin,www.kongregate.com/games/letienanh/coin,1,6,2014-10-09,2014-10-09,2026-06-29,live_metrics_json,not_checked,has_metrics,2,0,0,2,,,0,0,0,,,exact_metrics_no_cached_cdx_rows,0,0,0,0,0,0,Run a bounded exact metrics CDX check before escalating.
756,Circles,http://www.kongregate.com/games/Laith_Alnasser/circles,www.kongregate.com/games/laith_alnasser/circles,1,6,2014-10-10,2014-10-10,2026-06-29,live_metrics_json,not_checked,has_metrics,2,0,0,2,,,0,0,0,,,exact_metrics_no_cached_cdx_rows,0,0,0,0,0,0,Run a bounded exact metrics CDX check before escalating.
757,Button Hunting,http://www.kongregate.com/games/MmmaMarry/button-hunting,www.kongregate.com/games/mmmamarry/button-hunting,1,6,2014-10-18,2014-10-18,2026-06-29,live_metrics_json,not_checked,has_metrics,2,0,0,2,,,0,0,0,,,exact_metrics_no_cached_cdx_rows,0,0,0,0,0,0,Run a bounded exact metrics CDX check before escalating.
758,Cake Flyer,http://www.kongregate.com/games/Beremans/cake-flyer,www.kongregate.com/games/beremans/cake-flyer,1,6,2014-10-24,2014-10-24,2026-06-29,live_metrics_json,not_checked,has_metrics,2,0,0,2,,,0,0,0,,,exact_metrics_no_cached_cdx_rows,0,0,0,0,0,0,Run a bounded exact metrics CDX check before escalating.
759,Clear Star Luxury,http://www.kongregate.com/games/game4joy1/clear-star-luxury,www.kongregate.com/games/game4joy1/clear-star-luxury,1,6,2014-10-29,2014-10-29,2026-06-29,live_metrics_json,not_checked,has_metrics,2,0,0,2,,,0,0,0,,,exact_metrics_no_cached_cdx_rows,0,0,0,0,0,0,Run a bounded exact metrics CDX check before escalating.
760,Googleygames:Crazybots,http://www.kongregate.com/games/sorenof/googleygames-crazybots,www.kongregate.com/games/sorenof/googleygames-crazybots,1,6,2014-10-31,2014-10-31,2026-06-29,live_metrics_json,not_checked,has_metrics,2,0,0,2,,,0,0,0,,,exact_metrics_no_cached_cdx_rows,0,0,0,0,0,0,Run a bounded exact metrics CDX check before escalating.
761,Doors 3: Locked Out,http://www.kongregate.com/games/ArcticArcade/doors-3-locked-out,www.kongregate.com/games/arcticarcade/doors-3-locked-out,1,6,2014-11-11,2014-11-11,2026-06-30,live_metrics_json,not_checked,has_metrics,2,0,0,2,,,0,0,0,,,exact_metrics_no_cached_cdx_rows,0,0,0,0,0,0,Run a bounded exact metrics CDX check before escalating.
762,"This is the ABSOLUTE best game in Kongregate history and you will not regret clicking that play button ever in your entire life, i like pie",http://www.kongregate.com/games/MaoWEE/this-is-the-absolute-best-game-in-kongregate-history-and-you-will-not-regret-clicking-that-play-button-ever-in-your-entire-life-i-like-pie,www.kongregate.com/games/maowee/this-is-the-absolute-best-game-in-kongregate-history-and-you-will-not-regret-clicking-that-play-button-ever-in-your-entire-life-i-like-pie,1,6,2014-11-25,2014-11-25,2024-03-22,metrics_json,not_checked,has_metrics,2,0,0,2,,,0,0,0,,,exact_metrics_no_cached_cdx_rows,0,0,0,0,0,0,Run a bounded exact metrics CDX check before escalating.
763,Ragtag,http://www.kongregate.com/games/Ryanupinhere/ragtag,www.kongregate.com/games/ryanupinhere/ragtag,1,6,2014-12-02,2014-12-02,2026-06-30,live_metrics_json,not_checked,has_metrics,2,0,0,2,,,0,0,0,,,exact_metrics_no_cached_cdx_rows,0,0,0,0,0,0,Run a bounded exact metrics CDX check before escalating.
764,Fix Your Sports Car,http://www.kongregate.com/games/gamolition/fix-your-sports-car,www.kongregate.com/games/gamolition/fix-your-sports-car,1,6,2014-12-10,2014-12-10,2026-06-30,live_metrics_json,not_checked,has_metrics,2,0,0,2,,,0,0,0,,,exact_metrics_no_cached_cdx_rows,0,0,0,0,0,0,Run a bounded exact metrics CDX check before escalating.
765,The Labyrinth Of The Nameless Bone Dragon,http://www.kongregate.com/games/Pokeking50/the-labyrinth-of-the-nameless-bone-dragon,www.kongregate.com/games/pokeking50/the-labyrinth-of-the-nameless-bone-dragon,1,6,2014-12-17,2014-12-17,2026-06-30,live_metrics_json,not_checked,has_metrics,2,0,0,2,,,0,0,0,,,exact_metrics_no_cached_cdx_rows,0,0,0,0,0,0,Run a bounded exact metrics CDX check before escalating.
766,doner,http://www.kongregate.com/games/plays2342/doner,www.kongregate.com/games/plays2342/doner,1,6,2014-12-28,2014-12-28,2026-06-30,live_metrics_json,not_checked,has_metrics,2,0,0,2,,,0,0,0,,,exact_metrics_no_cached_cdx_rows,0,0,0,0,0,0,Run a bounded exact metrics CDX check before escalating.
767,Baby Daisy Cooking Time,http://www.kongregate.com/games/niklec/baby-daisy-cooking-time,www.kongregate.com/games/niklec/baby-daisy-cooking-time,1,6,2014-12-30,2014-12-30,2026-06-30,live_metrics_json,not_checked,has_metrics,2,0,0,2,,,0,0,0,,,exact_metrics_no_cached_cdx_rows,0,0,0,0,0,0,Run a bounded exact metrics CDX check before escalating.
768,#VoteStabby,http://www.kongregate.com/games/YAYitsAndrew/votestabby,www.kongregate.com/games/yayitsandrew/votestabby,1,6,2015-04-01,2015-04-01,2023-08-19,metrics_json,not_checked,has_metrics,2,0,0,2,,,0,0,0,,,exact_metrics_no_cached_cdx_rows,0,0,0,0,0,0,Run a bounded exact metrics CDX check before escalating.
769,Clarence Pac Man,http://www.kongregate.com/games/juegosclarence/clarence-pac-man,www.kongregate.com/games/juegosclarence/clarence-pac-man,1,6,2015-09-03,2015-09-03,2026-06-29,live_metrics_json,not_checked,has_metrics,2,0,0,2,,,0,0,0,,,exact_metrics_no_cached_cdx_rows,0,0,0,0,0,0,Run a bounded exact metrics CDX check before escalating.
770,Roundabout,http://www.kongregate.com/games/BryceSummer/roundabout,www.kongregate.com/games/brycesummer/roundabout,1,6,2015-09-09,2015-09-09,2026-06-29,live_metrics_json,not_checked,has_metrics,2,0,0,2,,,0,0,0,,,exact_metrics_no_cached_cdx_rows,0,0,0,0,0,0,Run a bounded exact metrics CDX check before escalating.
771,2 Player Tron,http://www.kongregate.com/games/KoGaMaDaniel/2-player-tron,www.kongregate.com/games/kogamadaniel/2-player-tron,1,6,2015-09-14,2015-09-14,2026-06-29,live_metrics_json,not_checked,has_metrics,2,0,0,2,,,0,0,0,,,exact_metrics_no_cached_cdx_rows,0,0,0,0,0,0,Run a bounded exact metrics CDX check before escalating.
772,Slow Mustache,http://www.kongregate.com/games/DrinKadriu/slow-mustache,www.kongregate.com/games/drinkadriu/slow-mustache,1,6,2015-09-15,2015-09-15,2026-06-29,live_metrics_json,not_checked,has_metrics,2,0,0,2,,,0,0,0,,,exact_metrics_no_cached_cdx_rows,0,0,0,0,0,0,Run a bounded exact metrics CDX check before escalating.
773,Blink,http://www.kongregate.com/games/JeffreyLaarman/blink,www.kongregate.com/games/jeffreylaarman/blink,1,6,2015-09-23,2015-09-23,2026-06-29,live_metrics_json,not_checked,has_metrics,2,0,0,2,,,0,0,0,,,exact_metrics_no_cached_cdx_rows,0,0,0,0,0,0,Run a bounded exact metrics CDX check before escalating.
774,Enter into Darkness,http://www.kongregate.com/games/Newshield_Ent/enter-into-darkness,www.kongregate.com/games/newshield_ent/enter-into-darkness,1,6,2015-12-05,2015-12-05,2026-06-29,live_metrics_json,not_checked,has_metrics,2,0,0,2,,,0,0,0,,,exact_metrics_no_cached_cdx_rows,0,0,0,0,0,0,Run a bounded exact metrics CDX check before escalating.
775,Treasure Recovery From Island,http://www.kongregate.com/games/Enagamess/treasure-recovery-from-island,www.kongregate.com/games/enagamess/treasure-recovery-from-island,1,6,2015-12-26,2015-12-26,2026-06-29,live_metrics_json,not_checked,has_metrics,2,0,0,2,,,0,0,0,,,exact_metrics_no_cached_cdx_rows,0,0,0,0,0,0,Run a bounded exact metrics CDX check before escalating.
776,Instant Fight (2 Players),http://www.kongregate.com/games/Siiriis/instant-fight-2-players,www.kongregate.com/games/siiriis/instant-fight-2-players,1,6,2016-01-02,2016-01-02,2026-06-29,live_metrics_json,not_checked,has_metrics,2,0,0,2,,,0,0,0,,,exact_metrics_no_cached_cdx_rows,0,0,0,0,0,0,Run a bounded exact metrics CDX check before escalating.
777,space war,http://www.kongregate.com/games/onlyoneli/space-war,www.kongregate.com/games/onlyoneli/space-war,1,6,2016-01-16,2016-01-16,2026-06-29,live_metrics_json,not_checked,has_metrics,2,0,0,2,,,0,0,0,,,exact_metrics_no_cached_cdx_rows,0,0,0,0,0,0,Run a bounded exact metrics CDX check before escalating.
778,Lift The Curse Of The Girl,http://www.kongregate.com/games/Enagamess/lift-the-curse-of-the-girl,www.kongregate.com/games/enagamess/lift-the-curse-of-the-girl,1,6,2016-01-25,2016-01-25,2026-06-29,live_metrics_json,not_checked,has_metrics,2,0,0,2,,,0,0,0,,,exact_metrics_no_cached_cdx_rows,0,0,0,0,0,0,Run a bounded exact metrics CDX check before escalating.
779,Quotidian,http://www.kongregate.com/games/terra0nova/quotidian,www.kongregate.com/games/terra0nova/quotidian,1,6,2016-02-02,2016-02-02,2022-11-01,metrics_json,not_checked,has_metrics,2,0,0,2,,,0,0,0,,,exact_metrics_no_cached_cdx_rows,0,0,0,0,0,0,Run a bounded exact metrics CDX check before escalating.
780,Shoot Mr C,http://www.kongregate.com/games/NickBobJr/shoot-mr-c,www.kongregate.com/games/nickbobjr/shoot-mr-c,1,6,2016-02-17,2016-02-17,2026-06-30,live_metrics_json,not_checked,has_metrics,2,0,0,2,,,0,0,0,,,exact_metrics_no_cached_cdx_rows,0,0,0,0,0,0,Run a bounded exact metrics CDX check before escalating.
781,Death Canyon:Zombies,http://www.kongregate.com/games/kipplz199/death-canyon-zombies,www.kongregate.com/games/kipplz199/death-canyon-zombies,1,6,2016-02-28,2016-02-28,2026-06-30,live_metrics_json,not_checked,has_metrics,2,0,0,2,,,0,0,0,,,exact_metrics_no_cached_cdx_rows,0,0,0,0,0,0,Run a bounded exact metrics CDX check before escalating.
782,Foxes and Eagles,http://www.kongregate.com/games/kamilsk/foxes-and-eagles,www.kongregate.com/games/kamilsk/foxes-and-eagles,1,6,2016-03-05,2016-03-05,2026-06-29,live_metrics_json,not_checked,has_metrics,2,0,0,2,,,0,0,0,,,exact_metrics_no_cached_cdx_rows,0,0,0,0,0,0,Run a bounded exact metrics CDX check before escalating.
783,Stealth Master (Game created for college Assignment),http://www.kongregate.com/games/brewis_dark/stealth-master-game-created-for-college-assignment,www.kongregate.com/games/brewis_dark/stealth-master-game-created-for-college-assignment,1,6,2016-03-07,2016-03-07,2026-06-29,live_metrics_json,not_checked,has_metrics,2,0,0,2,,,0,0,0,,,exact_metrics_no_cached_cdx_rows,0,0,0,0,0,0,Run a bounded exact metrics CDX check before escalating.
784,sad Buble shotter,http://www.kongregate.com/games/techidwarf/sad-buble-shotter,www.kongregate.com/games/techidwarf/sad-buble-shotter,1,6,2016-03-20,2016-03-20,2026-06-29,live_metrics_json,not_checked,has_metrics,2,0,0,2,,,0,0,0,,,exact_metrics_no_cached_cdx_rows,0,0,0,0,0,0,Run a bounded exact metrics CDX check before escalating.
785,GameToilet Mobile#2 : Watch Paint Dry,http://www.kongregate.com/games/kingbaggot/gametoilet-mobile-2-watch-paint-dry,www.kongregate.com/games/kingbaggot/gametoilet-mobile-2-watch-paint-dry,1,6,2016-03-24,2016-03-24,2021-11-19,metrics_json,not_checked,has_metrics,2,0,0,2,,,0,0,0,,,exact_metrics_no_cached_cdx_rows,0,0,0,0,0,0,Run a bounded exact metrics CDX check before escalating.
786,Zombie Kentaur 2,http://www.kongregate.com/games/TheronK71/zombie-kentaur-2,www.kongregate.com/games/theronk71/zombie-kentaur-2,1,6,2016-05-06,2016-05-06,2026-06-29,live_metrics_json,not_checked,has_metrics,2,0,0,2,,,0,0,0,,,exact_metrics_no_cached_cdx_rows,0,0,0,0,0,0,Run a bounded exact metrics CDX check before escalating.
787,Super Monkey Adventure,http://www.kongregate.com/games/flowlab/super-monkey-adventure,www.kongregate.com/games/flowlab/super-monkey-adventure,1,6,2016-05-15,2016-05-15,2026-06-29,live_metrics_json,not_checked,has_metrics,2,0,0,2,,,0,0,0,,,exact_metrics_no_cached_cdx_rows,0,0,0,0,0,0,Run a bounded exact metrics CDX check before escalating.
788,Penalty Shooters 2,http://www.kongregate.com/games/vladetam/penalty-shooters-2,www.kongregate.com/games/vladetam/penalty-shooters-2,1,6,2016-05-23,2016-05-23,2026-06-29,live_metrics_json,not_checked,has_metrics,2,0,0,2,,,0,0,0,,,exact_metrics_no_cached_cdx_rows,0,0,0,0,0,0,Run a bounded exact metrics CDX check before escalating.
789,The Donald Trump Dating Simulator from Hell,http://www.kongregate.com/games/Codemonkey77/the-donald-trump-dating-simulator-from-hell,www.kongregate.com/games/codemonkey77/the-donald-trump-dating-simulator-from-hell,1,6,2016-05-24,2016-05-24,2026-06-29,live_metrics_json,not_checked,has_metrics,2,0,0,2,,,0,0,0,,,exact_metrics_no_cached_cdx_rows,0,0,0,0,0,0,Run a bounded exact metrics CDX check before escalating.
790,Tir,http://www.kongregate.com/games/Kasmilus/tir,www.kongregate.com/games/kasmilus/tir,1,6,2016-06-04,2016-06-04,2026-06-29,live_metrics_json,not_checked,has_metrics,2,0,0,2,,,0,0,0,,,exact_metrics_no_cached_cdx_rows,0,0,0,0,0,0,Run a bounded exact metrics CDX check before escalating.
791,Mass,http://www.kongregate.com/games/DHALVINCORP/mass,www.kongregate.com/games/dhalvincorp/mass,1,6,2016-06-05,2016-06-05,2026-06-29,live_metrics_json,not_checked,has_metrics,2,0,0,2,,,0,0,0,,,exact_metrics_no_cached_cdx_rows,0,0,0,0,0,0,Run a bounded exact metrics CDX check before escalating.
792,Tori Energy Factory,http://www.kongregate.com/games/GriseGames/tori-energy-factory,www.kongregate.com/games/grisegames/tori-energy-factory,1,6,2016-06-13,2016-06-13,2026-06-29,live_metrics_json,not_checked,has_metrics,2,0,0,2,,,0,0,0,,,exact_metrics_no_cached_cdx_rows,0,0,0,0,0,0,Run a bounded exact metrics CDX check before escalating.
793,Block Ship (Muted game),http://www.kongregate.com/games/EpicCreeper127/block-ship-muted-game,www.kongregate.com/games/epiccreeper127/block-ship-muted-game,1,6,2016-06-29,2016-06-29,2026-06-29,live_metrics_json,not_checked,has_metrics,2,0,0,2,,,0,0,0,,,exact_metrics_no_cached_cdx_rows,0,0,0,0,0,0,Run a bounded exact metrics CDX check before escalating.
794,Famous Paintings Parodies,http://www.kongregate.com/games/Munguia/famous-paintings-parodies,www.kongregate.com/games/munguia/famous-paintings-parodies,1,6,2016-07-07,2016-07-07,2024-01-21,metrics_json,not_checked,has_metrics,2,0,0,2,,,0,0,0,,,exact_metrics_no_cached_cdx_rows,0,0,0,0,0,0,Run a bounded exact metrics CDX check before escalating.
795,Solek adventure in green lime land,http://www.kongregate.com/games/TowaOffKranuh/solek-adventure-in-green-lime-land,www.kongregate.com/games/towaoffkranuh/solek-adventure-in-green-lime-land,1,6,2016-07-14,2016-07-14,2026-06-29,live_metrics_json,not_checked,has_metrics,2,0,0,2,,,0,0,0,,,exact_metrics_no_cached_cdx_rows,0,0,0,0,0,0,Run a bounded exact metrics CDX check before escalating.
796,Pink Panther Jigsaw,http://www.kongregate.com/games/newgamess/pink-panther-jigsaw,www.kongregate.com/games/newgamess/pink-panther-jigsaw,1,6,2016-07-20,2016-07-20,2026-06-29,live_metrics_json,not_checked,has_metrics,2,0,0,2,,,0,0,0,,,exact_metrics_no_cached_cdx_rows,0,0,0,0,0,0,Run a bounded exact metrics CDX check before escalating.
797,Replica,http://www.kongregate.com/games/Klatu/replica,www.kongregate.com/games/klatu/replica,1,6,2016-08-05,2016-08-05,2026-06-29,live_metrics_json,not_checked,has_metrics,2,0,0,2,,,0,0,0,,,exact_metrics_no_cached_cdx_rows,0,0,0,0,0,0,Run a bounded exact metrics CDX check before escalating.
798,Dragon Fortress,http://www.kongregate.com/games/littlegiantworld/dragon-fortress,www.kongregate.com/games/littlegiantworld/dragon-fortress,1,6,2016-08-13,2016-08-13,2021-10-27,metrics_json,not_checked,has_metrics,2,0,0,2,,,0,0,0,,,exact_metrics_no_cached_cdx_rows,0,0,0,0,0,0,Run a bounded exact metrics CDX check before escalating.
799,Attack On Trump,http://www.kongregate.com/games/dci05049/attack-on-trump,www.kongregate.com/games/dci05049/attack-on-trump,1,6,2016-08-20,2016-08-20,2026-06-29,live_metrics_json,not_checked,has_metrics,2,0,0,2,,,0,0,0,,,exact_metrics_no_cached_cdx_rows,0,0,0,0,0,0,Run a bounded exact metrics CDX check before escalating.
800,Meena Classic Room Puzzle Game,http://www.kongregate.com/games/meenagame/meena-classic-room-puzzle-game,www.kongregate.com/games/meenagame/meena-classic-room-puzzle-game,1,6,2016-08-28,2016-08-28,2026-06-29,live_metrics_json,not_checked,has_metrics,2,0,0,2,,,0,0,0,,,exact_metrics_no_cached_cdx_rows,0,0,0,0,0,0,Run a bounded exact metrics CDX check before escalating.
801,Find The Super Surf Board,http://www.kongregate.com/games/Enagamess/find-the-super-surf-board,www.kongregate.com/games/enagamess/find-the-super-surf-board,1,6,2016-09-03,2016-09-03,2026-06-29,live_metrics_json,not_checked,has_metrics,2,0,0,2,,,0,0,0,,,exact_metrics_no_cached_cdx_rows,0,0,0,0,0,0,Run a bounded exact metrics CDX check before escalating.
802,Genie Goes Walkaboutg,http://www.kongregate.com/games/SkidsInMeFalcon/genie-goes-walkaboutg,www.kongregate.com/games/skidsinmefalcon/genie-goes-walkaboutg,1,6,2016-09-16,2016-09-16,2026-06-29,live_metrics_json,not_checked,has_metrics,2,0,0,2,,,0,0,0,,,exact_metrics_no_cached_cdx_rows,0,0,0,0,0,0,Run a bounded exact metrics CDX check before escalating.
803,Fighting Corner,http://www.kongregate.com/games/minininja956/fighting-corner,www.kongregate.com/games/minininja956/fighting-corner,1,6,2016-09-17,2016-09-17,2026-06-29,live_metrics_json,not_checked,has_metrics,2,0,0,2,,,0,0,0,,,exact_metrics_no_cached_cdx_rows,0,0,0,0,0,0,Run a bounded exact metrics CDX check before escalating.
804,Gordo's Oddisey,http://www.kongregate.com/games/SergioPL14/gordos-oddisey,www.kongregate.com/games/sergiopl14/gordos-oddisey,1,6,2016-09-23,2016-09-23,2023-05-11,metrics_json,not_checked,has_metrics,2,0,0,2,,,0,0,0,,,exact_metrics_no_cached_cdx_rows,0,0,0,0,0,0,Run a bounded exact metrics CDX check before escalating.
805,Snake Cuby,http://www.kongregate.com/games/sevencolorsapps/snake-cuby,www.kongregate.com/games/sevencolorsapps/snake-cuby,1,6,2016-10-04,2016-10-04,2023-09-14,metrics_json,not_checked,has_metrics,2,0,0,2,,,0,0,0,,,exact_metrics_no_cached_cdx_rows,0,0,0,0,0,0,Run a bounded exact metrics CDX check before escalating.
806,Halloween Soul Rescue,http://www.kongregate.com/games/Enagamess/halloween-soul-rescue,www.kongregate.com/games/enagamess/halloween-soul-rescue,1,6,2016-10-10,2016-10-10,2026-06-29,live_metrics_json,not_checked,has_metrics,2,0,0,2,,,0,0,0,,,exact_metrics_no_cached_cdx_rows,0,0,0,0,0,0,Run a bounded exact metrics CDX check before escalating.
807,Cleopatra 2187: Demo,http://www.kongregate.com/games/Uroshito/cleopatra-2187-demo,www.kongregate.com/games/uroshito/cleopatra-2187-demo,1,6,2016-10-17,2016-10-17,2026-06-29,live_metrics_json,not_checked,has_metrics,2,0,0,2,,,0,0,0,,,exact_metrics_no_cached_cdx_rows,0,0,0,0,0,0,Run a bounded exact metrics CDX check before escalating.
808,Juggler Extraordinaire,http://www.kongregate.com/games/erikomen/juggler-extraordinaire,www.kongregate.com/games/erikomen/juggler-extraordinaire,1,6,2016-10-30,2016-10-30,2026-06-29,live_metrics_json,not_checked,has_metrics,2,0,0,2,,,0,0,0,,,exact_metrics_no_cached_cdx_rows,0,0,0,0,0,0,Run a bounded exact metrics CDX check before escalating.
809,Wilson estrda - Lovecraft en Penumbras Vr 0.1,http://www.kongregate.com/games/WilsonEstrada/wilson-estrda-lovecraft-en-penumbras-vr-0-1,www.kongregate.com/games/wilsonestrada/wilson-estrda-lovecraft-en-penumbras-vr-0-1,1,6,2017-05-05,2017-05-05,2026-06-29,live_metrics_json,not_checked,has_metrics,2,0,0,2,,,0,0,0,,,exact_metrics_no_cached_cdx_rows,0,0,0,0,0,0,Run a bounded exact metrics CDX check before escalating.
810,blue:on:,http://www.kongregate.com/games/josehzz/blue-on,www.kongregate.com/games/josehzz/blue-on,1,6,2017-05-16,2017-05-16,2026-06-29,live_metrics_json,not_checked,has_metrics,2,0,0,2,,,0,0,0,,,exact_metrics_no_cached_cdx_rows,0,0,0,0,0,0,Run a bounded exact metrics CDX check before escalating.
811,Business Simulator: Idle,http://www.kongregate.com/games/Tatemartin/business-simulator-idle,www.kongregate.com/games/tatemartin/business-simulator-idle,1,6,2017-05-26,2017-05-26,2026-06-29,live_metrics_json,not_checked,has_metrics,2,0,0,2,,,0,0,0,,,exact_metrics_no_cached_cdx_rows,0,0,0,0,0,0,Run a bounded exact metrics CDX check before escalating.
812,Jerry's Quest,http://www.kongregate.com/games/MojoUS/jerrys-quest,www.kongregate.com/games/mojous/jerrys-quest,1,6,2017-06-04,2017-06-04,2026-06-29,live_metrics_json,not_checked,has_metrics,2,0,0,2,,,0,0,0,,,exact_metrics_no_cached_cdx_rows,0,0,0,0,0,0,Run a bounded exact metrics CDX check before escalating.
813,Girl Throat Surgery,http://www.kongregate.com/games/k25507891/girl-throat-surgery,www.kongregate.com/games/k25507891/girl-throat-surgery,1,6,2017-06-15,2017-06-15,2026-06-29,live_metrics_json,not_checked,has_metrics,2,0,0,2,,,0,0,0,,,exact_metrics_no_cached_cdx_rows,0,0,0,0,0,0,Run a bounded exact metrics CDX check before escalating.
814,Lake City,http://www.kongregate.com/games/Enagamess/lake-city,www.kongregate.com/games/enagamess/lake-city,1,6,2017-06-16,2017-06-16,2026-06-29,live_metrics_json,not_checked,has_metrics,2,0,0,2,,,0,0,0,,,exact_metrics_no_cached_cdx_rows,0,0,0,0,0,0,Run a bounded exact metrics CDX check before escalating.
815,The Forest Mirror,http://www.kongregate.com/games/JosephMoonGolf/the-forest-mirror,www.kongregate.com/games/josephmoongolf/the-forest-mirror,1,6,2017-06-25,2017-06-25,2026-06-29,live_metrics_json,not_checked,has_metrics,2,0,0,2,,,0,0,0,,,exact_metrics_no_cached_cdx_rows,0,0,0,0,0,0,Run a bounded exact metrics CDX check before escalating.
816,The Submarine Mystery,http://www.kongregate.com/games/CrazyEscapeGames/the-submarine-mystery,www.kongregate.com/games/crazyescapegames/the-submarine-mystery,1,6,2017-07-03,2017-07-03,2026-06-29,live_metrics_json,not_checked,has_metrics,2,0,0,2,,,0,0,0,,,exact_metrics_no_cached_cdx_rows,0,0,0,0,0,0,Run a bounded exact metrics CDX check before escalating.
817,Ore Hunt,http://www.kongregate.com/games/KlasseMia19/ore-hunt,www.kongregate.com/games/klassemia19/ore-hunt,1,6,2017-07-12,2017-07-12,2026-06-29,live_metrics_json,not_checked,has_metrics,2,0,0,2,,,0,0,0,,,exact_metrics_no_cached_cdx_rows,0,0,0,0,0,0,Run a bounded exact metrics CDX check before escalating.
818,Caveman Chuck,http://www.kongregate.com/games/PrimeBitGames/caveman-chuck,www.kongregate.com/games/primebitgames/caveman-chuck,1,6,2017-07-20,2017-07-20,2026-06-29,live_metrics_json,not_checked,has_metrics,2,0,0,2,,,0,0,0,,,exact_metrics_no_cached_cdx_rows,0,0,0,0,0,0,Run a bounded exact metrics CDX check before escalating.
819,Bat-Battery,http://www.kongregate.com/games/cenullum/bat-battery,www.kongregate.com/games/cenullum/bat-battery,1,6,2017-08-05,2017-08-05,2026-06-29,live_metrics_json,not_checked,has_metrics,2,0,0,2,,,0,0,0,,,exact_metrics_no_cached_cdx_rows,0,0,0,0,0,0,Run a bounded exact metrics CDX check before escalating.
820,The depths idle,http://www.kongregate.com/games/omgnoob191/the-depths-idle,www.kongregate.com/games/omgnoob191/the-depths-idle,1,6,2017-08-11,2017-08-11,2025-04-02,metrics_json,not_checked,has_metrics,2,0,0,2,,,0,0,0,,,exact_metrics_no_cached_cdx_rows,0,0,0,0,0,0,Run a bounded exact metrics CDX check before escalating.
821,Twist Escape 4,http://www.kongregate.com/games/Nsrgames/twist-escape-4,www.kongregate.com/games/nsrgames/twist-escape-4,1,6,2017-08-17,2017-08-17,2026-06-29,live_metrics_json,not_checked,has_metrics,2,0,0,2,,,0,0,0,,,exact_metrics_no_cached_cdx_rows,0,0,0,0,0,0,Run a bounded exact metrics CDX check before escalating.
822,LUMI,http://www.kongregate.com/games/JekOji/lumi,www.kongregate.com/games/jekoji/lumi,1,6,2017-08-23,2017-08-23,2026-06-29,live_metrics_json,not_checked,has_metrics,2,0,0,2,,,0,0,0,,,exact_metrics_no_cached_cdx_rows,0,0,0,0,0,0,Run a bounded exact metrics CDX check before escalating.
823,Catch all the Mushrooms,http://www.kongregate.com/games/mushroomfanlol/catch-all-the-mushrooms,www.kongregate.com/games/mushroomfanlol/catch-all-the-mushrooms,1,6,2017-09-04,2017-09-04,2026-06-29,live_metrics_json,not_checked,has_metrics,2,0,0,2,,,0,0,0,,,exact_metrics_no_cached_cdx_rows,0,0,0,0,0,0,Run a bounded exact metrics CDX check before escalating.
824,Fashionistas Boho vs Grunge,http://www.kongregate.com/games/IdeaStudio/fashionistas-boho-vs-grunge,www.kongregate.com/games/ideastudio/fashionistas-boho-vs-grunge,1,6,2017-09-13,2017-09-13,2026-06-29,live_metrics_json,not_checked,has_metrics,2,0,0,2,,,0,0,0,,,exact_metrics_no_cached_cdx_rows,0,0,0,0,0,0,Run a bounded exact metrics CDX check before escalating.
825,The Locker - Bullet Factory,http://www.kongregate.com/games/Enagamess/the-locker-bullet-factory,www.kongregate.com/games/enagamess/the-locker-bullet-factory,1,6,2017-09-20,2017-09-20,2026-06-29,live_metrics_json,not_checked,has_metrics,2,0,0,2,,,0,0,0,,,exact_metrics_no_cached_cdx_rows,0,0,0,0,0,0,Run a bounded exact metrics CDX check before escalating.
826,Try This Room Escape,http://www.kongregate.com/games/8bgames/try-this-room-escape,www.kongregate.com/games/8bgames/try-this-room-escape,1,6,2017-09-30,2017-09-30,2026-06-29,live_metrics_json,not_checked,has_metrics,2,0,0,2,,,0,0,0,,,exact_metrics_no_cached_cdx_rows,0,0,0,0,0,0,Run a bounded exact metrics CDX check before escalating.
827,ROOFRUNNER X,http://www.kongregate.com/games/Sincitysaint/roofrunner-x,www.kongregate.com/games/sincitysaint/roofrunner-x,1,6,2017-10-08,2017-10-08,2026-06-29,live_metrics_json,not_checked,has_metrics,2,0,0,2,,,0,0,0,,,exact_metrics_no_cached_cdx_rows,0,0,0,0,0,0,Run a bounded exact metrics CDX check before escalating.
828,ma,http://www.kongregate.com/games/talhaa1008/ma,www.kongregate.com/games/talhaa1008/ma,1,6,2017-10-15,2017-10-15,2026-06-29,live_metrics_json,not_checked,has_metrics,2,0,0,2,,,0,0,0,,,exact_metrics_no_cached_cdx_rows,0,0,0,0,0,0,Run a bounded exact metrics CDX check before escalating.
829,Oscuro Castle.,http://www.kongregate.com/games/Bluemysterywolf/oscuro-castle,www.kongregate.com/games/bluemysterywolf/oscuro-castle,1,6,2017-10-24,2017-10-24,2026-06-29,live_metrics_json,not_checked,has_metrics,2,0,0,2,,,0,0,0,,,exact_metrics_no_cached_cdx_rows,0,0,0,0,0,0,Run a bounded exact metrics CDX check before escalating.
830,Idle Skilling,https://www.kongregate.com/games/lavaflame2/idle-skilling,www.kongregate.com/games/lavaflame2/idle-skilling,1,6,2018-12-22,2018-12-22,2019-02-05,metrics_json,not_checked,has_metrics,2,0,0,2,,,0,0,0,,,exact_metrics_no_cached_cdx_rows,0,0,0,0,0,0,Run a bounded exact metrics CDX check before escalating.
831,GameJam,https://www.kongregate.com/games/robertonome36/gamejam,www.kongregate.com/games/robertonome36/gamejam,1,6,2019-08-25,2019-08-25,2026-06-30,live_metrics_json,not_checked,has_metrics,2,0,0,2,,,0,0,0,,,exact_metrics_no_cached_cdx_rows,0,0,0,0,0,0,Run a bounded exact metrics CDX check before escalating.
832,Kuizi Biologjia - Pjesa e 4,http://www.kongregate.com/games/del7244009/kuizi-biologjia-pjesa-e-4,www.kongregate.com/games/del7244009/kuizi-biologjia-pjesa-e-4,1,14,2015-09-03,2015-09-03,,,dynamic_metrics_placeholder,no_cdx,2,0,2,0,,,0,0,0,,,exact_metrics_no_cached_cdx_rows,20,0,0,0,15,0,Escalate to broader list/account captures or external corroboration.
833,Idle Capitalist 6,http://www.kongregate.com/games/KasparsM/idle-capitalist-6,www.kongregate.com/games/kasparsm/idle-capitalist-6,1,14,2015-09-09,2015-09-09,,,dynamic_metrics_placeholder,no_cdx,2,0,2,0,,,0,0,0,,,exact_metrics_no_cached_cdx_rows,29,0,0,0,0,0,Escalate to broader list/account captures or external corroboration.
834,Spike Bird,http://www.kongregate.com/games/mafagames/spike-bird,www.kongregate.com/games/mafagames/spike-bird,1,14,2016-05-06,2016-05-06,,,dynamic_metrics_placeholder,no_cdx,2,0,2,0,,,0,0,0,,,exact_metrics_no_cached_cdx_rows,20,0,0,0,42,0,Escalate to broader list/account captures or external corroboration.
835,Transport,http://www.kongregate.com/games/mafagames/transport,www.kongregate.com/games/mafagames/transport,1,14,2016-05-23,2016-05-23,,,no_page_cdx_rows,no_cdx,2,0,2,0,,,0,0,0,,,exact_metrics_no_cached_cdx_rows,28,0,0,0,42,0,Escalate to broader list/account captures or external corroboration.
836,My Little Pony Winter Fashion 2,http://www.kongregate.com/games/mafagames/my-little-pony-winter-fashion-2,www.kongregate.com/games/mafagames/my-little-pony-winter-fashion-2,1,14,2016-05-24,2016-05-24,,,no_page_cdx_rows,no_cdx,2,0,2,0,,,0,0,0,,,exact_metrics_no_cached_cdx_rows,20,0,0,0,42,0,Escalate to broader list/account captures or external corroboration.
837,FurLight,http://www.kongregate.com/games/ArsenG1/furlight,www.kongregate.com/games/arseng1/furlight,1,14,2016-06-04,2016-06-04,,,no_page_cdx_rows,no_cdx,2,0,2,0,,,0,0,0,,,exact_metrics_no_cached_cdx_rows,20,0,0,0,0,0,Escalate to broader list/account captures or external corroboration.
838,Yandere - Heartbreak,http://www.kongregate.com/games/swiftmoon12/yandere-heartbreak,www.kongregate.com/games/swiftmoon12/yandere-heartbreak,1,14,2016-08-20,2016-08-20,,,dynamic_metrics_placeholder,no_cdx,2,0,2,0,,,0,0,0,,,exact_metrics_no_cached_cdx_rows,20,0,0,0,0,0,Escalate to broader list/account captures or external corroboration.
839,Karting Racing,http://www.kongregate.com/games/mafagames/karting-racing,www.kongregate.com/games/mafagames/karting-racing,1,14,2016-10-10,2016-10-10,,,dynamic_metrics_placeholder,no_cdx,2,0,2,0,,,0,0,0,,,exact_metrics_no_cached_cdx_rows,20,0,0,0,42,0,Escalate to broader list/account captures or external corroboration.
840,My Summer Items,http://www.kongregate.com/games/natalibt/my-summer-items,www.kongregate.com/games/natalibt/my-summer-items,1,14,2017-06-15,2017-06-15,,,dynamic_metrics_placeholder,no_cdx,2,0,2,0,,,0,0,0,,,exact_metrics_no_cached_cdx_rows,20,4,0,0,55,0,Escalate to broader list/account captures or external corroboration.
841,TRY. DIE. REPEAT.,http://www.kongregate.com/games/rodolfodth/try-die-repeat,www.kongregate.com/games/rodolfodth/try-die-repeat,1,14,2017-06-16,2017-06-16,,,no_page_cdx_rows,no_cdx,2,0,2,0,,,0,0,0,,,exact_metrics_no_cached_cdx_rows,20,0,0,0,0,0,Escalate to broader list/account captures or external corroboration.
842,Mad Taxi,http://www.kongregate.com/games/mafagames/mad-taxi,www.kongregate.com/games/mafagames/mad-taxi,1,14,2017-07-20,2017-07-20,,,dynamic_metrics_placeholder,no_cdx,2,0,2,0,,,0,0,0,,,exact_metrics_no_cached_cdx_rows,29,0,0,0,42,0,Escalate to broader list/account captures or external corroboration.
843,GemCraft - Chasing Shadows,http://www.kongregate.com/games/gameinabottle/gemcraft-chasing-shadows,www.kongregate.com/games/gameinabottle/gemcraft-chasing-shadows,30,14,2015-10-09,2017-09-06,2018-10-23,count_source_probe,not_checked,has_metrics,2,5,2,0,2018-10-23,2024-02-12,0,0,4,2018-10-23,2042887,exact_metrics_starts_after_missing_window,0,0,0,0,0,0,Exact metrics start too late; pursue broader list/account captures or external corroboration.
844,The King of Towers,http://www.kongregate.com/games/Shinezone/thekingoftowers,www.kongregate.com/games/shinezone/thekingoftowers,5,8,2015-01-03,2015-02-07,2019-10-21,count_source_probe,not_checked,has_metrics,2,3,2,0,2019-10-21,2020-04-27,0,0,3,2019-10-21,6946647,exact_metrics_starts_after_missing_window,0,0,0,0,0,0,Exact metrics start too late; pursue broader list/account captures or external corroboration.
845,Arcuz (Full Version),http://www.kongregate.com/games/funnaut/arcuz-full-version,www.kongregate.com/games/funnaut/arcuz-full-version,27,13,2014-12-27,2019-10-22,2021-01-14,count_source_probe,not_checked,has_metrics,2,5,2,0,2021-01-14,2024-10-05,0,0,4,2021-01-14,1869317,exact_metrics_starts_after_missing_window,0,0,0,0,0,0,Exact metrics start too late; pursue broader list/account captures or external corroboration.
846,Zumbi Blocks,http://www.kongregate.com/games/adrianks47/zumbi-blocks,www.kongregate.com/games/adrianks47/zumbi-blocks,27,13,2015-10-08,2017-04-01,2022-08-26,count_source_probe,not_checked,has_metrics,2,1,2,0,2022-08-26,2022-08-26,0,0,1,2022-08-26,1202466,exact_metrics_starts_after_missing_window,0,0,0,0,0,0,Exact metrics start too late; pursue broader list/account captures or external corroboration.
847,GrindCraft,https://www.kongregate.com/games/jetspice/grindcraft,www.kongregate.com/games/jetspice/grindcraft,22,11,2015-10-03,2017-04-08,2017-11-24,count_source_probe,not_checked,has_metrics,2,24,2,0,2017-11-24,2025-01-24,0,0,4,2017-11-24,1387061,exact_metrics_starts_after_missing_window,0,0,0,0,0,0,Exact metrics start too late; pursue broader list/account captures or external corroboration.
848,My Vampire Sweetheart,http://www.kongregate.com/games/SandraKim/my-vampire-sweetheart,www.kongregate.com/games/sandrakim/my-vampire-sweetheart,2,7,2014-10-17,2014-10-18,2026-06-29,live_metrics_json,not_checked,has_metrics,2,0,0,2,,,0,0,0,,,exact_metrics_no_cached_cdx_rows,0,0,0,0,0,0,Run a bounded exact metrics CDX check before escalating.
849,House of Gold (Level 1),http://www.kongregate.com/games/TimoteoVLapa/house-of-gold-level-1,www.kongregate.com/games/timoteovlapa/house-of-gold-level-1,1,7,2014-08-22,2014-08-22,2026-06-30,live_metrics_json,not_checked,has_metrics,2,0,0,2,,,0,0,0,,,exact_metrics_no_cached_cdx_rows,0,0,0,0,0,0,Run a bounded exact metrics CDX check before escalating.
850,Girl With Cat,http://www.kongregate.com/games/apache_cd/girl-with-cat,www.kongregate.com/games/apache_cd/girl-with-cat,1,7,2014-08-26,2014-08-26,2026-06-30,live_metrics_json,not_checked,has_metrics,2,0,0,2,,,0,0,0,,,exact_metrics_no_cached_cdx_rows,0,0,0,0,0,0,Run a bounded exact metrics CDX check before escalating.
851,Diamond Twist,http://www.kongregate.com/games/win1game/diamond-twist,www.kongregate.com/games/win1game/diamond-twist,1,7,2014-08-29,2014-08-29,2026-06-30,live_metrics_json,not_checked,has_metrics,2,0,0,2,,,0,0,0,,,exact_metrics_no_cached_cdx_rows,0,0,0,0,0,0,Run a bounded exact metrics CDX check before escalating.
852,Desert Treasure Escape,http://www.kongregate.com/games/Enagamess/desert-treasure-escape,www.kongregate.com/games/enagamess/desert-treasure-escape,1,7,2014-09-02,2014-09-02,2026-06-30,live_metrics_json,not_checked,has_metrics,2,0,0,2,,,0,0,0,,,exact_metrics_no_cached_cdx_rows,0,0,0,0,0,0,Run a bounded exact metrics CDX check before escalating.
853,Pirates and Cannons,http://www.kongregate.com/games/TreSensa/pirates-and-cannons,www.kongregate.com/games/tresensa/pirates-and-cannons,1,7,2014-09-05,2014-09-05,2026-06-30,live_metrics_json,not_checked,has_metrics,2,0,0,2,,,0,0,0,,,exact_metrics_no_cached_cdx_rows,0,0,0,0,0,0,Run a bounded exact metrics CDX check before escalating.
854,Angry Birds Rebuilding Warrior,http://www.kongregate.com/games/hibiscus070133/angry-birds-rebuilding-warrior,www.kongregate.com/games/hibiscus070133/angry-birds-rebuilding-warrior,1,7,2014-09-12,2014-09-12,2023-08-11,metrics_json,not_checked,has_metrics,2,0,0,2,,,0,0,0,,,exact_metrics_no_cached_cdx_rows,0,0,0,0,0,0,Run a bounded exact metrics CDX check before escalating.
855,Kill The Red Dot,http://www.kongregate.com/games/mikeyblue2/kill-the-red-dot,www.kongregate.com/games/mikeyblue2/kill-the-red-dot,1,7,2014-09-14,2014-09-14,2026-06-30,live_metrics_json,not_checked,has_metrics,2,0,0,2,,,0,0,0,,,exact_metrics_no_cached_cdx_rows,0,0,0,0,0,0,Run a bounded exact metrics CDX check before escalating.
856,Poncho Alpha,http://www.kongregate.com/games/DanHayesGamer/poncho-alpha,www.kongregate.com/games/danhayesgamer/poncho-alpha,1,7,2014-09-19,2014-09-19,2026-06-30,live_metrics_json,not_checked,has_metrics,2,0,0,2,,,0,0,0,,,exact_metrics_no_cached_cdx_rows,0,0,0,0,0,0,Run a bounded exact metrics CDX check before escalating.
857,Sheep Quest,http://www.kongregate.com/games/NewKrok/sheep-quest,www.kongregate.com/games/newkrok/sheep-quest,1,7,2014-09-19,2014-09-19,2026-06-30,live_metrics_json,not_checked,has_metrics,2,0,0,2,,,0,0,0,,,exact_metrics_no_cached_cdx_rows,0,0,0,0,0,0,Run a bounded exact metrics CDX check before escalating.
858,Hidden Gnomes - Food Land,http://www.kongregate.com/games/myhiddengame/hidden-gnomes-food-land,www.kongregate.com/games/myhiddengame/hidden-gnomes-food-land,1,7,2014-09-20,2014-09-20,2026-06-30,live_metrics_json,not_checked,has_metrics,2,0,0,2,,,0,0,0,,,exact_metrics_no_cached_cdx_rows,0,0,0,0,0,0,Run a bounded exact metrics CDX check before escalating.
859,Age of Pixels - Rome 1,http://www.kongregate.com/games/JackF194/age-of-pixels-rome-1,www.kongregate.com/games/jackf194/age-of-pixels-rome-1,1,7,2014-09-26,2014-09-26,2026-06-30,live_metrics_json,not_checked,has_metrics,2,0,0,2,,,0,0,0,,,exact_metrics_no_cached_cdx_rows,0,0,0,0,0,0,Run a bounded exact metrics CDX check before escalating.
860,Highway Rampage,http://www.kongregate.com/games/wallofgame/highway-rampage,www.kongregate.com/games/wallofgame/highway-rampage,1,7,2014-09-26,2014-09-26,2026-06-30,live_metrics_json,not_checked,has_metrics,2,0,0,2,,,0,0,0,,,exact_metrics_no_cached_cdx_rows,0,0,0,0,0,0,Run a bounded exact metrics CDX check before escalating.
861,Jumper,http://www.kongregate.com/games/FrankP71/jumper,www.kongregate.com/games/frankp71/jumper,1,7,2014-10-03,2014-10-03,2026-06-29,live_metrics_json,not_checked,has_metrics,2,0,0,2,,,0,0,0,,,exact_metrics_no_cached_cdx_rows,0,0,0,0,0,0,Run a bounded exact metrics CDX check before escalating.
862,Little Game,http://www.kongregate.com/games/MaxDangerMouse/little-game,www.kongregate.com/games/maxdangermouse/little-game,1,7,2014-10-04,2014-10-04,2026-06-29,live_metrics_json,not_checked,has_metrics,2,0,0,2,,,0,0,0,,,exact_metrics_no_cached_cdx_rows,0,0,0,0,0,0,Run a bounded exact metrics CDX check before escalating.
863,Dice Adventure,http://www.kongregate.com/games/NocturneStudio/dice-adventure,www.kongregate.com/games/nocturnestudio/dice-adventure,1,7,2014-10-09,2014-10-09,2026-06-29,live_metrics_json,not_checked,has_metrics,2,0,0,2,,,0,0,0,,,exact_metrics_no_cached_cdx_rows,0,0,0,0,0,0,Run a bounded exact metrics CDX check before escalating.
864,Pirate Kills,http://www.kongregate.com/games/win1game/pirate-kills,www.kongregate.com/games/win1game/pirate-kills,1,7,2014-10-10,2014-10-10,2026-06-29,live_metrics_json,not_checked,has_metrics,2,0,0,2,,,0,0,0,,,exact_metrics_no_cached_cdx_rows,0,0,0,0,0,0,Run a bounded exact metrics CDX check before escalating.
865,3D Police Car Driver Simulator,http://www.kongregate.com/games/oyunlaroynama/3d-police-car-driver-simulator,www.kongregate.com/games/oyunlaroynama/3d-police-car-driver-simulator,1,7,2014-10-13,2014-10-13,2026-06-29,live_metrics_json,not_checked,has_metrics,2,0,0,2,,,0,0,0,,,exact_metrics_no_cached_cdx_rows,0,0,0,0,0,0,Run a bounded exact metrics CDX check before escalating.
866,Button Clicker 2,http://www.kongregate.com/games/PulisProgramming/button-clicker-2,www.kongregate.com/games/pulisprogramming/button-clicker-2,1,7,2014-10-18,2014-10-18,2023-05-21,metrics_json,not_checked,has_metrics,2,0,0,2,,,0,0,0,,,exact_metrics_no_cached_cdx_rows,0,0,0,0,0,0,Run a bounded exact metrics CDX check before escalating.
867,Ladder Cube Free,http://www.kongregate.com/games/dehimer/ladder-cube-free,www.kongregate.com/games/dehimer/ladder-cube-free,1,7,2014-10-24,2014-10-24,2026-06-29,live_metrics_json,not_checked,has_metrics,2,0,0,2,,,0,0,0,,,exact_metrics_no_cached_cdx_rows,0,0,0,0,0,0,Run a bounded exact metrics CDX check before escalating.
868,Sofia Cooking Pumpkin Tart,http://www.kongregate.com/games/wowsomegames/sofia-cooking-pumpkin-tart,www.kongregate.com/games/wowsomegames/sofia-cooking-pumpkin-tart,1,7,2014-10-29,2014-10-29,2026-06-30,live_metrics_json,not_checked,has_metrics,2,0,0,2,,,0,0,0,,,exact_metrics_no_cached_cdx_rows,0,0,0,0,0,0,Run a bounded exact metrics CDX check before escalating.
869,Escape Skull Rise,http://www.kongregate.com/games/learner102/escape-skull-rise,www.kongregate.com/games/learner102/escape-skull-rise,1,7,2014-10-31,2014-10-31,2026-06-29,live_metrics_json,not_checked,has_metrics,2,0,0,2,,,0,0,0,,,exact_metrics_no_cached_cdx_rows,0,0,0,0,0,0,Run a bounded exact metrics CDX check before escalating.
870,Ben10 Heatblast saviour,http://www.kongregate.com/games/mytoongames/ben10-heatblast-saviour,www.kongregate.com/games/mytoongames/ben10-heatblast-saviour,1,7,2014-11-11,2014-11-11,2026-06-30,live_metrics_json,not_checked,has_metrics,2,0,0,2,,,0,0,0,,,exact_metrics_no_cached_cdx_rows,0,0,0,0,0,0,Run a bounded exact metrics CDX check before escalating.
871,Flight Of The Bee,http://www.kongregate.com/games/ggfdev/flight-of-the-bee,www.kongregate.com/games/ggfdev/flight-of-the-bee,1,7,2014-11-25,2014-11-25,2026-06-30,live_metrics_json,not_checked,has_metrics,2,0,0,2,,,0,0,0,,,exact_metrics_no_cached_cdx_rows,0,0,0,0,0,0,Run a bounded exact metrics CDX check before escalating.
872,RoboTrip,http://www.kongregate.com/games/juhanasuuri/robotrip,www.kongregate.com/games/juhanasuuri/robotrip,1,7,2014-12-02,2014-12-02,2026-06-30,live_metrics_json,not_checked,has_metrics,2,0,0,2,,,0,0,0,,,exact_metrics_no_cached_cdx_rows,0,0,0,0,0,0,Run a bounded exact metrics CDX check before escalating.
873,super smach flach 2,http://www.kongregate.com/games/mansur_ibragimov/super-smach-flach-2,www.kongregate.com/games/mansur_ibragimov/super-smach-flach-2,1,7,2014-12-17,2014-12-17,2026-06-30,live_metrics_json,not_checked,has_metrics,2,0,0,2,,,0,0,0,,,exact_metrics_no_cached_cdx_rows,0,0,0,0,0,0,Run a bounded exact metrics CDX check before escalating.
874,Baby Daisy New Year Party,http://www.kongregate.com/games/niklec/baby-daisy-new-year-party,www.kongregate.com/games/niklec/baby-daisy-new-year-party,1,7,2014-12-30,2014-12-30,2026-06-30,live_metrics_json,not_checked,has_metrics,2,0,0,2,,,0,0,0,,,exact_metrics_no_cached_cdx_rows,0,0,0,0,0,0,Run a bounded exact metrics CDX check before escalating.
875,In Search Of Purpose,http://www.kongregate.com/games/FreakinTroll/in-search-of-purpose,www.kongregate.com/games/freakintroll/in-search-of-purpose,1,7,2015-04-01,2015-04-01,2026-06-30,live_metrics_json,not_checked,has_metrics,2,0,0,2,,,0,0,0,,,exact_metrics_no_cached_cdx_rows,0,0,0,0,0,0,Run a bounded exact metrics CDX check before escalating.
876,qiuweigangfirstgame,http://www.kongregate.com/games/qiuweigang/qiuweigangfirstgame,www.kongregate.com/games/qiuweigang/qiuweigangfirstgame,1,7,2015-09-03,2015-09-03,2026-06-30,live_metrics_json,not_checked,has_metrics,2,0,0,2,,,0,0,0,,,exact_metrics_no_cached_cdx_rows,0,0,0,0,0,0,Run a bounded exact metrics CDX check before escalating.
877,Pirates & Cannons,http://www.kongregate.com/games/dabontv/pirates-cannons,www.kongregate.com/games/dabontv/pirates-cannons,1,7,2015-09-09,2015-09-09,2026-06-29,live_metrics_json,not_checked,has_metrics,2,0,0,2,,,0,0,0,,,exact_metrics_no_cached_cdx_rows,0,0,0,0,0,0,Run a bounded exact metrics CDX check before escalating.
878,KoGaMa | ♣ Mario 2D ♣,http://www.kongregate.com/games/KoGaMaDaniel/kogama-mario-2d,www.kongregate.com/games/kogamadaniel/kogama-mario-2d,1,7,2015-09-14,2015-09-14,2026-06-29,live_metrics_json,not_checked,has_metrics,2,0,0,2,,,0,0,0,,,exact_metrics_no_cached_cdx_rows,0,0,0,0,0,0,Run a bounded exact metrics CDX check before escalating.
879,Back2Base,http://www.kongregate.com/games/Woutfontane/back2base,www.kongregate.com/games/woutfontane/back2base,1,7,2015-09-15,2015-09-15,2026-06-29,live_metrics_json,not_checked,has_metrics,2,0,0,2,,,0,0,0,,,exact_metrics_no_cached_cdx_rows,0,0,0,0,0,0,Run a bounded exact metrics CDX check before escalating.
880,Roll a Ball,http://www.kongregate.com/games/andreas2200/roll-a-ball,www.kongregate.com/games/andreas2200/roll-a-ball,1,7,2015-09-23,2015-09-23,2026-06-30,live_metrics_json,not_checked,has_metrics,2,0,0,2,,,0,0,0,,,exact_metrics_no_cached_cdx_rows,0,0,0,0,0,0,Run a bounded exact metrics CDX check before escalating.
881,Missile Defence,http://www.kongregate.com/games/Merklar/missile-defence,www.kongregate.com/games/merklar/missile-defence,1,7,2015-12-05,2015-12-05,2026-06-29,live_metrics_json,not_checked,has_metrics,2,0,0,2,,,0,0,0,,,exact_metrics_no_cached_cdx_rows,0,0,0,0,0,0,Run a bounded exact metrics CDX check before escalating.
882,Witchy Kitty,http://www.kongregate.com/games/dawnpop/witchy-kitty,www.kongregate.com/games/dawnpop/witchy-kitty,1,7,2015-12-18,2015-12-18,2026-06-30,live_metrics_json,not_checked,has_metrics,2,0,0,2,,,0,0,0,,,exact_metrics_no_cached_cdx_rows,0,0,0,0,0,0,Run a bounded exact metrics CDX check before escalating.
883,Find The Gift For Best Friend,http://www.kongregate.com/games/Enagamess/find-the-gift-for-best-friend,www.kongregate.com/games/enagamess/find-the-gift-for-best-friend,1,7,2015-12-26,2015-12-26,2026-06-29,live_metrics_json,not_checked,has_metrics,2,0,0,2,,,0,0,0,,,exact_metrics_no_cached_cdx_rows,0,0,0,0,0,0,Run a bounded exact metrics CDX check before escalating.
884,Table Tennis - Match of the Year,http://www.kongregate.com/games/spilland/table-tennis-match-of-the-year,www.kongregate.com/games/spilland/table-tennis-match-of-the-year,1,7,2016-01-02,2016-01-02,2026-06-29,live_metrics_json,not_checked,has_metrics,2,0,0,2,,,0,0,0,,,exact_metrics_no_cached_cdx_rows,0,0,0,0,0,0,Run a bounded exact metrics CDX check before escalating.
885,Teste nº 08 up,http://www.kongregate.com/games/matheusresende47/teste-n-08-up,www.kongregate.com/games/matheusresende47/teste-n-08-up,1,7,2016-01-16,2016-01-16,2026-06-29,live_metrics_json,not_checked,has_metrics,2,0,0,2,,,0,0,0,,,exact_metrics_no_cached_cdx_rows,0,0,0,0,0,0,Run a bounded exact metrics CDX check before escalating.
886,bomberman,http://www.kongregate.com/games/ziketus786/bomberman,www.kongregate.com/games/ziketus786/bomberman,1,7,2016-01-25,2016-01-25,2026-06-29,live_metrics_json,not_checked,has_metrics,2,0,0,2,,,0,0,0,,,exact_metrics_no_cached_cdx_rows,0,0,0,0,0,0,Run a bounded exact metrics CDX check before escalating.
887,Freaky Math 1+1,http://www.kongregate.com/games/GeosMedia/freaky-math-1-1,www.kongregate.com/games/geosmedia/freaky-math-1-1,1,7,2016-02-02,2016-02-02,2026-06-30,live_metrics_json,not_checked,has_metrics,2,0,0,2,,,0,0,0,,,exact_metrics_no_cached_cdx_rows,0,0,0,0,0,0,Run a bounded exact metrics CDX check before escalating.
888,BlackJack (21),http://www.kongregate.com/games/D0MiNAT0RZ/blackjack-21,www.kongregate.com/games/d0minat0rz/blackjack-21,1,7,2016-02-17,2016-02-17,2026-06-30,live_metrics_json,not_checked,has_metrics,2,0,0,2,,,0,0,0,,,exact_metrics_no_cached_cdx_rows,0,0,0,0,0,0,Run a bounded exact metrics CDX check before escalating.
889,RugRat - The Game,http://www.kongregate.com/games/CorebitGames/rugrat-the-game,www.kongregate.com/games/corebitgames/rugrat-the-game,1,7,2016-02-28,2016-02-28,2026-06-30,live_metrics_json,not_checked,has_metrics,2,0,0,2,,,0,0,0,,,exact_metrics_no_cached_cdx_rows,0,0,0,0,0,0,Run a bounded exact metrics CDX check before escalating.
890,Chopterfury,http://www.kongregate.com/games/Fjellbyte/chopterfury,www.kongregate.com/games/fjellbyte/chopterfury,1,7,2016-03-05,2016-03-05,2026-06-29,live_metrics_json,not_checked,has_metrics,2,0,0,2,,,0,0,0,,,exact_metrics_no_cached_cdx_rows,0,0,0,0,0,0,Run a bounded exact metrics CDX check before escalating.
891,Money Movers,http://www.kongregate.com/games/Funtomic/money-movers,www.kongregate.com/games/funtomic/money-movers,1,7,2016-03-07,2016-03-07,2026-06-29,live_metrics_json,not_checked,has_metrics,2,0,0,2,,,0,0,0,,,exact_metrics_no_cached_cdx_rows,0,0,0,0,0,0,Run a bounded exact metrics CDX check before escalating.
892,Captain America,http://www.kongregate.com/games/newgamess/captain-america,www.kongregate.com/games/newgamess/captain-america,1,7,2016-03-16,2016-03-16,2026-06-29,live_metrics_json,not_checked,has_metrics,2,0,0,2,,,0,0,0,,,exact_metrics_no_cached_cdx_rows,0,0,0,0,0,0,Run a bounded exact metrics CDX check before escalating.
893,Hack and slash RPG ver1.1,http://www.kongregate.com/games/del9901705_39278/hack-and-slash-rpg-ver1-1,www.kongregate.com/games/del9901705_39278/hack-and-slash-rpg-ver1-1,1,7,2016-03-20,2016-03-20,2026-06-29,live_metrics_json,not_checked,has_metrics,2,0,0,2,,,0,0,0,,,exact_metrics_no_cached_cdx_rows,0,0,0,0,0,0,Run a bounded exact metrics CDX check before escalating.
894,The Spes Project,http://www.kongregate.com/games/scumdog77/the-spes-project,www.kongregate.com/games/scumdog77/the-spes-project,1,7,2016-03-24,2016-03-24,2026-06-29,live_metrics_json,not_checked,has_metrics,2,0,0,2,,,0,0,0,,,exact_metrics_no_cached_cdx_rows,0,0,0,0,0,0,Run a bounded exact metrics CDX check before escalating.
895,Prismatic Momentum,http://www.kongregate.com/games/insigniolabs/prismatic-momentum,www.kongregate.com/games/insigniolabs/prismatic-momentum,1,7,2016-05-06,2016-05-06,2026-06-29,live_metrics_json,not_checked,has_metrics,2,0,0,2,,,0,0,0,,,exact_metrics_no_cached_cdx_rows,0,0,0,0,0,0,Run a bounded exact metrics CDX check before escalating.
896,Caverns of Delirium,http://www.kongregate.com/games/flowlab/caverns-of-delirium,www.kongregate.com/games/flowlab/caverns-of-delirium,1,7,2016-05-15,2016-05-15,2026-06-29,live_metrics_json,not_checked,has_metrics,2,0,0,2,,,0,0,0,,,exact_metrics_no_cached_cdx_rows,0,0,0,0,0,0,Run a bounded exact metrics CDX check before escalating.
897,star Match,http://www.kongregate.com/games/gamebazar99/star-match,www.kongregate.com/games/gamebazar99/star-match,1,7,2016-05-23,2016-05-23,2026-06-29,live_metrics_json,not_checked,has_metrics,2,0,0,2,,,0,0,0,,,exact_metrics_no_cached_cdx_rows,0,0,0,0,0,0,Run a bounded exact metrics CDX check before escalating.
898,Mini J Cooper Jigsaw,http://www.kongregate.com/games/newgamess/mini-j-cooper-jigsaw,www.kongregate.com/games/newgamess/mini-j-cooper-jigsaw,1,7,2016-05-24,2016-05-24,2026-06-29,live_metrics_json,not_checked,has_metrics,2,0,0,2,,,0,0,0,,,exact_metrics_no_cached_cdx_rows,0,0,0,0,0,0,Run a bounded exact metrics CDX check before escalating.
899,Stuntsman Game,http://www.kongregate.com/games/AIexT/stuntsman-game,www.kongregate.com/games/aiext/stuntsman-game,1,7,2016-06-04,2016-06-04,2026-06-29,live_metrics_json,not_checked,has_metrics,2,0,0,2,,,0,0,0,,,exact_metrics_no_cached_cdx_rows,0,0,0,0,0,0,Run a bounded exact metrics CDX check before escalating.
900,Guardian Star,http://www.kongregate.com/games/Dmaester/guardian-star,www.kongregate.com/games/dmaester/guardian-star,1,7,2016-06-05,2016-06-05,2026-06-29,live_metrics_json,not_checked,has_metrics,2,0,0,2,,,0,0,0,,,exact_metrics_no_cached_cdx_rows,0,0,0,0,0,0,Run a bounded exact metrics CDX check before escalating.
901,Tico Jigsaw,http://www.kongregate.com/games/newgamess/tico-jigsaw,www.kongregate.com/games/newgamess/tico-jigsaw,1,7,2016-06-13,2016-06-13,2026-06-29,live_metrics_json,not_checked,has_metrics,2,0,0,2,,,0,0,0,,,exact_metrics_no_cached_cdx_rows,0,0,0,0,0,0,Run a bounded exact metrics CDX check before escalating.
902,Space War,http://www.kongregate.com/games/jerry19li/space-war,www.kongregate.com/games/jerry19li/space-war,1,7,2016-06-22,2016-06-22,2026-06-29,live_metrics_json,not_checked,has_metrics,2,0,0,2,,,0,0,0,,,exact_metrics_no_cached_cdx_rows,0,0,0,0,0,0,Run a bounded exact metrics CDX check before escalating.
903,Juggle Sim,http://www.kongregate.com/games/FriggyStudios/juggle-sim,www.kongregate.com/games/friggystudios/juggle-sim,1,7,2016-06-29,2016-06-29,2026-06-29,live_metrics_json,not_checked,has_metrics,2,0,0,2,,,0,0,0,,,exact_metrics_no_cached_cdx_rows,0,0,0,0,0,0,Run a bounded exact metrics CDX check before escalating.
904,Darkness Below,http://www.kongregate.com/games/NCI1/darkness-below,www.kongregate.com/games/nci1/darkness-below,1,7,2016-07-07,2016-07-07,2026-06-29,live_metrics_json,not_checked,has_metrics,2,0,0,2,,,0,0,0,,,exact_metrics_no_cached_cdx_rows,0,0,0,0,0,0,Run a bounded exact metrics CDX check before escalating.
905,Pfiguero,http://www.kongregate.com/games/javiersan22/pfiguero,www.kongregate.com/games/javiersan22/pfiguero,1,7,2016-07-14,2016-07-14,2023-09-21,metrics_json,not_checked,has_metrics,2,0,0,2,,,0,0,0,,,exact_metrics_no_cached_cdx_rows,0,0,0,0,0,0,Run a bounded exact metrics CDX check before escalating.
906,Steal the Wheel 13,http://www.kongregate.com/games/Enagamess/steal-the-wheel-13,www.kongregate.com/games/enagamess/steal-the-wheel-13,1,7,2016-07-20,2016-07-20,2026-06-29,live_metrics_json,not_checked,has_metrics,2,0,0,2,,,0,0,0,,,exact_metrics_no_cached_cdx_rows,0,0,0,0,0,0,Run a bounded exact metrics CDX check before escalating.
907,The Small Jump,http://www.kongregate.com/games/AlexScripter/the-small-jump,www.kongregate.com/games/alexscripter/the-small-jump,1,7,2016-07-27,2016-07-27,2026-06-29,live_metrics_json,not_checked,has_metrics,2,0,0,2,,,0,0,0,,,exact_metrics_no_cached_cdx_rows,0,0,0,0,0,0,Run a bounded exact metrics CDX check before escalating.
908,Forgotten,http://www.kongregate.com/games/TheNoob20/forgotten,www.kongregate.com/games/thenoob20/forgotten,1,7,2016-08-05,2016-08-05,2026-06-29,live_metrics_json,not_checked,has_metrics,2,0,0,2,,,0,0,0,,,exact_metrics_no_cached_cdx_rows,0,0,0,0,0,0,Run a bounded exact metrics CDX check before escalating.
909,Color Number Figure,http://www.kongregate.com/games/omgnoob191/color-number-figure,www.kongregate.com/games/omgnoob191/color-number-figure,1,7,2016-08-13,2016-08-13,2025-04-02,metrics_json,not_checked,has_metrics,2,0,0,2,,,0,0,0,,,exact_metrics_no_cached_cdx_rows,0,0,0,0,0,0,Run a bounded exact metrics CDX check before escalating.
910,Ludo King,http://www.kongregate.com/games/OneOnlineGames/ludo-king,www.kongregate.com/games/oneonlinegames/ludo-king,1,7,2016-08-20,2016-08-20,2026-06-29,live_metrics_json,not_checked,has_metrics,2,0,0,2,,,0,0,0,,,exact_metrics_no_cached_cdx_rows,0,0,0,0,0,0,Run a bounded exact metrics CDX check before escalating.
911,R-G-B,http://www.kongregate.com/games/AttalK/r-g-b,www.kongregate.com/games/attalk/r-g-b,1,7,2016-08-28,2016-08-28,2023-09-14,metrics_json,not_checked,has_metrics,2,0,0,2,,,0,0,0,,,exact_metrics_no_cached_cdx_rows,0,0,0,0,0,0,Run a bounded exact metrics CDX check before escalating.
912,JumpMambo,http://www.kongregate.com/games/UsmanShams/jumpmambo,www.kongregate.com/games/usmanshams/jumpmambo,1,7,2016-09-03,2016-09-03,2026-06-29,live_metrics_json,not_checked,has_metrics,2,0,0,2,,,0,0,0,,,exact_metrics_no_cached_cdx_rows,0,0,0,0,0,0,Run a bounded exact metrics CDX check before escalating.
913,Jungle Ride Free,http://www.kongregate.com/games/marciolevi/jungle-ride-free,www.kongregate.com/games/marciolevi/jungle-ride-free,1,7,2016-09-16,2016-09-16,2026-06-29,live_metrics_json,not_checked,has_metrics,2,0,0,2,,,0,0,0,,,exact_metrics_no_cached_cdx_rows,0,0,0,0,0,0,Run a bounded exact metrics CDX check before escalating.
914,aliens ufo shooter,http://www.kongregate.com/games/gamebazar99/aliens-ufo-shooter,www.kongregate.com/games/gamebazar99/aliens-ufo-shooter,1,7,2016-09-17,2016-09-17,2026-06-29,live_metrics_json,not_checked,has_metrics,2,0,0,2,,,0,0,0,,,exact_metrics_no_cached_cdx_rows,0,0,0,0,0,0,Run a bounded exact metrics CDX check before escalating.
915,Flying Castle,http://www.kongregate.com/games/som911/flying-castle,www.kongregate.com/games/som911/flying-castle,1,7,2016-09-23,2016-09-23,2026-06-29,live_metrics_json,not_checked,has_metrics,2,0,0,2,,,0,0,0,,,exact_metrics_no_cached_cdx_rows,0,0,0,0,0,0,Run a bounded exact metrics CDX check before escalating.
916,Stellar Broadsider Test,http://www.kongregate.com/games/Tolaryn/stellar-broadsider-test,www.kongregate.com/games/tolaryn/stellar-broadsider-test,1,7,2016-10-04,2016-10-04,2026-06-29,live_metrics_json,not_checked,has_metrics,2,0,0,2,,,0,0,0,,,exact_metrics_no_cached_cdx_rows,0,0,0,0,0,0,Run a bounded exact metrics CDX check before escalating.
917,Faw Truck,http://www.kongregate.com/games/newgamess/faw-truck,www.kongregate.com/games/newgamess/faw-truck,1,7,2016-10-10,2016-10-10,2026-06-29,live_metrics_json,not_checked,has_metrics,2,0,0,2,,,0,0,0,,,exact_metrics_no_cached_cdx_rows,0,0,0,0,0,0,Run a bounded exact metrics CDX check before escalating.
918,The Undeads Nightmare,http://www.kongregate.com/games/GamersComet/the-undeads-nightmare,www.kongregate.com/games/gamerscomet/the-undeads-nightmare,1,7,2016-10-17,2016-10-17,2026-06-29,live_metrics_json,not_checked,has_metrics,2,0,0,2,,,0,0,0,,,exact_metrics_no_cached_cdx_rows,0,0,0,0,0,0,Run a bounded exact metrics CDX check before escalating.
919,Space Base Defender,http://www.kongregate.com/games/aliceperdomoDev/space-base-defender,www.kongregate.com/games/aliceperdomodev/space-base-defender,1,7,2016-10-18,2016-10-18,2026-06-29,live_metrics_json,not_checked,has_metrics,2,0,0,2,,,0,0,0,,,exact_metrics_no_cached_cdx_rows,0,0,0,0,0,0,Run a bounded exact metrics CDX check before escalating.
920,ARKADE demo,http://www.kongregate.com/games/Ivamorlor/arkade-demo,www.kongregate.com/games/ivamorlor/arkade-demo,1,7,2016-10-24,2016-10-24,2026-06-29,live_metrics_json,not_checked,has_metrics,2,0,0,2,,,0,0,0,,,exact_metrics_no_cached_cdx_rows,0,0,0,0,0,0,Run a bounded exact metrics CDX check before escalating.
921,Double Jump,http://www.kongregate.com/games/ciobeni/double-jump,www.kongregate.com/games/ciobeni/double-jump,1,7,2016-10-30,2016-10-30,2026-06-29,live_metrics_json,not_checked,has_metrics,2,0,0,2,,,0,0,0,,,exact_metrics_no_cached_cdx_rows,0,0,0,0,0,0,Run a bounded exact metrics CDX check before escalating.
922,Sherlock Has a Clue,http://www.kongregate.com/games/esthetix/sherlock-has-a-clue,www.kongregate.com/games/esthetix/sherlock-has-a-clue,1,7,2017-05-05,2017-05-05,2023-05-17,metrics_json,not_checked,has_metrics,2,0,0,2,,,0,0,0,,,exact_metrics_no_cached_cdx_rows,0,0,0,0,0,0,Run a bounded exact metrics CDX check before escalating.
923,Shop Empire Galaxy,http://www.kongregate.com/games/littlegiantworld/shop-empire-galaxy,www.kongregate.com/games/littlegiantworld/shop-empire-galaxy,1,7,2017-05-16,2017-05-16,2026-06-29,live_metrics_json,not_checked,has_metrics,2,0,0,2,,,0,0,0,,,exact_metrics_no_cached_cdx_rows,0,0,0,0,0,0,Run a bounded exact metrics CDX check before escalating.
924,Idle TD,http://www.kongregate.com/games/JosephW55/idle-td,www.kongregate.com/games/josephw55/idle-td,1,7,2017-05-25,2017-05-25,2026-06-29,live_metrics_json,not_checked,has_metrics,2,0,0,2,,,0,0,0,,,exact_metrics_no_cached_cdx_rows,0,0,0,0,0,0,Run a bounded exact metrics CDX check before escalating.
925,Biceps Clicker,http://www.kongregate.com/games/llamaware/biceps-clicker,www.kongregate.com/games/llamaware/biceps-clicker,1,7,2017-05-26,2017-05-26,2026-06-29,live_metrics_json,not_checked,has_metrics,2,0,0,2,,,0,0,0,,,exact_metrics_no_cached_cdx_rows,0,0,0,0,0,0,Run a bounded exact metrics CDX check before escalating.
926,Mountain City,http://www.kongregate.com/games/Enagamess/mountain-city,www.kongregate.com/games/enagamess/mountain-city,1,7,2017-06-15,2017-06-15,2026-06-29,live_metrics_json,not_checked,has_metrics,2,0,0,2,,,0,0,0,,,exact_metrics_no_cached_cdx_rows,0,0,0,0,0,0,Run a bounded exact metrics CDX check before escalating.
927,Dead World,http://www.kongregate.com/games/TDMMCStudios/dead-world,www.kongregate.com/games/tdmmcstudios/dead-world,1,7,2017-06-25,2017-06-25,2026-06-29,live_metrics_json,not_checked,has_metrics,2,0,0,2,,,0,0,0,,,exact_metrics_no_cached_cdx_rows,0,0,0,0,0,0,Run a bounded exact metrics CDX check before escalating.
928,Watch Maker,http://www.kongregate.com/games/Enagamess/watch-maker,www.kongregate.com/games/enagamess/watch-maker,1,7,2017-07-03,2017-07-03,2026-06-29,live_metrics_json,not_checked,has_metrics,2,0,0,2,,,0,0,0,,,exact_metrics_no_cached_cdx_rows,0,0,0,0,0,0,Run a bounded exact metrics CDX check before escalating.
929,NekoCoffee Express Clicker,http://www.kongregate.com/games/studiouweii/nekocoffee-express-clicker,www.kongregate.com/games/studiouweii/nekocoffee-express-clicker,1,7,2017-07-20,2017-07-20,2026-06-29,live_metrics_json,not_checked,has_metrics,2,0,0,2,,,0,0,0,,,exact_metrics_no_cached_cdx_rows,0,0,0,0,0,0,Run a bounded exact metrics CDX check before escalating.
930,Dreams defender,http://www.kongregate.com/games/MissionMmorpg/dreams-defender,www.kongregate.com/games/missionmmorpg/dreams-defender,1,7,2017-08-05,2017-08-05,2026-06-29,live_metrics_json,not_checked,has_metrics,2,0,0,2,,,0,0,0,,,exact_metrics_no_cached_cdx_rows,0,0,0,0,0,0,Run a bounded exact metrics CDX check before escalating.
931,Speed UP Your Seksi Babooshka,http://www.kongregate.com/games/ROFL_Games/speed-up-your-seksi-babooshka,www.kongregate.com/games/rofl_games/speed-up-your-seksi-babooshka,1,7,2017-08-17,2017-08-17,2026-06-29,live_metrics_json,not_checked,has_metrics,2,0,0,2,,,0,0,0,,,exact_metrics_no_cached_cdx_rows,0,0,0,0,0,0,Run a bounded exact metrics CDX check before escalating.
932,Uniform Crime,http://www.kongregate.com/games/ajazgames/uniform-crime,www.kongregate.com/games/ajazgames/uniform-crime,1,7,2017-08-23,2017-08-23,2026-06-29,live_metrics_json,not_checked,has_metrics,2,0,0,2,,,0,0,0,,,exact_metrics_no_cached_cdx_rows,0,0,0,0,0,0,Run a bounded exact metrics CDX check before escalating.
933,Black Night,http://www.kongregate.com/games/Nicecoolguy0/black-night,www.kongregate.com/games/nicecoolguy0/black-night,1,7,2017-08-25,2017-08-25,2026-06-29,live_metrics_json,not_checked,has_metrics,2,0,0,2,,,0,0,0,,,exact_metrics_no_cached_cdx_rows,0,0,0,0,0,0,Run a bounded exact metrics CDX check before escalating.
934,SpaceSymbols.io,http://www.kongregate.com/games/iromano/spacesymbols-io,www.kongregate.com/games/iromano/spacesymbols-io,1,7,2017-09-04,2017-09-04,2026-06-29,live_metrics_json,not_checked,has_metrics,2,0,0,2,,,0,0,0,,,exact_metrics_no_cached_cdx_rows,0,0,0,0,0,0,Run a bounded exact metrics CDX check before escalating.
935,RET,http://www.kongregate.com/games/EveGames/ret,www.kongregate.com/games/evegames/ret,1,7,2017-09-13,2017-09-13,2026-06-29,live_metrics_json,not_checked,has_metrics,2,0,0,2,,,0,0,0,,,exact_metrics_no_cached_cdx_rows,0,0,0,0,0,0,Run a bounded exact metrics CDX check before escalating.
936,The Locker - Scientist House 5,http://www.kongregate.com/games/Enagamess/the-locker-scientist-house-5,www.kongregate.com/games/enagamess/the-locker-scientist-house-5,1,7,2017-09-20,2017-09-20,2026-06-29,live_metrics_json,not_checked,has_metrics,2,0,0,2,,,0,0,0,,,exact_metrics_no_cached_cdx_rows,0,0,0,0,0,0,Run a bounded exact metrics CDX check before escalating.
937,Escape From Artist Room,http://www.kongregate.com/games/top10newgames/escape-from-artist-room,www.kongregate.com/games/top10newgames/escape-from-artist-room,1,7,2017-09-30,2017-09-30,2026-06-29,live_metrics_json,not_checked,has_metrics,2,0,0,2,,,0,0,0,,,exact_metrics_no_cached_cdx_rows,0,0,0,0,0,0,Run a bounded exact metrics CDX check before escalating.
938,Idle Streamer,http://www.kongregate.com/games/SilverFinish/idle-streamer,www.kongregate.com/games/silverfinish/idle-streamer,1,7,2017-10-08,2017-10-08,2026-06-29,live_metrics_json,not_checked,has_metrics,2,0,0,2,,,0,0,0,,,exact_metrics_no_cached_cdx_rows,0,0,0,0,0,0,Run a bounded exact metrics CDX check before escalating.
939,The Maze Stalker,http://www.kongregate.com/games/SlidingHappens/the-maze-stalker,www.kongregate.com/games/slidinghappens/the-maze-stalker,1,7,2017-10-15,2017-10-15,2026-06-29,live_metrics_json,not_checked,has_metrics,2,0,0,2,,,0,0,0,,,exact_metrics_no_cached_cdx_rows,0,0,0,0,0,0,Run a bounded exact metrics CDX check before escalating.
940,Mars project,http://www.kongregate.com/games/heckubiss/mars-project,www.kongregate.com/games/heckubiss/mars-project,1,7,2017-10-24,2017-10-24,2026-06-29,live_metrics_json,not_checked,has_metrics,2,0,0,2,,,0,0,0,,,exact_metrics_no_cached_cdx_rows,0,0,0,0,0,0,Run a bounded exact metrics CDX check before escalating.
941,Rogue Fable III,https://www.kongregate.com/games/Justin_wang123/rogue-fable-iii,www.kongregate.com/games/justin_wang123/rogue-fable-iii,1,7,2018-12-22,2018-12-22,2019-02-05,metrics_json,not_checked,has_metrics,2,0,0,2,,,0,0,0,,,exact_metrics_no_cached_cdx_rows,0,0,0,0,0,0,Run a bounded exact metrics CDX check before escalating.
942,"Gragyriss, Captor of Princesses",https://www.kongregate.com/games/snowroadgames/gragyriss-captor-of-princesses,www.kongregate.com/games/snowroadgames/gragyriss-captor-of-princesses,1,7,2019-03-30,2019-03-30,2021-04-04,metrics_json,not_checked,has_metrics,2,0,0,2,,,0,0,0,,,exact_metrics_no_cached_cdx_rows,0,0,0,0,0,0,Run a bounded exact metrics CDX check before escalating.
943,Amgel Easy Room Escape 1,https://www.kongregate.com/games/amgelescape/amgel-easy-room-escape-1,www.kongregate.com/games/amgelescape/amgel-easy-room-escape-1,1,7,2019-08-25,2019-08-25,2026-06-30,live_metrics_json,not_checked,has_metrics,2,0,0,2,,,0,0,0,,,exact_metrics_no_cached_cdx_rows,0,0,0,0,0,0,Run a bounded exact metrics CDX check before escalating.
944,Mahjong Battles Egypt,http://www.kongregate.com/games/fighter106/jungle-balloons-division,www.kongregate.com/games/fighter106/jungle-balloons-division,1,7,2021-01-25,2021-01-25,2026-06-29,live_metrics_json,not_checked,has_metrics,2,0,0,2,,,0,0,0,,,exact_metrics_no_cached_cdx_rows,0,0,0,0,0,0,Run a bounded exact metrics CDX check before escalating.
945,Spinneroids,http://www.kongregate.com/games/pukks/spinneroids,www.kongregate.com/games/pukks/spinneroids,1,7,2021-11-12,2021-11-12,2026-06-29,live_metrics_json,not_checked,has_metrics,2,0,0,2,,,0,0,0,,,exact_metrics_no_cached_cdx_rows,0,0,0,0,0,0,Run a bounded exact metrics CDX check before escalating.
946,Paper Knight Quest,https://www.kongregate.com/en/games/ferx_zero/paper-knight-quest,www.kongregate.com/games/ferx_zero/paper-knight-quest,1,7,2026-01-03,2026-01-03,2026-06-29,live_metrics_json,not_checked,has_metrics,2,0,0,2,,,0,0,0,,,exact_metrics_no_cached_cdx_rows,0,0,0,0,0,0,Run a bounded exact metrics CDX check before escalating.
947,Test 2,http://www.kongregate.com/games/Nicolo974jtm34/test-2,www.kongregate.com/games/nicolo974jtm34/test-2,1,15,2014-10-03,2014-10-03,,,no_page_cdx_rows,no_cdx,2,0,2,0,,,0,0,0,,,exact_metrics_no_cached_cdx_rows,26,0,0,0,6,0,Escalate to broader list/account captures or external corroboration.
948,Kuizi Biologjia - Pjesa e 2,http://www.kongregate.com/games/del7244009/kuizi-biologjia-pjesa-e-2,www.kongregate.com/games/del7244009/kuizi-biologjia-pjesa-e-2,1,15,2015-09-03,2015-09-03,,,dynamic_metrics_placeholder,no_cdx,2,0,2,0,,,0,0,0,,,exact_metrics_no_cached_cdx_rows,20,0,0,0,15,0,Escalate to broader list/account captures or external corroboration.
949,Mater Cars Puzzle,http://www.kongregate.com/games/natalibt/mater-cars-puzzle,www.kongregate.com/games/natalibt/mater-cars-puzzle,1,15,2015-09-09,2015-09-09,,,dynamic_metrics_placeholder,no_cdx,2,0,2,0,,,0,0,0,,,exact_metrics_no_cached_cdx_rows,20,0,0,0,55,0,Escalate to broader list/account captures or external corroboration.
950,Duck Shooter,http://www.kongregate.com/games/mafagames/duck-shooter,www.kongregate.com/games/mafagames/duck-shooter,1,15,2016-05-06,2016-05-06,,,dynamic_metrics_placeholder,no_cdx,2,0,2,0,,,0,0,0,,,exact_metrics_no_cached_cdx_rows,20,0,0,0,42,0,Escalate to broader list/account captures or external corroboration.
951,Bloosso Run,http://www.kongregate.com/games/JurgisT/bloosso-run,www.kongregate.com/games/jurgist/bloosso-run,1,15,2016-05-15,2016-05-15,,,dynamic_metrics_placeholder,no_cdx,2,0,2,0,,,0,0,0,,,exact_metrics_no_cached_cdx_rows,20,0,0,0,0,0,Escalate to broader list/account captures or external corroboration.
952,Labyrinth,http://www.kongregate.com/games/mafagames/labyrinth,www.kongregate.com/games/mafagames/labyrinth,1,15,2016-05-23,2016-05-23,,,dynamic_metrics_placeholder,no_cdx,2,0,2,0,,,0,0,0,,,exact_metrics_no_cached_cdx_rows,20,0,0,0,42,0,Escalate to broader list/account captures or external corroboration.
953,The ball game,http://www.kongregate.com/games/danwon67/the-ball-game,www.kongregate.com/games/danwon67/the-ball-game,1,15,2016-07-14,2016-07-14,,,dynamic_metrics_placeholder,no_cdx,2,0,2,0,,,0,0,0,,,exact_metrics_no_cached_cdx_rows,20,0,0,0,0,0,Escalate to broader list/account captures or external corroboration.
954,DELTA warfare,http://www.kongregate.com/games/schambulat20/delta-warfare,www.kongregate.com/games/schambulat20/delta-warfare,1,15,2016-09-03,2016-09-03,,,no_page_cdx_rows,no_cdx,2,0,2,0,,,0,0,0,,,exact_metrics_no_cached_cdx_rows,20,0,0,0,0,0,Escalate to broader list/account captures or external corroboration.
955,Mad Boy Adventures,http://www.kongregate.com/games/mafagames/mad-boy-adventures,www.kongregate.com/games/mafagames/mad-boy-adventures,1,15,2016-10-10,2016-10-10,,,dynamic_metrics_placeholder,no_cdx,2,0,2,0,,,0,0,0,,,exact_metrics_no_cached_cdx_rows,27,0,0,0,42,0,Escalate to broader list/account captures or external corroboration.
956,DON'T DESTROY THE BALL!,http://www.kongregate.com/games/phacanu/dont-destroy-the-ball,www.kongregate.com/games/phacanu/dont-destroy-the-ball,1,15,2017-06-04,2017-06-04,,,dynamic_metrics_placeholder,no_cdx,2,0,2,0,,,0,0,0,,,exact_metrics_no_cached_cdx_rows,20,0,0,0,0,0,Escalate to broader list/account captures or external corroboration.
957,Space Trip,http://www.kongregate.com/games/mafagames/space-trip,www.kongregate.com/games/mafagames/space-trip,1,15,2017-07-20,2017-07-20,,,dynamic_metrics_placeholder,no_cdx,2,0,2,0,,,0,0,0,,,exact_metrics_no_cached_cdx_rows,20,0,0,0,42,0,Escalate to broader list/account captures or external corroboration.
958,Doblons.oi,http://www.kongregate.com/games/Zueirao34/doblons-oi,www.kongregate.com/games/zueirao34/doblons-oi,1,15,2017-09-04,2017-09-04,,,dynamic_metrics_placeholder,no_cdx,2,0,2,0,,,0,0,0,,,exact_metrics_no_cached_cdx_rows,20,0,0,0,6,0,Escalate to broader list/account captures or external corroboration.
959,Car Rush 2,http://www.kongregate.com/games/mafagames/car-rush-2,www.kongregate.com/games/mafagames/car-rush-2,1,15,2017-09-13,2017-09-13,,,no_page_cdx_rows,no_cdx,2,0,2,0,,,0,0,0,,,exact_metrics_no_cached_cdx_rows,20,0,0,0,0,0,Escalate to broader list/account captures or external corroboration.
960,Moto Jumper,http://www.kongregate.com/games/darekapps/moto-jumper,www.kongregate.com/games/darekapps/moto-jumper,1,15,2017-10-08,2017-10-08,,,dynamic_metrics_placeholder,no_cdx,2,0,2,0,,,0,0,0,,,exact_metrics_no_cached_cdx_rows,20,0,0,0,0,0,Escalate to broader list/account captures or external corroboration.
961,Ascending LSD,http://www.kongregate.com/games/KING34/ascending-lsd,www.kongregate.com/games/king34/ascending-lsd,1,15,2017-10-24,2017-10-24,,,no_page_cdx_rows,no_cdx,2,0,2,0,,,0,0,0,,,exact_metrics_no_cached_cdx_rows,20,0,0,0,0,0,Escalate to broader list/account captures or external corroboration.
962,Monopoly IO,http://www.kongregate.com/games/benbean303/monopoly-io,www.kongregate.com/games/benbean303/monopoly-io,1,15,2017-11-06,2017-11-06,,,no_page_cdx_rows,no_cdx,2,0,2,0,,,0,0,0,,,exact_metrics_no_cached_cdx_rows,25,0,0,0,0,0,Escalate to broader list/account captures or external corroboration.
963,SPACEPLAN Prototype,http://www.kongregate.com/games/jhollands/spaceplan-prototype,www.kongregate.com/games/jhollands/spaceplan-prototype,7,10,2017-05-30,2017-06-18,2020-11-06,count_source_probe,not_checked,has_metrics,2,2,2,0,2020-11-06,2023-09-14,0,0,2,2020-11-06,579394,exact_metrics_starts_after_missing_window,0,0,0,0,0,0,Exact metrics start too late; pursue broader list/account captures or external corroboration.
964,Lederoid,http://www.kongregate.com/games/Aimia/lederoid,www.kongregate.com/games/aimia/lederoid,2,8,2014-09-19,2014-09-19,2026-06-30,live_metrics_json,not_checked,has_metrics,2,0,0,2,,,0,0,0,,,exact_metrics_no_cached_cdx_rows,0,0,0,0,0,0,Run a bounded exact metrics CDX check before escalating.
965,The Unexplained Disappearance,http://www.kongregate.com/games/SandraKim/the-unexplained-disappearance,www.kongregate.com/games/sandrakim/the-unexplained-disappearance,2,8,2014-10-17,2014-10-18,2026-06-30,live_metrics_json,not_checked,has_metrics,2,0,0,2,,,0,0,0,,,exact_metrics_no_cached_cdx_rows,0,0,0,0,0,0,Run a bounded exact metrics CDX check before escalating.
966,Rogue Legend: Tame the Wild,http://www.kongregate.com/games/HelpIMadeAGame/rogue-legend-tame-the-wild,www.kongregate.com/games/helpimadeagame/rogue-legend-tame-the-wild,2,8,2014-10-31,2014-11-11,2022-07-03,metrics_json,not_checked,has_metrics,2,0,0,2,,,0,0,0,,,exact_metrics_no_cached_cdx_rows,0,0,0,0,0,0,Run a bounded exact metrics CDX check before escalating.
967,Square Spinner,http://www.kongregate.com/games/wallofgame/square-spinner,www.kongregate.com/games/wallofgame/square-spinner,1,8,2014-08-22,2014-08-22,2026-06-30,live_metrics_json,not_checked,has_metrics,2,0,0,2,,,0,0,0,,,exact_metrics_no_cached_cdx_rows,0,0,0,0,0,0,Run a bounded exact metrics CDX check before escalating.
968,4096 Hexa,http://www.kongregate.com/games/rey5137/4096-hexa,www.kongregate.com/games/rey5137/4096-hexa,1,8,2014-08-26,2014-08-26,2026-06-30,live_metrics_json,not_checked,has_metrics,2,0,0,2,,,0,0,0,,,exact_metrics_no_cached_cdx_rows,0,0,0,0,0,0,Run a bounded exact metrics CDX check before escalating.
969,Demons Down Under,http://www.kongregate.com/games/epace/demons-down-under,www.kongregate.com/games/epace/demons-down-under,1,8,2014-09-02,2014-09-02,2021-05-11,metrics_json,not_checked,has_metrics,2,0,0,2,,,0,0,0,,,exact_metrics_no_cached_cdx_rows,0,0,0,0,0,0,Run a bounded exact metrics CDX check before escalating.
970,10 Gnomes in Venice,http://www.kongregate.com/games/MateuszSkutnik/10-gnomes-in-venice,www.kongregate.com/games/mateuszskutnik/10-gnomes-in-venice,1,8,2014-09-05,2014-09-05,2026-06-30,live_metrics_json,not_checked,has_metrics,2,0,0,2,,,0,0,0,,,exact_metrics_no_cached_cdx_rows,0,0,0,0,0,0,Run a bounded exact metrics CDX check before escalating.
971,Zombeast,http://www.kongregate.com/games/Jeuxcom/zombeast,www.kongregate.com/games/jeuxcom/zombeast,1,8,2014-09-12,2014-09-12,2026-06-30,live_metrics_json,not_checked,has_metrics,2,0,0,2,,,0,0,0,,,exact_metrics_no_cached_cdx_rows,0,0,0,0,0,0,Run a bounded exact metrics CDX check before escalating.
972,Simple Defence,http://www.kongregate.com/games/CremeenGraphics/simple-defence,www.kongregate.com/games/cremeengraphics/simple-defence,1,8,2014-09-14,2014-09-14,2026-06-30,live_metrics_json,not_checked,has_metrics,2,0,0,2,,,0,0,0,,,exact_metrics_no_cached_cdx_rows,0,0,0,0,0,0,Run a bounded exact metrics CDX check before escalating.
973,BlockBoy,http://www.kongregate.com/games/ed11e/blockboy,www.kongregate.com/games/ed11e/blockboy,1,8,2014-09-20,2014-09-20,2026-06-30,live_metrics_json,not_checked,has_metrics,2,0,0,2,,,0,0,0,,,exact_metrics_no_cached_cdx_rows,0,0,0,0,0,0,Run a bounded exact metrics CDX check before escalating.
974,Flash Animate,http://www.kongregate.com/games/PulisProgramming/flash-animate,www.kongregate.com/games/pulisprogramming/flash-animate,1,8,2014-09-26,2014-09-26,2026-06-30,live_metrics_json,not_checked,has_metrics,2,0,0,2,,,0,0,0,,,exact_metrics_no_cached_cdx_rows,0,0,0,0,0,0,Run a bounded exact metrics CDX check before escalating.
975,Testing out Construct 2,http://www.kongregate.com/games/LeBanging/testing-out-construct-2,www.kongregate.com/games/lebanging/testing-out-construct-2,1,8,2014-09-26,2014-09-26,2026-06-30,live_metrics_json,not_checked,has_metrics,2,0,0,2,,,0,0,0,,,exact_metrics_no_cached_cdx_rows,0,0,0,0,0,0,Run a bounded exact metrics CDX check before escalating.
976,Flappy Bird Mobile,http://www.kongregate.com/games/Foizur197/flappy-bird-mobile,www.kongregate.com/games/foizur197/flappy-bird-mobile,1,8,2014-10-03,2014-10-03,2026-06-29,live_metrics_json,not_checked,has_metrics,2,0,0,2,,,0,0,0,,,exact_metrics_no_cached_cdx_rows,0,0,0,0,0,0,Run a bounded exact metrics CDX check before escalating.
977,Black Bit Ninja 2,http://www.kongregate.com/games/HeroPunchTeam/black-bit-ninja-2,www.kongregate.com/games/heropunchteam/black-bit-ninja-2,1,8,2014-10-04,2014-10-04,2026-06-30,live_metrics_json,not_checked,has_metrics,2,0,0,2,,,0,0,0,,,exact_metrics_no_cached_cdx_rows,0,0,0,0,0,0,Run a bounded exact metrics CDX check before escalating.
978,Clickbot,http://www.kongregate.com/games/studio23/clickbot,www.kongregate.com/games/studio23/clickbot,1,8,2014-10-09,2014-10-09,2026-06-30,live_metrics_json,not_checked,has_metrics,2,0,0,2,,,0,0,0,,,exact_metrics_no_cached_cdx_rows,0,0,0,0,0,0,Run a bounded exact metrics CDX check before escalating.
979,Iron Snout,http://www.kongregate.com/games/SnoutUp/iron-snout,www.kongregate.com/games/snoutup/iron-snout,1,8,2014-10-18,2014-10-18,2019-02-28,metrics_json,not_checked,has_metrics,2,0,0,2,,,0,0,0,,,exact_metrics_no_cached_cdx_rows,0,0,0,0,0,0,Run a bounded exact metrics CDX check before escalating.
980,Voxel Snake,http://www.kongregate.com/games/nuldius/voxel-snake,www.kongregate.com/games/nuldius/voxel-snake,1,8,2014-10-24,2014-10-24,2026-06-30,live_metrics_json,not_checked,has_metrics,2,0,0,2,,,0,0,0,,,exact_metrics_no_cached_cdx_rows,0,0,0,0,0,0,Run a bounded exact metrics CDX check before escalating.
981,Tune Your Scary Car,http://www.kongregate.com/games/gamolition/tune-your-scary-car,www.kongregate.com/games/gamolition/tune-your-scary-car,1,8,2014-10-29,2014-10-29,2026-06-30,live_metrics_json,not_checked,has_metrics,2,0,0,2,,,0,0,0,,,exact_metrics_no_cached_cdx_rows,0,0,0,0,0,0,Run a bounded exact metrics CDX check before escalating.
982,Punch Out Arena!,http://www.kongregate.com/games/wariobrosz/punch-out-arena,www.kongregate.com/games/wariobrosz/punch-out-arena,1,8,2014-10-31,2014-10-31,2026-06-30,live_metrics_json,not_checked,has_metrics,2,0,0,2,,,0,0,0,,,exact_metrics_no_cached_cdx_rows,0,0,0,0,0,0,Run a bounded exact metrics CDX check before escalating.
983,Zombuddies,http://www.kongregate.com/games/GroZZleR/zombuddies,www.kongregate.com/games/grozzler/zombuddies,1,8,2014-11-25,2014-11-25,2026-06-30,live_metrics_json,not_checked,has_metrics,2,0,0,2,,,0,0,0,,,exact_metrics_no_cached_cdx_rows,0,0,0,0,0,0,Run a bounded exact metrics CDX check before escalating.
984,Get rid of Red,http://www.kongregate.com/games/dailybraingames/get-rid-of-red,www.kongregate.com/games/dailybraingames/get-rid-of-red,1,8,2014-12-02,2014-12-02,2026-06-30,live_metrics_json,not_checked,has_metrics,2,0,0,2,,,0,0,0,,,exact_metrics_no_cached_cdx_rows,0,0,0,0,0,0,Run a bounded exact metrics CDX check before escalating.
985,Doorway to Darkness,http://www.kongregate.com/games/SandraKim/doorway-to-darkness,www.kongregate.com/games/sandrakim/doorway-to-darkness,1,8,2014-12-10,2014-12-10,2026-06-30,live_metrics_json,not_checked,has_metrics,2,0,0,2,,,0,0,0,,,exact_metrics_no_cached_cdx_rows,0,0,0,0,0,0,Run a bounded exact metrics CDX check before escalating.
986,Gangster Revenge Sniper,http://www.kongregate.com/games/a10comgames/gangster-revenge-sniper,www.kongregate.com/games/a10comgames/gangster-revenge-sniper,1,8,2014-12-17,2014-12-17,2026-06-30,live_metrics_json,not_checked,has_metrics,2,0,0,2,,,0,0,0,,,exact_metrics_no_cached_cdx_rows,0,0,0,0,0,0,Run a bounded exact metrics CDX check before escalating.
987,Citroen DS3 Puzzle,http://www.kongregate.com/games/newgamess/citroen-ds3-puzzle,www.kongregate.com/games/newgamess/citroen-ds3-puzzle,1,8,2014-12-30,2014-12-30,2026-06-30,live_metrics_json,not_checked,has_metrics,2,0,0,2,,,0,0,0,,,exact_metrics_no_cached_cdx_rows,0,0,0,0,0,0,Run a bounded exact metrics CDX check before escalating.
988,Death Squad,http://www.kongregate.com/games/IDNoise/death-squad,www.kongregate.com/games/idnoise/death-squad,1,8,2015-03-31,2015-03-31,2018-01-03,metrics_json,not_checked,has_metrics,2,0,0,2,,,0,0,0,,,exact_metrics_no_cached_cdx_rows,0,0,0,0,0,0,Run a bounded exact metrics CDX check before escalating.
989,Corredor Infernal,http://www.kongregate.com/games/EmanuelR80/corredor-infernal,www.kongregate.com/games/emanuelr80/corredor-infernal,1,8,2015-04-01,2015-04-01,2026-06-30,live_metrics_json,not_checked,has_metrics,2,0,0,2,,,0,0,0,,,exact_metrics_no_cached_cdx_rows,0,0,0,0,0,0,Run a bounded exact metrics CDX check before escalating.
990,Make Nachos Balls,http://www.kongregate.com/games/loogames/make-nachos-balls,www.kongregate.com/games/loogames/make-nachos-balls,1,8,2015-09-14,2015-09-14,2026-06-30,live_metrics_json,not_checked,has_metrics,2,0,0,2,,,0,0,0,,,exact_metrics_no_cached_cdx_rows,0,0,0,0,0,0,Run a bounded exact metrics CDX check before escalating.
991,Mack Hidden Letters,http://www.kongregate.com/games/newgamess/mack-hidden-letters,www.kongregate.com/games/newgamess/mack-hidden-letters,1,8,2015-09-15,2015-09-15,2026-06-30,live_metrics_json,not_checked,has_metrics,2,0,0,2,,,0,0,0,,,exact_metrics_no_cached_cdx_rows,0,0,0,0,0,0,Run a bounded exact metrics CDX check before escalating.
992,Let's get 45 or 5 time 9,http://www.kongregate.com/games/chichay2010/lets-get-45-or-5-time-9,www.kongregate.com/games/chichay2010/lets-get-45-or-5-time-9,1,8,2015-09-23,2015-09-23,2026-06-30,live_metrics_json,not_checked,has_metrics,2,0,0,2,,,0,0,0,,,exact_metrics_no_cached_cdx_rows,0,0,0,0,0,0,Run a bounded exact metrics CDX check before escalating.
993,Ruby & Majesty: Treasure Team,http://www.kongregate.com/games/TheWzzard/ruby-majesty-treasure-team,www.kongregate.com/games/thewzzard/ruby-majesty-treasure-team,1,8,2015-12-05,2015-12-05,2026-06-30,live_metrics_json,not_checked,has_metrics,2,0,0,2,,,0,0,0,,,exact_metrics_no_cached_cdx_rows,0,0,0,0,0,0,Run a bounded exact metrics CDX check before escalating.
994,Earth Space War,http://www.kongregate.com/games/Brute/earth-space-war,www.kongregate.com/games/brute/earth-space-war,1,8,2015-12-18,2015-12-18,2026-06-30,live_metrics_json,not_checked,has_metrics,2,0,0,2,,,0,0,0,,,exact_metrics_no_cached_cdx_rows,0,0,0,0,0,0,Run a bounded exact metrics CDX check before escalating.
995,No Escape,http://www.kongregate.com/games/splitgamer/no-escape,www.kongregate.com/games/splitgamer/no-escape,1,8,2015-12-26,2015-12-26,2026-06-30,live_metrics_json,not_checked,has_metrics,2,0,0,2,,,0,0,0,,,exact_metrics_no_cached_cdx_rows,0,0,0,0,0,0,Run a bounded exact metrics CDX check before escalating.
996,Pliner Adventures,http://www.kongregate.com/games/Ginprone/pliner-adventures,www.kongregate.com/games/ginprone/pliner-adventures,1,8,2016-01-02,2016-01-02,2026-06-29,live_metrics_json,not_checked,has_metrics,2,0,0,2,,,0,0,0,,,exact_metrics_no_cached_cdx_rows,0,0,0,0,0,0,Run a bounded exact metrics CDX check before escalating.
997,Pong Clone,http://www.kongregate.com/games/clivingston8/pong-clone,www.kongregate.com/games/clivingston8/pong-clone,1,8,2016-01-25,2016-01-25,2026-06-29,live_metrics_json,not_checked,has_metrics,2,0,0,2,,,0,0,0,,,exact_metrics_no_cached_cdx_rows,0,0,0,0,0,0,Run a bounded exact metrics CDX check before escalating.
998,Timberjack,http://www.kongregate.com/games/GeosMedia/timberjack,www.kongregate.com/games/geosmedia/timberjack,1,8,2016-02-02,2016-02-02,2026-06-30,live_metrics_json,not_checked,has_metrics,2,0,0,2,,,0,0,0,,,exact_metrics_no_cached_cdx_rows,0,0,0,0,0,0,Run a bounded exact metrics CDX check before escalating.
999,Election Punch-Off,http://www.kongregate.com/games/arfgames/election-punch-off,www.kongregate.com/games/arfgames/election-punch-off,1,8,2016-02-17,2016-02-17,2026-06-30,live_metrics_json,not_checked,has_metrics,2,0,0,2,,,0,0,0,,,exact_metrics_no_cached_cdx_rows,0,0,0,0,0,0,Run a bounded exact metrics CDX check before escalating.
1000,Bouncy Box,http://www.kongregate.com/games/funar/bouncy-box,www.kongregate.com/games/funar/bouncy-box,1,8,2016-02-28,2016-02-28,2026-06-30,live_metrics_json,not_checked,has_metrics,2,0,0,2,,,0,0,0,,,exact_metrics_no_cached_cdx_rows,0,0,0,0,0,0,Run a bounded exact metrics CDX check before escalating.
1001,Imperium War 4,http://www.kongregate.com/games/thegames8dotcom/imperium-war-4,www.kongregate.com/games/thegames8dotcom/imperium-war-4,1,8,2016-03-05,2016-03-05,2026-06-29,live_metrics_json,not_checked,has_metrics,2,0,0,2,,,0,0,0,,,exact_metrics_no_cached_cdx_rows,0,0,0,0,0,0,Run a bounded exact metrics CDX check before escalating.
1002,Help Me Fly (Fixed),http://www.kongregate.com/games/Funtomic/help-me-fly-fixed,www.kongregate.com/games/funtomic/help-me-fly-fixed,1,8,2016-03-07,2016-03-07,2026-06-29,live_metrics_json,not_checked,has_metrics,2,0,0,2,,,0,0,0,,,exact_metrics_no_cached_cdx_rows,0,0,0,0,0,0,Run a bounded exact metrics CDX check before escalating.
1003,The Compound,http://www.kongregate.com/games/retrograzer/the-compound,www.kongregate.com/games/retrograzer/the-compound,1,8,2016-03-16,2016-03-16,2026-06-29,live_metrics_json,not_checked,has_metrics,2,0,0,2,,,0,0,0,,,exact_metrics_no_cached_cdx_rows,0,0,0,0,0,0,Run a bounded exact metrics CDX check before escalating.
1004,Frodo's Journey Rol Trivial,http://www.kongregate.com/games/jovijano/frodos-journey-rol-trivial,www.kongregate.com/games/jovijano/frodos-journey-rol-trivial,1,8,2016-03-20,2016-03-20,2026-06-29,live_metrics_json,not_checked,has_metrics,2,0,0,2,,,0,0,0,,,exact_metrics_no_cached_cdx_rows,0,0,0,0,0,0,Run a bounded exact metrics CDX check before escalating.
1005,Cute Dino Coloring,http://www.kongregate.com/games/5xplay/cute-dino-coloring,www.kongregate.com/games/5xplay/cute-dino-coloring,1,8,2016-03-24,2016-03-24,2026-06-29,live_metrics_json,not_checked,has_metrics,2,0,0,2,,,0,0,0,,,exact_metrics_no_cached_cdx_rows,0,0,0,0,0,0,Run a bounded exact metrics CDX check before escalating.
1006,Retribution,http://www.kongregate.com/games/HongKhaV/retribution,www.kongregate.com/games/hongkhav/retribution,1,8,2016-05-06,2016-05-06,2026-06-29,live_metrics_json,not_checked,has_metrics,2,0,0,2,,,0,0,0,,,exact_metrics_no_cached_cdx_rows,0,0,0,0,0,0,Run a bounded exact metrics CDX check before escalating.
1007,Morton the Monkey,http://www.kongregate.com/games/flowlab/morton-the-monkey,www.kongregate.com/games/flowlab/morton-the-monkey,1,8,2016-05-15,2016-05-15,2026-06-29,live_metrics_json,not_checked,has_metrics,2,0,0,2,,,0,0,0,,,exact_metrics_no_cached_cdx_rows,0,0,0,0,0,0,Run a bounded exact metrics CDX check before escalating.
1008,Brothers Treasure Recovery 15,http://www.kongregate.com/games/Enagamess/brothers-treasure-recovery-15,www.kongregate.com/games/enagamess/brothers-treasure-recovery-15,1,8,2016-05-23,2016-05-23,2026-06-29,live_metrics_json,not_checked,has_metrics,2,0,0,2,,,0,0,0,,,exact_metrics_no_cached_cdx_rows,0,0,0,0,0,0,Run a bounded exact metrics CDX check before escalating.
1009,SuperHeroes Crossy Road,http://www.kongregate.com/games/gamer70008000/superheroes-crossy-road,www.kongregate.com/games/gamer70008000/superheroes-crossy-road,1,8,2016-05-24,2016-05-24,2026-06-29,live_metrics_json,not_checked,has_metrics,2,0,0,2,,,0,0,0,,,exact_metrics_no_cached_cdx_rows,0,0,0,0,0,0,Run a bounded exact metrics CDX check before escalating.
1010,Magnet Boy,http://www.kongregate.com/games/CreativeTurtle/magnet-boy,www.kongregate.com/games/creativeturtle/magnet-boy,1,8,2016-06-04,2016-06-04,2026-06-29,live_metrics_json,not_checked,has_metrics,2,0,0,2,,,0,0,0,,,exact_metrics_no_cached_cdx_rows,0,0,0,0,0,0,Run a bounded exact metrics CDX check before escalating.
1011,Ping Pong,http://www.kongregate.com/games/lexjox777/ping-pong,www.kongregate.com/games/lexjox777/ping-pong,1,8,2016-06-05,2016-06-05,2026-06-29,live_metrics_json,not_checked,has_metrics,2,0,0,2,,,0,0,0,,,exact_metrics_no_cached_cdx_rows,0,0,0,0,0,0,Run a bounded exact metrics CDX check before escalating.
1012,Sisu Truck Jigsaw,http://www.kongregate.com/games/newgamess/sisu-truck-jigsaw,www.kongregate.com/games/newgamess/sisu-truck-jigsaw,1,8,2016-06-13,2016-06-13,2026-06-29,live_metrics_json,not_checked,has_metrics,2,0,0,2,,,0,0,0,,,exact_metrics_no_cached_cdx_rows,0,0,0,0,0,0,Run a bounded exact metrics CDX check before escalating.
1013,Cabbage Run,http://www.kongregate.com/games/ainwood87/cabbage-run,www.kongregate.com/games/ainwood87/cabbage-run,1,8,2016-06-22,2016-06-22,2026-06-29,live_metrics_json,not_checked,has_metrics,2,0,0,2,,,0,0,0,,,exact_metrics_no_cached_cdx_rows,0,0,0,0,0,0,Run a bounded exact metrics CDX check before escalating.
1014,Rogue Tower,http://www.kongregate.com/games/Grand_Eagle/rogue-tower,www.kongregate.com/games/grand_eagle/rogue-tower,1,8,2016-06-29,2016-06-29,2026-06-29,live_metrics_json,not_checked,has_metrics,2,0,0,2,,,0,0,0,,,exact_metrics_no_cached_cdx_rows,0,0,0,0,0,0,Run a bounded exact metrics CDX check before escalating.
1015,Coralcraft,http://www.kongregate.com/games/NCI1/coralcraft,www.kongregate.com/games/nci1/coralcraft,1,8,2016-07-07,2016-07-07,2026-06-29,live_metrics_json,not_checked,has_metrics,2,0,0,2,,,0,0,0,,,exact_metrics_no_cached_cdx_rows,0,0,0,0,0,0,Run a bounded exact metrics CDX check before escalating.
1016,Alien Defense 8,http://www.kongregate.com/games/HouseofWillis/alien-defense-8,www.kongregate.com/games/houseofwillis/alien-defense-8,1,8,2016-07-14,2016-07-14,2026-06-29,live_metrics_json,not_checked,has_metrics,2,0,0,2,,,0,0,0,,,exact_metrics_no_cached_cdx_rows,0,0,0,0,0,0,Run a bounded exact metrics CDX check before escalating.
1017,Kenworth K 100 Jigsaw,http://www.kongregate.com/games/newgamess/kenworth-k-100-jigsaw,www.kongregate.com/games/newgamess/kenworth-k-100-jigsaw,1,8,2016-07-20,2016-07-20,2026-06-29,live_metrics_json,not_checked,has_metrics,2,0,0,2,,,0,0,0,,,exact_metrics_no_cached_cdx_rows,0,0,0,0,0,0,Run a bounded exact metrics CDX check before escalating.
1018,Rectangler Jumper,http://www.kongregate.com/games/AlexScripter/rectangler-jumper,www.kongregate.com/games/alexscripter/rectangler-jumper,1,8,2016-07-27,2016-07-27,2026-06-29,live_metrics_json,not_checked,has_metrics,2,0,0,2,,,0,0,0,,,exact_metrics_no_cached_cdx_rows,0,0,0,0,0,0,Run a bounded exact metrics CDX check before escalating.
1019,RedLue Tick,http://www.kongregate.com/games/Ellyz/redlue-tick,www.kongregate.com/games/ellyz/redlue-tick,1,8,2016-08-05,2016-08-05,2026-06-29,live_metrics_json,not_checked,has_metrics,2,0,0,2,,,0,0,0,,,exact_metrics_no_cached_cdx_rows,0,0,0,0,0,0,Run a bounded exact metrics CDX check before escalating.
1020,Twist,http://www.kongregate.com/games/LovattoStudio/twist,www.kongregate.com/games/lovattostudio/twist,1,8,2016-08-13,2016-08-13,2026-06-29,live_metrics_json,not_checked,has_metrics,2,0,0,2,,,0,0,0,,,exact_metrics_no_cached_cdx_rows,0,0,0,0,0,0,Run a bounded exact metrics CDX check before escalating.
1021,The Cave Explorer,http://www.kongregate.com/games/mrnannings/the-cave-explorer,www.kongregate.com/games/mrnannings/the-cave-explorer,1,8,2016-08-20,2016-08-20,2026-06-29,live_metrics_json,not_checked,has_metrics,2,0,0,2,,,0,0,0,,,exact_metrics_no_cached_cdx_rows,0,0,0,0,0,0,Run a bounded exact metrics CDX check before escalating.
1022,Alien Mystery : Palace,http://www.kongregate.com/games/Enagamess/alien-mystery-palace,www.kongregate.com/games/enagamess/alien-mystery-palace,1,8,2016-08-28,2016-08-28,2026-06-29,live_metrics_json,not_checked,has_metrics,2,0,0,2,,,0,0,0,,,exact_metrics_no_cached_cdx_rows,0,0,0,0,0,0,Run a bounded exact metrics CDX check before escalating.
1023,Pawn Shop,http://www.kongregate.com/games/Enagamess/pawn-shop,www.kongregate.com/games/enagamess/pawn-shop,1,8,2016-09-03,2016-09-03,2026-06-30,live_metrics_json,not_checked,has_metrics,2,0,0,2,,,0,0,0,,,exact_metrics_no_cached_cdx_rows,0,0,0,0,0,0,Run a bounded exact metrics CDX check before escalating.
1024,Grim Legions,http://www.kongregate.com/games/Mutant369/grim-legions,www.kongregate.com/games/mutant369/grim-legions,1,8,2016-09-16,2016-09-16,2026-06-30,live_metrics_json,not_checked,has_metrics,2,0,0,2,,,0,0,0,,,exact_metrics_no_cached_cdx_rows,0,0,0,0,0,0,Run a bounded exact metrics CDX check before escalating.
1025,Mana Island Adventure CHY - Collect Game,http://www.kongregate.com/games/Keyeske/mana-island-adventure-chy-collect-game,www.kongregate.com/games/keyeske/mana-island-adventure-chy-collect-game,1,8,2016-09-17,2016-09-17,2026-06-30,live_metrics_json,not_checked,has_metrics,2,0,0,2,,,0,0,0,,,exact_metrics_no_cached_cdx_rows,0,0,0,0,0,0,Run a bounded exact metrics CDX check before escalating.
1026,Lines FRVR,http://www.kongregate.com/games/FRVRGames/lines-frvr,www.kongregate.com/games/frvrgames/lines-frvr,1,8,2016-09-23,2016-09-23,2026-06-30,live_metrics_json,not_checked,has_metrics,2,0,0,2,,,0,0,0,,,exact_metrics_no_cached_cdx_rows,0,0,0,0,0,0,Run a bounded exact metrics CDX check before escalating.
1027,Aventura de Little Oryx V.2,http://www.kongregate.com/games/RodrigoA479/aventura-de-little-oryx-v-2,www.kongregate.com/games/rodrigoa479/aventura-de-little-oryx-v-2,1,8,2016-10-04,2016-10-04,2026-06-29,live_metrics_json,not_checked,has_metrics,2,0,0,2,,,0,0,0,,,exact_metrics_no_cached_cdx_rows,0,0,0,0,0,0,Run a bounded exact metrics CDX check before escalating.
1028,Tank Game,http://www.kongregate.com/games/Jorjor35/tank-game,www.kongregate.com/games/jorjor35/tank-game,1,8,2016-10-10,2016-10-10,2026-06-29,live_metrics_json,not_checked,has_metrics,2,0,0,2,,,0,0,0,,,exact_metrics_no_cached_cdx_rows,0,0,0,0,0,0,Run a bounded exact metrics CDX check before escalating.
1029,Unknown,http://www.kongregate.com/games/blasmena/unknown,www.kongregate.com/games/blasmena/unknown,1,8,2016-10-17,2016-10-17,2026-06-29,live_metrics_json,not_checked,has_metrics,2,0,0,2,,,0,0,0,,,exact_metrics_no_cached_cdx_rows,0,0,0,0,0,0,Run a bounded exact metrics CDX check before escalating.
1030,Zombie Head Zmash,http://www.kongregate.com/games/cameronmcl/zombie-head-zmash,www.kongregate.com/games/cameronmcl/zombie-head-zmash,1,8,2016-10-18,2016-10-18,2026-06-29,live_metrics_json,not_checked,has_metrics,2,0,0,2,,,0,0,0,,,exact_metrics_no_cached_cdx_rows,0,0,0,0,0,0,Run a bounded exact metrics CDX check before escalating.
1031,Woof Realms,http://www.kongregate.com/games/RagnarWoofRealms/woof-realms,www.kongregate.com/games/ragnarwoofrealms/woof-realms,1,8,2016-10-24,2016-10-24,2026-06-29,live_metrics_json,not_checked,has_metrics,2,0,0,2,,,0,0,0,,,exact_metrics_no_cached_cdx_rows,0,0,0,0,0,0,Run a bounded exact metrics CDX check before escalating.
1032,Duck Commander,http://www.kongregate.com/games/Takiuri/duck-commander,www.kongregate.com/games/takiuri/duck-commander,1,8,2016-10-30,2016-10-30,2026-06-29,live_metrics_json,not_checked,has_metrics,2,0,0,2,,,0,0,0,,,exact_metrics_no_cached_cdx_rows,0,0,0,0,0,0,Run a bounded exact metrics CDX check before escalating.
1033,Thomas the Tank Engine Drops Acid,http://www.kongregate.com/games/WhoCaresInt/thomas-the-tank-engine-drops-acid,www.kongregate.com/games/whocaresint/thomas-the-tank-engine-drops-acid,1,8,2017-05-05,2017-05-05,2026-06-29,live_metrics_json,not_checked,has_metrics,2,0,0,2,,,0,0,0,,,exact_metrics_no_cached_cdx_rows,0,0,0,0,0,0,Run a bounded exact metrics CDX check before escalating.
1034,Invasio,http://www.kongregate.com/games/Satur010/invasio,www.kongregate.com/games/satur010/invasio,1,8,2017-05-16,2017-05-16,2026-06-29,live_metrics_json,not_checked,has_metrics,2,0,0,2,,,0,0,0,,,exact_metrics_no_cached_cdx_rows,0,0,0,0,0,0,Run a bounded exact metrics CDX check before escalating.
1035,Elf Run (Christmas Game),http://www.kongregate.com/games/RealRacing3Sozx/elf-run-christmas-game,www.kongregate.com/games/realracing3sozx/elf-run-christmas-game,1,8,2017-05-25,2017-05-25,2026-06-29,live_metrics_json,not_checked,has_metrics,2,0,0,2,,,0,0,0,,,exact_metrics_no_cached_cdx_rows,0,0,0,0,0,0,Run a bounded exact metrics CDX check before escalating.
1036,Kelin's Delivery: Rain,http://www.kongregate.com/games/NeithR/kelins-delivery-rain,www.kongregate.com/games/neithr/kelins-delivery-rain,1,8,2017-05-26,2017-05-26,2026-06-29,live_metrics_json,not_checked,has_metrics,2,0,0,2,,,0,0,0,,,exact_metrics_no_cached_cdx_rows,0,0,0,0,0,0,Run a bounded exact metrics CDX check before escalating.
1037,Artefacts,http://www.kongregate.com/games/Enagamess/artefacts,www.kongregate.com/games/enagamess/artefacts,1,8,2017-06-04,2017-06-04,2026-06-29,live_metrics_json,not_checked,has_metrics,2,0,0,2,,,0,0,0,,,exact_metrics_no_cached_cdx_rows,0,0,0,0,0,0,Run a bounded exact metrics CDX check before escalating.
1038,Ninja Save Princess,http://www.kongregate.com/games/k25507891/ninja-save-princess,www.kongregate.com/games/k25507891/ninja-save-princess,1,8,2017-06-15,2017-06-15,2026-06-29,live_metrics_json,not_checked,has_metrics,2,0,0,2,,,0,0,0,,,exact_metrics_no_cached_cdx_rows,0,0,0,0,0,0,Run a bounded exact metrics CDX check before escalating.
1039,Room Escape 10,http://www.kongregate.com/games/MirchiS/room-escape-10,www.kongregate.com/games/mirchis/room-escape-10,1,8,2017-06-16,2017-06-16,2026-06-29,live_metrics_json,not_checked,has_metrics,2,0,0,2,,,0,0,0,,,exact_metrics_no_cached_cdx_rows,0,0,0,0,0,0,Run a bounded exact metrics CDX check before escalating.
1040,Archaeologist,http://www.kongregate.com/games/Enagamess/archaeologist,www.kongregate.com/games/enagamess/archaeologist,1,8,2017-07-03,2017-07-03,2026-06-29,live_metrics_json,not_checked,has_metrics,2,0,0,2,,,0,0,0,,,exact_metrics_no_cached_cdx_rows,0,0,0,0,0,0,Run a bounded exact metrics CDX check before escalating.
1041,LOL,http://www.kongregate.com/games/igranje/lol,www.kongregate.com/games/igranje/lol,1,8,2017-07-12,2017-07-12,2026-06-29,live_metrics_json,not_checked,has_metrics,2,0,0,2,,,0,0,0,,,exact_metrics_no_cached_cdx_rows,0,0,0,0,0,0,Run a bounded exact metrics CDX check before escalating.
1042,Sakura Festival Escape,http://www.kongregate.com/games/CrazyEscapeGames/sakura-festival-escape,www.kongregate.com/games/crazyescapegames/sakura-festival-escape,1,8,2017-07-20,2017-07-20,2026-06-29,live_metrics_json,not_checked,has_metrics,2,0,0,2,,,0,0,0,,,exact_metrics_no_cached_cdx_rows,0,0,0,0,0,0,Run a bounded exact metrics CDX check before escalating.
1043,Windows XP Simulator,http://www.kongregate.com/games/TinotinTube/windows-xp-simulator,www.kongregate.com/games/tinotintube/windows-xp-simulator,1,8,2017-07-28,2017-07-28,2022-03-02,metrics_json,not_checked,has_metrics,2,0,0,2,,,0,0,0,,,exact_metrics_no_cached_cdx_rows,0,0,0,0,0,0,Run a bounded exact metrics CDX check before escalating.
1044,Chamber Traveler,http://www.kongregate.com/games/tadster/chamber-traveler,www.kongregate.com/games/tadster/chamber-traveler,1,8,2017-07-29,2017-07-29,2026-06-29,live_metrics_json,not_checked,has_metrics,2,0,0,2,,,0,0,0,,,exact_metrics_no_cached_cdx_rows,0,0,0,0,0,0,Run a bounded exact metrics CDX check before escalating.
1045,Knf Find The Energy Drink,http://www.kongregate.com/games/knfescapegame/knf-find-the-energy-drink,www.kongregate.com/games/knfescapegame/knf-find-the-energy-drink,1,8,2017-08-05,2017-08-05,2026-06-29,live_metrics_json,not_checked,has_metrics,2,0,0,2,,,0,0,0,,,exact_metrics_no_cached_cdx_rows,0,0,0,0,0,0,Run a bounded exact metrics CDX check before escalating.
1046,TetrisMtjaras,http://www.kongregate.com/games/mtjaras/tetrismtjaras,www.kongregate.com/games/mtjaras/tetrismtjaras,1,8,2017-08-11,2017-08-11,2026-06-29,live_metrics_json,not_checked,has_metrics,2,0,0,2,,,0,0,0,,,exact_metrics_no_cached_cdx_rows,0,0,0,0,0,0,Run a bounded exact metrics CDX check before escalating.
1047,EXXPLOR II,http://www.kongregate.com/games/imsec/exxplor-ii,www.kongregate.com/games/imsec/exxplor-ii,1,8,2017-08-17,2017-08-17,2026-06-29,live_metrics_json,not_checked,has_metrics,2,0,0,2,,,0,0,0,,,exact_metrics_no_cached_cdx_rows,0,0,0,0,0,0,Run a bounded exact metrics CDX check before escalating.
1048,Rectangle Person,http://www.kongregate.com/games/EternalXp/rectangle-person,www.kongregate.com/games/eternalxp/rectangle-person,1,8,2017-08-23,2017-08-23,2026-06-29,live_metrics_json,not_checked,has_metrics,2,0,0,2,,,0,0,0,,,exact_metrics_no_cached_cdx_rows,0,0,0,0,0,0,Run a bounded exact metrics CDX check before escalating.
1049,Gnome-pocolypse,http://www.kongregate.com/games/AlphaDragon601/gnome-pocolypse,www.kongregate.com/games/alphadragon601/gnome-pocolypse,1,8,2017-08-25,2017-08-25,2026-06-29,live_metrics_json,not_checked,has_metrics,2,0,0,2,,,0,0,0,,,exact_metrics_no_cached_cdx_rows,0,0,0,0,0,0,Run a bounded exact metrics CDX check before escalating.
1050,Spaceman's Adventures,http://www.kongregate.com/games/KennyC415/spacemans-adventures,www.kongregate.com/games/kennyc415/spacemans-adventures,1,8,2017-09-04,2017-09-04,2026-06-29,live_metrics_json,not_checked,has_metrics,2,0,0,2,,,0,0,0,,,exact_metrics_no_cached_cdx_rows,0,0,0,0,0,0,Run a bounded exact metrics CDX check before escalating.
1051,Silencer Escape,http://www.kongregate.com/games/CrazyEscapeGames/silencer-escape,www.kongregate.com/games/crazyescapegames/silencer-escape,1,8,2017-09-13,2017-09-13,2026-06-29,live_metrics_json,not_checked,has_metrics,2,0,0,2,,,0,0,0,,,exact_metrics_no_cached_cdx_rows,0,0,0,0,0,0,Run a bounded exact metrics CDX check before escalating.
1052,Castle Woodwarf,http://www.kongregate.com/games/Mentor31/castle-woodwarf,www.kongregate.com/games/mentor31/castle-woodwarf,1,8,2017-09-20,2017-09-20,2017-10-10,metrics_json,not_checked,has_metrics,2,0,0,2,,,0,0,0,,,exact_metrics_no_cached_cdx_rows,0,0,0,0,0,0,Run a bounded exact metrics CDX check before escalating.
1053,Ninja Game Teste,http://www.kongregate.com/games/AlunosI/ninja-game-teste,www.kongregate.com/games/alunosi/ninja-game-teste,1,8,2017-09-30,2017-09-30,2026-06-29,live_metrics_json,not_checked,has_metrics,2,0,0,2,,,0,0,0,,,exact_metrics_no_cached_cdx_rows,0,0,0,0,0,0,Run a bounded exact metrics CDX check before escalating.
1054,TristeJuego,http://www.kongregate.com/games/guerreroleond/tristejuego,www.kongregate.com/games/guerreroleond/tristejuego,1,8,2017-10-08,2017-10-08,2026-06-29,live_metrics_json,not_checked,has_metrics,2,0,0,2,,,0,0,0,,,exact_metrics_no_cached_cdx_rows,0,0,0,0,0,0,Run a bounded exact metrics CDX check before escalating.
1055,SpaceBird3d,http://www.kongregate.com/games/NoodleArmedGames/spacebird3d,www.kongregate.com/games/noodlearmedgames/spacebird3d,1,8,2017-10-15,2017-10-15,2026-06-29,live_metrics_json,not_checked,has_metrics,2,0,0,2,,,0,0,0,,,exact_metrics_no_cached_cdx_rows,0,0,0,0,0,0,Run a bounded exact metrics CDX check before escalating.
1056,Wormhole Rider,http://www.kongregate.com/games/goblikstudios/wormhole-rider,www.kongregate.com/games/goblikstudios/wormhole-rider,1,8,2017-10-24,2017-10-24,2026-06-29,live_metrics_json,not_checked,has_metrics,2,0,0,2,,,0,0,0,,,exact_metrics_no_cached_cdx_rows,0,0,0,0,0,0,Run a bounded exact metrics CDX check before escalating.
1057,Xmas Triple Mahjong,http://www.kongregate.com/games/fighter106/lof-shadow-match-2,www.kongregate.com/games/fighter106/lof-shadow-match-2,1,8,2021-01-25,2021-01-25,2026-06-29,live_metrics_json,not_checked,has_metrics,2,0,0,2,,,0,0,0,,,exact_metrics_no_cached_cdx_rows,0,0,0,0,0,0,Run a bounded exact metrics CDX check before escalating.
1058,Nothing,https://www.kongregate.com/games/JimmyJYaaa/nothing,www.kongregate.com/games/jimmyjyaaa/nothing,1,8,2021-11-12,2021-11-12,2026-06-29,live_metrics_json,not_checked,has_metrics,2,0,0,2,,,0,0,0,,,exact_metrics_no_cached_cdx_rows,0,0,0,0,0,0,Run a bounded exact metrics CDX check before escalating.
1059,Pixel Shooter,https://www.kongregate.com/games/sidvariya/pixel-shooter,www.kongregate.com/games/sidvariya/pixel-shooter,1,8,2024-04-01,2024-04-01,2026-06-30,live_metrics_json,not_checked,has_metrics,2,0,0,2,,,0,0,0,,,exact_metrics_no_cached_cdx_rows,0,0,0,0,0,0,Run a bounded exact metrics CDX check before escalating.
1060,FootballManager Online,http://www.kongregate.com/games/surre02/footballmanager-online,www.kongregate.com/games/surre02/footballmanager-online,1,16,2014-09-05,2014-09-05,,,no_page_cdx_rows,no_cdx,2,0,2,0,,,0,0,0,,,exact_metrics_no_cached_cdx_rows,20,0,0,0,0,0,Escalate to broader list/account captures or external corroboration.
1061,Test1,http://www.kongregate.com/games/Nicolo974jtm34/test1,www.kongregate.com/games/nicolo974jtm34/test1,1,16,2014-10-03,2014-10-03,,,no_page_cdx_rows,no_cdx,2,0,2,0,,,0,0,0,,,exact_metrics_no_cached_cdx_rows,20,0,0,0,6,0,Escalate to broader list/account captures or external corroboration.
1062,OuterSpace [PitBall] Offical,http://www.kongregate.com/games/NickJ66/outerspace-pitball-offical,www.kongregate.com/games/nickj66/outerspace-pitball-offical,1,16,2014-10-10,2014-10-10,,,no_page_cdx_rows,no_cdx,2,0,2,0,,,0,0,0,,,exact_metrics_no_cached_cdx_rows,28,0,0,0,21,3,Escalate to broader list/account captures or external corroboration.
1063,Peppa Pig Ice Cream Shop,http://www.kongregate.com/games/lemonindieg/peppa-pig-ice-cream-shop,www.kongregate.com/games/lemonindieg/peppa-pig-ice-cream-shop,1,16,2014-10-13,2014-10-13,,,dynamic_metrics_placeholder,no_cdx,2,0,2,0,,,0,0,0,,,exact_metrics_no_cached_cdx_rows,20,0,0,0,0,0,Escalate to broader list/account captures or external corroboration.
1064,Kuizi Autoshkolla - Testi 1,http://www.kongregate.com/games/del7244009/kuizi-autoshkolla-testi-1,www.kongregate.com/games/del7244009/kuizi-autoshkolla-testi-1,1,16,2015-09-03,2015-09-03,,,dynamic_metrics_placeholder,no_cdx,2,0,2,0,,,0,0,0,,,exact_metrics_no_cached_cdx_rows,20,0,0,0,0,0,Escalate to broader list/account captures or external corroboration.
1065,Miner 2,http://www.kongregate.com/games/KillingPigs123/miner-2,www.kongregate.com/games/killingpigs123/miner-2,1,16,2015-09-09,2015-09-09,,,dynamic_metrics_placeholder,no_cdx,2,0,2,0,,,0,0,0,,,exact_metrics_no_cached_cdx_rows,25,4,0,0,0,0,Escalate to broader list/account captures or external corroboration.
1066,Quad Maze Lite V4.1,http://www.kongregate.com/games/Anqa_Game/quad-maze-lite-v4-1,www.kongregate.com/games/anqa_game/quad-maze-lite-v4-1,1,16,2015-12-05,2015-12-05,,,no_page_cdx_rows,no_cdx,2,0,2,0,,,0,0,0,,,exact_metrics_no_cached_cdx_rows,20,0,0,0,0,0,Escalate to broader list/account captures or external corroboration.
1067,Elsa Facial Skin Care,http://www.kongregate.com/games/marydressupgames/elsa-facial-skin-care,www.kongregate.com/games/marydressupgames/elsa-facial-skin-care,1,16,2016-02-28,2016-02-28,,,no_page_cdx_rows,no_cdx,2,0,2,0,,,0,0,0,,,exact_metrics_no_cached_cdx_rows,20,0,0,0,0,0,Escalate to broader list/account captures or external corroboration.
1068,Pregnant Elsa Baby Room Deco,http://www.kongregate.com/games/mafagames/pregnant-elsa-baby-room-deco,www.kongregate.com/games/mafagames/pregnant-elsa-baby-room-deco,1,16,2016-05-23,2016-05-23,,,no_page_cdx_rows,no_cdx,2,0,2,0,,,0,0,0,,,exact_metrics_no_cached_cdx_rows,20,0,0,0,0,0,Escalate to broader list/account captures or external corroboration.
1069,Jungle Gems,http://www.kongregate.com/games/gamesrishti/jungle-gems,www.kongregate.com/games/gamesrishti/jungle-gems,1,16,2016-07-20,2016-07-20,,,dynamic_metrics_placeholder,no_cdx,2,0,2,0,,,0,0,0,,,exact_metrics_no_cached_cdx_rows,20,4,0,0,24,0,Escalate to broader list/account captures or external corroboration.
1070,Chat Public or Private,http://www.kongregate.com/games/MrBaidu/chat-public-or-private,www.kongregate.com/games/mrbaidu/chat-public-or-private,1,16,2016-07-27,2016-07-27,,,dynamic_metrics_placeholder,no_cdx,2,0,2,0,,,0,0,0,,,exact_metrics_no_cached_cdx_rows,27,0,0,0,0,0,Escalate to broader list/account captures or external corroboration.
1071,Maze Platformer,http://www.kongregate.com/games/Erendis42/maze-platformer,www.kongregate.com/games/erendis42/maze-platformer,1,16,2016-08-05,2016-08-05,,,dynamic_metrics_placeholder,no_cdx,2,0,2,0,,,0,0,0,,,exact_metrics_no_cached_cdx_rows,20,0,0,0,0,0,Escalate to broader list/account captures or external corroboration.
1072,Christmas Memory,http://www.kongregate.com/games/mafagames/christmas-memory,www.kongregate.com/games/mafagames/christmas-memory,1,16,2016-10-10,2016-10-10,,,dynamic_metrics_placeholder,no_cdx,2,0,2,0,,,0,0,0,,,exact_metrics_no_cached_cdx_rows,29,0,0,0,0,0,Escalate to broader list/account captures or external corroboration.
1073,Two Man Hockey,http://www.kongregate.com/games/smatthews1999/two-man-hockey,www.kongregate.com/games/smatthews1999/two-man-hockey,1,16,2017-05-05,2017-05-05,,,dynamic_metrics_placeholder,no_cdx,2,0,2,0,,,0,0,0,,,exact_metrics_no_cached_cdx_rows,20,0,0,0,0,0,Escalate to broader list/account captures or external corroboration.
1074,Dimensional (beta),http://www.kongregate.com/games/Vermillion_gd/dimensional-beta,www.kongregate.com/games/vermillion_gd/dimensional-beta,1,16,2017-07-03,2017-07-03,,,no_page_cdx_rows,no_cdx,2,0,2,0,,,0,0,0,,,exact_metrics_no_cached_cdx_rows,29,0,0,0,0,0,Escalate to broader list/account captures or external corroboration.
1075,Figure Fighting 2.4 Beta,http://www.kongregate.com/games/Zueirao34/figure-fighting-2-4-beta,www.kongregate.com/games/zueirao34/figure-fighting-2-4-beta,1,16,2017-09-04,2017-09-04,,,dynamic_metrics_placeholder,no_cdx,2,0,2,0,,,0,0,0,,,exact_metrics_no_cached_cdx_rows,20,0,0,0,6,0,Escalate to broader list/account captures or external corroboration.
1076,Sand Worm,http://www.kongregate.com/games/mafagames/sand-worm,www.kongregate.com/games/mafagames/sand-worm,1,16,2017-09-30,2017-09-30,,,no_page_cdx_rows,no_cdx,2,0,2,0,,,0,0,0,,,exact_metrics_no_cached_cdx_rows,27,0,0,0,0,0,Escalate to broader list/account captures or external corroboration.
1077,Sierra 7,http://www.kongregate.com/games/simonhason/sierra-7,www.kongregate.com/games/simonhason/sierra-7,23,13,2014-11-01,2016-02-03,2016-05-05,count_source_probe,not_checked,has_metrics,2,4,2,0,2016-05-05,2024-04-02,0,0,4,2016-05-05,1770578,exact_metrics_starts_after_missing_window,0,0,0,0,0,0,Exact metrics start too late; pursue broader list/account captures or external corroboration.
1078,Strikeforce Kitty 2,http://www.kongregate.com/games/MARTINIRosso/strikeforce-kitty-2,www.kongregate.com/games/martinirosso/strikeforce-kitty-2,3,9,2015-01-29,2015-02-07,2019-01-16,metrics_json,not_checked,has_metrics,2,0,0,2,,,0,0,0,,,exact_metrics_no_cached_cdx_rows,0,0,0,0,0,0,Run a bounded exact metrics CDX check before escalating.
1079,Royal Knights Tournament,http://www.kongregate.com/games/qywlgame/royal-knights-tournament,www.kongregate.com/games/qywlgame/royal-knights-tournament,2,9,2014-09-19,2014-09-19,2026-06-30,live_metrics_json,not_checked,has_metrics,2,0,0,2,,,0,0,0,,,exact_metrics_no_cached_cdx_rows,0,0,0,0,0,0,Run a bounded exact metrics CDX check before escalating.
1080,Country Cottage Escape,http://www.kongregate.com/games/quicksailor/country-cottage-escape,www.kongregate.com/games/quicksailor/country-cottage-escape,2,9,2014-10-17,2014-10-18,2026-06-30,live_metrics_json,not_checked,has_metrics,2,0,0,2,,,0,0,0,,,exact_metrics_no_cached_cdx_rows,0,0,0,0,0,0,Run a bounded exact metrics CDX check before escalating.
1081,Sort the Court!,https://www.kongregate.com/games/graebor/sort-the-court,www.kongregate.com/games/graebor/sort-the-court,2,9,2017-10-25,2017-12-27,2018-02-04,metrics_json,not_checked,has_metrics,2,0,0,2,,,0,0,0,,,exact_metrics_no_cached_cdx_rows,0,0,0,0,0,0,Run a bounded exact metrics CDX check before escalating.
1082,Galactic Clicker,http://www.kongregate.com/games/ceptri/galactic-clicker,www.kongregate.com/games/ceptri/galactic-clicker,4,10,2015-01-18,2015-02-07,2015-03-04,metrics_json,not_checked,has_metrics,2,0,0,2,,,0,0,0,,,exact_metrics_no_cached_cdx_rows,0,0,0,0,0,0,Run a bounded exact metrics CDX check before escalating.
1083,UnpuzzleX,https://www.kongregate.com/games/KekGames/unpuzzlex,www.kongregate.com/games/kekgames/unpuzzlex,21,13,2020-06-20,2020-07-09,2020-07-16,count_source_probe,dynamic_metrics_placeholder,has_metrics,2,31,1,1,2020-07-16,2024-10-07,0,0,2,2020-07-16,71991,exact_metrics_starts_after_missing_window,0,0,0,0,0,0,Exact metrics start too late; pursue broader list/account captures or external corroboration.
1084,Haunted Campus,http://www.kongregate.com/games/SandraKim/haunted-campus,www.kongregate.com/games/sandrakim/haunted-campus,1,9,2014-08-22,2014-08-22,2026-06-30,live_metrics_json,not_checked,has_metrics,2,0,0,2,,,0,0,0,,,exact_metrics_no_cached_cdx_rows,0,0,0,0,0,0,Run a bounded exact metrics CDX check before escalating.
1085,Space War,http://www.kongregate.com/games/02378/space-war,www.kongregate.com/games/02378/space-war,1,9,2014-08-26,2014-08-26,2026-06-30,live_metrics_json,not_checked,has_metrics,2,0,0,2,,,0,0,0,,,exact_metrics_no_cached_cdx_rows,0,0,0,0,0,0,Run a bounded exact metrics CDX check before escalating.
1086,Link,http://www.kongregate.com/games/hundredhundred/link,www.kongregate.com/games/hundredhundred/link,1,9,2014-08-29,2014-08-29,2026-06-30,live_metrics_json,not_checked,has_metrics,2,0,0,2,,,0,0,0,,,exact_metrics_no_cached_cdx_rows,0,0,0,0,0,0,Run a bounded exact metrics CDX check before escalating.
1087,Extreme Treadmill Survival,http://www.kongregate.com/games/AndresasLidell/extreme-treadmill-survival,www.kongregate.com/games/andresaslidell/extreme-treadmill-survival,1,9,2014-09-05,2014-09-05,2024-01-22,metrics_json,not_checked,has_metrics,2,0,0,2,,,0,0,0,,,exact_metrics_no_cached_cdx_rows,0,0,0,0,0,0,Run a bounded exact metrics CDX check before escalating.
1088,Angry Birds Adventure,http://www.kongregate.com/games/hibiscus070133/angry-birds-adventure,www.kongregate.com/games/hibiscus070133/angry-birds-adventure,1,9,2014-09-12,2014-09-12,2026-06-30,live_metrics_json,not_checked,has_metrics,2,0,0,2,,,0,0,0,,,exact_metrics_no_cached_cdx_rows,0,0,0,0,0,0,Run a bounded exact metrics CDX check before escalating.
1089,Super Shoot Game Derivative thingy,http://www.kongregate.com/games/boriordan/super-shoot-game-derivative-thingy,www.kongregate.com/games/boriordan/super-shoot-game-derivative-thingy,1,9,2014-09-14,2014-09-14,2026-06-30,live_metrics_json,not_checked,has_metrics,2,0,0,2,,,0,0,0,,,exact_metrics_no_cached_cdx_rows,0,0,0,0,0,0,Run a bounded exact metrics CDX check before escalating.
1090,Vinyl Memories,http://www.kongregate.com/games/nfyre/vinyl-memories,www.kongregate.com/games/nfyre/vinyl-memories,1,9,2014-09-20,2014-09-20,2026-06-30,live_metrics_json,not_checked,has_metrics,2,0,0,2,,,0,0,0,,,exact_metrics_no_cached_cdx_rows,0,0,0,0,0,0,Run a bounded exact metrics CDX check before escalating.
1091,Besieged 2 Infinite,http://www.kongregate.com/games/leviathangames/besieged-2-infinite,www.kongregate.com/games/leviathangames/besieged-2-infinite,1,9,2014-09-26,2014-09-26,2026-06-30,live_metrics_json,not_checked,has_metrics,2,0,0,2,,,0,0,0,,,exact_metrics_no_cached_cdx_rows,0,0,0,0,0,0,Run a bounded exact metrics CDX check before escalating.
1092,Flappy Bird Mobile iphone,http://www.kongregate.com/games/Foizur197/flappy-bird-mobile-iphone,www.kongregate.com/games/foizur197/flappy-bird-mobile-iphone,1,9,2014-10-03,2014-10-03,2026-06-29,live_metrics_json,not_checked,has_metrics,2,0,0,2,,,0,0,0,,,exact_metrics_no_cached_cdx_rows,0,0,0,0,0,0,Run a bounded exact metrics CDX check before escalating.
1093,AquAttack,http://www.kongregate.com/games/bsaaoperative/aquattack,www.kongregate.com/games/bsaaoperative/aquattack,1,9,2014-10-04,2014-10-04,2026-06-30,live_metrics_json,not_checked,has_metrics,2,0,0,2,,,0,0,0,,,exact_metrics_no_cached_cdx_rows,0,0,0,0,0,0,Run a bounded exact metrics CDX check before escalating.
1094,Aliens Go Home,http://www.kongregate.com/games/campanag/aliens-go-home,www.kongregate.com/games/campanag/aliens-go-home,1,9,2014-10-10,2014-10-10,2026-06-30,live_metrics_json,not_checked,has_metrics,2,0,0,2,,,0,0,0,,,exact_metrics_no_cached_cdx_rows,0,0,0,0,0,0,Run a bounded exact metrics CDX check before escalating.
1095,18 Wheeler Double Cargo,http://www.kongregate.com/games/vitalitygames/18-wheeler-double-cargo,www.kongregate.com/games/vitalitygames/18-wheeler-double-cargo,1,9,2014-10-13,2014-10-13,2026-06-30,live_metrics_json,not_checked,has_metrics,2,0,0,2,,,0,0,0,,,exact_metrics_no_cached_cdx_rows,0,0,0,0,0,0,Run a bounded exact metrics CDX check before escalating.
1096,Sequence,http://www.kongregate.com/games/fahadraghied/sequence,www.kongregate.com/games/fahadraghied/sequence,1,9,2014-10-24,2014-10-24,2026-06-30,live_metrics_json,not_checked,has_metrics,2,0,0,2,,,0,0,0,,,exact_metrics_no_cached_cdx_rows,0,0,0,0,0,0,Run a bounded exact metrics CDX check before escalating.
1097,Floppy Pumpkin,http://www.kongregate.com/games/loogames/floppy-pumpkin,www.kongregate.com/games/loogames/floppy-pumpkin,1,9,2014-10-29,2014-10-29,2026-06-30,live_metrics_json,not_checked,has_metrics,2,0,0,2,,,0,0,0,,,exact_metrics_no_cached_cdx_rows,0,0,0,0,0,0,Run a bounded exact metrics CDX check before escalating.
1098,Multiplayer Pong 3000,http://www.kongregate.com/games/marcovsdp/multiplayer-pong-3000,www.kongregate.com/games/marcovsdp/multiplayer-pong-3000,1,9,2014-10-31,2014-10-31,2026-06-30,live_metrics_json,not_checked,has_metrics,2,0,0,2,,,0,0,0,,,exact_metrics_no_cached_cdx_rows,0,0,0,0,0,0,Run a bounded exact metrics CDX check before escalating.
1099,Ocean Gem Harvester,http://www.kongregate.com/games/DessIntress/ocean-gem-harvester,www.kongregate.com/games/dessintress/ocean-gem-harvester,1,9,2014-11-11,2014-11-11,2026-06-30,live_metrics_json,not_checked,has_metrics,2,0,0,2,,,0,0,0,,,exact_metrics_no_cached_cdx_rows,0,0,0,0,0,0,Run a bounded exact metrics CDX check before escalating.
1100,CHALKY,http://www.kongregate.com/games/P3drc/chalky,www.kongregate.com/games/p3drc/chalky,1,9,2014-11-25,2014-11-25,2023-02-18,metrics_json,not_checked,has_metrics,2,0,0,2,,,0,0,0,,,exact_metrics_no_cached_cdx_rows,0,0,0,0,0,0,Run a bounded exact metrics CDX check before escalating.
1101,Skater Rage,http://www.kongregate.com/games/jgrelewicz/skater-rage,www.kongregate.com/games/jgrelewicz/skater-rage,1,9,2014-12-02,2014-12-02,2026-06-30,live_metrics_json,not_checked,has_metrics,2,0,0,2,,,0,0,0,,,exact_metrics_no_cached_cdx_rows,0,0,0,0,0,0,Run a bounded exact metrics CDX check before escalating.
1102,TopDownTankShooterGame,http://www.kongregate.com/games/Ih4teappels/topdowntankshootergame,www.kongregate.com/games/ih4teappels/topdowntankshootergame,1,9,2014-12-10,2014-12-10,2026-06-30,live_metrics_json,not_checked,has_metrics,2,0,0,2,,,0,0,0,,,exact_metrics_no_cached_cdx_rows,0,0,0,0,0,0,Run a bounded exact metrics CDX check before escalating.
1103,Idle Conquest,http://www.kongregate.com/games/CodeRiftStudios/idle-conquest,www.kongregate.com/games/coderiftstudios/idle-conquest,1,9,2014-12-17,2014-12-17,2021-06-11,metrics_json,not_checked,has_metrics,2,0,0,2,,,0,0,0,,,exact_metrics_no_cached_cdx_rows,0,0,0,0,0,0,Run a bounded exact metrics CDX check before escalating.
1104,Tricky Trailer Park Escape,http://www.kongregate.com/games/quicksailor/tricky-trailer-park-escape,www.kongregate.com/games/quicksailor/tricky-trailer-park-escape,1,9,2014-12-17,2014-12-17,2026-06-30,live_metrics_json,not_checked,has_metrics,2,0,0,2,,,0,0,0,,,exact_metrics_no_cached_cdx_rows,0,0,0,0,0,0,Run a bounded exact metrics CDX check before escalating.
1105,Rolling Cube,http://www.kongregate.com/games/kcscs/rolling-cube,www.kongregate.com/games/kcscs/rolling-cube,1,9,2014-12-30,2014-12-30,2026-06-30,live_metrics_json,not_checked,has_metrics,2,0,0,2,,,0,0,0,,,exact_metrics_no_cached_cdx_rows,0,0,0,0,0,0,Run a bounded exact metrics CDX check before escalating.
1106,Candy Shooter Deluxe,http://www.kongregate.com/games/guuby/candy-shooter-deluxe,www.kongregate.com/games/guuby/candy-shooter-deluxe,1,9,2015-04-01,2015-04-01,2026-06-30,live_metrics_json,not_checked,has_metrics,2,0,0,2,,,0,0,0,,,exact_metrics_no_cached_cdx_rows,0,0,0,0,0,0,Run a bounded exact metrics CDX check before escalating.
1107,UniWar,http://www.kongregate.com/games/evilryo0309/uniwar,www.kongregate.com/games/evilryo0309/uniwar,1,9,2015-09-03,2015-09-03,2026-06-30,live_metrics_json,not_checked,has_metrics,2,0,0,2,,,0,0,0,,,exact_metrics_no_cached_cdx_rows,0,0,0,0,0,0,Run a bounded exact metrics CDX check before escalating.
1108,Starry Light,http://www.kongregate.com/games/WatermelonGames/starry-light,www.kongregate.com/games/watermelongames/starry-light,1,9,2015-09-09,2015-09-09,2026-06-30,live_metrics_json,not_checked,has_metrics,2,0,0,2,,,0,0,0,,,exact_metrics_no_cached_cdx_rows,0,0,0,0,0,0,Run a bounded exact metrics CDX check before escalating.
1109,Test Project Unity,http://www.kongregate.com/games/PanzerI/test-project-unity,www.kongregate.com/games/panzeri/test-project-unity,1,9,2015-09-14,2015-09-14,2026-06-30,live_metrics_json,not_checked,has_metrics,2,0,0,2,,,0,0,0,,,exact_metrics_no_cached_cdx_rows,0,0,0,0,0,0,Run a bounded exact metrics CDX check before escalating.
1110,Motor Cross Nitro,http://www.kongregate.com/games/kidsgamess/motor-cross-nitro,www.kongregate.com/games/kidsgamess/motor-cross-nitro,1,9,2015-09-15,2015-09-15,2026-06-30,live_metrics_json,not_checked,has_metrics,2,0,0,2,,,0,0,0,,,exact_metrics_no_cached_cdx_rows,0,0,0,0,0,0,Run a bounded exact metrics CDX check before escalating.
1111,Jainee's Survival Island,http://www.kongregate.com/games/misaru_02/jainees-survival-island,www.kongregate.com/games/misaru_02/jainees-survival-island,1,9,2015-09-23,2015-09-23,2026-06-30,live_metrics_json,not_checked,has_metrics,2,0,0,2,,,0,0,0,,,exact_metrics_no_cached_cdx_rows,0,0,0,0,0,0,Run a bounded exact metrics CDX check before escalating.
1112,Wind Seed,http://www.kongregate.com/games/Phylum/wind-seed,www.kongregate.com/games/phylum/wind-seed,1,9,2015-09-30,2015-09-30,2026-06-30,live_metrics_json,not_checked,has_metrics,2,0,0,2,,,0,0,0,,,exact_metrics_no_cached_cdx_rows,0,0,0,0,0,0,Run a bounded exact metrics CDX check before escalating.
1113,Martin: Samantha's Blood,http://www.kongregate.com/games/Ganderoleg/martin-samanthas-blood,www.kongregate.com/games/ganderoleg/martin-samanthas-blood,1,9,2015-12-05,2015-12-05,2026-06-30,live_metrics_json,not_checked,has_metrics,2,0,0,2,,,0,0,0,,,exact_metrics_no_cached_cdx_rows,0,0,0,0,0,0,Run a bounded exact metrics CDX check before escalating.
1114,Why The Woods Whisper,http://www.kongregate.com/games/powerpuffz/why-the-woods-whisper,www.kongregate.com/games/powerpuffz/why-the-woods-whisper,1,9,2015-12-18,2015-12-18,2026-06-30,live_metrics_json,not_checked,has_metrics,2,0,0,2,,,0,0,0,,,exact_metrics_no_cached_cdx_rows,0,0,0,0,0,0,Run a bounded exact metrics CDX check before escalating.
1115,Twin Towers 3,http://www.kongregate.com/games/thegames8dotcom/twin-towers-3,www.kongregate.com/games/thegames8dotcom/twin-towers-3,1,9,2015-12-26,2015-12-26,2026-06-30,live_metrics_json,not_checked,has_metrics,2,0,0,2,,,0,0,0,,,exact_metrics_no_cached_cdx_rows,0,0,0,0,0,0,Run a bounded exact metrics CDX check before escalating.
1116,Cube-y Escape,http://www.kongregate.com/games/SUPERWERER/cube-y-escape,www.kongregate.com/games/superwerer/cube-y-escape,1,9,2016-01-02,2016-01-02,2026-06-29,live_metrics_json,not_checked,has_metrics,2,0,0,2,,,0,0,0,,,exact_metrics_no_cached_cdx_rows,0,0,0,0,0,0,Run a bounded exact metrics CDX check before escalating.
1117,Galaxy Brix,http://www.kongregate.com/games/clivingston8/galaxy-brix,www.kongregate.com/games/clivingston8/galaxy-brix,1,9,2016-01-25,2016-01-25,2026-06-29,live_metrics_json,not_checked,has_metrics,2,0,0,2,,,0,0,0,,,exact_metrics_no_cached_cdx_rows,0,0,0,0,0,0,Run a bounded exact metrics CDX check before escalating.
1118,Yoda Jigsaw,http://www.kongregate.com/games/newgamess/yoda-jigsaw,www.kongregate.com/games/newgamess/yoda-jigsaw,1,9,2016-02-02,2016-02-02,2026-06-30,live_metrics_json,not_checked,has_metrics,2,0,0,2,,,0,0,0,,,exact_metrics_no_cached_cdx_rows,0,0,0,0,0,0,Run a bounded exact metrics CDX check before escalating.
1119,The Maze World,http://www.kongregate.com/games/majderrami/the-maze-world,www.kongregate.com/games/majderrami/the-maze-world,1,9,2016-02-28,2016-02-28,2026-06-30,live_metrics_json,not_checked,has_metrics,2,0,0,2,,,0,0,0,,,exact_metrics_no_cached_cdx_rows,0,0,0,0,0,0,Run a bounded exact metrics CDX check before escalating.
1120,Chinese Room Escape,http://www.kongregate.com/games/Enagamess/chinese-room-escape,www.kongregate.com/games/enagamess/chinese-room-escape,1,9,2016-03-05,2016-03-05,2026-06-29,live_metrics_json,not_checked,has_metrics,2,0,0,2,,,0,0,0,,,exact_metrics_no_cached_cdx_rows,0,0,0,0,0,0,Run a bounded exact metrics CDX check before escalating.
1121,Potato Rebellion,http://www.kongregate.com/games/Funtomic/potato-rebellion,www.kongregate.com/games/funtomic/potato-rebellion,1,9,2016-03-07,2016-03-07,2026-06-29,live_metrics_json,not_checked,has_metrics,2,0,0,2,,,0,0,0,,,exact_metrics_no_cached_cdx_rows,0,0,0,0,0,0,Run a bounded exact metrics CDX check before escalating.
1122,Ford Transcon,http://www.kongregate.com/games/newgamess/ford-transcon,www.kongregate.com/games/newgamess/ford-transcon,1,9,2016-03-16,2016-03-16,2026-06-29,live_metrics_json,not_checked,has_metrics,2,0,0,2,,,0,0,0,,,exact_metrics_no_cached_cdx_rows,0,0,0,0,0,0,Run a bounded exact metrics CDX check before escalating.
1123,Volcano Idols,http://www.kongregate.com/games/laFunk/volcano-idols,www.kongregate.com/games/lafunk/volcano-idols,1,9,2016-03-20,2016-03-20,2023-06-06,metrics_json,not_checked,has_metrics,2,0,0,2,,,0,0,0,,,exact_metrics_no_cached_cdx_rows,0,0,0,0,0,0,Run a bounded exact metrics CDX check before escalating.
1124,TimberMan HTML5,http://www.kongregate.com/games/PaulHTML5/timberman-html5,www.kongregate.com/games/paulhtml5/timberman-html5,1,9,2016-03-24,2016-03-24,2026-06-29,live_metrics_json,not_checked,has_metrics,2,0,0,2,,,0,0,0,,,exact_metrics_no_cached_cdx_rows,0,0,0,0,0,0,Run a bounded exact metrics CDX check before escalating.
1125,Mother's Day Spot Difference,http://www.kongregate.com/games/WillingGamesA/mothers-day-spot-difference,www.kongregate.com/games/willinggamesa/mothers-day-spot-difference,1,9,2016-05-06,2016-05-06,2026-06-30,live_metrics_json,not_checked,has_metrics,2,0,0,2,,,0,0,0,,,exact_metrics_no_cached_cdx_rows,0,0,0,0,0,0,Run a bounded exact metrics CDX check before escalating.
1126,AXG,http://www.kongregate.com/games/gameartdevguy/axg,www.kongregate.com/games/gameartdevguy/axg,1,9,2016-05-15,2016-05-15,2026-06-29,live_metrics_json,not_checked,has_metrics,2,0,0,2,,,0,0,0,,,exact_metrics_no_cached_cdx_rows,0,0,0,0,0,0,Run a bounded exact metrics CDX check before escalating.
1127,Brothers Treasure Recovery 14,http://www.kongregate.com/games/Enagamess/brothers-treasure-recovery-14,www.kongregate.com/games/enagamess/brothers-treasure-recovery-14,1,9,2016-05-23,2016-05-23,2026-06-29,live_metrics_json,not_checked,has_metrics,2,0,0,2,,,0,0,0,,,exact_metrics_no_cached_cdx_rows,0,0,0,0,0,0,Run a bounded exact metrics CDX check before escalating.
1128,Get Get Out of Hell!,http://www.kongregate.com/games/Trapman88/get-get-out-of-hell,www.kongregate.com/games/trapman88/get-get-out-of-hell,1,9,2016-05-24,2016-05-24,2026-06-30,live_metrics_json,not_checked,has_metrics,2,0,0,2,,,0,0,0,,,exact_metrics_no_cached_cdx_rows,0,0,0,0,0,0,Run a bounded exact metrics CDX check before escalating.
1129,Unstable Orbits,http://www.kongregate.com/games/silentviper/unstable-orbits,www.kongregate.com/games/silentviper/unstable-orbits,1,9,2016-06-04,2016-06-04,2026-06-29,live_metrics_json,not_checked,has_metrics,2,0,0,2,,,0,0,0,,,exact_metrics_no_cached_cdx_rows,0,0,0,0,0,0,Run a bounded exact metrics CDX check before escalating.
1130,Snake,http://www.kongregate.com/games/pikmin2011/snake,www.kongregate.com/games/pikmin2011/snake,1,9,2016-06-05,2016-06-05,2026-06-29,live_metrics_json,not_checked,has_metrics,2,0,0,2,,,0,0,0,,,exact_metrics_no_cached_cdx_rows,0,0,0,0,0,0,Run a bounded exact metrics CDX check before escalating.
1131,Monster Truck Shadowlands 2,http://www.kongregate.com/games/vitalitygames/monster-truck-shadowlands-2,www.kongregate.com/games/vitalitygames/monster-truck-shadowlands-2,1,9,2016-06-13,2016-06-13,2026-06-29,live_metrics_json,not_checked,has_metrics,2,0,0,2,,,0,0,0,,,exact_metrics_no_cached_cdx_rows,0,0,0,0,0,0,Run a bounded exact metrics CDX check before escalating.
1132,SPACE WARII,http://www.kongregate.com/games/hj1213/space-warii,www.kongregate.com/games/hj1213/space-warii,1,9,2016-06-22,2016-06-22,2026-06-29,live_metrics_json,not_checked,has_metrics,2,0,0,2,,,0,0,0,,,exact_metrics_no_cached_cdx_rows,0,0,0,0,0,0,Run a bounded exact metrics CDX check before escalating.
1133,Breach of Contract 1.6,http://www.kongregate.com/games/aidangig56/breach-of-contract-1-6,www.kongregate.com/games/aidangig56/breach-of-contract-1-6,1,9,2016-07-07,2016-07-07,2026-06-29,live_metrics_json,not_checked,has_metrics,2,0,0,2,,,0,0,0,,,exact_metrics_no_cached_cdx_rows,0,0,0,0,0,0,Run a bounded exact metrics CDX check before escalating.
1134,GreenGo,http://www.kongregate.com/games/1BluePineapple/greengo,www.kongregate.com/games/1bluepineapple/greengo,1,9,2016-07-14,2016-07-14,2026-06-29,live_metrics_json,not_checked,has_metrics,2,0,0,2,,,0,0,0,,,exact_metrics_no_cached_cdx_rows,0,0,0,0,0,0,Run a bounded exact metrics CDX check before escalating.
1135,Ninja Dog Quest,http://www.kongregate.com/games/RHMGames/ninja-dog-quest,www.kongregate.com/games/rhmgames/ninja-dog-quest,1,9,2016-07-20,2016-07-20,2026-06-29,live_metrics_json,not_checked,has_metrics,2,0,0,2,,,0,0,0,,,exact_metrics_no_cached_cdx_rows,0,0,0,0,0,0,Run a bounded exact metrics CDX check before escalating.
1136,Daf Truck Memory,http://www.kongregate.com/games/newgamess/daf-truck-memory,www.kongregate.com/games/newgamess/daf-truck-memory,1,9,2016-07-27,2016-07-27,2026-06-29,live_metrics_json,not_checked,has_metrics,2,0,0,2,,,0,0,0,,,exact_metrics_no_cached_cdx_rows,0,0,0,0,0,0,Run a bounded exact metrics CDX check before escalating.
1137,YouTube Tycoon,http://www.kongregate.com/games/NGC_Man/youtube-tycoon,www.kongregate.com/games/ngc_man/youtube-tycoon,1,9,2016-08-05,2016-08-05,2026-06-29,live_metrics_json,not_checked,has_metrics,2,0,0,2,,,0,0,0,,,exact_metrics_no_cached_cdx_rows,0,0,0,0,0,0,Run a bounded exact metrics CDX check before escalating.
1138,Wild Test RPG,http://www.kongregate.com/games/ploo98/wild-test-rpg,www.kongregate.com/games/ploo98/wild-test-rpg,1,9,2016-08-20,2016-08-20,2023-09-01,metrics_json,not_checked,has_metrics,2,0,0,2,,,0,0,0,,,exact_metrics_no_cached_cdx_rows,0,0,0,0,0,0,Run a bounded exact metrics CDX check before escalating.
1139,Escape Game: Locked House,http://www.kongregate.com/games/rahchel321/escape-game-locked-house,www.kongregate.com/games/rahchel321/escape-game-locked-house,1,9,2016-08-28,2016-08-28,2026-06-29,live_metrics_json,not_checked,has_metrics,2,0,0,2,,,0,0,0,,,exact_metrics_no_cached_cdx_rows,0,0,0,0,0,0,Run a bounded exact metrics CDX check before escalating.
1140,GPD Pong (Student Project),http://www.kongregate.com/games/GregoryD137/gpd-pong-student-project,www.kongregate.com/games/gregoryd137/gpd-pong-student-project,1,9,2016-09-03,2016-09-03,2026-06-30,live_metrics_json,not_checked,has_metrics,2,0,0,2,,,0,0,0,,,exact_metrics_no_cached_cdx_rows,0,0,0,0,0,0,Run a bounded exact metrics CDX check before escalating.
1141,Hardest Free Game,http://www.kongregate.com/games/GazThomas/hardest-free-game,www.kongregate.com/games/gazthomas/hardest-free-game,1,9,2016-09-16,2016-09-16,2026-06-30,live_metrics_json,not_checked,has_metrics,2,0,0,2,,,0,0,0,,,exact_metrics_no_cached_cdx_rows,0,0,0,0,0,0,Run a bounded exact metrics CDX check before escalating.
1142,Escape Dead End 2,http://www.kongregate.com/games/Enagamess/escape-dead-end-2,www.kongregate.com/games/enagamess/escape-dead-end-2,1,9,2016-09-17,2016-09-17,2026-06-30,live_metrics_json,not_checked,has_metrics,2,0,0,2,,,0,0,0,,,exact_metrics_no_cached_cdx_rows,0,0,0,0,0,0,Run a bounded exact metrics CDX check before escalating.
1143,Happy Neighbors,http://www.kongregate.com/games/SandraKim/happy-neighbors,www.kongregate.com/games/sandrakim/happy-neighbors,1,9,2016-09-23,2016-09-23,2026-06-30,live_metrics_json,not_checked,has_metrics,2,0,0,2,,,0,0,0,,,exact_metrics_no_cached_cdx_rows,0,0,0,0,0,0,Run a bounded exact metrics CDX check before escalating.
1144,Aventura de Little Oryx,http://www.kongregate.com/games/RodrigoA479/aventura-de-little-oryx,www.kongregate.com/games/rodrigoa479/aventura-de-little-oryx,1,9,2016-10-04,2016-10-04,2026-06-29,live_metrics_json,not_checked,has_metrics,2,0,0,2,,,0,0,0,,,exact_metrics_no_cached_cdx_rows,0,0,0,0,0,0,Run a bounded exact metrics CDX check before escalating.
1145,Hyundai RN 30,http://www.kongregate.com/games/newgamess/hyundai-rn-30,www.kongregate.com/games/newgamess/hyundai-rn-30,1,9,2016-10-10,2016-10-10,2026-06-29,live_metrics_json,not_checked,has_metrics,2,0,0,2,,,0,0,0,,,exact_metrics_no_cached_cdx_rows,0,0,0,0,0,0,Run a bounded exact metrics CDX check before escalating.
1146,Schism,http://www.kongregate.com/games/BowWow200/schism,www.kongregate.com/games/bowwow200/schism,1,9,2016-10-17,2016-10-17,2026-06-29,live_metrics_json,not_checked,has_metrics,2,0,0,2,,,0,0,0,,,exact_metrics_no_cached_cdx_rows,0,0,0,0,0,0,Run a bounded exact metrics CDX check before escalating.
1147,Brother in dungoen,http://www.kongregate.com/games/rhinobrosstudio/brother-in-dungoen,www.kongregate.com/games/rhinobrosstudio/brother-in-dungoen,1,9,2016-10-18,2016-10-18,2026-06-29,live_metrics_json,not_checked,has_metrics,2,0,0,2,,,0,0,0,,,exact_metrics_no_cached_cdx_rows,0,0,0,0,0,0,Run a bounded exact metrics CDX check before escalating.
1148,Kappa Pong,http://www.kongregate.com/games/ChaoticHawk1/kappa-pong,www.kongregate.com/games/chaotichawk1/kappa-pong,1,9,2016-10-24,2016-10-24,2026-06-29,live_metrics_json,not_checked,has_metrics,2,0,0,2,,,0,0,0,,,exact_metrics_no_cached_cdx_rows,0,0,0,0,0,0,Run a bounded exact metrics CDX check before escalating.
1149,Snake.is MLG Edition,http://www.kongregate.com/games/vizgl/snake-is-mlg-edition,www.kongregate.com/games/vizgl/snake-is-mlg-edition,1,9,2017-05-05,2017-05-05,2026-06-29,live_metrics_json,not_checked,has_metrics,2,0,0,2,,,0,0,0,,,exact_metrics_no_cached_cdx_rows,0,0,0,0,0,0,Run a bounded exact metrics CDX check before escalating.
1150,Beat up Trump,http://www.kongregate.com/games/SatireGames/beat-up-trump,www.kongregate.com/games/satiregames/beat-up-trump,1,9,2017-05-16,2017-05-16,2026-06-29,live_metrics_json,not_checked,has_metrics,2,0,0,2,,,0,0,0,,,exact_metrics_no_cached_cdx_rows,0,0,0,0,0,0,Run a bounded exact metrics CDX check before escalating.
1151,Goopies,http://www.kongregate.com/games/johnnyk022181/goopies,www.kongregate.com/games/johnnyk022181/goopies,1,9,2017-05-25,2017-05-25,2026-06-29,live_metrics_json,not_checked,has_metrics,2,0,0,2,,,0,0,0,,,exact_metrics_no_cached_cdx_rows,0,0,0,0,0,0,Run a bounded exact metrics CDX check before escalating.
1152,Dark Floors of Zombies,http://www.kongregate.com/games/igrodroms/dark-floors-of-zombies,www.kongregate.com/games/igrodroms/dark-floors-of-zombies,1,9,2017-05-26,2017-05-26,2026-06-29,live_metrics_json,not_checked,has_metrics,2,0,0,2,,,0,0,0,,,exact_metrics_no_cached_cdx_rows,0,0,0,0,0,0,Run a bounded exact metrics CDX check before escalating.
1153,Knf Classic Lodge Escape,http://www.kongregate.com/games/knfescapegame/knf-classic-lodge-escape,www.kongregate.com/games/knfescapegame/knf-classic-lodge-escape,1,9,2017-06-04,2017-06-04,2026-06-29,live_metrics_json,not_checked,has_metrics,2,0,0,2,,,0,0,0,,,exact_metrics_no_cached_cdx_rows,0,0,0,0,0,0,Run a bounded exact metrics CDX check before escalating.
1154,Dot Dash,http://www.kongregate.com/games/redarx/dot-dash,www.kongregate.com/games/redarx/dot-dash,1,9,2017-06-15,2017-06-15,2026-06-29,live_metrics_json,not_checked,has_metrics,2,0,0,2,,,0,0,0,,,exact_metrics_no_cached_cdx_rows,0,0,0,0,0,0,Run a bounded exact metrics CDX check before escalating.
1155,Temple Of Morr 2,http://www.kongregate.com/games/Enagamess/temple-of-morr-2,www.kongregate.com/games/enagamess/temple-of-morr-2,1,9,2017-06-16,2017-06-16,2026-06-29,live_metrics_json,not_checked,has_metrics,2,0,0,2,,,0,0,0,,,exact_metrics_no_cached_cdx_rows,0,0,0,0,0,0,Run a bounded exact metrics CDX check before escalating.
1156,AFK Don't Talk To Me,http://www.kongregate.com/games/Libertyraincloud/afk-dont-talk-to-me,www.kongregate.com/games/libertyraincloud/afk-dont-talk-to-me,1,9,2017-06-25,2017-06-25,2026-06-29,live_metrics_json,not_checked,has_metrics,2,0,0,2,,,0,0,0,,,exact_metrics_no_cached_cdx_rows,0,0,0,0,0,0,Run a bounded exact metrics CDX check before escalating.
1157,A Strange Market,http://www.kongregate.com/games/Klatu/a-strange-market,www.kongregate.com/games/klatu/a-strange-market,1,9,2017-07-03,2017-07-03,2026-06-29,live_metrics_json,not_checked,has_metrics,2,0,0,2,,,0,0,0,,,exact_metrics_no_cached_cdx_rows,0,0,0,0,0,0,Run a bounded exact metrics CDX check before escalating.
1158,Graviball V0.4,http://www.kongregate.com/games/HarshTheAwesome/graviball-v0-4,www.kongregate.com/games/harshtheawesome/graviball-v0-4,1,9,2017-07-20,2017-07-20,2026-06-29,live_metrics_json,not_checked,has_metrics,2,0,0,2,,,0,0,0,,,exact_metrics_no_cached_cdx_rows,0,0,0,0,0,0,Run a bounded exact metrics CDX check before escalating.
1159,Cardboard Catbox Painful Pitfalls,http://www.kongregate.com/games/squiddymccloud/cardboard-catbox-painful-pitfalls,www.kongregate.com/games/squiddymccloud/cardboard-catbox-painful-pitfalls,1,9,2017-07-28,2017-07-28,2026-06-29,live_metrics_json,not_checked,has_metrics,2,0,0,2,,,0,0,0,,,exact_metrics_no_cached_cdx_rows,0,0,0,0,0,0,Run a bounded exact metrics CDX check before escalating.
1160,Asteroids,http://www.kongregate.com/games/mcgeezax101/asteroids,www.kongregate.com/games/mcgeezax101/asteroids,1,9,2017-08-05,2017-08-05,2026-06-29,live_metrics_json,not_checked,has_metrics,2,0,0,2,,,0,0,0,,,exact_metrics_no_cached_cdx_rows,0,0,0,0,0,0,Run a bounded exact metrics CDX check before escalating.
1161,Monsterkill,http://www.kongregate.com/games/8PixStudio/monsterkill,www.kongregate.com/games/8pixstudio/monsterkill,1,9,2017-08-11,2017-08-11,2026-06-29,live_metrics_json,not_checked,has_metrics,2,0,0,2,,,0,0,0,,,exact_metrics_no_cached_cdx_rows,0,0,0,0,0,0,Run a bounded exact metrics CDX check before escalating.
1162,Dream Adventure Escape,http://www.kongregate.com/games/Nsrgames/dream-adventure-escape,www.kongregate.com/games/nsrgames/dream-adventure-escape,1,9,2017-08-23,2017-08-23,2026-06-29,live_metrics_json,not_checked,has_metrics,2,0,0,2,,,0,0,0,,,exact_metrics_no_cached_cdx_rows,0,0,0,0,0,0,Run a bounded exact metrics CDX check before escalating.
1163,When the Lights Go Down,http://www.kongregate.com/games/dragonlance5/when-the-lights-go-down,www.kongregate.com/games/dragonlance5/when-the-lights-go-down,1,9,2017-08-25,2017-08-25,2023-09-01,metrics_json,not_checked,has_metrics,2,0,0,2,,,0,0,0,,,exact_metrics_no_cached_cdx_rows,0,0,0,0,0,0,Run a bounded exact metrics CDX check before escalating.
1164,TwoLands Clickers,http://www.kongregate.com/games/LudosProject/twolands-clickers,www.kongregate.com/games/ludosproject/twolands-clickers,1,9,2017-09-04,2017-09-04,2026-06-29,live_metrics_json,not_checked,has_metrics,2,0,0,2,,,0,0,0,,,exact_metrics_no_cached_cdx_rows,0,0,0,0,0,0,Run a bounded exact metrics CDX check before escalating.
1165,Dam,http://www.kongregate.com/games/Enagamess/dam,www.kongregate.com/games/enagamess/dam,1,9,2017-09-13,2017-09-13,2026-06-29,live_metrics_json,not_checked,has_metrics,2,0,0,2,,,0,0,0,,,exact_metrics_no_cached_cdx_rows,0,0,0,0,0,0,Run a bounded exact metrics CDX check before escalating.
1166,Zebras Connect,http://www.kongregate.com/games/mosso70/zebras-connect,www.kongregate.com/games/mosso70/zebras-connect,1,9,2017-09-20,2017-09-20,2026-06-29,live_metrics_json,not_checked,has_metrics,2,0,0,2,,,0,0,0,,,exact_metrics_no_cached_cdx_rows,0,0,0,0,0,0,Run a bounded exact metrics CDX check before escalating.
1167,Cobras,http://www.kongregate.com/games/AlunosI/cobras,www.kongregate.com/games/alunosi/cobras,1,9,2017-09-30,2017-09-30,2026-06-29,live_metrics_json,not_checked,has_metrics,2,0,0,2,,,0,0,0,,,exact_metrics_no_cached_cdx_rows,0,0,0,0,0,0,Run a bounded exact metrics CDX check before escalating.
1168,Good and the Bad,http://www.kongregate.com/games/virajmalia/good-and-the-bad,www.kongregate.com/games/virajmalia/good-and-the-bad,1,9,2017-10-08,2017-10-08,2026-06-29,live_metrics_json,not_checked,has_metrics,2,0,0,2,,,0,0,0,,,exact_metrics_no_cached_cdx_rows,0,0,0,0,0,0,Run a bounded exact metrics CDX check before escalating.
1169,Idle Streamer 2,http://www.kongregate.com/games/SilverFinish/idle-streamer-2,www.kongregate.com/games/silverfinish/idle-streamer-2,1,9,2017-10-15,2017-10-15,2026-06-29,live_metrics_json,not_checked,has_metrics,2,0,0,2,,,0,0,0,,,exact_metrics_no_cached_cdx_rows,0,0,0,0,0,0,Run a bounded exact metrics CDX check before escalating.
1170,InvasionUnity,http://www.kongregate.com/games/spsv/invasionunity,www.kongregate.com/games/spsv/invasionunity,1,9,2017-10-24,2017-10-24,2026-06-29,live_metrics_json,not_checked,has_metrics,2,0,0,2,,,0,0,0,,,exact_metrics_no_cached_cdx_rows,0,0,0,0,0,0,Run a bounded exact metrics CDX check before escalating.
1171,Obversum,http://www.kongregate.com/games/mmongeon/obversum,www.kongregate.com/games/mmongeon/obversum,1,9,2017-11-06,2017-11-06,2023-09-13,metrics_json,not_checked,has_metrics,2,0,0,2,,,0,0,0,,,exact_metrics_no_cached_cdx_rows,0,0,0,0,0,0,Run a bounded exact metrics CDX check before escalating.
1172,The Evil Lair,http://www.kongregate.com/games/zotakomen/the-evil-lair,www.kongregate.com/games/zotakomen/the-evil-lair,1,9,2018-12-22,2018-12-22,2021-05-05,metrics_json,not_checked,has_metrics,2,0,0,2,,,0,0,0,,,exact_metrics_no_cached_cdx_rows,0,0,0,0,0,0,Run a bounded exact metrics CDX check before escalating.
1173,Hacky Sack Adventure,https://www.kongregate.com/games/MARXOR/hacky-sack-adventure,www.kongregate.com/games/marxor/hacky-sack-adventure,1,9,2019-08-25,2019-08-25,2026-06-30,live_metrics_json,not_checked,has_metrics,2,0,0,2,,,0,0,0,,,exact_metrics_no_cached_cdx_rows,0,0,0,0,0,0,Run a bounded exact metrics CDX check before escalating.
1174,Creeper Goo,http://www.kongregate.com/games/efefef20/test-game2,www.kongregate.com/games/efefef20/test-game2,1,9,2021-01-25,2021-01-25,2026-06-29,live_metrics_json,not_checked,has_metrics,2,0,0,2,,,0,0,0,,,exact_metrics_no_cached_cdx_rows,0,0,0,0,0,0,Run a bounded exact metrics CDX check before escalating.
1175,Rogue Fable IV,https://www.kongregate.com/games/Justin_wang123/rogue-fable-iv,www.kongregate.com/games/justin_wang123/rogue-fable-iv,1,9,2024-01-17,2024-01-17,2024-01-18,metrics_json,not_checked,has_metrics,2,0,0,2,,,0,0,0,,,exact_metrics_no_cached_cdx_rows,0,0,0,0,0,0,Run a bounded exact metrics CDX check before escalating.
1176,Back to School Fashion,http://www.kongregate.com/games/games2girls/back-to-school-fashion,www.kongregate.com/games/games2girls/back-to-school-fashion,1,17,2014-10-03,2014-10-03,,,no_page_cdx_rows,no_cdx,2,0,2,0,,,0,0,0,,,exact_metrics_no_cached_cdx_rows,25,0,0,0,24,0,Escalate to broader list/account captures or external corroboration.
1177,Kuiz për Australinë,http://www.kongregate.com/games/del7244009/kuiz-p-r-australin,www.kongregate.com/games/del7244009/kuiz-p-r-australin,1,17,2015-09-03,2015-09-03,,,dynamic_metrics_placeholder,no_cdx,2,0,2,0,,,0,0,0,,,exact_metrics_no_cached_cdx_rows,29,0,0,0,0,0,Escalate to broader list/account captures or external corroboration.
1178,HitlerVsVikings,http://www.kongregate.com/games/Naoisi_Swaz/hitlervsvikings,www.kongregate.com/games/naoisi_swaz/hitlervsvikings,1,17,2016-07-07,2016-07-07,,,dynamic_metrics_placeholder,no_cdx,2,0,2,0,,,0,0,0,,,exact_metrics_no_cached_cdx_rows,20,0,0,0,0,0,Escalate to broader list/account captures or external corroboration.
1179,Kongpanion Friend Generator,http://www.kongregate.com/games/yvolcano4/kongpanion-friend-generator,www.kongregate.com/games/yvolcano4/kongpanion-friend-generator,1,17,2016-08-05,2016-08-05,,,dynamic_metrics_placeholder,no_cdx,2,0,2,0,,,0,0,0,,,exact_metrics_no_cached_cdx_rows,20,0,0,0,6,0,Escalate to broader list/account captures or external corroboration.
1180,Flap Cat Halloween,http://www.kongregate.com/games/mafagames/flap-cat-halloween,www.kongregate.com/games/mafagames/flap-cat-halloween,1,17,2016-10-10,2016-10-10,,,dynamic_metrics_placeholder,no_cdx,2,0,2,0,,,0,0,0,,,exact_metrics_no_cached_cdx_rows,20,0,0,0,0,0,Escalate to broader list/account captures or external corroboration.
1181,Kosmogon,http://www.kongregate.com/games/quickcasualgames/kosmogon,www.kongregate.com/games/quickcasualgames/kosmogon,1,17,2017-05-16,2017-05-16,,,no_page_cdx_rows,no_cdx,2,0,2,0,,,0,0,0,,,exact_metrics_no_cached_cdx_rows,20,0,0,0,0,0,Escalate to broader list/account captures or external corroboration.
1182,Bus & Subway Runner,http://www.kongregate.com/games/echocargames/bus-subway-runner,www.kongregate.com/games/echocargames/bus-subway-runner,1,17,2017-09-30,2017-09-30,,,no_page_cdx_rows,no_cdx,2,0,2,0,,,0,0,0,,,exact_metrics_no_cached_cdx_rows,20,0,0,0,0,0,Escalate to broader list/account captures or external corroboration.
1183,Murder,http://www.kongregate.com/games/hussnainjaved534/murder,www.kongregate.com/games/hussnainjaved534/murder,1,17,2017-10-24,2017-10-24,,,no_page_cdx_rows,no_cdx,2,0,2,0,,,0,0,0,,,exact_metrics_no_cached_cdx_rows,20,0,0,0,0,0,Escalate to broader list/account captures or external corroboration.
1184,Life Of A Golf Ball,http://www.kongregate.com/games/lubo36/life-of-a-golf-ball,www.kongregate.com/games/lubo36/life-of-a-golf-ball,1,17,2017-11-06,2017-11-06,,,dynamic_metrics_placeholder,no_cdx,2,0,2,0,,,0,0,0,,,exact_metrics_no_cached_cdx_rows,20,0,0,0,0,0,Escalate to broader list/account captures or external corroboration.
1185,Medieval Cop 8 -DeathWish- (Part 2),https://www.kongregate.com/games/VasantJ/medieval-cop-8-deathwish-part-2,www.kongregate.com/games/vasantj/medieval-cop-8-deathwish-part-2,15,11,2017-07-18,2020-01-02,2021-06-28,count_source_probe,not_checked,has_metrics,2,5,2,0,2021-06-28,2024-02-22,0,0,4,2021-06-28,101598,exact_metrics_starts_after_missing_window,0,0,0,0,0,0,Exact metrics start too late; pursue broader list/account captures or external corroboration.
1186,PuzzleLineRpg,http://www.kongregate.com/games/Ageofgames/puzzlelinerpg,www.kongregate.com/games/ageofgames/puzzlelinerpg,2,10,2014-09-19,2014-09-19,2026-06-30,live_metrics_json,not_checked,has_metrics,2,0,0,2,,,0,0,0,,,exact_metrics_no_cached_cdx_rows,0,0,0,0,0,0,Run a bounded exact metrics CDX check before escalating.
1187,Woodclicker,http://www.kongregate.com/games/Exception_e/woodclicker,www.kongregate.com/games/exception_e/woodclicker,2,10,2015-05-06,2015-05-12,2018-02-22,metrics_json,not_checked,has_metrics,2,0,0,2,,,0,0,0,,,exact_metrics_no_cached_cdx_rows,0,0,0,0,0,0,Run a bounded exact metrics CDX check before escalating.
1188,RCM,http://www.kongregate.com/games/groupsky/rcm,www.kongregate.com/games/groupsky/rcm,2,10,2015-10-04,2015-10-13,2022-10-26,metrics_json,not_checked,has_metrics,2,0,0,2,,,0,0,0,,,exact_metrics_no_cached_cdx_rows,0,0,0,0,0,0,Run a bounded exact metrics CDX check before escalating.
1189,Drunken Wrestlers,http://www.kongregate.com/games/SkutteOleg/drunken-wrestlers,www.kongregate.com/games/skutteoleg/drunken-wrestlers,1,10,2014-08-22,2014-08-22,2014-08-26,metrics_json,not_checked,has_metrics,2,0,0,2,,,0,0,0,,,exact_metrics_no_cached_cdx_rows,0,0,0,0,0,0,Run a bounded exact metrics CDX check before escalating.
1190,Honey Bunny X,http://www.kongregate.com/games/invisibleturtle1/honey-bunny-x,www.kongregate.com/games/invisibleturtle1/honey-bunny-x,1,10,2014-08-22,2014-08-22,2026-06-30,live_metrics_json,not_checked,has_metrics,2,0,0,2,,,0,0,0,,,exact_metrics_no_cached_cdx_rows,0,0,0,0,0,0,Run a bounded exact metrics CDX check before escalating.
1191,Klarb Procreation Rift,http://www.kongregate.com/games/L0gicaL1nsanity/klarb-procreation-rift,www.kongregate.com/games/l0gical1nsanity/klarb-procreation-rift,1,10,2014-08-26,2014-08-26,2026-06-30,live_metrics_json,not_checked,has_metrics,2,0,0,2,,,0,0,0,,,exact_metrics_no_cached_cdx_rows,0,0,0,0,0,0,Run a bounded exact metrics CDX check before escalating.
1192,Block Witch,http://www.kongregate.com/games/captainmatti/block-witch,www.kongregate.com/games/captainmatti/block-witch,1,10,2014-08-29,2014-08-29,2024-01-12,metrics_json,not_checked,has_metrics,2,0,0,2,,,0,0,0,,,exact_metrics_no_cached_cdx_rows,0,0,0,0,0,0,Run a bounded exact metrics CDX check before escalating.
1193,Quest for Sara,http://www.kongregate.com/games/toaster101/quest-for-sara,www.kongregate.com/games/toaster101/quest-for-sara,1,10,2014-09-02,2014-09-02,2026-06-30,live_metrics_json,not_checked,has_metrics,2,0,0,2,,,0,0,0,,,exact_metrics_no_cached_cdx_rows,0,0,0,0,0,0,Run a bounded exact metrics CDX check before escalating.
1194,Ballistica,http://www.kongregate.com/games/fg247/ballistica,www.kongregate.com/games/fg247/ballistica,1,10,2014-09-05,2014-09-05,2026-06-30,live_metrics_json,not_checked,has_metrics,2,0,0,2,,,0,0,0,,,exact_metrics_no_cached_cdx_rows,0,0,0,0,0,0,Run a bounded exact metrics CDX check before escalating.
1195,Quest for Chicken,http://www.kongregate.com/games/Beremans/quest-for-chicken,www.kongregate.com/games/beremans/quest-for-chicken,1,10,2014-09-12,2014-09-12,2026-06-30,live_metrics_json,not_checked,has_metrics,2,0,0,2,,,0,0,0,,,exact_metrics_no_cached_cdx_rows,0,0,0,0,0,0,Run a bounded exact metrics CDX check before escalating.
1196,INXSYS,http://www.kongregate.com/games/Aliensl/inxsys,www.kongregate.com/games/aliensl/inxsys,1,10,2014-09-14,2014-09-14,2026-06-30,live_metrics_json,not_checked,has_metrics,2,0,0,2,,,0,0,0,,,exact_metrics_no_cached_cdx_rows,0,0,0,0,0,0,Run a bounded exact metrics CDX check before escalating.
1197,"Run, Jump, Meow",http://www.kongregate.com/games/independo/run-jump-meow,www.kongregate.com/games/independo/run-jump-meow,1,10,2014-09-20,2014-09-20,2026-06-30,live_metrics_json,not_checked,has_metrics,2,0,0,2,,,0,0,0,,,exact_metrics_no_cached_cdx_rows,0,0,0,0,0,0,Run a bounded exact metrics CDX check before escalating.
1198,Neophoenix,http://www.kongregate.com/games/jfpraetor/neophoenix,www.kongregate.com/games/jfpraetor/neophoenix,1,10,2014-09-26,2014-09-26,2026-06-30,live_metrics_json,not_checked,has_metrics,2,0,0,2,,,0,0,0,,,exact_metrics_no_cached_cdx_rows,0,0,0,0,0,0,Run a bounded exact metrics CDX check before escalating.
1199,Voice from the Sea,http://www.kongregate.com/games/zeiva/voice-from-the-sea,www.kongregate.com/games/zeiva/voice-from-the-sea,1,10,2014-09-26,2014-09-26,2026-06-30,live_metrics_json,not_checked,has_metrics,2,0,0,2,,,0,0,0,,,exact_metrics_no_cached_cdx_rows,0,0,0,0,0,0,Run a bounded exact metrics CDX check before escalating.
1200,Duck Hunt,http://www.kongregate.com/games/Killer_Killed/duck-hunt,www.kongregate.com/games/killer_killed/duck-hunt,1,10,2014-10-03,2014-10-03,2026-06-29,live_metrics_json,not_checked,has_metrics,2,0,0,2,,,0,0,0,,,exact_metrics_no_cached_cdx_rows,0,0,0,0,0,0,Run a bounded exact metrics CDX check before escalating.
1201,Barons Gate 2,http://www.kongregate.com/games/Griman/barons-gate-2,www.kongregate.com/games/griman/barons-gate-2,1,10,2014-10-04,2014-10-04,2026-06-30,live_metrics_json,not_checked,has_metrics,2,0,0,2,,,0,0,0,,,exact_metrics_no_cached_cdx_rows,0,0,0,0,0,0,Run a bounded exact metrics CDX check before escalating.
1202,Flappy Potato,http://www.kongregate.com/games/CharisOTimoros/flappy-potato,www.kongregate.com/games/charisotimoros/flappy-potato,1,10,2014-10-13,2014-10-13,2026-06-30,live_metrics_json,not_checked,has_metrics,2,0,0,2,,,0,0,0,,,exact_metrics_no_cached_cdx_rows,0,0,0,0,0,0,Run a bounded exact metrics CDX check before escalating.
1203,Road Run Mirr,http://www.kongregate.com/games/Alpha_bros/road-run-mirr,www.kongregate.com/games/alpha_bros/road-run-mirr,1,10,2014-10-17,2014-10-17,2026-06-30,live_metrics_json,not_checked,has_metrics,2,0,0,2,,,0,0,0,,,exact_metrics_no_cached_cdx_rows,0,0,0,0,0,0,Run a bounded exact metrics CDX check before escalating.
1204,Kakele Hx,http://www.kongregate.com/games/LucasXero/kakele-hx,www.kongregate.com/games/lucasxero/kakele-hx,1,10,2014-10-24,2014-10-24,2026-06-30,live_metrics_json,not_checked,has_metrics,2,0,0,2,,,0,0,0,,,exact_metrics_no_cached_cdx_rows,0,0,0,0,0,0,Run a bounded exact metrics CDX check before escalating.
1205,Age Manipulation,http://www.kongregate.com/games/dphoenix90/age-manipulation,www.kongregate.com/games/dphoenix90/age-manipulation,1,10,2014-10-29,2014-10-29,2026-06-30,live_metrics_json,not_checked,has_metrics,2,0,0,2,,,0,0,0,,,exact_metrics_no_cached_cdx_rows,0,0,0,0,0,0,Run a bounded exact metrics CDX check before escalating.
1206,Demon Tag Online,http://www.kongregate.com/games/LastLightStudios/demon-tag-online,www.kongregate.com/games/lastlightstudios/demon-tag-online,1,10,2014-10-31,2014-10-31,2026-06-30,live_metrics_json,not_checked,has_metrics,2,0,0,2,,,0,0,0,,,exact_metrics_no_cached_cdx_rows,0,0,0,0,0,0,Run a bounded exact metrics CDX check before escalating.
1207,BALLGAME!,http://www.kongregate.com/games/MuzzammilS/ballgame,www.kongregate.com/games/muzzammils/ballgame,1,10,2014-11-11,2014-11-11,2026-06-30,live_metrics_json,not_checked,has_metrics,2,0,0,2,,,0,0,0,,,exact_metrics_no_cached_cdx_rows,0,0,0,0,0,0,Run a bounded exact metrics CDX check before escalating.
1208,Space Station Escape BM,http://www.kongregate.com/games/sunvoltizer/space-station-escape-bm,www.kongregate.com/games/sunvoltizer/space-station-escape-bm,1,10,2014-11-25,2014-11-25,2026-06-30,live_metrics_json,not_checked,has_metrics,2,0,0,2,,,0,0,0,,,exact_metrics_no_cached_cdx_rows,0,0,0,0,0,0,Run a bounded exact metrics CDX check before escalating.
1209,Zuzu The Elf,http://www.kongregate.com/games/ArcadeHero/zuzu-the-elf,www.kongregate.com/games/arcadehero/zuzu-the-elf,1,10,2014-12-02,2014-12-02,2026-06-30,live_metrics_json,not_checked,has_metrics,2,0,0,2,,,0,0,0,,,exact_metrics_no_cached_cdx_rows,0,0,0,0,0,0,Run a bounded exact metrics CDX check before escalating.
1210,Walled,http://www.kongregate.com/games/Uguii/walled,www.kongregate.com/games/uguii/walled,1,10,2014-12-10,2014-12-10,2026-06-30,live_metrics_json,not_checked,has_metrics,2,0,0,2,,,0,0,0,,,exact_metrics_no_cached_cdx_rows,0,0,0,0,0,0,Run a bounded exact metrics CDX check before escalating.
1211,Sentinel,http://www.kongregate.com/games/Gasparfx/sentinel,www.kongregate.com/games/gasparfx/sentinel,1,10,2014-12-17,2014-12-17,2026-06-30,live_metrics_json,not_checked,has_metrics,2,0,0,2,,,0,0,0,,,exact_metrics_no_cached_cdx_rows,0,0,0,0,0,0,Run a bounded exact metrics CDX check before escalating.
1212,Beetlo,http://www.kongregate.com/games/daoudsammer/beetlo,www.kongregate.com/games/daoudsammer/beetlo,1,10,2014-12-30,2014-12-30,2026-06-30,live_metrics_json,not_checked,has_metrics,2,0,0,2,,,0,0,0,,,exact_metrics_no_cached_cdx_rows,0,0,0,0,0,0,Run a bounded exact metrics CDX check before escalating.
1213,RobotPet,http://www.kongregate.com/games/nooze/robotpet,www.kongregate.com/games/nooze/robotpet,1,10,2015-01-03,2015-01-03,2021-09-01,metrics_json,not_checked,has_metrics,2,0,0,2,,,0,0,0,,,exact_metrics_no_cached_cdx_rows,0,0,0,0,0,0,Run a bounded exact metrics CDX check before escalating.
1214,Dystopia 101,http://www.kongregate.com/games/Plopix/dystopia-101,www.kongregate.com/games/plopix/dystopia-101,1,10,2015-04-01,2015-04-01,2023-06-19,metrics_json,not_checked,has_metrics,2,0,0,2,,,0,0,0,,,exact_metrics_no_cached_cdx_rows,0,0,0,0,0,0,Run a bounded exact metrics CDX check before escalating.
1215,Flappy Bird (MY GAME),http://www.kongregate.com/games/BryanProGamer/flappy-bird-my-game,www.kongregate.com/games/bryanprogamer/flappy-bird-my-game,1,10,2015-09-03,2015-09-03,2026-06-30,live_metrics_json,not_checked,has_metrics,2,0,0,2,,,0,0,0,,,exact_metrics_no_cached_cdx_rows,0,0,0,0,0,0,Run a bounded exact metrics CDX check before escalating.
1216,Wallzy,http://www.kongregate.com/games/crazyram/wallzy,www.kongregate.com/games/crazyram/wallzy,1,10,2015-09-09,2015-09-09,2026-06-30,live_metrics_json,not_checked,has_metrics,2,0,0,2,,,0,0,0,,,exact_metrics_no_cached_cdx_rows,0,0,0,0,0,0,Run a bounded exact metrics CDX check before escalating.
1217,Hut Take Control 5,http://www.kongregate.com/games/monsterplay999/hut-take-control-5,www.kongregate.com/games/monsterplay999/hut-take-control-5,1,10,2015-09-14,2015-09-14,2026-06-30,live_metrics_json,not_checked,has_metrics,2,0,0,2,,,0,0,0,,,exact_metrics_no_cached_cdx_rows,0,0,0,0,0,0,Run a bounded exact metrics CDX check before escalating.
1218,Barbie playing with Baby,http://www.kongregate.com/games/gamesforgirlz/barbie-playing-with-baby,www.kongregate.com/games/gamesforgirlz/barbie-playing-with-baby,1,10,2015-09-30,2015-09-30,2026-06-30,live_metrics_json,not_checked,has_metrics,2,0,0,2,,,0,0,0,,,exact_metrics_no_cached_cdx_rows,0,0,0,0,0,0,Run a bounded exact metrics CDX check before escalating.
1219,Contra City,http://www.kongregate.com/games/ContraCity/contra-city,www.kongregate.com/games/contracity/contra-city,1,10,2015-11-08,2015-11-08,2021-08-02,metrics_json,not_checked,has_metrics,2,0,0,2,,,0,0,0,,,exact_metrics_no_cached_cdx_rows,0,0,0,0,0,0,Run a bounded exact metrics CDX check before escalating.
1220,E L K,http://www.kongregate.com/games/weedoor/e-l-k,www.kongregate.com/games/weedoor/e-l-k,1,10,2015-12-05,2015-12-05,2026-06-30,live_metrics_json,not_checked,has_metrics,2,0,0,2,,,0,0,0,,,exact_metrics_no_cached_cdx_rows,0,0,0,0,0,0,Run a bounded exact metrics CDX check before escalating.
1221,New House Simulator 2015,http://www.kongregate.com/games/gigaXD/new-house-simulator-2015,www.kongregate.com/games/gigaxd/new-house-simulator-2015,1,10,2015-12-18,2015-12-18,2026-06-30,live_metrics_json,not_checked,has_metrics,2,0,0,2,,,0,0,0,,,exact_metrics_no_cached_cdx_rows,0,0,0,0,0,0,Run a bounded exact metrics CDX check before escalating.
1222,Jigsaw,http://www.kongregate.com/games/OlegF21/jigsaw,www.kongregate.com/games/olegf21/jigsaw,1,10,2015-12-26,2015-12-26,2026-06-30,live_metrics_json,not_checked,has_metrics,2,0,0,2,,,0,0,0,,,exact_metrics_no_cached_cdx_rows,0,0,0,0,0,0,Run a bounded exact metrics CDX check before escalating.
1223,Avoid the rockets,http://www.kongregate.com/games/StenliO/avoid-the-rockets,www.kongregate.com/games/stenlio/avoid-the-rockets,1,10,2016-01-02,2016-01-02,2026-06-29,live_metrics_json,not_checked,has_metrics,2,0,0,2,,,0,0,0,,,exact_metrics_no_cached_cdx_rows,0,0,0,0,0,0,Run a bounded exact metrics CDX check before escalating.
1224,Vapid Taxi Jigsaw,http://www.kongregate.com/games/newgamess/vapid-taxi-jigsaw,www.kongregate.com/games/newgamess/vapid-taxi-jigsaw,1,10,2016-02-02,2016-02-02,2026-06-30,live_metrics_json,not_checked,has_metrics,2,0,0,2,,,0,0,0,,,exact_metrics_no_cached_cdx_rows,0,0,0,0,0,0,Run a bounded exact metrics CDX check before escalating.
1225,SpongeBob Sport Jigsaw,http://www.kongregate.com/games/newgamess/spongebob-sport-jigsaw,www.kongregate.com/games/newgamess/spongebob-sport-jigsaw,1,10,2016-02-17,2016-02-17,2026-06-30,live_metrics_json,not_checked,has_metrics,2,0,0,2,,,0,0,0,,,exact_metrics_no_cached_cdx_rows,0,0,0,0,0,0,Run a bounded exact metrics CDX check before escalating.
1226,Football with Cubes,http://www.kongregate.com/games/FilipT130/football-with-cubes,www.kongregate.com/games/filipt130/football-with-cubes,1,10,2016-02-28,2016-02-28,2026-06-30,live_metrics_json,not_checked,has_metrics,2,0,0,2,,,0,0,0,,,exact_metrics_no_cached_cdx_rows,0,0,0,0,0,0,Run a bounded exact metrics CDX check before escalating.
1227,Just Chat,http://www.kongregate.com/games/Salomanity/just-chat,www.kongregate.com/games/salomanity/just-chat,1,10,2016-03-05,2016-03-05,2026-06-29,live_metrics_json,not_checked,has_metrics,2,0,0,2,,,0,0,0,,,exact_metrics_no_cached_cdx_rows,0,0,0,0,0,0,Run a bounded exact metrics CDX check before escalating.
1228,Deep Sea Hunter 2,http://www.kongregate.com/games/Funtomic/deep-sea-hunter-2,www.kongregate.com/games/funtomic/deep-sea-hunter-2,1,10,2016-03-07,2016-03-07,2019-08-29,metrics_json,not_checked,has_metrics,2,0,0,2,,,0,0,0,,,exact_metrics_no_cached_cdx_rows,0,0,0,0,0,0,Run a bounded exact metrics CDX check before escalating.
1229,One person in a Strange Planet,http://www.kongregate.com/games/Jotappolk/one-person-in-a-strange-planet,www.kongregate.com/games/jotappolk/one-person-in-a-strange-planet,1,10,2016-03-16,2016-03-16,2026-06-29,live_metrics_json,not_checked,has_metrics,2,0,0,2,,,0,0,0,,,exact_metrics_no_cached_cdx_rows,0,0,0,0,0,0,Run a bounded exact metrics CDX check before escalating.
1230,Notebook Wars U WebV,http://www.kongregate.com/games/matakukos/notebook-wars-u-webv,www.kongregate.com/games/matakukos/notebook-wars-u-webv,1,10,2016-03-24,2016-03-24,2026-06-29,live_metrics_json,not_checked,has_metrics,2,0,0,2,,,0,0,0,,,exact_metrics_no_cached_cdx_rows,0,0,0,0,0,0,Run a bounded exact metrics CDX check before escalating.
1231,Galaxy Empires v.2,http://www.kongregate.com/games/kubagobg/galaxy-empires-v-2,www.kongregate.com/games/kubagobg/galaxy-empires-v-2,1,10,2016-05-06,2016-05-06,2026-06-30,live_metrics_json,not_checked,has_metrics,2,0,0,2,,,0,0,0,,,exact_metrics_no_cached_cdx_rows,0,0,0,0,0,0,Run a bounded exact metrics CDX check before escalating.
1232,Space Ninja Future Action,http://www.kongregate.com/games/D34DLY/space-ninja-future-action,www.kongregate.com/games/d34dly/space-ninja-future-action,1,10,2016-05-15,2016-05-15,2026-06-30,live_metrics_json,not_checked,has_metrics,2,0,0,2,,,0,0,0,,,exact_metrics_no_cached_cdx_rows,0,0,0,0,0,0,Run a bounded exact metrics CDX check before escalating.
1233,Target Practice,http://www.kongregate.com/games/Mrflibfishy/target-practice,www.kongregate.com/games/mrflibfishy/target-practice,1,10,2016-05-23,2016-05-23,2026-06-30,live_metrics_json,not_checked,has_metrics,2,0,0,2,,,0,0,0,,,exact_metrics_no_cached_cdx_rows,0,0,0,0,0,0,Run a bounded exact metrics CDX check before escalating.
1234,Green's Journey Through Hell,http://www.kongregate.com/games/Trapman88/greens-journey-through-hell,www.kongregate.com/games/trapman88/greens-journey-through-hell,1,10,2016-05-24,2016-05-24,2026-06-30,live_metrics_json,not_checked,has_metrics,2,0,0,2,,,0,0,0,,,exact_metrics_no_cached_cdx_rows,0,0,0,0,0,0,Run a bounded exact metrics CDX check before escalating.
1235,Ice Cold Love,http://www.kongregate.com/games/Palups/ice-cold-love,www.kongregate.com/games/palups/ice-cold-love,1,10,2016-06-04,2016-06-04,2026-06-30,live_metrics_json,not_checked,has_metrics,2,0,0,2,,,0,0,0,,,exact_metrics_no_cached_cdx_rows,0,0,0,0,0,0,Run a bounded exact metrics CDX check before escalating.
1236,Fruit Zombie Defense 3,http://www.kongregate.com/games/thegames8dotcom/fruit-zombie-defense-3,www.kongregate.com/games/thegames8dotcom/fruit-zombie-defense-3,1,10,2016-06-05,2016-06-05,2026-06-30,live_metrics_json,not_checked,has_metrics,2,0,0,2,,,0,0,0,,,exact_metrics_no_cached_cdx_rows,0,0,0,0,0,0,Run a bounded exact metrics CDX check before escalating.
1237,ASTEROIDS CL,http://www.kongregate.com/games/PinedaMR/asteroids-cl,www.kongregate.com/games/pinedamr/asteroids-cl,1,10,2016-06-22,2016-06-22,2026-06-29,live_metrics_json,not_checked,has_metrics,2,0,0,2,,,0,0,0,,,exact_metrics_no_cached_cdx_rows,0,0,0,0,0,0,Run a bounded exact metrics CDX check before escalating.
1238,IDLE DOGE(Basic Version),http://www.kongregate.com/games/marcew44/idle-doge-basic-version,www.kongregate.com/games/marcew44/idle-doge-basic-version,1,10,2016-07-07,2016-07-07,2026-06-30,live_metrics_json,not_checked,has_metrics,2,0,0,2,,,0,0,0,,,exact_metrics_no_cached_cdx_rows,0,0,0,0,0,0,Run a bounded exact metrics CDX check before escalating.
1239,One Chance Dungeon,http://www.kongregate.com/games/Carbonbyte/one-chance-dungeon,www.kongregate.com/games/carbonbyte/one-chance-dungeon,1,10,2016-07-14,2016-07-14,2023-09-21,metrics_json,not_checked,has_metrics,2,0,0,2,,,0,0,0,,,exact_metrics_no_cached_cdx_rows,0,0,0,0,0,0,Run a bounded exact metrics CDX check before escalating.
1240,Porsche Vision GT,http://www.kongregate.com/games/newgamess/porsche-vision-gt,www.kongregate.com/games/newgamess/porsche-vision-gt,1,10,2016-07-20,2016-07-20,2026-06-30,live_metrics_json,not_checked,has_metrics,2,0,0,2,,,0,0,0,,,exact_metrics_no_cached_cdx_rows,0,0,0,0,0,0,Run a bounded exact metrics CDX check before escalating.
1241,Monster Truck Shadowlands 3,http://www.kongregate.com/games/vitalitygames/monster-truck-shadowlands-3,www.kongregate.com/games/vitalitygames/monster-truck-shadowlands-3,1,10,2016-07-27,2016-07-27,2026-06-30,live_metrics_json,not_checked,has_metrics,2,0,0,2,,,0,0,0,,,exact_metrics_no_cached_cdx_rows,0,0,0,0,0,0,Run a bounded exact metrics CDX check before escalating.
1242,Elsa and Anna landing on Mars,http://www.kongregate.com/games/gamesforgirlz/elsa-and-anna-landing-on-mars,www.kongregate.com/games/gamesforgirlz/elsa-and-anna-landing-on-mars,1,10,2016-08-05,2016-08-05,2026-06-29,live_metrics_json,not_checked,has_metrics,2,0,0,2,,,0,0,0,,,exact_metrics_no_cached_cdx_rows,0,0,0,0,0,0,Run a bounded exact metrics CDX check before escalating.
1243,Zig Zag,http://www.kongregate.com/games/LovattoStudio/zig-zag,www.kongregate.com/games/lovattostudio/zig-zag,1,10,2016-08-13,2016-08-13,2026-06-29,live_metrics_json,not_checked,has_metrics,2,0,0,2,,,0,0,0,,,exact_metrics_no_cached_cdx_rows,0,0,0,0,0,0,Run a bounded exact metrics CDX check before escalating.
1244,Who Can Escape Ghost House,http://www.kongregate.com/games/rahchel321/who-can-escape-ghost-house,www.kongregate.com/games/rahchel321/who-can-escape-ghost-house,1,10,2016-08-20,2016-08-20,2026-06-29,live_metrics_json,not_checked,has_metrics,2,0,0,2,,,0,0,0,,,exact_metrics_no_cached_cdx_rows,0,0,0,0,0,0,Run a bounded exact metrics CDX check before escalating.
1245,Escape Game: 13 Doors,http://www.kongregate.com/games/rahchel321/escape-game-13-doors,www.kongregate.com/games/rahchel321/escape-game-13-doors,1,10,2016-08-28,2016-08-28,2026-06-29,live_metrics_json,not_checked,has_metrics,2,0,0,2,,,0,0,0,,,exact_metrics_no_cached_cdx_rows,0,0,0,0,0,0,Run a bounded exact metrics CDX check before escalating.
1246,Realistic world,http://www.kongregate.com/games/hkirkman/realistic-world,www.kongregate.com/games/hkirkman/realistic-world,1,10,2016-09-03,2016-09-03,2024-01-04,metrics_json,not_checked,has_metrics,2,0,0,2,,,0,0,0,,,exact_metrics_no_cached_cdx_rows,0,0,0,0,0,0,Run a bounded exact metrics CDX check before escalating.
1247,Boomerang Chang 2,http://www.kongregate.com/games/sushistory/boomerang-chang-2,www.kongregate.com/games/sushistory/boomerang-chang-2,1,10,2016-09-16,2016-09-16,2026-06-30,live_metrics_json,not_checked,has_metrics,2,0,0,2,,,0,0,0,,,exact_metrics_no_cached_cdx_rows,0,0,0,0,0,0,Run a bounded exact metrics CDX check before escalating.
1248,Shark Hero Dekino - Platform Runner,http://www.kongregate.com/games/Keyeske/shark-hero-dekino-platform-runner,www.kongregate.com/games/keyeske/shark-hero-dekino-platform-runner,1,10,2016-09-17,2016-09-17,2026-06-30,live_metrics_json,not_checked,has_metrics,2,0,0,2,,,0,0,0,,,exact_metrics_no_cached_cdx_rows,0,0,0,0,0,0,Run a bounded exact metrics CDX check before escalating.
1249,Dangerous Adventure 2,http://www.kongregate.com/games/MARTINIRosso/dangerous-adventure-2,www.kongregate.com/games/martinirosso/dangerous-adventure-2,1,10,2016-09-23,2016-09-23,2022-10-03,metrics_json,not_checked,has_metrics,2,0,0,2,,,0,0,0,,,exact_metrics_no_cached_cdx_rows,0,0,0,0,0,0,Run a bounded exact metrics CDX check before escalating.
1250,Easy Notepad,http://www.kongregate.com/games/dw817/easy-notepad,www.kongregate.com/games/dw817/easy-notepad,1,10,2016-10-04,2016-10-04,2026-06-29,live_metrics_json,not_checked,has_metrics,2,0,0,2,,,0,0,0,,,exact_metrics_no_cached_cdx_rows,0,0,0,0,0,0,Run a bounded exact metrics CDX check before escalating.
1251,Salvavidas,http://www.kongregate.com/games/srikaran_p/salvavidas,www.kongregate.com/games/srikaran_p/salvavidas,1,10,2016-10-10,2016-10-10,2023-09-14,metrics_json,not_checked,has_metrics,2,0,0,2,,,0,0,0,,,exact_metrics_no_cached_cdx_rows,0,0,0,0,0,0,Run a bounded exact metrics CDX check before escalating.
1252,SqUaReTa Mayhem,http://www.kongregate.com/games/PotatoGalaxyX/squareta-mayhem,www.kongregate.com/games/potatogalaxyx/squareta-mayhem,1,10,2016-10-17,2016-10-17,2026-06-29,live_metrics_json,not_checked,has_metrics,2,0,0,2,,,0,0,0,,,exact_metrics_no_cached_cdx_rows,0,0,0,0,0,0,Run a bounded exact metrics CDX check before escalating.
1253,G7- Happy Halloween,http://www.kongregate.com/games/Ahamed1989/g7-happy-halloween,www.kongregate.com/games/ahamed1989/g7-happy-halloween,1,10,2016-10-18,2016-10-18,2026-06-29,live_metrics_json,not_checked,has_metrics,2,0,0,2,,,0,0,0,,,exact_metrics_no_cached_cdx_rows,0,0,0,0,0,0,Run a bounded exact metrics CDX check before escalating.
1254,Kate's Adventure,http://www.kongregate.com/games/bititstudio/kates-adventure,www.kongregate.com/games/bititstudio/kates-adventure,1,10,2016-10-24,2016-10-24,2026-06-29,live_metrics_json,not_checked,has_metrics,2,0,0,2,,,0,0,0,,,exact_metrics_no_cached_cdx_rows,0,0,0,0,0,0,Run a bounded exact metrics CDX check before escalating.
1255,Bow Island - A Bowshooting Game,http://www.kongregate.com/games/lilgamefactory/bow-island-a-bowshooting-game,www.kongregate.com/games/lilgamefactory/bow-island-a-bowshooting-game,1,10,2016-10-30,2016-10-30,2026-06-29,live_metrics_json,not_checked,has_metrics,2,0,0,2,,,0,0,0,,,exact_metrics_no_cached_cdx_rows,0,0,0,0,0,0,Run a bounded exact metrics CDX check before escalating.
1256,Knf Car Workshop Escape,http://www.kongregate.com/games/knfescapegame/knf-car-workshop-escape,www.kongregate.com/games/knfescapegame/knf-car-workshop-escape,1,10,2017-05-05,2017-05-05,2026-06-30,live_metrics_json,not_checked,has_metrics,2,0,0,2,,,0,0,0,,,exact_metrics_no_cached_cdx_rows,0,0,0,0,0,0,Run a bounded exact metrics CDX check before escalating.
1257,The Simplest breakout,http://www.kongregate.com/games/AgaMatt/the-simplest-breakout,www.kongregate.com/games/agamatt/the-simplest-breakout,1,10,2017-05-16,2017-05-16,2026-06-30,live_metrics_json,not_checked,has_metrics,2,0,0,2,,,0,0,0,,,exact_metrics_no_cached_cdx_rows,0,0,0,0,0,0,Run a bounded exact metrics CDX check before escalating.
1258,Crossbows,http://www.kongregate.com/games/ciobeni/crossbows,www.kongregate.com/games/ciobeni/crossbows,1,10,2017-05-25,2017-05-25,2026-06-30,live_metrics_json,not_checked,has_metrics,2,0,0,2,,,0,0,0,,,exact_metrics_no_cached_cdx_rows,0,0,0,0,0,0,Run a bounded exact metrics CDX check before escalating.
1259,Khozz Quiz,http://www.kongregate.com/games/SrOberon/khozz-quiz,www.kongregate.com/games/sroberon/khozz-quiz,1,10,2017-06-15,2017-06-15,2026-06-29,live_metrics_json,not_checked,has_metrics,2,0,0,2,,,0,0,0,,,exact_metrics_no_cached_cdx_rows,0,0,0,0,0,0,Run a bounded exact metrics CDX check before escalating.
1260,The Jungle Man,http://www.kongregate.com/games/minininja956/the-jungle-man,www.kongregate.com/games/minininja956/the-jungle-man,1,10,2017-06-16,2017-06-16,2026-06-29,live_metrics_json,not_checked,has_metrics,2,0,0,2,,,0,0,0,,,exact_metrics_no_cached_cdx_rows,0,0,0,0,0,0,Run a bounded exact metrics CDX check before escalating.
1261,21 SaVaGe - No Heart,http://www.kongregate.com/games/iDarkzQa/21-savage-no-heart,www.kongregate.com/games/idarkzqa/21-savage-no-heart,1,10,2017-06-25,2017-06-25,2026-06-29,live_metrics_json,not_checked,has_metrics,2,0,0,2,,,0,0,0,,,exact_metrics_no_cached_cdx_rows,0,0,0,0,0,0,Run a bounded exact metrics CDX check before escalating.
1262,Perspective Beta,http://www.kongregate.com/games/awsome52486/perspective-beta,www.kongregate.com/games/awsome52486/perspective-beta,1,10,2017-07-03,2017-07-03,2026-06-29,live_metrics_json,not_checked,has_metrics,2,0,0,2,,,0,0,0,,,exact_metrics_no_cached_cdx_rows,0,0,0,0,0,0,Run a bounded exact metrics CDX check before escalating.
1263,Act Before Counteract,http://www.kongregate.com/games/Enagamess/act-before-counteract,www.kongregate.com/games/enagamess/act-before-counteract,1,10,2017-07-20,2017-07-20,2026-06-29,live_metrics_json,not_checked,has_metrics,2,0,0,2,,,0,0,0,,,exact_metrics_no_cached_cdx_rows,0,0,0,0,0,0,Run a bounded exact metrics CDX check before escalating.
1264,Adventure of cursed dippa Escape,http://www.kongregate.com/games/Nsrgames/adventure-of-cursed-dippa-escape,www.kongregate.com/games/nsrgames/adventure-of-cursed-dippa-escape,1,10,2017-07-28,2017-07-28,2026-06-29,live_metrics_json,not_checked,has_metrics,2,0,0,2,,,0,0,0,,,exact_metrics_no_cached_cdx_rows,0,0,0,0,0,0,Run a bounded exact metrics CDX check before escalating.
1265,Blue Runner,http://www.kongregate.com/games/Larryquartz/blue-runner,www.kongregate.com/games/larryquartz/blue-runner,1,10,2017-07-29,2017-07-29,2026-06-29,live_metrics_json,not_checked,has_metrics,2,0,0,2,,,0,0,0,,,exact_metrics_no_cached_cdx_rows,0,0,0,0,0,0,Run a bounded exact metrics CDX check before escalating.
1266,Zombie Match,http://www.kongregate.com/games/LovattoStudio/zombie-match,www.kongregate.com/games/lovattostudio/zombie-match,1,10,2017-08-05,2017-08-05,2026-06-29,live_metrics_json,not_checked,has_metrics,2,0,0,2,,,0,0,0,,,exact_metrics_no_cached_cdx_rows,0,0,0,0,0,0,Run a bounded exact metrics CDX check before escalating.
1267,Forest Cave Escape,http://www.kongregate.com/games/top10newgames/forest-cave-escape,www.kongregate.com/games/top10newgames/forest-cave-escape,1,10,2017-08-11,2017-08-11,2026-06-29,live_metrics_json,not_checked,has_metrics,2,0,0,2,,,0,0,0,,,exact_metrics_no_cached_cdx_rows,0,0,0,0,0,0,Run a bounded exact metrics CDX check before escalating.
1268,Deep Dive (HTML5),http://www.kongregate.com/games/zygomaticgames/deep-dive-html5,www.kongregate.com/games/zygomaticgames/deep-dive-html5,1,10,2017-08-17,2017-08-17,2026-06-29,live_metrics_json,not_checked,has_metrics,2,0,0,2,,,0,0,0,,,exact_metrics_no_cached_cdx_rows,0,0,0,0,0,0,Run a bounded exact metrics CDX check before escalating.
1269,Color Labyrinth,http://www.kongregate.com/games/garywolflu/color-labyrinth,www.kongregate.com/games/garywolflu/color-labyrinth,1,10,2017-08-23,2017-08-23,2026-06-29,live_metrics_json,not_checked,has_metrics,2,0,0,2,,,0,0,0,,,exact_metrics_no_cached_cdx_rows,0,0,0,0,0,0,Run a bounded exact metrics CDX check before escalating.
1270,Antimatter Dimensions,http://www.kongregate.com/games/Hevipelle/antimatter-dimensions,www.kongregate.com/games/hevipelle/antimatter-dimensions,1,10,2017-08-25,2017-08-25,2017-09-22,metrics_json,not_checked,has_metrics,2,0,0,2,,,0,0,0,,,exact_metrics_no_cached_cdx_rows,0,0,0,0,0,0,Run a bounded exact metrics CDX check before escalating.
1271,Square Hopper,http://www.kongregate.com/games/OneSlapStudios/square-hopper,www.kongregate.com/games/oneslapstudios/square-hopper,1,10,2017-09-04,2017-09-04,2026-06-30,live_metrics_json,not_checked,has_metrics,2,0,0,2,,,0,0,0,,,exact_metrics_no_cached_cdx_rows,0,0,0,0,0,0,Run a bounded exact metrics CDX check before escalating.
1272,Abcd Edu Kids,http://www.kongregate.com/games/Nsrgames/abcd-edu-kids,www.kongregate.com/games/nsrgames/abcd-edu-kids,1,10,2017-09-13,2017-09-13,2026-06-29,live_metrics_json,not_checked,has_metrics,2,0,0,2,,,0,0,0,,,exact_metrics_no_cached_cdx_rows,0,0,0,0,0,0,Run a bounded exact metrics CDX check before escalating.
1273,Elarasi,http://www.kongregate.com/games/billorko/elarasi,www.kongregate.com/games/billorko/elarasi,1,10,2017-09-30,2017-09-30,2026-06-29,live_metrics_json,not_checked,has_metrics,2,0,0,2,,,0,0,0,,,exact_metrics_no_cached_cdx_rows,0,0,0,0,0,0,Run a bounded exact metrics CDX check before escalating.
1274,the supper driver,http://www.kongregate.com/games/nrsgames/the-supper-driver,www.kongregate.com/games/nrsgames/the-supper-driver,1,10,2017-10-15,2017-10-15,2026-06-29,live_metrics_json,not_checked,has_metrics,2,0,0,2,,,0,0,0,,,exact_metrics_no_cached_cdx_rows,0,0,0,0,0,0,Run a bounded exact metrics CDX check before escalating.
1275,Halloween Party,http://www.kongregate.com/games/gonzos/halloween-party,www.kongregate.com/games/gonzos/halloween-party,1,10,2017-10-24,2017-10-24,2026-06-29,live_metrics_json,not_checked,has_metrics,2,0,0,2,,,0,0,0,,,exact_metrics_no_cached_cdx_rows,0,0,0,0,0,0,Run a bounded exact metrics CDX check before escalating.
1276,Robert Bodnar's Barnsley Adventure,http://www.kongregate.com/games/skarpeci/robert-bodnars-barnsley-adventure,www.kongregate.com/games/skarpeci/robert-bodnars-barnsley-adventure,1,10,2017-11-06,2017-11-06,2026-06-30,live_metrics_json,not_checked,has_metrics,2,0,0,2,,,0,0,0,,,exact_metrics_no_cached_cdx_rows,0,0,0,0,0,0,Run a bounded exact metrics CDX check before escalating.
1277,Incremancer,https://www.kongregate.com/games/JamesG466/incremancer,www.kongregate.com/games/jamesg466/incremancer,1,10,2019-11-15,2019-11-15,2019-11-18,count_source_probe,dynamic_metrics_placeholder,has_metrics,2,48,1,1,2019-11-18,2025-06-18,0,0,2,2019-11-18,227819,exact_metrics_starts_after_missing_window,0,0,0,0,0,0,Exact metrics start too late; pursue broader list/account captures or external corroboration.
1278,Stretchy Ninja BETA,http://www.kongregate.com/games/uzzbuzz/stretchy-ninja-beta,www.kongregate.com/games/uzzbuzz/stretchy-ninja-beta,1,10,2021-01-25,2021-01-25,2026-06-29,live_metrics_json,not_checked,has_metrics,2,0,0,2,,,0,0,0,,,exact_metrics_no_cached_cdx_rows,0,0,0,0,0,0,Run a bounded exact metrics CDX check before escalating.
1279,Memory Booster Animals,https://www.kongregate.com/games/dslevis/round-racing,www.kongregate.com/games/dslevis/round-racing,1,10,2021-11-12,2021-11-12,2026-06-29,live_metrics_json,not_checked,has_metrics,2,0,0,2,,,0,0,0,,,exact_metrics_no_cached_cdx_rows,0,0,0,0,0,0,Run a bounded exact metrics CDX check before escalating.
1280,Sift Heads World Act 1,https://www.kongregate.com/games/WebCypher/sift-heads-world-act-1,www.kongregate.com/games/webcypher/sift-heads-world-act-1,23,15,2016-04-08,2019-11-04,2019-11-18,count_source_probe,not_checked,has_metrics,2,5,2,0,2019-11-18,2025-08-02,0,0,4,2019-11-18,564521,exact_metrics_starts_after_missing_window,0,0,0,0,0,0,Exact metrics start too late; pursue broader list/account captures or external corroboration.
1281,Falling Sands,http://www.kongregate.com/games/ajs11893/falling-sands,www.kongregate.com/games/ajs11893/falling-sands,18,13,2015-10-03,2017-04-01,2021-01-11,count_source_probe,not_checked,has_metrics,2,4,2,0,2021-01-11,2024-09-27,0,0,4,2021-01-11,1537708,exact_metrics_starts_after_missing_window,0,0,0,0,0,0,Exact metrics start too late; pursue broader list/account captures or external corroboration.
1282,Cat in Japan,https://www.kongregate.com/en/games/bontegames/cat-in-japan,www.kongregate.com/games/bontegames/cat-in-japan,11,11,2016-11-07,2017-04-08,2021-01-01,count_source_probe,not_checked,has_metrics,2,6,2,0,2021-01-01,2025-08-30,0,0,4,2021-01-01,381580,exact_metrics_starts_after_missing_window,0,0,0,0,0,0,Exact metrics start too late; pursue broader list/account captures or external corroboration.
1283,Idleplex,http://www.kongregate.com/games/Kongregate/idleplex,www.kongregate.com/games/kongregate/idleplex,13,12,2014-11-02,2015-04-01,2017-07-24,count_source_probe,not_checked,has_metrics,2,13,2,0,2017-07-24,2024-04-05,0,0,4,2017-07-24,1544948,exact_metrics_starts_after_missing_window,0,0,0,0,0,0,Exact metrics start too late; pursue broader list/account captures or external corroboration.
1284,Sift Heads World act 7 - Ultimatum,https://www.kongregate.com/en/games/WebCypher/sift-heads-world-act-7-ultimatum,www.kongregate.com/games/webcypher/sift-heads-world-act-7-ultimatum,9,11,2024-06-12,2025-04-03,2025-04-26,count_source_probe,not_checked,has_metrics,2,1,2,0,2025-04-26,2025-04-26,0,0,1,2025-04-26,410989,exact_metrics_starts_after_missing_window,0,0,0,0,0,0,Exact metrics start too late; pursue broader list/account captures or external corroboration.
1285,Cube Escape: Birthday,http://www.kongregate.com/games/RustyLake/cube-escape-birthday,www.kongregate.com/games/rustylake/cube-escape-birthday,11,12,2016-04-05,2017-01-14,2019-07-02,count_source_probe,not_checked,has_metrics,2,2,2,0,2019-07-02,2021-05-29,0,0,2,2019-07-02,322179,exact_metrics_starts_after_missing_window,0,0,0,0,0,0,Exact metrics start too late; pursue broader list/account captures or external corroboration.
1286,Rogue Soul 2,https://www.kongregate.com/games/SoulGame/rogue-soul-2,www.kongregate.com/games/soulgame/rogue-soul-2,8,11,2014-09-26,2017-05-25,2020-03-22,metrics_json,not_checked,has_metrics,2,5,2,0,2020-03-22,2025-09-11,0,0,0,,,exact_metrics_starts_after_missing_window,0,0,0,0,0,0,Exact metrics start too late; pursue broader list/account captures or external corroboration.
1287,Medieval Chronicles 6,https://www.kongregate.com/games/VasantJ/medieval-chronicles-6,www.kongregate.com/games/vasantj/medieval-chronicles-6,8,11,2019-09-22,2019-10-14,2019-10-17,count_source_probe,not_checked,has_metrics,2,11,2,0,2019-10-17,2024-01-20,0,0,4,2019-10-17,22355,exact_metrics_starts_after_missing_window,0,0,0,0,0,0,Exact metrics start too late; pursue broader list/account captures or external corroboration.
1288,Red Crucible: Reloaded,http://www.kongregate.com/games/rocketeergames/red-crucible-reloaded,www.kongregate.com/games/rocketeergames/red-crucible-reloaded,10,12,2017-01-12,2017-04-15,2018-04-25,count_source_probe,not_checked,has_metrics,2,1,2,0,2018-04-25,2018-04-25,0,0,1,2018-04-25,164901,exact_metrics_starts_after_missing_window,0,0,0,0,0,0,Exact metrics start too late; pursue broader list/account captures or external corroboration.
1289,Medieval Cop V - The Secrets of Lucifer's Wings,https://www.kongregate.com/en/games/VasantJ/medieval-cop-v-the-secrets-of-lucifers-wings,www.kongregate.com/games/vasantj/medieval-cop-v-the-secrets-of-lucifers-wings,7,11,2016-10-03,2019-07-18,2024-01-17,count_source_probe,not_checked,has_metrics,2,3,2,0,2024-01-17,2024-02-22,0,0,3,2024-01-17,99276,exact_metrics_starts_after_missing_window,0,0,0,0,0,0,Exact metrics start too late; pursue broader list/account captures or external corroboration.
1290,ClueSweeper,http://www.kongregate.com/games/nerdook/cluesweeper,www.kongregate.com/games/nerdook/cluesweeper,11,13,2014-08-22,2015-01-28,2021-03-23,count_source_probe,not_checked,has_metrics,2,2,2,0,2021-03-23,2023-11-25,0,0,2,2021-03-23,1800298,exact_metrics_starts_after_missing_window,0,0,0,0,0,0,Exact metrics start too late; pursue broader list/account captures or external corroboration.
1291,Cube Escape: Case 23,http://www.kongregate.com/games/RustyLake/cube-escape-case-23,www.kongregate.com/games/rustylake/cube-escape-case-23,6,11,2015-10-03,2016-02-03,2019-07-02,count_source_probe,not_checked,has_metrics,2,1,2,0,2019-07-02,2019-07-02,0,0,1,2019-07-02,283540,exact_metrics_starts_after_missing_window,0,0,0,0,0,0,Exact metrics start too late; pursue broader list/account captures or external corroboration.
1292,Galactic Gravity Golf,http://www.kongregate.com/games/Armegalo/galactic-gravity-golf,www.kongregate.com/games/armegalo/galactic-gravity-golf,6,11,2016-05-25,2023-11-23,2026-06-29,live_metrics_json,not_checked,has_metrics,2,0,2,0,,,0,0,0,,,exact_metrics_no_cached_cdx_rows,0,0,0,0,0,0,Escalate to broader list/account captures or external corroboration.
1293,Fish rain,http://www.kongregate.com/games/gpush_games/fish-rain,www.kongregate.com/games/gpush_games/fish-rain,1,22,2024-01-21,2024-01-21,,,,,2,0,0,2,,,0,0,0,,,exact_metrics_no_cached_cdx_rows,0,0,0,0,0,0,Run a bounded exact metrics CDX check before escalating.
1294,Realm Revolutions,http://www.kongregate.com/games/e_cha/realm-revolutions,www.kongregate.com/games/e_cha/realm-revolutions,1,23,2024-01-21,2024-01-21,,,,,2,0,0,2,,,0,0,0,,,exact_metrics_no_cached_cdx_rows,0,0,0,0,0,0,Run a bounded exact metrics CDX check before escalating.
1295,League of Angels: Pact,http://www.kongregate.com/games/GameHollywood/league-of-angels-pact,www.kongregate.com/games/gamehollywood/league-of-angels-pact,1,25,2024-01-21,2024-01-21,,,,,2,0,0,2,,,0,0,0,,,exact_metrics_no_cached_cdx_rows,0,0,0,0,0,0,Run a bounded exact metrics CDX check before escalating.
1296,Random Number GOD Idle,http://www.kongregate.com/games/Moczan/random-number-god-idle,www.kongregate.com/games/moczan/random-number-god-idle,1,26,2024-01-21,2024-01-21,,,,,2,0,0,2,,,0,0,0,,,exact_metrics_no_cached_cdx_rows,0,0,0,0,0,0,Run a bounded exact metrics CDX check before escalating.
1297,Arsenal Online,http://www.kongregate.com/games/xWILKINx/arsenal-online,www.kongregate.com/games/xwilkinx/arsenal-online,1,30,2024-01-21,2024-01-21,,,,,2,0,0,2,,,0,0,0,,,exact_metrics_no_cached_cdx_rows,0,0,0,0,0,0,Run a bounded exact metrics CDX check before escalating.
1298,CosmoPirates,http://www.kongregate.com/games/blackmoondev/cosmopirates,www.kongregate.com/games/blackmoondev/cosmopirates,1,31,2024-01-21,2024-01-21,,,,,2,0,0,2,,,0,0,0,,,exact_metrics_no_cached_cdx_rows,0,0,0,0,0,0,Run a bounded exact metrics CDX check before escalating.
1299,8 Ball Master,http://www.kongregate.com/games/GameHollywood/8-ball-master,www.kongregate.com/games/gamehollywood/8-ball-master,1,32,2024-01-21,2024-01-21,,,,,2,0,0,2,,,0,0,0,,,exact_metrics_no_cached_cdx_rows,0,0,0,0,0,0,Run a bounded exact metrics CDX check before escalating.
1300,War Clicks,http://www.kongregate.com/games/gamexstudio/war-clicks,www.kongregate.com/games/gamexstudio/war-clicks,1,34,2024-01-21,2024-01-21,,,,,2,0,0,2,,,0,0,0,,,exact_metrics_no_cached_cdx_rows,0,0,0,0,0,0,Run a bounded exact metrics CDX check before escalating.
1301,Idle Grindia: Dungeon Quest,http://www.kongregate.com/games/Moczan/idle-grindia-dungeon-quest,www.kongregate.com/games/moczan/idle-grindia-dungeon-quest,1,36,2024-01-21,2024-01-21,,,,,2,0,0,2,,,0,0,0,,,exact_metrics_no_cached_cdx_rows,0,0,0,0,0,0,Run a bounded exact metrics CDX check before escalating.
1302,Magirune 2,http://www.kongregate.com/games/Fluffy_Lotus/magirune-2,www.kongregate.com/games/fluffy_lotus/magirune-2,1,38,2024-01-21,2024-01-21,,,,,2,0,0,2,,,0,0,0,,,exact_metrics_no_cached_cdx_rows,0,0,0,0,0,0,Run a bounded exact metrics CDX check before escalating.
1303,Mojo Melee: pvp auto chess,http://www.kongregate.com/games/MysticMoose/mojo-melee-pvp-auto-chess,www.kongregate.com/games/mysticmoose/mojo-melee-pvp-auto-chess,1,39,2024-01-21,2024-01-21,,,,,2,0,0,2,,,0,0,0,,,exact_metrics_no_cached_cdx_rows,0,0,0,0,0,0,Run a bounded exact metrics CDX check before escalating.
1304,Armor Blitz,http://www.kongregate.com/games/RedWolves/armor-blitz,www.kongregate.com/games/redwolves/armor-blitz,1,40,2024-01-21,2024-01-21,,,,,2,0,0,2,,,0,0,0,,,exact_metrics_no_cached_cdx_rows,0,0,0,0,0,0,Run a bounded exact metrics CDX check before escalating.
1305,Grow Defense,http://www.kongregate.com/games/endomlic/grow-defense,www.kongregate.com/games/endomlic/grow-defense,1,41,2024-01-21,2024-01-21,,,,,2,0,0,2,,,0,0,0,,,exact_metrics_no_cached_cdx_rows,0,0,0,0,0,0,Run a bounded exact metrics CDX check before escalating.
1306,Swords & Potions 2,http://www.kongregate.com/games/EdgebeeStudios/swords-and-potions-2,www.kongregate.com/games/edgebeestudios/swords-and-potions-2,7,12,2014-12-17,2015-09-01,2018-03-16,count_source_probe,not_checked,has_metrics,2,2,2,0,2018-03-16,2020-01-01,0,0,2,2018-03-16,21599489,exact_metrics_starts_after_missing_window,0,0,0,0,0,0,Exact metrics start too late; pursue broader list/account captures or external corroboration.
1307,Carbon Combat,http://www.kongregate.com/games/CarbonTech/carbon-combat,www.kongregate.com/games/carbontech/carbon-combat,7,12,2016-08-17,2017-01-21,2021-05-29,count_source_probe,not_checked,has_metrics,2,1,2,0,2021-05-29,2021-05-29,0,0,1,2021-05-29,1178980,exact_metrics_starts_after_missing_window,0,0,0,0,0,0,Exact metrics start too late; pursue broader list/account captures or external corroboration.
1308,GrindQuest Censored,http://www.kongregate.com/games/Abra24/grindquest-censored,www.kongregate.com/games/abra24/grindquest-censored,11,14,2014-11-02,2015-02-17,2022-12-29,count_source_probe,not_checked,has_metrics,2,3,2,0,2022-12-29,2024-02-22,0,0,3,2022-12-29,625477,exact_metrics_starts_after_missing_window,0,0,0,0,0,0,Exact metrics start too late; pursue broader list/account captures or external corroboration.
1309,Gun Mayhem 2:More Mayhem,https://www.kongregate.com/games/AwesomePixels/gun-mayhem-2-more-mayhem,www.kongregate.com/games/awesomepixels/gun-mayhem-2-more-mayhem,11,14,2019-01-08,2019-05-08,2021-12-09,count_source_probe,not_checked,has_metrics,2,1,2,0,2021-12-09,2021-12-09,0,0,1,2021-12-09,138133,exact_metrics_starts_after_missing_window,0,0,0,0,0,0,Exact metrics start too late; pursue broader list/account captures or external corroboration.
1310,Galactic Gravity Golf Deluxe,http://www.kongregate.com/games/Armegalo/galactic-gravity-golf-deluxe,www.kongregate.com/games/armegalo/galactic-gravity-golf-deluxe,6,12,2016-05-25,2023-11-23,2026-06-29,live_metrics_json,not_checked,has_metrics,2,0,2,0,,,0,0,0,,,exact_metrics_no_cached_cdx_rows,0,0,0,0,0,0,Escalate to broader list/account captures or external corroboration.
1311,Inferno 2: Meltdown,https://www.kongregate.com/en/games/thepodge/inferno-2-meltdown,www.kongregate.com/games/thepodge/inferno-2-meltdown,13,15,2024-06-05,2025-10-09,2025-12-03,ranked_listing,not_checked,has_metrics,2,0,2,0,,,0,0,0,,,exact_metrics_no_cached_cdx_rows,0,0,0,0,0,0,Escalate to broader list/account captures or external corroboration.
1312,Reactor Incremental,https://www.kongregate.com/en/games/Cael/reactor-incremental,www.kongregate.com/games/cael/reactor-incremental,5,12,2015-02-16,2015-04-01,2018-02-08,metrics_json,not_checked,has_metrics,2,0,0,2,,,0,0,0,,,exact_metrics_no_cached_cdx_rows,0,0,0,0,0,0,Run a bounded exact metrics CDX check before escalating.
1313,Reactor idle,https://www.kongregate.com/games/Baldurans/reactor-idle,www.kongregate.com/games/baldurans/reactor-idle,2,11,2015-11-12,2015-11-13,2015-12-11,metrics_json,not_checked,has_metrics,2,0,0,2,,,0,0,0,,,exact_metrics_no_cached_cdx_rows,0,0,0,0,0,0,Run a bounded exact metrics CDX check before escalating.
1314,Mike Shadow: I paid for it!,http://www.kongregate.com/games/Tanoku/mike-shadow-i-paid-for-it,www.kongregate.com/games/tanoku/mike-shadow-i-paid-for-it,14,16,2014-11-18,2015-02-17,2015-02-24,count_source_probe,not_checked,has_metrics,2,10,2,0,2015-02-24,2024-02-25,0,0,4,2015-02-24,588553,exact_metrics_starts_after_missing_window,0,0,0,0,0,0,Exact metrics start too late; pursue broader list/account captures or external corroboration.
1315,Power-Copter,http://www.kongregate.com/games/James_Kholamian/power-copter,www.kongregate.com/games/james_kholamian/power-copter,6,13,2016-05-25,2023-11-23,2024-01-20,count_source_probe,not_checked,has_metrics,2,1,2,0,2024-01-20,2024-01-20,0,0,1,2024-01-20,47528,exact_metrics_starts_after_missing_window,0,0,0,0,0,0,Exact metrics start too late; pursue broader list/account captures or external corroboration.
1316,Slurpy Derpy,http://www.kongregate.com/games/ScaryBee/slurpy-derpy,www.kongregate.com/games/scarybee/slurpy-derpy,6,13,2017-05-06,2017-05-28,2018-06-05,count_source_probe,not_checked,has_metrics,2,4,2,0,2018-06-05,2024-01-20,0,0,4,2018-06-05,654684,exact_metrics_starts_after_missing_window,0,0,0,0,0,0,Exact metrics start too late; pursue broader list/account captures or external corroboration.
1317,Boxes,http://www.kongregate.com/games/Llamatron/boxes,www.kongregate.com/games/llamatron/boxes,1,11,2014-08-22,2014-08-22,2026-06-30,live_metrics_json,not_checked,has_metrics,2,0,0,2,,,0,0,0,,,exact_metrics_no_cached_cdx_rows,0,0,0,0,0,0,Run a bounded exact metrics CDX check before escalating.
1318,Prince Save Corpse Bride,http://www.kongregate.com/games/67263915w/prince-save-corpse-bride,www.kongregate.com/games/67263915w/prince-save-corpse-bride,1,11,2014-08-26,2014-08-26,2026-06-30,live_metrics_json,not_checked,has_metrics,2,0,0,2,,,0,0,0,,,exact_metrics_no_cached_cdx_rows,0,0,0,0,0,0,Run a bounded exact metrics CDX check before escalating.
1319,Custom Moon Kombat,http://www.kongregate.com/games/Pixeltastic/custom-moon-kombat,www.kongregate.com/games/pixeltastic/custom-moon-kombat,1,11,2014-08-29,2014-08-29,2026-06-30,live_metrics_json,not_checked,has_metrics,2,0,0,2,,,0,0,0,,,exact_metrics_no_cached_cdx_rows,0,0,0,0,0,0,Run a bounded exact metrics CDX check before escalating.
1320,Classic Heroes Jigsaw,http://www.kongregate.com/games/newgamess/classic-heroes-jigsaw,www.kongregate.com/games/newgamess/classic-heroes-jigsaw,1,11,2014-09-05,2014-09-05,2026-06-30,live_metrics_json,not_checked,has_metrics,2,0,0,2,,,0,0,0,,,exact_metrics_no_cached_cdx_rows,0,0,0,0,0,0,Run a bounded exact metrics CDX check before escalating.
1321,Big Talk Marksman,http://www.kongregate.com/games/game4joy1/big-talk-marksman,www.kongregate.com/games/game4joy1/big-talk-marksman,1,11,2014-09-12,2014-09-12,2026-06-30,live_metrics_json,not_checked,has_metrics,2,0,0,2,,,0,0,0,,,exact_metrics_no_cached_cdx_rows,0,0,0,0,0,0,Run a bounded exact metrics CDX check before escalating.
1322,"Deadly ninjas die when jumped on head, but they are fast so attack them one by one",http://www.kongregate.com/games/MrLat/deadly-ninjas-die-when-jumped-on-head-but-they-are-fast-so-attack-them-one-by-one,www.kongregate.com/games/mrlat/deadly-ninjas-die-when-jumped-on-head-but-they-are-fast-so-attack-them-one-by-one,1,11,2014-09-14,2014-09-14,2026-06-30,live_metrics_json,not_checked,has_metrics,2,0,0,2,,,0,0,0,,,exact_metrics_no_cached_cdx_rows,0,0,0,0,0,0,Run a bounded exact metrics CDX check before escalating.
1323,Super Splash Cannon,http://www.kongregate.com/games/JeremyW/super-splash-cannon,www.kongregate.com/games/jeremyw/super-splash-cannon,1,11,2014-09-20,2014-09-20,2026-06-30,live_metrics_json,not_checked,has_metrics,2,0,0,2,,,0,0,0,,,exact_metrics_no_cached_cdx_rows,0,0,0,0,0,0,Run a bounded exact metrics CDX check before escalating.
1324,Candy Hop,http://www.kongregate.com/games/dpub78/candy-hop,www.kongregate.com/games/dpub78/candy-hop,1,11,2014-09-26,2014-09-26,2026-06-30,live_metrics_json,not_checked,has_metrics,2,0,0,2,,,0,0,0,,,exact_metrics_no_cached_cdx_rows,0,0,0,0,0,0,Run a bounded exact metrics CDX check before escalating.
1325,Flight of the Ninja,http://www.kongregate.com/games/nuggeta/flight-of-the-ninja,www.kongregate.com/games/nuggeta/flight-of-the-ninja,1,11,2014-09-26,2014-09-26,2026-06-30,live_metrics_json,not_checked,has_metrics,2,0,0,2,,,0,0,0,,,exact_metrics_no_cached_cdx_rows,0,0,0,0,0,0,Run a bounded exact metrics CDX check before escalating.
1326,Monster War Zone 2,http://www.kongregate.com/games/monsterplay999/monster-war-zone-2,www.kongregate.com/games/monsterplay999/monster-war-zone-2,1,11,2014-10-03,2014-10-03,2026-06-29,live_metrics_json,not_checked,has_metrics,2,0,0,2,,,0,0,0,,,exact_metrics_no_cached_cdx_rows,0,0,0,0,0,0,Run a bounded exact metrics CDX check before escalating.
1327,Bicycle Race,http://www.kongregate.com/games/BombikOyun/bicycle-race,www.kongregate.com/games/bombikoyun/bicycle-race,1,11,2014-10-04,2014-10-04,2026-06-30,live_metrics_json,not_checked,has_metrics,2,0,0,2,,,0,0,0,,,exact_metrics_no_cached_cdx_rows,0,0,0,0,0,0,Run a bounded exact metrics CDX check before escalating.
1328,Mansion on the Hill. LD30,http://www.kongregate.com/games/BuffaloPhil/mansion-on-the-hill-ld30,www.kongregate.com/games/buffalophil/mansion-on-the-hill-ld30,1,11,2014-10-09,2014-10-09,2019-07-02,metrics_json,not_checked,has_metrics,2,0,0,2,,,0,0,0,,,exact_metrics_no_cached_cdx_rows,0,0,0,0,0,0,Run a bounded exact metrics CDX check before escalating.
1329,Dreamolisher,http://www.kongregate.com/games/Luts91/dreamolisher,www.kongregate.com/games/luts91/dreamolisher,1,11,2014-10-10,2014-10-10,2026-06-30,live_metrics_json,not_checked,has_metrics,2,0,0,2,,,0,0,0,,,exact_metrics_no_cached_cdx_rows,0,0,0,0,0,0,Run a bounded exact metrics CDX check before escalating.
1330,Berts Brain,http://www.kongregate.com/games/PenryP/berts-brain,www.kongregate.com/games/penryp/berts-brain,1,11,2014-10-13,2014-10-13,2026-06-30,live_metrics_json,not_checked,has_metrics,2,0,0,2,,,0,0,0,,,exact_metrics_no_cached_cdx_rows,0,0,0,0,0,0,Run a bounded exact metrics CDX check before escalating.
1331,Dino Meat Hunt 3 Extra,http://www.kongregate.com/games/RHMGames/dino-meat-hunt-3-extra,www.kongregate.com/games/rhmgames/dino-meat-hunt-3-extra,1,11,2014-10-24,2014-10-24,2026-06-30,live_metrics_json,not_checked,has_metrics,2,0,0,2,,,0,0,0,,,exact_metrics_no_cached_cdx_rows,0,0,0,0,0,0,Run a bounded exact metrics CDX check before escalating.
1332,2048 Halloween,http://www.kongregate.com/games/abyssgames/2048-halloween,www.kongregate.com/games/abyssgames/2048-halloween,1,11,2014-10-29,2014-10-29,2023-10-03,metrics_json,not_checked,has_metrics,2,0,0,2,,,0,0,0,,,exact_metrics_no_cached_cdx_rows,0,0,0,0,0,0,Run a bounded exact metrics CDX check before escalating.
1333,Mr Bones Revenge,http://www.kongregate.com/games/MassiveHawk/mr-bones-revenge,www.kongregate.com/games/massivehawk/mr-bones-revenge,1,11,2014-10-31,2014-10-31,2026-06-30,live_metrics_json,not_checked,has_metrics,2,0,0,2,,,0,0,0,,,exact_metrics_no_cached_cdx_rows,0,0,0,0,0,0,Run a bounded exact metrics CDX check before escalating.
1334,Soccer Sim,http://www.kongregate.com/games/ourgames/soccer-sim,www.kongregate.com/games/ourgames/soccer-sim,1,11,2014-11-11,2014-11-11,2026-06-30,live_metrics_json,not_checked,has_metrics,2,0,0,2,,,0,0,0,,,exact_metrics_no_cached_cdx_rows,0,0,0,0,0,0,Run a bounded exact metrics CDX check before escalating.
1335,Disco Stack,http://www.kongregate.com/games/alastaria_games/disco-stack,www.kongregate.com/games/alastaria_games/disco-stack,1,11,2014-11-25,2014-11-25,2026-06-30,live_metrics_json,not_checked,has_metrics,2,0,0,2,,,0,0,0,,,exact_metrics_no_cached_cdx_rows,0,0,0,0,0,0,Run a bounded exact metrics CDX check before escalating.
1336,Run Dino Run,http://www.kongregate.com/games/ourgames/run-dino-run,www.kongregate.com/games/ourgames/run-dino-run,1,11,2014-12-02,2014-12-02,2026-06-30,live_metrics_json,not_checked,has_metrics,2,0,0,2,,,0,0,0,,,exact_metrics_no_cached_cdx_rows,0,0,0,0,0,0,Run a bounded exact metrics CDX check before escalating.
1337,Doraemon Jigsaw Puzzle,http://www.kongregate.com/games/showgirlgames/doraemon-jigsaw-puzzle,www.kongregate.com/games/showgirlgames/doraemon-jigsaw-puzzle,1,11,2014-12-10,2014-12-10,2026-06-30,live_metrics_json,not_checked,has_metrics,2,0,0,2,,,0,0,0,,,exact_metrics_no_cached_cdx_rows,0,0,0,0,0,0,Run a bounded exact metrics CDX check before escalating.
1338,Upside Down,http://www.kongregate.com/games/zygomaticgames/upside-down,www.kongregate.com/games/zygomaticgames/upside-down,1,11,2014-12-30,2014-12-30,2026-06-30,live_metrics_json,not_checked,has_metrics,2,0,0,2,,,0,0,0,,,exact_metrics_no_cached_cdx_rows,0,0,0,0,0,0,Run a bounded exact metrics CDX check before escalating.
1339,BaseBros,http://www.kongregate.com/games/colburt187/basebros,www.kongregate.com/games/colburt187/basebros,1,11,2015-04-01,2015-04-01,2026-06-30,live_metrics_json,not_checked,has_metrics,2,0,0,2,,,0,0,0,,,exact_metrics_no_cached_cdx_rows,0,0,0,0,0,0,Run a bounded exact metrics CDX check before escalating.
1340,Idle Online Universe,http://www.kongregate.com/games/iouRPG/idle-online-universe,www.kongregate.com/games/iourpg/idle-online-universe,1,11,2015-07-26,2015-07-26,2015-08-04,metrics_json,not_checked,has_metrics,2,0,0,2,,,0,0,0,,,exact_metrics_no_cached_cdx_rows,0,0,0,0,0,0,Run a bounded exact metrics CDX check before escalating.
1341,Space Super Shooter 2,http://www.kongregate.com/games/JoeM72/space-super-shooter-2,www.kongregate.com/games/joem72/space-super-shooter-2,1,11,2015-09-03,2015-09-03,2026-06-30,live_metrics_json,not_checked,has_metrics,2,0,0,2,,,0,0,0,,,exact_metrics_no_cached_cdx_rows,0,0,0,0,0,0,Run a bounded exact metrics CDX check before escalating.
1342,Neon Valley: Revenge,http://www.kongregate.com/games/DynnoJMelloe/neon-valley-revenge,www.kongregate.com/games/dynnojmelloe/neon-valley-revenge,1,11,2015-09-09,2015-09-09,2026-06-30,live_metrics_json,not_checked,has_metrics,2,0,0,2,,,0,0,0,,,exact_metrics_no_cached_cdx_rows,0,0,0,0,0,0,Run a bounded exact metrics CDX check before escalating.
1343,The Last Samurai,http://www.kongregate.com/games/Geovizz/the-last-samurai,www.kongregate.com/games/geovizz/the-last-samurai,1,11,2015-09-14,2015-09-14,2026-06-30,live_metrics_json,not_checked,has_metrics,2,0,0,2,,,0,0,0,,,exact_metrics_no_cached_cdx_rows,0,0,0,0,0,0,Run a bounded exact metrics CDX check before escalating.
1344,Tastes and Tales,http://www.kongregate.com/games/SandraKim/tastes-and-tales,www.kongregate.com/games/sandrakim/tastes-and-tales,1,11,2015-09-23,2015-09-23,2026-06-30,live_metrics_json,not_checked,has_metrics,2,0,0,2,,,0,0,0,,,exact_metrics_no_cached_cdx_rows,0,0,0,0,0,0,Run a bounded exact metrics CDX check before escalating.
1345,Click Fight,http://www.kongregate.com/games/HouseyHouse/click-fight,www.kongregate.com/games/houseyhouse/click-fight,1,11,2015-09-30,2015-09-30,2026-06-30,live_metrics_json,not_checked,has_metrics,2,0,0,2,,,0,0,0,,,exact_metrics_no_cached_cdx_rows,0,0,0,0,0,0,Run a bounded exact metrics CDX check before escalating.
1346,Nukklerma The Horror of Bizmar,http://www.kongregate.com/games/KERBOGAMES/nukklerma-the-horror-of-bizmar,www.kongregate.com/games/kerbogames/nukklerma-the-horror-of-bizmar,1,11,2015-12-05,2015-12-05,2026-06-30,live_metrics_json,not_checked,has_metrics,2,0,0,2,,,0,0,0,,,exact_metrics_no_cached_cdx_rows,0,0,0,0,0,0,Run a bounded exact metrics CDX check before escalating.
1347,DroneCatcher,http://www.kongregate.com/games/ToPeKaMaArSa/dronecatcher,www.kongregate.com/games/topekamaarsa/dronecatcher,1,11,2015-12-18,2015-12-18,2026-06-30,live_metrics_json,not_checked,has_metrics,2,0,0,2,,,0,0,0,,,exact_metrics_no_cached_cdx_rows,0,0,0,0,0,0,Run a bounded exact metrics CDX check before escalating.
1348,Lunar Defense - Demo,http://www.kongregate.com/games/LastBulletGames/lunar-defense-demo,www.kongregate.com/games/lastbulletgames/lunar-defense-demo,1,11,2016-01-02,2016-01-02,2026-06-29,live_metrics_json,not_checked,has_metrics,2,0,0,2,,,0,0,0,,,exact_metrics_no_cached_cdx_rows,0,0,0,0,0,0,Run a bounded exact metrics CDX check before escalating.
1349,Generic puzzle game,http://www.kongregate.com/games/badfitz100/generic-puzzle-game,www.kongregate.com/games/badfitz100/generic-puzzle-game,1,11,2016-01-16,2016-01-16,2026-06-29,live_metrics_json,not_checked,has_metrics,2,0,0,2,,,0,0,0,,,exact_metrics_no_cached_cdx_rows,0,0,0,0,0,0,Run a bounded exact metrics CDX check before escalating.
1350,Flappy Trump,http://www.kongregate.com/games/reflaugh/flappy-trump,www.kongregate.com/games/reflaugh/flappy-trump,1,11,2016-01-25,2016-01-25,2026-06-29,live_metrics_json,not_checked,has_metrics,2,0,0,2,,,0,0,0,,,exact_metrics_no_cached_cdx_rows,0,0,0,0,0,0,Run a bounded exact metrics CDX check before escalating.
1351,Creepers Hunter,http://www.kongregate.com/games/pixamy/creepers-hunter,www.kongregate.com/games/pixamy/creepers-hunter,1,11,2016-02-02,2016-02-02,2026-06-30,live_metrics_json,not_checked,has_metrics,2,0,0,2,,,0,0,0,,,exact_metrics_no_cached_cdx_rows,0,0,0,0,0,0,Run a bounded exact metrics CDX check before escalating.
1352,Unicorn,http://www.kongregate.com/games/NotMoribund/unicorn,www.kongregate.com/games/notmoribund/unicorn,1,11,2016-02-28,2016-02-28,2026-06-30,live_metrics_json,not_checked,has_metrics,2,0,0,2,,,0,0,0,,,exact_metrics_no_cached_cdx_rows,0,0,0,0,0,0,Run a bounded exact metrics CDX check before escalating.
1353,olo,http://www.kongregate.com/games/tonymx/olo,www.kongregate.com/games/tonymx/olo,1,11,2016-03-05,2016-03-05,2026-06-30,live_metrics_json,not_checked,has_metrics,2,0,0,2,,,0,0,0,,,exact_metrics_no_cached_cdx_rows,0,0,0,0,0,0,Run a bounded exact metrics CDX check before escalating.
1354,Money Movers 2,http://www.kongregate.com/games/Funtomic/money-movers-2,www.kongregate.com/games/funtomic/money-movers-2,1,11,2016-03-07,2016-03-07,2026-06-30,live_metrics_json,not_checked,has_metrics,2,0,0,2,,,0,0,0,,,exact_metrics_no_cached_cdx_rows,0,0,0,0,0,0,Run a bounded exact metrics CDX check before escalating.
1355,Buggie,http://www.kongregate.com/games/del7400618/buggie,www.kongregate.com/games/del7400618/buggie,1,11,2016-03-16,2016-03-16,2026-06-29,live_metrics_json,not_checked,has_metrics,2,0,0,2,,,0,0,0,,,exact_metrics_no_cached_cdx_rows,0,0,0,0,0,0,Run a bounded exact metrics CDX check before escalating.
1356,Planetarium,http://www.kongregate.com/games/Icon3x/planetarium,www.kongregate.com/games/icon3x/planetarium,1,11,2016-03-20,2016-03-20,2026-06-30,live_metrics_json,not_checked,has_metrics,2,0,0,2,,,0,0,0,,,exact_metrics_no_cached_cdx_rows,0,0,0,0,0,0,Run a bounded exact metrics CDX check before escalating.
1357,Connor's 2 Player Space Game,http://www.kongregate.com/games/therealconsgames/connors-2-player-space-game,www.kongregate.com/games/therealconsgames/connors-2-player-space-game,1,11,2016-03-24,2016-03-24,2026-06-29,live_metrics_json,not_checked,has_metrics,2,0,0,2,,,0,0,0,,,exact_metrics_no_cached_cdx_rows,0,0,0,0,0,0,Run a bounded exact metrics CDX check before escalating.
1358,Rescue the scientist,http://www.kongregate.com/games/Saeedhassan576/rescue-the-scientist,www.kongregate.com/games/saeedhassan576/rescue-the-scientist,1,11,2016-05-06,2016-05-06,2026-06-30,live_metrics_json,not_checked,has_metrics,2,0,0,2,,,0,0,0,,,exact_metrics_no_cached_cdx_rows,0,0,0,0,0,0,Run a bounded exact metrics CDX check before escalating.
1359,World Tycoon Game,http://www.kongregate.com/games/Coisadegenio/world-tycoon-game,www.kongregate.com/games/coisadegenio/world-tycoon-game,1,11,2016-05-15,2016-05-15,2026-06-30,live_metrics_json,not_checked,has_metrics,2,0,0,2,,,0,0,0,,,exact_metrics_no_cached_cdx_rows,0,0,0,0,0,0,Run a bounded exact metrics CDX check before escalating.
1360,Happy Feet Treasure Hunt,http://www.kongregate.com/games/qywlgame/happy-feet-treasure-hunt,www.kongregate.com/games/qywlgame/happy-feet-treasure-hunt,1,11,2016-05-23,2016-05-23,2026-06-30,live_metrics_json,not_checked,has_metrics,2,0,0,2,,,0,0,0,,,exact_metrics_no_cached_cdx_rows,0,0,0,0,0,0,Run a bounded exact metrics CDX check before escalating.
1361,Pane Con Cioccolato,http://www.kongregate.com/games/loogames/pane-con-cioccolato,www.kongregate.com/games/loogames/pane-con-cioccolato,1,11,2016-05-24,2016-05-24,2026-06-30,live_metrics_json,not_checked,has_metrics,2,0,0,2,,,0,0,0,,,exact_metrics_no_cached_cdx_rows,0,0,0,0,0,0,Run a bounded exact metrics CDX check before escalating.
1362,Attraction: the game,http://www.kongregate.com/games/1ashl/attraction-the-game,www.kongregate.com/games/1ashl/attraction-the-game,1,11,2016-06-04,2016-06-04,2026-06-30,live_metrics_json,not_checked,has_metrics,2,0,0,2,,,0,0,0,,,exact_metrics_no_cached_cdx_rows,0,0,0,0,0,0,Run a bounded exact metrics CDX check before escalating.
1363,Abandoned Facility Escape,http://www.kongregate.com/games/thegames8dotcom/abandoned-facility-escape,www.kongregate.com/games/thegames8dotcom/abandoned-facility-escape,1,11,2016-06-05,2016-06-05,2026-06-30,live_metrics_json,not_checked,has_metrics,2,0,0,2,,,0,0,0,,,exact_metrics_no_cached_cdx_rows,0,0,0,0,0,0,Run a bounded exact metrics CDX check before escalating.
1364,Kohinoor Diamond Recovery,http://www.kongregate.com/games/Enagamess/kohinoor-diamond-recovery,www.kongregate.com/games/enagamess/kohinoor-diamond-recovery,1,11,2016-06-13,2016-06-13,2026-06-30,live_metrics_json,not_checked,has_metrics,2,0,0,2,,,0,0,0,,,exact_metrics_no_cached_cdx_rows,0,0,0,0,0,0,Run a bounded exact metrics CDX check before escalating.
1365,Tucan Bird,http://www.kongregate.com/games/jborguero/tucan-bird,www.kongregate.com/games/jborguero/tucan-bird,1,11,2016-06-22,2016-06-22,2026-06-30,live_metrics_json,not_checked,has_metrics,2,0,0,2,,,0,0,0,,,exact_metrics_no_cached_cdx_rows,0,0,0,0,0,0,Run a bounded exact metrics CDX check before escalating.
1366,Move on Green,http://www.kongregate.com/games/OlegAntipov/move-on-green,www.kongregate.com/games/olegantipov/move-on-green,1,11,2016-06-29,2016-06-29,2024-07-22,metrics_json,not_checked,has_metrics,2,0,0,2,,,0,0,0,,,exact_metrics_no_cached_cdx_rows,0,0,0,0,0,0,Run a bounded exact metrics CDX check before escalating.
1367,Killer Shapes,http://www.kongregate.com/games/KTC_Gimli/killer-shapes,www.kongregate.com/games/ktc_gimli/killer-shapes,1,11,2016-07-07,2016-07-07,2026-06-30,live_metrics_json,not_checked,has_metrics,2,0,0,2,,,0,0,0,,,exact_metrics_no_cached_cdx_rows,0,0,0,0,0,0,Run a bounded exact metrics CDX check before escalating.
1368,Hiro And Baymax Lab Adventure,http://www.kongregate.com/games/k25507891/hiro-and-baymax-lab-adventure,www.kongregate.com/games/k25507891/hiro-and-baymax-lab-adventure,1,11,2016-07-20,2016-07-20,2026-06-30,live_metrics_json,not_checked,has_metrics,2,0,0,2,,,0,0,0,,,exact_metrics_no_cached_cdx_rows,0,0,0,0,0,0,Run a bounded exact metrics CDX check before escalating.
1369,Vorsteiner Lamborghini,http://www.kongregate.com/games/newgamess/vorsteiner-lamborghini,www.kongregate.com/games/newgamess/vorsteiner-lamborghini,1,11,2016-07-27,2016-07-27,2026-06-30,live_metrics_json,not_checked,has_metrics,2,0,0,2,,,0,0,0,,,exact_metrics_no_cached_cdx_rows,0,0,0,0,0,0,Run a bounded exact metrics CDX check before escalating.
1370,Recon Earth,http://www.kongregate.com/games/EffigyMedia/recon-earth,www.kongregate.com/games/effigymedia/recon-earth,1,11,2016-08-05,2016-08-05,2026-06-30,live_metrics_json,not_checked,has_metrics,2,0,0,2,,,0,0,0,,,exact_metrics_no_cached_cdx_rows,0,0,0,0,0,0,Run a bounded exact metrics CDX check before escalating.
1371,KillTown,http://www.kongregate.com/games/Wolfire_Dev/killtown,www.kongregate.com/games/wolfire_dev/killtown,1,11,2016-08-13,2016-08-13,2026-06-29,live_metrics_json,not_checked,has_metrics,2,0,0,2,,,0,0,0,,,exact_metrics_no_cached_cdx_rows,0,0,0,0,0,0,Run a bounded exact metrics CDX check before escalating.
1372,Adventures of J 10,http://www.kongregate.com/games/Enagamess/adventures-of-j-10,www.kongregate.com/games/enagamess/adventures-of-j-10,1,11,2016-08-20,2016-08-20,2026-06-29,live_metrics_json,not_checked,has_metrics,2,0,0,2,,,0,0,0,,,exact_metrics_no_cached_cdx_rows,0,0,0,0,0,0,Run a bounded exact metrics CDX check before escalating.
1373,Gym Dressing Room Escape,http://www.kongregate.com/games/yolkgamez/gym-dressing-room-escape,www.kongregate.com/games/yolkgamez/gym-dressing-room-escape,1,11,2016-08-28,2016-08-28,2026-06-29,live_metrics_json,not_checked,has_metrics,2,0,0,2,,,0,0,0,,,exact_metrics_no_cached_cdx_rows,0,0,0,0,0,0,Run a bounded exact metrics CDX check before escalating.
1374,Parkour School,http://www.kongregate.com/games/P0K3M0NG0/parkour-school,www.kongregate.com/games/p0k3m0ng0/parkour-school,1,11,2016-09-03,2016-09-03,2026-06-30,live_metrics_json,not_checked,has_metrics,2,0,0,2,,,0,0,0,,,exact_metrics_no_cached_cdx_rows,0,0,0,0,0,0,Run a bounded exact metrics CDX check before escalating.
1375,Meena Golden Treasure Hunting Game,http://www.kongregate.com/games/meenagame/meena-golden-treasure-hunting-game,www.kongregate.com/games/meenagame/meena-golden-treasure-hunting-game,1,11,2016-09-16,2016-09-16,2026-06-30,live_metrics_json,not_checked,has_metrics,2,0,0,2,,,0,0,0,,,exact_metrics_no_cached_cdx_rows,0,0,0,0,0,0,Run a bounded exact metrics CDX check before escalating.
1376,HIJAB UP,http://www.kongregate.com/games/giuliagushikem/hijab-up,www.kongregate.com/games/giuliagushikem/hijab-up,1,11,2016-09-17,2016-09-17,2026-06-30,live_metrics_json,not_checked,has_metrics,2,0,0,2,,,0,0,0,,,exact_metrics_no_cached_cdx_rows,0,0,0,0,0,0,Run a bounded exact metrics CDX check before escalating.
1377,Escape from afc,http://www.kongregate.com/games/ajazgames/escape-from-afc,www.kongregate.com/games/ajazgames/escape-from-afc,1,11,2016-09-23,2016-09-23,2026-06-30,live_metrics_json,not_checked,has_metrics,2,0,0,2,,,0,0,0,,,exact_metrics_no_cached_cdx_rows,0,0,0,0,0,0,Run a bounded exact metrics CDX check before escalating.
1378,LOGANS COPY ONLY,http://www.kongregate.com/games/dkdev/logans-copy-only,www.kongregate.com/games/dkdev/logans-copy-only,1,11,2016-10-04,2016-10-04,2026-06-29,live_metrics_json,not_checked,has_metrics,2,0,0,2,,,0,0,0,,,exact_metrics_no_cached_cdx_rows,0,0,0,0,0,0,Run a bounded exact metrics CDX check before escalating.
1379,Elsa Mropia Doctor,http://www.kongregate.com/games/k25507891/elsa-mropia-doctor,www.kongregate.com/games/k25507891/elsa-mropia-doctor,1,11,2016-10-10,2016-10-10,2026-06-29,live_metrics_json,not_checked,has_metrics,2,0,0,2,,,0,0,0,,,exact_metrics_no_cached_cdx_rows,0,0,0,0,0,0,Run a bounded exact metrics CDX check before escalating.
1380,Toy N Toy,http://www.kongregate.com/games/Gamesdeveloper/toy-n-toy,www.kongregate.com/games/gamesdeveloper/toy-n-toy,1,11,2016-10-17,2016-10-17,2026-06-30,live_metrics_json,not_checked,has_metrics,2,0,0,2,,,0,0,0,,,exact_metrics_no_cached_cdx_rows,0,0,0,0,0,0,Run a bounded exact metrics CDX check before escalating.
1381,"""Rodeo",http://www.kongregate.com/games/foacore/rodeo,www.kongregate.com/games/foacore/rodeo,1,11,2016-10-18,2016-10-18,2026-06-29,live_metrics_json,not_checked,has_metrics,2,0,0,2,,,0,0,0,,,exact_metrics_no_cached_cdx_rows,0,0,0,0,0,0,Run a bounded exact metrics CDX check before escalating.
1382,Toxic Tunnel Escape,http://www.kongregate.com/games/CrazyEscapeGames/toxic-tunnel-escape,www.kongregate.com/games/crazyescapegames/toxic-tunnel-escape,1,11,2016-10-24,2016-10-24,2026-06-30,live_metrics_json,not_checked,has_metrics,2,0,0,2,,,0,0,0,,,exact_metrics_no_cached_cdx_rows,0,0,0,0,0,0,Run a bounded exact metrics CDX check before escalating.
1383,Parents Save Halloween,http://www.kongregate.com/games/edenicholas/parents-save-halloween,www.kongregate.com/games/edenicholas/parents-save-halloween,1,11,2016-10-30,2016-10-30,2026-06-30,live_metrics_json,not_checked,has_metrics,2,0,0,2,,,0,0,0,,,exact_metrics_no_cached_cdx_rows,0,0,0,0,0,0,Run a bounded exact metrics CDX check before escalating.
1384,Monkey GO Happy Planet Escape,http://www.kongregate.com/games/Pencilkids/monkey-go-happy-planet-escape,www.kongregate.com/games/pencilkids/monkey-go-happy-planet-escape,1,11,2017-05-16,2017-05-16,2026-06-30,live_metrics_json,not_checked,has_metrics,2,0,0,2,,,0,0,0,,,exact_metrics_no_cached_cdx_rows,0,0,0,0,0,0,Run a bounded exact metrics CDX check before escalating.
1385,Mecha Metaverse,http://www.kongregate.com/games/VictoryAwaits/mecha-metaverse,www.kongregate.com/games/victoryawaits/mecha-metaverse,1,11,2017-05-25,2017-05-25,2026-06-30,live_metrics_json,not_checked,has_metrics,2,0,0,2,,,0,0,0,,,exact_metrics_no_cached_cdx_rows,0,0,0,0,0,0,Run a bounded exact metrics CDX check before escalating.
1386,Black and White,http://www.kongregate.com/games/PixSelStudios/black-and-white,www.kongregate.com/games/pixselstudios/black-and-white,1,11,2017-05-26,2017-05-26,2026-06-30,live_metrics_json,not_checked,has_metrics,2,0,0,2,,,0,0,0,,,exact_metrics_no_cached_cdx_rows,0,0,0,0,0,0,Run a bounded exact metrics CDX check before escalating.
1387,watergames,http://www.kongregate.com/games/rajeshstp/watergames,www.kongregate.com/games/rajeshstp/watergames,1,11,2017-06-04,2017-06-04,2026-06-30,live_metrics_json,not_checked,has_metrics,2,0,0,2,,,0,0,0,,,exact_metrics_no_cached_cdx_rows,0,0,0,0,0,0,Run a bounded exact metrics CDX check before escalating.
1388,Ball Keeper,http://www.kongregate.com/games/R_Zita/ball-keeper,www.kongregate.com/games/r_zita/ball-keeper,1,11,2017-06-15,2017-06-15,2026-06-29,live_metrics_json,not_checked,has_metrics,2,0,0,2,,,0,0,0,,,exact_metrics_no_cached_cdx_rows,0,0,0,0,0,0,Run a bounded exact metrics CDX check before escalating.
1389,Escape This Place - Chapter 1,http://www.kongregate.com/games/sphinx27/escape-this-place-chapter-1,www.kongregate.com/games/sphinx27/escape-this-place-chapter-1,1,11,2017-06-16,2017-06-16,2026-06-29,live_metrics_json,not_checked,has_metrics,2,0,0,2,,,0,0,0,,,exact_metrics_no_cached_cdx_rows,0,0,0,0,0,0,Run a bounded exact metrics CDX check before escalating.
1390,RPG_demo_20170624_0830,http://www.kongregate.com/games/1CHAAAIN/rpg-demo-20170624-0830,www.kongregate.com/games/1chaaain/rpg-demo-20170624-0830,1,11,2017-06-25,2017-06-25,2026-06-30,live_metrics_json,not_checked,has_metrics,2,0,0,2,,,0,0,0,,,exact_metrics_no_cached_cdx_rows,0,0,0,0,0,0,Run a bounded exact metrics CDX check before escalating.
1391,HitCar.io,http://www.kongregate.com/games/orndotio/hitcar-io,www.kongregate.com/games/orndotio/hitcar-io,1,11,2017-07-03,2017-07-03,2026-06-29,live_metrics_json,not_checked,has_metrics,2,0,0,2,,,0,0,0,,,exact_metrics_no_cached_cdx_rows,0,0,0,0,0,0,Run a bounded exact metrics CDX check before escalating.
1392,Nsr Trapped Key,http://www.kongregate.com/games/Nsrgames/nsr-trapped-key,www.kongregate.com/games/nsrgames/nsr-trapped-key,1,11,2017-07-20,2017-07-20,2026-06-30,live_metrics_json,not_checked,has_metrics,2,0,0,2,,,0,0,0,,,exact_metrics_no_cached_cdx_rows,0,0,0,0,0,0,Run a bounded exact metrics CDX check before escalating.
1393,Knf Hotel Escape 2,http://www.kongregate.com/games/knfescapegame/knf-hotel-escape-2,www.kongregate.com/games/knfescapegame/knf-hotel-escape-2,1,11,2017-07-28,2017-07-28,2026-06-29,live_metrics_json,not_checked,has_metrics,2,0,0,2,,,0,0,0,,,exact_metrics_no_cached_cdx_rows,0,0,0,0,0,0,Run a bounded exact metrics CDX check before escalating.
1394,"""PacDude Hero IV 110% Turbo"" Alpha3 Final",http://www.kongregate.com/games/JeZxLee/pacdude-hero-iv-110-turbo-alpha3-final,www.kongregate.com/games/jezxlee/pacdude-hero-iv-110-turbo-alpha3-final,1,11,2017-07-29,2017-07-29,2026-06-29,live_metrics_json,not_checked,has_metrics,2,0,0,2,,,0,0,0,,,exact_metrics_no_cached_cdx_rows,0,0,0,0,0,0,Run a bounded exact metrics CDX check before escalating.
1395,Gasoline,http://www.kongregate.com/games/gameallblack/gasoline,www.kongregate.com/games/gameallblack/gasoline,1,11,2017-08-05,2017-08-05,2026-06-29,live_metrics_json,not_checked,has_metrics,2,0,0,2,,,0,0,0,,,exact_metrics_no_cached_cdx_rows,0,0,0,0,0,0,Run a bounded exact metrics CDX check before escalating.
1396,SillyWorld,http://www.kongregate.com/games/AbodUX/sillyworld,www.kongregate.com/games/abodux/sillyworld,1,11,2017-08-11,2017-08-11,2026-06-30,live_metrics_json,not_checked,has_metrics,2,0,0,2,,,0,0,0,,,exact_metrics_no_cached_cdx_rows,0,0,0,0,0,0,Run a bounded exact metrics CDX check before escalating.
1397,Ninja In Box,http://www.kongregate.com/games/gamesdevelopers/ninja-in-box,www.kongregate.com/games/gamesdevelopers/ninja-in-box,1,11,2017-08-17,2017-08-17,2026-06-30,live_metrics_json,not_checked,has_metrics,2,0,0,2,,,0,0,0,,,exact_metrics_no_cached_cdx_rows,0,0,0,0,0,0,Run a bounded exact metrics CDX check before escalating.
1398,Pizza House App,http://www.kongregate.com/games/MrJesusKrabs/pizza-house-app,www.kongregate.com/games/mrjesuskrabs/pizza-house-app,1,11,2017-08-23,2017-08-23,2026-06-30,live_metrics_json,not_checked,has_metrics,2,0,0,2,,,0,0,0,,,exact_metrics_no_cached_cdx_rows,0,0,0,0,0,0,Run a bounded exact metrics CDX check before escalating.
1399,Spiders Arena 2,http://www.kongregate.com/games/brvasil/spiders-arena-2,www.kongregate.com/games/brvasil/spiders-arena-2,1,11,2017-08-25,2017-08-25,2026-06-30,live_metrics_json,not_checked,has_metrics,2,0,0,2,,,0,0,0,,,exact_metrics_no_cached_cdx_rows,0,0,0,0,0,0,Run a bounded exact metrics CDX check before escalating.
1400,GUNZ.IO Multiplayer RTS Arena,http://www.kongregate.com/games/squirrelsquare/gunz-io-multiplayer-rts-arena,www.kongregate.com/games/squirrelsquare/gunz-io-multiplayer-rts-arena,1,11,2017-09-04,2017-09-04,2026-06-30,live_metrics_json,not_checked,has_metrics,2,0,0,2,,,0,0,0,,,exact_metrics_no_cached_cdx_rows,0,0,0,0,0,0,Run a bounded exact metrics CDX check before escalating.
1401,Jigsaw Puzzle: Beauty Views,http://www.kongregate.com/games/vladetam/jigsaw-puzzle-beauty-views,www.kongregate.com/games/vladetam/jigsaw-puzzle-beauty-views,1,11,2017-09-13,2017-09-13,2026-06-30,live_metrics_json,not_checked,has_metrics,2,0,0,2,,,0,0,0,,,exact_metrics_no_cached_cdx_rows,0,0,0,0,0,0,Run a bounded exact metrics CDX check before escalating.
1402,Land Of Darkness,http://www.kongregate.com/games/clockworkmonster/land-of-darkness,www.kongregate.com/games/clockworkmonster/land-of-darkness,1,11,2017-09-30,2017-09-30,2026-06-30,live_metrics_json,not_checked,has_metrics,2,0,0,2,,,0,0,0,,,exact_metrics_no_cached_cdx_rows,0,0,0,0,0,0,Run a bounded exact metrics CDX check before escalating.
1403,the fort,http://www.kongregate.com/games/nrsgames/the-fort,www.kongregate.com/games/nrsgames/the-fort,1,11,2017-10-08,2017-10-08,2026-06-30,live_metrics_json,not_checked,has_metrics,2,0,0,2,,,0,0,0,,,exact_metrics_no_cached_cdx_rows,0,0,0,0,0,0,Run a bounded exact metrics CDX check before escalating.
1404,Catch the Rain,http://www.kongregate.com/games/javi10jedf/catch-the-rain,www.kongregate.com/games/javi10jedf/catch-the-rain,1,11,2017-10-15,2017-10-15,2026-06-29,live_metrics_json,not_checked,has_metrics,2,0,0,2,,,0,0,0,,,exact_metrics_no_cached_cdx_rows,0,0,0,0,0,0,Run a bounded exact metrics CDX check before escalating.
1405,Toaster Factory,http://www.kongregate.com/games/lunardoor/toaster-factory,www.kongregate.com/games/lunardoor/toaster-factory,1,11,2017-10-24,2017-10-24,2026-06-30,live_metrics_json,not_checked,has_metrics,2,0,0,2,,,0,0,0,,,exact_metrics_no_cached_cdx_rows,0,0,0,0,0,0,Run a bounded exact metrics CDX check before escalating.
1406,Yamb Dice,http://www.kongregate.com/games/algogames/yamb-dice,www.kongregate.com/games/algogames/yamb-dice,1,11,2017-11-06,2017-11-06,2026-06-30,live_metrics_json,not_checked,has_metrics,2,0,0,2,,,0,0,0,,,exact_metrics_no_cached_cdx_rows,0,0,0,0,0,0,Run a bounded exact metrics CDX check before escalating.
1407,LORED,https://www.kongregate.com/games/Drillur/lored,www.kongregate.com/games/drillur/lored,1,11,2019-08-25,2019-08-25,2026-06-30,live_metrics_json,not_checked,has_metrics,2,0,0,2,,,0,0,0,,,exact_metrics_no_cached_cdx_rows,0,0,0,0,0,0,Run a bounded exact metrics CDX check before escalating.
1408,Rise of the Kal-Rul,http://www.kongregate.com/games/Zamol/rise-of-the-kal-rul,www.kongregate.com/games/zamol/rise-of-the-kal-rul,1,11,2021-01-25,2021-01-25,2026-06-30,live_metrics_json,not_checked,has_metrics,2,0,0,2,,,0,0,0,,,exact_metrics_no_cached_cdx_rows,0,0,0,0,0,0,Run a bounded exact metrics CDX check before escalating.
1409,Fishing Tactics,https://www.kongregate.com/games/dslevis/luck-by-chance-hotsheet-multiplayer,www.kongregate.com/games/dslevis/luck-by-chance-hotsheet-multiplayer,1,11,2021-11-12,2021-11-12,2026-06-29,live_metrics_json,not_checked,has_metrics,2,0,0,2,,,0,0,0,,,exact_metrics_no_cached_cdx_rows,0,0,0,0,0,0,Run a bounded exact metrics CDX check before escalating.
1410,Pirates of the Stupid Seas!,https://www.kongregate.com/en/games/backburner/pirates-of-the-stupid-seas,www.kongregate.com/games/backburner/pirates-of-the-stupid-seas,13,16,2024-06-05,2025-10-09,2025-12-03,ranked_listing,not_checked,has_metrics,2,0,2,0,,,0,0,0,,,exact_metrics_no_cached_cdx_rows,0,0,0,0,0,0,Escalate to broader list/account captures or external corroboration.
1411,Medieval Shorts 2,http://www.kongregate.com/games/VasantJ/medieval-shorts-2,www.kongregate.com/games/vasantj/medieval-shorts-2,3,12,2016-11-29,2016-12-05,2020-12-08,metrics_json,not_checked,has_metrics,2,0,0,2,,,0,0,0,,,exact_metrics_no_cached_cdx_rows,0,0,0,0,0,0,Run a bounded exact metrics CDX check before escalating.
1412,Idle Ants,http://www.kongregate.com/games/scorzy88/idle-ants,www.kongregate.com/games/scorzy88/idle-ants,3,12,2017-11-01,2017-11-08,2019-12-15,metrics_json,not_checked,has_metrics,2,0,0,2,,,0,0,0,,,exact_metrics_no_cached_cdx_rows,0,0,0,0,0,0,Run a bounded exact metrics CDX check before escalating.
1413,Cursed Treasure 2 Remastered,https://www.kongregate.com/games/IriySoft/cursed-treasure-2-remastered,www.kongregate.com/games/iriysoft/cursed-treasure-2-remastered,3,12,2019-11-17,2019-12-07,2019-12-15,metrics_json,not_checked,has_metrics,2,0,0,2,,,0,0,0,,,exact_metrics_no_cached_cdx_rows,0,0,0,0,0,0,Run a bounded exact metrics CDX check before escalating.
1414,Prime World: Defenders,http://www.kongregate.com/games/NivalPublishing/prime-world-defenders,www.kongregate.com/games/nivalpublishing/prime-world-defenders,12,16,2014-11-01,2015-04-27,2020-12-28,count_source_probe,not_checked,has_metrics,2,1,2,0,2020-12-28,2020-12-28,0,0,1,2020-12-28,1747861,exact_metrics_starts_after_missing_window,0,0,0,0,0,0,Exact metrics start too late; pursue broader list/account captures or external corroboration.
1415,Bean and Boy,http://www.kongregate.com/games/game4joy1/bean-and-boy,www.kongregate.com/games/game4joy1/bean-and-boy,2,12,2014-09-19,2014-09-19,2026-06-30,live_metrics_json,not_checked,has_metrics,2,0,0,2,,,0,0,0,,,exact_metrics_no_cached_cdx_rows,0,0,0,0,0,0,Run a bounded exact metrics CDX check before escalating.
1416,Sands of the Coliseum,https://www.kongregate.com/games/BerzerkStudio/sands-of-the-coliseum,www.kongregate.com/games/berzerkstudio/sands-of-the-coliseum,6,14,2015-04-14,2015-11-12,2016-01-22,count_source_probe,not_checked,has_metrics,2,26,2,0,2016-01-22,2025-07-23,0,0,4,2016-01-22,3516233,exact_metrics_starts_after_missing_window,0,0,0,0,0,0,Exact metrics start too late; pursue broader list/account captures or external corroboration.
1417,Space Invaderz Tutorial,http://www.kongregate.com/games/scotty42/space-invaderz-tutorial,www.kongregate.com/games/scotty42/space-invaderz-tutorial,6,14,2016-05-25,2023-11-23,2024-01-20,count_source_probe,not_checked,has_metrics,2,1,2,0,2024-01-20,2024-01-20,0,0,1,2024-01-20,10192,exact_metrics_starts_after_missing_window,0,0,0,0,0,0,Exact metrics start too late; pursue broader list/account captures or external corroboration.
1418,Mr.Vengeance: Upgrade,http://www.kongregate.com/games/tmifx/mr-vengeance-upgrade,www.kongregate.com/games/tmifx/mr-vengeance-upgrade,1,12,2014-08-22,2014-08-22,2023-08-29,metrics_json,not_checked,has_metrics,2,0,0,2,,,0,0,0,,,exact_metrics_no_cached_cdx_rows,0,0,0,0,0,0,Run a bounded exact metrics CDX check before escalating.
1419,Marbles,http://www.kongregate.com/games/Lokarunith/marbles,www.kongregate.com/games/lokarunith/marbles,1,12,2014-08-26,2014-08-26,2026-06-30,live_metrics_json,not_checked,has_metrics,2,0,0,2,,,0,0,0,,,exact_metrics_no_cached_cdx_rows,0,0,0,0,0,0,Run a bounded exact metrics CDX check before escalating.
1420,A Special Day,http://www.kongregate.com/games/SandraKim/a-special-day,www.kongregate.com/games/sandrakim/a-special-day,1,12,2014-08-29,2014-08-29,2026-06-30,live_metrics_json,not_checked,has_metrics,2,0,0,2,,,0,0,0,,,exact_metrics_no_cached_cdx_rows,0,0,0,0,0,0,Run a bounded exact metrics CDX check before escalating.
1421,Parkour City!,http://www.kongregate.com/games/dararan/parkour-city,www.kongregate.com/games/dararan/parkour-city,1,12,2014-09-02,2014-09-02,2026-06-30,live_metrics_json,not_checked,has_metrics,2,0,0,2,,,0,0,0,,,exact_metrics_no_cached_cdx_rows,0,0,0,0,0,0,Run a bounded exact metrics CDX check before escalating.
1422,Frozen Magic Remove,http://www.kongregate.com/games/game4joy1/frozen-magic-remove,www.kongregate.com/games/game4joy1/frozen-magic-remove,1,12,2014-09-12,2014-09-12,2026-06-30,live_metrics_json,not_checked,has_metrics,2,0,0,2,,,0,0,0,,,exact_metrics_no_cached_cdx_rows,0,0,0,0,0,0,Run a bounded exact metrics CDX check before escalating.
1423,Water Apocalypse,http://www.kongregate.com/games/Sebbedan/water-apocalypse,www.kongregate.com/games/sebbedan/water-apocalypse,1,12,2014-09-14,2014-09-14,2026-06-30,live_metrics_json,not_checked,has_metrics,2,0,0,2,,,0,0,0,,,exact_metrics_no_cached_cdx_rows,0,0,0,0,0,0,Run a bounded exact metrics CDX check before escalating.
1424,The Sketch Project Concept,http://www.kongregate.com/games/littlerockplanet/the-sketch-project-concept,www.kongregate.com/games/littlerockplanet/the-sketch-project-concept,1,12,2014-09-20,2014-09-20,2026-06-30,live_metrics_json,not_checked,has_metrics,2,0,0,2,,,0,0,0,,,exact_metrics_no_cached_cdx_rows,0,0,0,0,0,0,Run a bounded exact metrics CDX check before escalating.
1425,City bird,http://www.kongregate.com/games/oscarkim/city-bird,www.kongregate.com/games/oscarkim/city-bird,1,12,2014-09-26,2014-09-26,2026-06-30,live_metrics_json,not_checked,has_metrics,2,0,0,2,,,0,0,0,,,exact_metrics_no_cached_cdx_rows,0,0,0,0,0,0,Run a bounded exact metrics CDX check before escalating.
1426,Piggy Love Story,http://www.kongregate.com/games/kai3114/piggy-love-story,www.kongregate.com/games/kai3114/piggy-love-story,1,12,2014-09-26,2014-09-26,2026-06-30,live_metrics_json,not_checked,has_metrics,2,0,0,2,,,0,0,0,,,exact_metrics_no_cached_cdx_rows,0,0,0,0,0,0,Run a bounded exact metrics CDX check before escalating.
1427,The Forgotten Soul,http://www.kongregate.com/games/SandraKim/the-forgotten-soul,www.kongregate.com/games/sandrakim/the-forgotten-soul,1,12,2014-10-03,2014-10-03,2026-06-29,live_metrics_json,not_checked,has_metrics,2,0,0,2,,,0,0,0,,,exact_metrics_no_cached_cdx_rows,0,0,0,0,0,0,Run a bounded exact metrics CDX check before escalating.
1428,Hoop N Line,http://www.kongregate.com/games/kaizen101/hoop-n-line,www.kongregate.com/games/kaizen101/hoop-n-line,1,12,2014-10-04,2014-10-04,2026-06-30,live_metrics_json,not_checked,has_metrics,2,0,0,2,,,0,0,0,,,exact_metrics_no_cached_cdx_rows,0,0,0,0,0,0,Run a bounded exact metrics CDX check before escalating.
1429,Podium Beauty,http://www.kongregate.com/games/BombikOyun/podium-beauty,www.kongregate.com/games/bombikoyun/podium-beauty,1,12,2014-10-09,2014-10-09,2026-06-30,live_metrics_json,not_checked,has_metrics,2,0,0,2,,,0,0,0,,,exact_metrics_no_cached_cdx_rows,0,0,0,0,0,0,Run a bounded exact metrics CDX check before escalating.
1430,Undiscovered Paradise,http://www.kongregate.com/games/SandraKim/undiscovered-paradise,www.kongregate.com/games/sandrakim/undiscovered-paradise,1,12,2014-10-10,2014-10-10,2026-06-30,live_metrics_json,not_checked,has_metrics,2,0,0,2,,,0,0,0,,,exact_metrics_no_cached_cdx_rows,0,0,0,0,0,0,Run a bounded exact metrics CDX check before escalating.
1431,Gold of Knights,http://www.kongregate.com/games/jewelsgames/gold-of-knights,www.kongregate.com/games/jewelsgames/gold-of-knights,1,12,2014-10-13,2014-10-13,2026-06-30,live_metrics_json,not_checked,has_metrics,2,0,0,2,,,0,0,0,,,exact_metrics_no_cached_cdx_rows,0,0,0,0,0,0,Run a bounded exact metrics CDX check before escalating.
1432,Inhuman Fruits,http://www.kongregate.com/games/odispl/inhuman-fruits,www.kongregate.com/games/odispl/inhuman-fruits,1,12,2014-10-17,2014-10-17,2026-06-30,live_metrics_json,not_checked,has_metrics,2,0,0,2,,,0,0,0,,,exact_metrics_no_cached_cdx_rows,0,0,0,0,0,0,Run a bounded exact metrics CDX check before escalating.
1433,Burning Scarecrow,http://www.kongregate.com/games/EyesTeam/burning-scarecrow,www.kongregate.com/games/eyesteam/burning-scarecrow,1,12,2014-10-24,2014-10-24,2026-06-30,live_metrics_json,not_checked,has_metrics,2,0,0,2,,,0,0,0,,,exact_metrics_no_cached_cdx_rows,0,0,0,0,0,0,Run a bounded exact metrics CDX check before escalating.
1434,Pong,http://www.kongregate.com/games/likenot/pong,www.kongregate.com/games/likenot/pong,1,12,2014-10-29,2014-10-29,2026-06-30,live_metrics_json,not_checked,has_metrics,2,0,0,2,,,0,0,0,,,exact_metrics_no_cached_cdx_rows,0,0,0,0,0,0,Run a bounded exact metrics CDX check before escalating.
1435,Lemonade Stand!,http://www.kongregate.com/games/zKeen/lemonade-stand,www.kongregate.com/games/zkeen/lemonade-stand,1,12,2014-10-31,2014-10-31,2026-06-30,live_metrics_json,not_checked,has_metrics,2,0,0,2,,,0,0,0,,,exact_metrics_no_cached_cdx_rows,0,0,0,0,0,0,Run a bounded exact metrics CDX check before escalating.
1436,SpongeBob Squarepants,http://www.kongregate.com/games/newgamess/spongebob-squarepants,www.kongregate.com/games/newgamess/spongebob-squarepants,1,12,2014-11-11,2014-11-11,2026-06-30,live_metrics_json,not_checked,has_metrics,2,0,0,2,,,0,0,0,,,exact_metrics_no_cached_cdx_rows,0,0,0,0,0,0,Run a bounded exact metrics CDX check before escalating.
1437,Car Race 2,http://www.kongregate.com/games/homeworldarts/car-race-2,www.kongregate.com/games/homeworldarts/car-race-2,1,12,2014-11-25,2014-11-25,2026-06-30,live_metrics_json,not_checked,has_metrics,2,0,0,2,,,0,0,0,,,exact_metrics_no_cached_cdx_rows,0,0,0,0,0,0,Run a bounded exact metrics CDX check before escalating.
1438,Tappy Bird,http://www.kongregate.com/games/daoudsammer/tappy-bird,www.kongregate.com/games/daoudsammer/tappy-bird,1,12,2014-12-02,2014-12-02,2026-06-30,live_metrics_json,not_checked,has_metrics,2,0,0,2,,,0,0,0,,,exact_metrics_no_cached_cdx_rows,0,0,0,0,0,0,Run a bounded exact metrics CDX check before escalating.
1439,Labirinth Chase,http://www.kongregate.com/games/lndggomes/labirinth-chase,www.kongregate.com/games/lndggomes/labirinth-chase,1,12,2014-12-10,2014-12-10,2026-06-30,live_metrics_json,not_checked,has_metrics,2,0,0,2,,,0,0,0,,,exact_metrics_no_cached_cdx_rows,0,0,0,0,0,0,Run a bounded exact metrics CDX check before escalating.
1440,The Caveman Run,http://www.kongregate.com/games/MostafaMatar/the-caveman-run,www.kongregate.com/games/mostafamatar/the-caveman-run,1,12,2014-12-17,2014-12-17,2026-06-30,live_metrics_json,not_checked,has_metrics,2,0,0,2,,,0,0,0,,,exact_metrics_no_cached_cdx_rows,0,0,0,0,0,0,Run a bounded exact metrics CDX check before escalating.
1441,sam's hely-cop,http://www.kongregate.com/games/acpkhurana/sams-hely-cop,www.kongregate.com/games/acpkhurana/sams-hely-cop,1,12,2014-12-28,2014-12-28,2026-06-30,live_metrics_json,not_checked,has_metrics,2,0,0,2,,,0,0,0,,,exact_metrics_no_cached_cdx_rows,0,0,0,0,0,0,Run a bounded exact metrics CDX check before escalating.
1442,Frozen Elsa Room Cleaning Time,http://www.kongregate.com/games/Girlsgames01/frozen-elsa-room-cleaning-time,www.kongregate.com/games/girlsgames01/frozen-elsa-room-cleaning-time,1,12,2014-12-30,2014-12-30,2026-06-30,live_metrics_json,not_checked,has_metrics,2,0,0,2,,,0,0,0,,,exact_metrics_no_cached_cdx_rows,0,0,0,0,0,0,Run a bounded exact metrics CDX check before escalating.
1443,Hamsterball Sports,http://www.kongregate.com/games/DPHSoftwareLtd/hamsterball-sports,www.kongregate.com/games/dphsoftwareltd/hamsterball-sports,1,12,2015-04-01,2015-04-01,2026-06-30,live_metrics_json,not_checked,has_metrics,2,0,0,2,,,0,0,0,,,exact_metrics_no_cached_cdx_rows,0,0,0,0,0,0,Run a bounded exact metrics CDX check before escalating.
1444,Ferret Room Escape,http://www.kongregate.com/games/ainarsa/ferret-room-escape,www.kongregate.com/games/ainarsa/ferret-room-escape,1,12,2015-09-09,2015-09-09,2026-06-30,live_metrics_json,not_checked,has_metrics,2,0,0,2,,,0,0,0,,,exact_metrics_no_cached_cdx_rows,0,0,0,0,0,0,Run a bounded exact metrics CDX check before escalating.
1445,"Devil Cat ""Lands of Azudar""",http://www.kongregate.com/games/AanryLinkage/devil-cat-lands-of-azudar,www.kongregate.com/games/aanrylinkage/devil-cat-lands-of-azudar,1,12,2015-09-14,2015-09-14,2026-06-30,live_metrics_json,not_checked,has_metrics,2,0,0,2,,,0,0,0,,,exact_metrics_no_cached_cdx_rows,0,0,0,0,0,0,Run a bounded exact metrics CDX check before escalating.
1446,Round Adventures,http://www.kongregate.com/games/garyrossiter0/round-adventures,www.kongregate.com/games/garyrossiter0/round-adventures,1,12,2015-09-15,2015-09-15,2026-06-30,live_metrics_json,not_checked,has_metrics,2,0,0,2,,,0,0,0,,,exact_metrics_no_cached_cdx_rows,0,0,0,0,0,0,Run a bounded exact metrics CDX check before escalating.
1447,BMW M6 Jigsaw,http://www.kongregate.com/games/newgamess/bmw-m6-jigsaw,www.kongregate.com/games/newgamess/bmw-m6-jigsaw,1,12,2015-09-30,2015-09-30,2026-06-30,live_metrics_json,not_checked,has_metrics,2,0,0,2,,,0,0,0,,,exact_metrics_no_cached_cdx_rows,0,0,0,0,0,0,Run a bounded exact metrics CDX check before escalating.
1448,Find Pearl,http://www.kongregate.com/games/mamdohreda/find-pearl,www.kongregate.com/games/mamdohreda/find-pearl,1,12,2015-12-05,2015-12-05,2026-06-30,live_metrics_json,not_checked,has_metrics,2,0,0,2,,,0,0,0,,,exact_metrics_no_cached_cdx_rows,0,0,0,0,0,0,Run a bounded exact metrics CDX check before escalating.
1449,Teknotic,http://www.kongregate.com/games/Airaku/teknotic,www.kongregate.com/games/airaku/teknotic,1,12,2015-12-18,2015-12-18,2026-06-30,live_metrics_json,not_checked,has_metrics,2,0,0,2,,,0,0,0,,,exact_metrics_no_cached_cdx_rows,0,0,0,0,0,0,Run a bounded exact metrics CDX check before escalating.
1450,Air Hockey On Kongregate,http://www.kongregate.com/games/404notfound999/air-hockey-on-kongregate,www.kongregate.com/games/404notfound999/air-hockey-on-kongregate,1,12,2015-12-26,2015-12-26,2026-06-30,live_metrics_json,not_checked,has_metrics,2,0,0,2,,,0,0,0,,,exact_metrics_no_cached_cdx_rows,0,0,0,0,0,0,Run a bounded exact metrics CDX check before escalating.
1451,Simple Pong,http://www.kongregate.com/games/DukesOfDevon/simple-pong,www.kongregate.com/games/dukesofdevon/simple-pong,1,12,2016-01-02,2016-01-02,2026-06-30,live_metrics_json,not_checked,has_metrics,2,0,0,2,,,0,0,0,,,exact_metrics_no_cached_cdx_rows,0,0,0,0,0,0,Run a bounded exact metrics CDX check before escalating.
1452,Soul Savers,http://www.kongregate.com/games/denzel_justin/soul-savers,www.kongregate.com/games/denzel_justin/soul-savers,1,12,2016-01-16,2016-01-16,2026-06-30,live_metrics_json,not_checked,has_metrics,2,0,0,2,,,0,0,0,,,exact_metrics_no_cached_cdx_rows,0,0,0,0,0,0,Run a bounded exact metrics CDX check before escalating.
1453,Troncedo Aliens,http://www.kongregate.com/games/rafaelferca/troncedo-aliens,www.kongregate.com/games/rafaelferca/troncedo-aliens,1,12,2016-01-25,2016-01-25,2026-06-30,live_metrics_json,not_checked,has_metrics,2,0,0,2,,,0,0,0,,,exact_metrics_no_cached_cdx_rows,0,0,0,0,0,0,Run a bounded exact metrics CDX check before escalating.
1454,Baby Dino Ptero,http://www.kongregate.com/games/porcelles/baby-dino-ptero,www.kongregate.com/games/porcelles/baby-dino-ptero,1,12,2016-02-17,2016-02-17,2026-06-30,live_metrics_json,not_checked,has_metrics,2,0,0,2,,,0,0,0,,,exact_metrics_no_cached_cdx_rows,0,0,0,0,0,0,Run a bounded exact metrics CDX check before escalating.
1455,Yoda's Shrine,http://www.kongregate.com/games/Negativities/yodas-shrine,www.kongregate.com/games/negativities/yodas-shrine,1,12,2016-02-28,2016-02-28,2026-06-30,live_metrics_json,not_checked,has_metrics,2,0,0,2,,,0,0,0,,,exact_metrics_no_cached_cdx_rows,0,0,0,0,0,0,Run a bounded exact metrics CDX check before escalating.
1456,LilyLeap,http://www.kongregate.com/games/MapleGames/lilyleap,www.kongregate.com/games/maplegames/lilyleap,1,12,2016-03-05,2016-03-05,2026-06-30,live_metrics_json,not_checked,has_metrics,2,0,0,2,,,0,0,0,,,exact_metrics_no_cached_cdx_rows,0,0,0,0,0,0,Run a bounded exact metrics CDX check before escalating.
1457,Kizi Sushi Train,http://www.kongregate.com/games/Funtomic/kizi-sushi-train,www.kongregate.com/games/funtomic/kizi-sushi-train,1,12,2016-03-07,2016-03-07,2026-06-30,live_metrics_json,not_checked,has_metrics,2,0,0,2,,,0,0,0,,,exact_metrics_no_cached_cdx_rows,0,0,0,0,0,0,Run a bounded exact metrics CDX check before escalating.
1458,Masha Easter Egg,http://www.kongregate.com/games/juegosmasha/masha-easter-egg,www.kongregate.com/games/juegosmasha/masha-easter-egg,1,12,2016-03-16,2016-03-16,2026-06-30,live_metrics_json,not_checked,has_metrics,2,0,0,2,,,0,0,0,,,exact_metrics_no_cached_cdx_rows,0,0,0,0,0,0,Run a bounded exact metrics CDX check before escalating.
1459,Drawing online,http://www.kongregate.com/games/OlegF21/drawing-online,www.kongregate.com/games/olegf21/drawing-online,1,12,2016-03-20,2016-03-20,2026-06-30,live_metrics_json,not_checked,has_metrics,2,0,0,2,,,0,0,0,,,exact_metrics_no_cached_cdx_rows,0,0,0,0,0,0,Run a bounded exact metrics CDX check before escalating.
1460,BodyWalk,http://www.kongregate.com/games/pandanymous/bodywalk,www.kongregate.com/games/pandanymous/bodywalk,1,12,2016-03-24,2016-03-24,2026-06-30,live_metrics_json,not_checked,has_metrics,2,0,0,2,,,0,0,0,,,exact_metrics_no_cached_cdx_rows,0,0,0,0,0,0,Run a bounded exact metrics CDX check before escalating.
1461,Save The Shepherd,http://www.kongregate.com/games/Enagamess/save-the-shepherd,www.kongregate.com/games/enagamess/save-the-shepherd,1,12,2016-05-06,2016-05-06,2026-06-30,live_metrics_json,not_checked,has_metrics,2,0,0,2,,,0,0,0,,,exact_metrics_no_cached_cdx_rows,0,0,0,0,0,0,Run a bounded exact metrics CDX check before escalating.
1462,The legends of ninja,http://www.kongregate.com/games/indigames/the-legends-of-ninja,www.kongregate.com/games/indigames/the-legends-of-ninja,1,12,2016-05-15,2016-05-15,2026-06-30,live_metrics_json,not_checked,has_metrics,2,0,0,2,,,0,0,0,,,exact_metrics_no_cached_cdx_rows,0,0,0,0,0,0,Run a bounded exact metrics CDX check before escalating.
1463,Kongbot In Love,http://www.kongregate.com/games/HeynongMan/kongbot-in-love,www.kongregate.com/games/heynongman/kongbot-in-love,1,12,2016-06-04,2016-06-04,2026-06-30,live_metrics_json,not_checked,has_metrics,2,0,0,2,,,0,0,0,,,exact_metrics_no_cached_cdx_rows,0,0,0,0,0,0,Run a bounded exact metrics CDX check before escalating.
1464,BMX MASTER,http://www.kongregate.com/games/MASTERMANXD/bmx-master,www.kongregate.com/games/mastermanxd/bmx-master,1,12,2016-06-05,2016-06-05,2026-06-30,live_metrics_json,not_checked,has_metrics,2,0,0,2,,,0,0,0,,,exact_metrics_no_cached_cdx_rows,0,0,0,0,0,0,Run a bounded exact metrics CDX check before escalating.
1465,MR LAL The Detective 13,http://www.kongregate.com/games/Enagamess/mr-lal-the-detective-13,www.kongregate.com/games/enagamess/mr-lal-the-detective-13,1,12,2016-06-13,2016-06-13,2026-06-30,live_metrics_json,not_checked,has_metrics,2,0,0,2,,,0,0,0,,,exact_metrics_no_cached_cdx_rows,0,0,0,0,0,0,Run a bounded exact metrics CDX check before escalating.
1466,Missile Clonando,http://www.kongregate.com/games/NemorisGames/missile-clonando,www.kongregate.com/games/nemorisgames/missile-clonando,1,12,2016-06-22,2016-06-22,2026-06-30,live_metrics_json,not_checked,has_metrics,2,0,0,2,,,0,0,0,,,exact_metrics_no_cached_cdx_rows,0,0,0,0,0,0,Run a bounded exact metrics CDX check before escalating.
1467,Stupid Stones Adventure,http://www.kongregate.com/games/Halvarssongames/stupid-stones-adventure,www.kongregate.com/games/halvarssongames/stupid-stones-adventure,1,12,2016-06-29,2016-06-29,2023-09-21,metrics_json,not_checked,has_metrics,2,0,0,2,,,0,0,0,,,exact_metrics_no_cached_cdx_rows,0,0,0,0,0,0,Run a bounded exact metrics CDX check before escalating.
1468,Trump Jump: The Game,http://www.kongregate.com/games/SnoBoxStudio/trump-jump-the-game,www.kongregate.com/games/snoboxstudio/trump-jump-the-game,1,12,2016-07-07,2016-07-07,2026-06-30,live_metrics_json,not_checked,has_metrics,2,0,0,2,,,0,0,0,,,exact_metrics_no_cached_cdx_rows,0,0,0,0,0,0,Run a bounded exact metrics CDX check before escalating.
1469,Missile Mayhem,http://www.kongregate.com/games/demeko/missile-mayhem,www.kongregate.com/games/demeko/missile-mayhem,1,12,2016-07-14,2016-07-14,2026-06-30,live_metrics_json,not_checked,has_metrics,2,0,0,2,,,0,0,0,,,exact_metrics_no_cached_cdx_rows,0,0,0,0,0,0,Run a bounded exact metrics CDX check before escalating.
1470,El Juego Del adivinador,http://www.kongregate.com/games/Asesinopro995/el-juego-del-adivinador,www.kongregate.com/games/asesinopro995/el-juego-del-adivinador,1,12,2016-07-20,2016-07-20,2026-06-30,live_metrics_json,not_checked,has_metrics,2,0,0,2,,,0,0,0,,,exact_metrics_no_cached_cdx_rows,0,0,0,0,0,0,Run a bounded exact metrics CDX check before escalating.
1471,Bouncy Ball,http://www.kongregate.com/games/AwesomeApps/bouncy-ball,www.kongregate.com/games/awesomeapps/bouncy-ball,1,12,2016-07-27,2016-07-27,2026-06-30,live_metrics_json,not_checked,has_metrics,2,0,0,2,,,0,0,0,,,exact_metrics_no_cached_cdx_rows,0,0,0,0,0,0,Run a bounded exact metrics CDX check before escalating.
1472,Joy and Disgust Shopping,http://www.kongregate.com/games/gamesforgirlz/joy-and-disgust-shopping,www.kongregate.com/games/gamesforgirlz/joy-and-disgust-shopping,1,12,2016-08-05,2016-08-05,2026-06-30,live_metrics_json,not_checked,has_metrics,2,0,0,2,,,0,0,0,,,exact_metrics_no_cached_cdx_rows,0,0,0,0,0,0,Run a bounded exact metrics CDX check before escalating.
1473,Bobblehead Boxing,http://www.kongregate.com/games/AndrewZimmer/bobblehead-boxing,www.kongregate.com/games/andrewzimmer/bobblehead-boxing,1,12,2016-08-13,2016-08-13,2026-06-30,live_metrics_json,not_checked,has_metrics,2,0,0,2,,,0,0,0,,,exact_metrics_no_cached_cdx_rows,0,0,0,0,0,0,Run a bounded exact metrics CDX check before escalating.
1474,Cotswold House Crown Escape,http://www.kongregate.com/games/yolkgamez/cotswold-house-crown-escape,www.kongregate.com/games/yolkgamez/cotswold-house-crown-escape,1,12,2016-08-20,2016-08-20,2026-06-30,live_metrics_json,not_checked,has_metrics,2,0,0,2,,,0,0,0,,,exact_metrics_no_cached_cdx_rows,0,0,0,0,0,0,Run a bounded exact metrics CDX check before escalating.
1475,Platform Legend,http://www.kongregate.com/games/A72_Games/platform-legend,www.kongregate.com/games/a72_games/platform-legend,1,12,2016-08-28,2016-08-28,2026-06-30,live_metrics_json,not_checked,has_metrics,2,0,0,2,,,0,0,0,,,exact_metrics_no_cached_cdx_rows,0,0,0,0,0,0,Run a bounded exact metrics CDX check before escalating.
1476,CubeBolt,http://www.kongregate.com/games/Reconj/cubebolt,www.kongregate.com/games/reconj/cubebolt,1,12,2016-09-03,2016-09-03,2026-06-30,live_metrics_json,not_checked,has_metrics,2,0,0,2,,,0,0,0,,,exact_metrics_no_cached_cdx_rows,0,0,0,0,0,0,Run a bounded exact metrics CDX check before escalating.
1477,Crunched metal: Drifting Wars,http://www.kongregate.com/games/PacoGame5/crunched-metal-drifting-wars,www.kongregate.com/games/pacogame5/crunched-metal-drifting-wars,1,12,2016-09-16,2016-09-16,2026-06-30,live_metrics_json,not_checked,has_metrics,2,0,0,2,,,0,0,0,,,exact_metrics_no_cached_cdx_rows,0,0,0,0,0,0,Run a bounded exact metrics CDX check before escalating.
1478,Kidnapped!,http://www.kongregate.com/games/zombiefy/kidnapped,www.kongregate.com/games/zombiefy/kidnapped,1,12,2016-09-17,2016-09-17,2026-06-30,live_metrics_json,not_checked,has_metrics,2,0,0,2,,,0,0,0,,,exact_metrics_no_cached_cdx_rows,0,0,0,0,0,0,Run a bounded exact metrics CDX check before escalating.
1479,Escape Dead End 4,http://www.kongregate.com/games/Enagamess/escape-dead-end-4,www.kongregate.com/games/enagamess/escape-dead-end-4,1,12,2016-09-23,2016-09-23,2026-06-30,live_metrics_json,not_checked,has_metrics,2,0,0,2,,,0,0,0,,,exact_metrics_no_cached_cdx_rows,0,0,0,0,0,0,Run a bounded exact metrics CDX check before escalating.
1480,Le Shoot 'Em Up,http://www.kongregate.com/games/SaitenHazard/le-shoot-em-up,www.kongregate.com/games/saitenhazard/le-shoot-em-up,1,12,2016-10-10,2016-10-10,2026-06-30,live_metrics_json,not_checked,has_metrics,2,0,0,2,,,0,0,0,,,exact_metrics_no_cached_cdx_rows,0,0,0,0,0,0,Run a bounded exact metrics CDX check before escalating.
1481,Salata Man,http://www.kongregate.com/games/omerturac/salata-man,www.kongregate.com/games/omerturac/salata-man,1,12,2016-10-17,2016-10-17,2026-06-30,live_metrics_json,not_checked,has_metrics,2,0,0,2,,,0,0,0,,,exact_metrics_no_cached_cdx_rows,0,0,0,0,0,0,Run a bounded exact metrics CDX check before escalating.
1482,Move the Blocks,http://www.kongregate.com/games/gamer70008000/move-the-blocks,www.kongregate.com/games/gamer70008000/move-the-blocks,1,12,2016-10-18,2016-10-18,2026-06-30,live_metrics_json,not_checked,has_metrics,2,0,0,2,,,0,0,0,,,exact_metrics_no_cached_cdx_rows,0,0,0,0,0,0,Run a bounded exact metrics CDX check before escalating.
1483,Knf Halloween Abandoned Theatre Escape,http://www.kongregate.com/games/knfgames/knf-halloween-abandoned-theatre-escape,www.kongregate.com/games/knfgames/knf-halloween-abandoned-theatre-escape,1,12,2016-10-24,2016-10-24,2026-06-30,live_metrics_json,not_checked,has_metrics,2,0,0,2,,,0,0,0,,,exact_metrics_no_cached_cdx_rows,0,0,0,0,0,0,Run a bounded exact metrics CDX check before escalating.
1484,Pumpkin Dash,http://www.kongregate.com/games/FathomSchmidt/pumpkin-dash,www.kongregate.com/games/fathomschmidt/pumpkin-dash,1,12,2016-10-30,2016-10-30,2026-06-30,live_metrics_json,not_checked,has_metrics,2,0,0,2,,,0,0,0,,,exact_metrics_no_cached_cdx_rows,0,0,0,0,0,0,Run a bounded exact metrics CDX check before escalating.
1485,Lost Of Kingdom Tunnels,http://www.kongregate.com/games/Enagamess/lost-of-kingdom-tunnels,www.kongregate.com/games/enagamess/lost-of-kingdom-tunnels,1,12,2017-05-05,2017-05-05,2026-06-30,live_metrics_json,not_checked,has_metrics,2,0,0,2,,,0,0,0,,,exact_metrics_no_cached_cdx_rows,0,0,0,0,0,0,Run a bounded exact metrics CDX check before escalating.
1486,Drill Wars,http://www.kongregate.com/games/LordCripplus/drill-wars,www.kongregate.com/games/lordcripplus/drill-wars,1,12,2017-05-16,2017-05-16,2026-06-30,live_metrics_json,not_checked,has_metrics,2,0,0,2,,,0,0,0,,,exact_metrics_no_cached_cdx_rows,0,0,0,0,0,0,Run a bounded exact metrics CDX check before escalating.
1487,BAW(Alpha Version),http://www.kongregate.com/games/PixSelStudios/baw-alpha-version,www.kongregate.com/games/pixselstudios/baw-alpha-version,1,12,2017-05-26,2017-05-26,2026-06-30,live_metrics_json,not_checked,has_metrics,2,0,0,2,,,0,0,0,,,exact_metrics_no_cached_cdx_rows,0,0,0,0,0,0,Run a bounded exact metrics CDX check before escalating.
1488,Ripple,http://www.kongregate.com/games/Ric3D/ripple,www.kongregate.com/games/ric3d/ripple,1,12,2017-06-04,2017-06-04,2026-06-30,live_metrics_json,not_checked,has_metrics,2,0,0,2,,,0,0,0,,,exact_metrics_no_cached_cdx_rows,0,0,0,0,0,0,Run a bounded exact metrics CDX check before escalating.
1489,Shift Deviate,http://www.kongregate.com/games/cruzami4life/shift-deviate,www.kongregate.com/games/cruzami4life/shift-deviate,1,12,2017-06-15,2017-06-15,2026-06-30,live_metrics_json,not_checked,has_metrics,2,0,0,2,,,0,0,0,,,exact_metrics_no_cached_cdx_rows,0,0,0,0,0,0,Run a bounded exact metrics CDX check before escalating.
1490,Typing Invaders,http://www.kongregate.com/games/Legion111/typing-invaders,www.kongregate.com/games/legion111/typing-invaders,1,12,2017-06-25,2017-06-25,2026-06-30,live_metrics_json,not_checked,has_metrics,2,0,0,2,,,0,0,0,,,exact_metrics_no_cached_cdx_rows,0,0,0,0,0,0,Run a bounded exact metrics CDX check before escalating.
1491,CarArena.io,http://www.kongregate.com/games/orndotio/cararena-io,www.kongregate.com/games/orndotio/cararena-io,1,12,2017-07-03,2017-07-03,2026-06-30,live_metrics_json,not_checked,has_metrics,2,0,0,2,,,0,0,0,,,exact_metrics_no_cached_cdx_rows,0,0,0,0,0,0,Run a bounded exact metrics CDX check before escalating.
1492,MonsterMash,http://www.kongregate.com/games/Gregorio236/monstermash,www.kongregate.com/games/gregorio236/monstermash,1,12,2017-07-12,2017-07-12,2026-06-30,live_metrics_json,not_checked,has_metrics,2,0,0,2,,,0,0,0,,,exact_metrics_no_cached_cdx_rows,0,0,0,0,0,0,Run a bounded exact metrics CDX check before escalating.
1493,Endless Planes,http://www.kongregate.com/games/Farmerboy562/endless-planes,www.kongregate.com/games/farmerboy562/endless-planes,1,12,2017-07-20,2017-07-20,2026-06-30,live_metrics_json,not_checked,has_metrics,2,0,0,2,,,0,0,0,,,exact_metrics_no_cached_cdx_rows,0,0,0,0,0,0,Run a bounded exact metrics CDX check before escalating.
1494,Beater A,http://www.kongregate.com/games/GeorgesE4/beater-a,www.kongregate.com/games/georgese4/beater-a,1,12,2017-07-29,2017-07-29,2026-06-30,live_metrics_json,not_checked,has_metrics,2,0,0,2,,,0,0,0,,,exact_metrics_no_cached_cdx_rows,0,0,0,0,0,0,Run a bounded exact metrics CDX check before escalating.
1495,Galactic Convoy 2,http://www.kongregate.com/games/DexterReal/galactic-convoy-2,www.kongregate.com/games/dexterreal/galactic-convoy-2,1,12,2017-08-05,2017-08-05,2026-06-30,live_metrics_json,not_checked,has_metrics,2,0,0,2,,,0,0,0,,,exact_metrics_no_cached_cdx_rows,0,0,0,0,0,0,Run a bounded exact metrics CDX check before escalating.
1496,Minecraft Block Match,http://www.kongregate.com/games/naghistefan94/minecraft-block-match,www.kongregate.com/games/naghistefan94/minecraft-block-match,1,12,2017-08-11,2017-08-11,2026-06-30,live_metrics_json,not_checked,has_metrics,2,0,0,2,,,0,0,0,,,exact_metrics_no_cached_cdx_rows,0,0,0,0,0,0,Run a bounded exact metrics CDX check before escalating.
1497,kill the guys,http://www.kongregate.com/games/superols/kill-the-guys,www.kongregate.com/games/superols/kill-the-guys,1,12,2017-08-17,2017-08-17,2026-06-30,live_metrics_json,not_checked,has_metrics,2,0,0,2,,,0,0,0,,,exact_metrics_no_cached_cdx_rows,0,0,0,0,0,0,Run a bounded exact metrics CDX check before escalating.
1498,Nightfall,http://www.kongregate.com/games/hazard_Gamer/nightfall,www.kongregate.com/games/hazard_gamer/nightfall,1,12,2017-08-23,2017-08-23,2023-09-01,metrics_json,not_checked,has_metrics,2,0,0,2,,,0,0,0,,,exact_metrics_no_cached_cdx_rows,0,0,0,0,0,0,Run a bounded exact metrics CDX check before escalating.
1499,The World of Zolcraft,http://www.kongregate.com/games/brvasil/the-world-of-zolcraft,www.kongregate.com/games/brvasil/the-world-of-zolcraft,1,12,2017-08-25,2017-08-25,2026-06-30,live_metrics_json,not_checked,has_metrics,2,0,0,2,,,0,0,0,,,exact_metrics_no_cached_cdx_rows,0,0,0,0,0,0,Run a bounded exact metrics CDX check before escalating.
1500,Bad Manors,http://www.kongregate.com/games/YugimonGX/bad-manors,www.kongregate.com/games/yugimongx/bad-manors,1,12,2017-09-04,2017-09-04,2026-06-30,live_metrics_json,not_checked,has_metrics,2,0,0,2,,,0,0,0,,,exact_metrics_no_cached_cdx_rows,0,0,0,0,0,0,Run a bounded exact metrics CDX check before escalating.
1501,GoodWitch,http://www.kongregate.com/games/JeuxBebel/goodwitch,www.kongregate.com/games/jeuxbebel/goodwitch,1,12,2017-09-30,2017-09-30,2026-06-30,live_metrics_json,not_checked,has_metrics,2,0,0,2,,,0,0,0,,,exact_metrics_no_cached_cdx_rows,0,0,0,0,0,0,Run a bounded exact metrics CDX check before escalating.
1502,Lumber Jack,http://www.kongregate.com/games/trashmail1/lumber-jack,www.kongregate.com/games/trashmail1/lumber-jack,1,12,2017-10-08,2017-10-08,2026-06-30,live_metrics_json,not_checked,has_metrics,2,0,0,2,,,0,0,0,,,exact_metrics_no_cached_cdx_rows,0,0,0,0,0,0,Run a bounded exact metrics CDX check before escalating.
1503,Apocalypse Z,http://www.kongregate.com/games/SanosVerd/apocalypse-z,www.kongregate.com/games/sanosverd/apocalypse-z,1,12,2017-10-15,2017-10-15,2026-06-30,live_metrics_json,not_checked,has_metrics,2,0,0,2,,,0,0,0,,,exact_metrics_no_cached_cdx_rows,0,0,0,0,0,0,Run a bounded exact metrics CDX check before escalating.
1504,Penguin Clicker (Beta),http://www.kongregate.com/games/BullerSweety/penguin-clicker-beta,www.kongregate.com/games/bullersweety/penguin-clicker-beta,1,12,2017-10-24,2017-10-24,2026-06-30,live_metrics_json,not_checked,has_metrics,2,0,0,2,,,0,0,0,,,exact_metrics_no_cached_cdx_rows,0,0,0,0,0,0,Run a bounded exact metrics CDX check before escalating.
1505,Soccer Player Idle,http://www.kongregate.com/games/ZuvayGame/soccer-player-idle,www.kongregate.com/games/zuvaygame/soccer-player-idle,1,12,2017-11-06,2017-11-06,2026-06-30,live_metrics_json,not_checked,has_metrics,2,0,0,2,,,0,0,0,,,exact_metrics_no_cached_cdx_rows,0,0,0,0,0,0,Run a bounded exact metrics CDX check before escalating.
1506,MoleMan,https://www.kongregate.com/games/Luigiplayer/moleman,www.kongregate.com/games/luigiplayer/moleman,1,12,2019-08-25,2019-08-25,2026-06-30,live_metrics_json,not_checked,has_metrics,2,0,0,2,,,0,0,0,,,exact_metrics_no_cached_cdx_rows,0,0,0,0,0,0,Run a bounded exact metrics CDX check before escalating.
1507,test,http://www.kongregate.com/games/Whatahooda/test,www.kongregate.com/games/whatahooda/test,1,12,2021-01-25,2021-01-25,2026-06-30,live_metrics_json,not_checked,has_metrics,2,0,0,2,,,0,0,0,,,exact_metrics_no_cached_cdx_rows,0,0,0,0,0,0,Run a bounded exact metrics CDX check before escalating.
1508,Pizza Delivery Puzzles,https://www.kongregate.com/games/dslevis/foodzong,www.kongregate.com/games/dslevis/foodzong,1,12,2021-11-12,2021-11-12,2026-06-30,live_metrics_json,not_checked,has_metrics,2,0,0,2,,,0,0,0,,,exact_metrics_no_cached_cdx_rows,0,0,0,0,0,0,Run a bounded exact metrics CDX check before escalating.
1509,Cube Escape: Theatre,https://www.kongregate.com/games/RustyLake/cube-escape-theatre,www.kongregate.com/games/rustylake/cube-escape-theatre,3,13,2016-04-26,2016-05-02,2016-05-03,metrics_json,not_checked,has_metrics,2,0,0,2,,,0,0,0,,,exact_metrics_no_cached_cdx_rows,0,0,0,0,0,0,Run a bounded exact metrics CDX check before escalating.
1510,Tower Keepers,http://www.kongregate.com/games/Ninjakiwi/tower-keepers,www.kongregate.com/games/ninjakiwi/tower-keepers,3,13,2017-11-01,2017-11-08,2019-10-17,metrics_json,not_checked,has_metrics,2,0,0,2,,,0,0,0,,,exact_metrics_no_cached_cdx_rows,0,0,0,0,0,0,Run a bounded exact metrics CDX check before escalating.
1511,Kamacy (kamaci) VS Kermidde (kermaid),http://www.kongregate.com/games/RHMonGAME/kamacy-kamaci-vs-kermidde-kermaid,www.kongregate.com/games/rhmongame/kamacy-kamaci-vs-kermidde-kermaid,2,13,2014-09-19,2014-09-19,2026-06-30,live_metrics_json,not_checked,has_metrics,2,0,0,2,,,0,0,0,,,exact_metrics_no_cached_cdx_rows,0,0,0,0,0,0,Run a bounded exact metrics CDX check before escalating.
1512,Medieval Chronicles 1,https://www.kongregate.com/games/VasantJ/medieval-chronicles-1,www.kongregate.com/games/vasantj/medieval-chronicles-1,2,13,2019-02-01,2019-02-01,2021-12-25,metrics_json,not_checked,has_metrics,2,0,0,2,,,0,0,0,,,exact_metrics_no_cached_cdx_rows,0,0,0,0,0,0,Run a bounded exact metrics CDX check before escalating.
1513,Rise of Mythos,http://www.kongregate.com/games/GameFuse/rise-of-mythos,www.kongregate.com/games/gamefuse/rise-of-mythos,4,14,2014-12-17,2015-02-07,2020-11-27,metrics_json,not_checked,has_metrics,2,0,0,2,,,0,0,0,,,exact_metrics_no_cached_cdx_rows,0,0,0,0,0,0,Run a bounded exact metrics CDX check before escalating.
1514,Crazy Zombie v3.0,http://www.kongregate.com/games/coolappsgame/crazy-zombie-v3-0,www.kongregate.com/games/coolappsgame/crazy-zombie-v3-0,1,13,2014-08-22,2014-08-22,2026-06-30,live_metrics_json,not_checked,has_metrics,2,0,0,2,,,0,0,0,,,exact_metrics_no_cached_cdx_rows,0,0,0,0,0,0,Run a bounded exact metrics CDX check before escalating.
1515,Berta - LD30,http://www.kongregate.com/games/JaDaSpan/berta-ld30,www.kongregate.com/games/jadaspan/berta-ld30,1,13,2014-08-26,2014-08-26,2026-06-30,live_metrics_json,not_checked,has_metrics,2,0,0,2,,,0,0,0,,,exact_metrics_no_cached_cdx_rows,0,0,0,0,0,0,Run a bounded exact metrics CDX check before escalating.
1516,Ultraman vs devils,http://www.kongregate.com/games/coolappsgame/ultraman-vs-devils,www.kongregate.com/games/coolappsgame/ultraman-vs-devils,1,13,2014-08-29,2014-08-29,2026-06-30,live_metrics_json,not_checked,has_metrics,2,0,0,2,,,0,0,0,,,exact_metrics_no_cached_cdx_rows,0,0,0,0,0,0,Run a bounded exact metrics CDX check before escalating.
1517,Island Tour,http://www.kongregate.com/games/MagicCube/island-tour,www.kongregate.com/games/magiccube/island-tour,1,13,2014-09-02,2014-09-02,2026-06-30,live_metrics_json,not_checked,has_metrics,2,0,0,2,,,0,0,0,,,exact_metrics_no_cached_cdx_rows,0,0,0,0,0,0,Run a bounded exact metrics CDX check before escalating.
1518,Sara Motocross Climb,http://www.kongregate.com/games/loogames/sara-motocross-climb,www.kongregate.com/games/loogames/sara-motocross-climb,1,13,2014-09-05,2014-09-05,2026-06-30,live_metrics_json,not_checked,has_metrics,2,0,0,2,,,0,0,0,,,exact_metrics_no_cached_cdx_rows,0,0,0,0,0,0,Run a bounded exact metrics CDX check before escalating.
1519,Pou Jelly World 3,http://www.kongregate.com/games/pupugames/pou-jelly-world-3,www.kongregate.com/games/pupugames/pou-jelly-world-3,1,13,2014-09-12,2014-09-12,2026-06-30,live_metrics_json,not_checked,has_metrics,2,0,0,2,,,0,0,0,,,exact_metrics_no_cached_cdx_rows,0,0,0,0,0,0,Run a bounded exact metrics CDX check before escalating.
1520,Humpty's shootout,http://www.kongregate.com/games/JeremyW/humptys-shootout,www.kongregate.com/games/jeremyw/humptys-shootout,1,13,2014-09-20,2014-09-20,2026-06-30,live_metrics_json,not_checked,has_metrics,2,0,0,2,,,0,0,0,,,exact_metrics_no_cached_cdx_rows,0,0,0,0,0,0,Run a bounded exact metrics CDX check before escalating.
1521,Calming,http://www.kongregate.com/games/Slewth1/calming,www.kongregate.com/games/slewth1/calming,1,13,2014-09-26,2014-09-26,2026-06-30,live_metrics_json,not_checked,has_metrics,2,0,0,2,,,0,0,0,,,exact_metrics_no_cached_cdx_rows,0,0,0,0,0,0,Run a bounded exact metrics CDX check before escalating.
1522,Glue Knight 1.3 + Editor,http://www.kongregate.com/games/GameReclaim/glue-knight-1-3-editor,www.kongregate.com/games/gamereclaim/glue-knight-1-3-editor,1,13,2014-09-26,2014-09-26,2026-06-30,live_metrics_json,not_checked,has_metrics,2,0,0,2,,,0,0,0,,,exact_metrics_no_cached_cdx_rows,0,0,0,0,0,0,Run a bounded exact metrics CDX check before escalating.
1523,Escape Mystic Room,http://www.kongregate.com/games/quicksailor/escape-mystic-room,www.kongregate.com/games/quicksailor/escape-mystic-room,1,13,2014-10-03,2014-10-03,2026-06-29,live_metrics_json,not_checked,has_metrics,2,0,0,2,,,0,0,0,,,exact_metrics_no_cached_cdx_rows,0,0,0,0,0,0,Run a bounded exact metrics CDX check before escalating.
1524,Zombies Mashed Potatoes,http://www.kongregate.com/games/IanStokes/zombies-mashed-potatoes,www.kongregate.com/games/ianstokes/zombies-mashed-potatoes,1,13,2014-10-04,2014-10-04,2026-06-30,live_metrics_json,not_checked,has_metrics,2,0,0,2,,,0,0,0,,,exact_metrics_no_cached_cdx_rows,0,0,0,0,0,0,Run a bounded exact metrics CDX check before escalating.
1525,Firewall Frenzy,http://www.kongregate.com/games/sunaj10/firewall-frenzy,www.kongregate.com/games/sunaj10/firewall-frenzy,1,13,2014-10-09,2014-10-09,2026-06-30,live_metrics_json,not_checked,has_metrics,2,0,0,2,,,0,0,0,,,exact_metrics_no_cached_cdx_rows,0,0,0,0,0,0,Run a bounded exact metrics CDX check before escalating.
1526,Unexpected Movement,http://www.kongregate.com/games/SandraKim/unexpected-movement,www.kongregate.com/games/sandrakim/unexpected-movement,1,13,2014-10-13,2014-10-13,2023-07-22,metrics_json,not_checked,has_metrics,2,0,0,2,,,0,0,0,,,exact_metrics_no_cached_cdx_rows,0,0,0,0,0,0,Run a bounded exact metrics CDX check before escalating.
1527,Jelly Slice,http://www.kongregate.com/games/TreSensa/jelly-slice,www.kongregate.com/games/tresensa/jelly-slice,1,13,2014-10-24,2014-10-24,2026-06-30,live_metrics_json,not_checked,has_metrics,2,0,0,2,,,0,0,0,,,exact_metrics_no_cached_cdx_rows,0,0,0,0,0,0,Run a bounded exact metrics CDX check before escalating.
1528,Billy Where ya Babas' @,http://www.kongregate.com/games/neighfox3/billy-where-ya-babas,www.kongregate.com/games/neighfox3/billy-where-ya-babas,1,13,2014-10-29,2014-10-29,2026-06-30,live_metrics_json,not_checked,has_metrics,2,0,0,2,,,0,0,0,,,exact_metrics_no_cached_cdx_rows,0,0,0,0,0,0,Run a bounded exact metrics CDX check before escalating.
1529,Carentan Shooter,http://www.kongregate.com/games/19392/carentan-shooter,www.kongregate.com/games/19392/carentan-shooter,1,13,2014-10-31,2014-10-31,2026-06-30,live_metrics_json,not_checked,has_metrics,2,0,0,2,,,0,0,0,,,exact_metrics_no_cached_cdx_rows,0,0,0,0,0,0,Run a bounded exact metrics CDX check before escalating.
1530,Happy Mart,http://www.kongregate.com/games/littlegiantworld/happy-mart,www.kongregate.com/games/littlegiantworld/happy-mart,1,13,2014-11-11,2014-11-11,2026-06-30,live_metrics_json,not_checked,has_metrics,2,0,0,2,,,0,0,0,,,exact_metrics_no_cached_cdx_rows,0,0,0,0,0,0,Run a bounded exact metrics CDX check before escalating.
1531,Just Testing Something,http://www.kongregate.com/games/ShadyShock/just-testing-something,www.kongregate.com/games/shadyshock/just-testing-something,1,13,2014-11-25,2014-11-25,2026-06-30,live_metrics_json,not_checked,has_metrics,2,0,0,2,,,0,0,0,,,exact_metrics_no_cached_cdx_rows,0,0,0,0,0,0,Run a bounded exact metrics CDX check before escalating.
1532,Piggy Bank,http://www.kongregate.com/games/Deanomyite/piggy-bank,www.kongregate.com/games/deanomyite/piggy-bank,1,13,2014-12-02,2014-12-02,2026-06-30,live_metrics_json,not_checked,has_metrics,2,0,0,2,,,0,0,0,,,exact_metrics_no_cached_cdx_rows,0,0,0,0,0,0,Run a bounded exact metrics CDX check before escalating.
1533,Grave Screen Of Death,http://www.kongregate.com/games/FlorentPoujol/grave-screen-of-death,www.kongregate.com/games/florentpoujol/grave-screen-of-death,1,13,2014-12-10,2014-12-10,2026-06-30,live_metrics_json,not_checked,has_metrics,2,0,0,2,,,0,0,0,,,exact_metrics_no_cached_cdx_rows,0,0,0,0,0,0,Run a bounded exact metrics CDX check before escalating.
1534,Ancient Mahjong,http://www.kongregate.com/games/zygomaticgames/ancient-mahjong,www.kongregate.com/games/zygomaticgames/ancient-mahjong,1,13,2014-12-17,2014-12-17,2026-06-30,live_metrics_json,not_checked,has_metrics,2,0,0,2,,,0,0,0,,,exact_metrics_no_cached_cdx_rows,0,0,0,0,0,0,Run a bounded exact metrics CDX check before escalating.
1535,Simple,http://www.kongregate.com/games/htejera/simple,www.kongregate.com/games/htejera/simple,1,13,2014-12-28,2014-12-28,2026-06-30,live_metrics_json,not_checked,has_metrics,2,0,0,2,,,0,0,0,,,exact_metrics_no_cached_cdx_rows,0,0,0,0,0,0,Run a bounded exact metrics CDX check before escalating.
1536,Road Of Fury 2,http://www.kongregate.com/games/IriySoft/road-of-fury-2,www.kongregate.com/games/iriysoft/road-of-fury-2,1,13,2014-12-30,2014-12-30,2019-12-07,metrics_json,not_checked,has_metrics,2,0,0,2,,,0,0,0,,,exact_metrics_no_cached_cdx_rows,0,0,0,0,0,0,Run a bounded exact metrics CDX check before escalating.
1537,Strange Science,http://www.kongregate.com/games/7ECHNOMANCER/strange-science,www.kongregate.com/games/7echnomancer/strange-science,1,13,2015-04-01,2015-04-01,2026-06-30,live_metrics_json,not_checked,has_metrics,2,0,0,2,,,0,0,0,,,exact_metrics_no_cached_cdx_rows,0,0,0,0,0,0,Run a bounded exact metrics CDX check before escalating.
1538,Dig Them Up,http://www.kongregate.com/games/chrisfry/dig-them-up,www.kongregate.com/games/chrisfry/dig-them-up,1,13,2015-09-09,2015-09-09,2026-06-30,live_metrics_json,not_checked,has_metrics,2,0,0,2,,,0,0,0,,,exact_metrics_no_cached_cdx_rows,0,0,0,0,0,0,Run a bounded exact metrics CDX check before escalating.
1539,Super Candy Match 2,http://www.kongregate.com/games/Gamesdeveloper/super-candy-match-2,www.kongregate.com/games/gamesdeveloper/super-candy-match-2,1,13,2015-09-14,2015-09-14,2026-06-30,live_metrics_json,not_checked,has_metrics,2,0,0,2,,,0,0,0,,,exact_metrics_no_cached_cdx_rows,0,0,0,0,0,0,Run a bounded exact metrics CDX check before escalating.
1540,Worthwood Castle Prophecy,http://www.kongregate.com/games/SandraKim/worthwood-castle-prophecy,www.kongregate.com/games/sandrakim/worthwood-castle-prophecy,1,13,2015-09-15,2015-09-15,2026-06-30,live_metrics_json,not_checked,has_metrics,2,0,0,2,,,0,0,0,,,exact_metrics_no_cached_cdx_rows,0,0,0,0,0,0,Run a bounded exact metrics CDX check before escalating.
1541,SKI T1,http://www.kongregate.com/games/n0lb0dy2/ski-t1,www.kongregate.com/games/n0lb0dy2/ski-t1,1,13,2015-09-23,2015-09-23,2026-06-30,live_metrics_json,not_checked,has_metrics,2,0,0,2,,,0,0,0,,,exact_metrics_no_cached_cdx_rows,0,0,0,0,0,0,Run a bounded exact metrics CDX check before escalating.
1542,Locked Doors Escape,http://www.kongregate.com/games/ainarsa/locked-doors-escape,www.kongregate.com/games/ainarsa/locked-doors-escape,1,13,2015-09-30,2015-09-30,2026-06-30,live_metrics_json,not_checked,has_metrics,2,0,0,2,,,0,0,0,,,exact_metrics_no_cached_cdx_rows,0,0,0,0,0,0,Run a bounded exact metrics CDX check before escalating.
1543,Cinderella’s Magic Ring,http://www.kongregate.com/games/ainarsa/cinderella-s-magic-ring,www.kongregate.com/games/ainarsa/cinderella-s-magic-ring,1,13,2015-12-05,2015-12-05,2026-06-30,live_metrics_json,not_checked,has_metrics,2,0,0,2,,,0,0,0,,,exact_metrics_no_cached_cdx_rows,0,0,0,0,0,0,Run a bounded exact metrics CDX check before escalating.
1544,Halloween Night Mystery,http://www.kongregate.com/games/ainarsa/halloween-night-mystery,www.kongregate.com/games/ainarsa/halloween-night-mystery,1,13,2015-12-18,2015-12-18,2023-07-08,metrics_json,not_checked,has_metrics,2,0,0,2,,,0,0,0,,,exact_metrics_no_cached_cdx_rows,0,0,0,0,0,0,Run a bounded exact metrics CDX check before escalating.
1545,Sugar Rush Speedway,http://www.kongregate.com/games/AliMohammed/sugar-rush-speedway,www.kongregate.com/games/alimohammed/sugar-rush-speedway,1,13,2016-01-02,2016-01-02,2026-06-30,live_metrics_json,not_checked,has_metrics,2,0,0,2,,,0,0,0,,,exact_metrics_no_cached_cdx_rows,0,0,0,0,0,0,Run a bounded exact metrics CDX check before escalating.
1546,Pio's Adventure,http://www.kongregate.com/games/RafaQlo/pios-adventure,www.kongregate.com/games/rafaqlo/pios-adventure,1,13,2016-01-16,2016-01-16,2026-06-30,live_metrics_json,not_checked,has_metrics,2,0,0,2,,,0,0,0,,,exact_metrics_no_cached_cdx_rows,0,0,0,0,0,0,Run a bounded exact metrics CDX check before escalating.
1547,Circles,http://www.kongregate.com/games/jrokas01/circles,www.kongregate.com/games/jrokas01/circles,1,13,2016-01-25,2016-01-25,2026-06-30,live_metrics_json,not_checked,has_metrics,2,0,0,2,,,0,0,0,,,exact_metrics_no_cached_cdx_rows,0,0,0,0,0,0,Run a bounded exact metrics CDX check before escalating.
1548,Hollywood Sellout,http://www.kongregate.com/games/SandraKim/hollywood-sellout,www.kongregate.com/games/sandrakim/hollywood-sellout,1,13,2016-02-17,2016-02-17,2026-06-30,live_metrics_json,not_checked,has_metrics,2,0,0,2,,,0,0,0,,,exact_metrics_no_cached_cdx_rows,0,0,0,0,0,0,Run a bounded exact metrics CDX check before escalating.
1549,Ultimate Time Waster,http://www.kongregate.com/games/charboozi/ultimate-time-waster,www.kongregate.com/games/charboozi/ultimate-time-waster,1,13,2016-02-28,2016-02-28,2026-06-30,live_metrics_json,not_checked,has_metrics,2,0,0,2,,,0,0,0,,,exact_metrics_no_cached_cdx_rows,0,0,0,0,0,0,Run a bounded exact metrics CDX check before escalating.
1550,Let's Click,http://www.kongregate.com/games/eurocrem/lets-click,www.kongregate.com/games/eurocrem/lets-click,1,13,2016-03-05,2016-03-05,2026-06-30,live_metrics_json,not_checked,has_metrics,2,0,0,2,,,0,0,0,,,exact_metrics_no_cached_cdx_rows,0,0,0,0,0,0,Run a bounded exact metrics CDX check before escalating.
1551,Princess Prom Photoshoot,http://www.kongregate.com/games/Funtomic/princess-prom-photoshoot,www.kongregate.com/games/funtomic/princess-prom-photoshoot,1,13,2016-03-07,2016-03-07,2026-06-30,live_metrics_json,not_checked,has_metrics,2,0,0,2,,,0,0,0,,,exact_metrics_no_cached_cdx_rows,0,0,0,0,0,0,Run a bounded exact metrics CDX check before escalating.
1552,An Unconventional Weapon,http://www.kongregate.com/games/DaveTech/an-unconventional-weapon,www.kongregate.com/games/davetech/an-unconventional-weapon,1,13,2016-03-16,2016-03-16,2026-06-30,live_metrics_json,not_checked,has_metrics,2,0,0,2,,,0,0,0,,,exact_metrics_no_cached_cdx_rows,0,0,0,0,0,0,Run a bounded exact metrics CDX check before escalating.
1553,Batman VS Superman Race,http://www.kongregate.com/games/Gamesdeveloper/batman-vs-superman-race,www.kongregate.com/games/gamesdeveloper/batman-vs-superman-race,1,13,2016-03-20,2016-03-20,2026-06-30,live_metrics_json,not_checked,has_metrics,2,0,0,2,,,0,0,0,,,exact_metrics_no_cached_cdx_rows,0,0,0,0,0,0,Run a bounded exact metrics CDX check before escalating.
1554,Adventure MatiGames,http://www.kongregate.com/games/Kijamus/adventure-matigames,www.kongregate.com/games/kijamus/adventure-matigames,1,13,2016-03-24,2016-03-24,2026-06-30,live_metrics_json,not_checked,has_metrics,2,0,0,2,,,0,0,0,,,exact_metrics_no_cached_cdx_rows,0,0,0,0,0,0,Run a bounded exact metrics CDX check before escalating.
1555,YOLO Animals,http://www.kongregate.com/games/Memolestas/yolo-animals,www.kongregate.com/games/memolestas/yolo-animals,1,13,2016-05-15,2016-05-15,2026-06-30,live_metrics_json,not_checked,has_metrics,2,0,0,2,,,0,0,0,,,exact_metrics_no_cached_cdx_rows,0,0,0,0,0,0,Run a bounded exact metrics CDX check before escalating.
1556,The Hideous Dreamer,http://www.kongregate.com/games/BigBlingThing/the-hideous-dreamer,www.kongregate.com/games/bigblingthing/the-hideous-dreamer,1,13,2016-06-04,2016-06-04,2026-06-30,live_metrics_json,not_checked,has_metrics,2,0,0,2,,,0,0,0,,,exact_metrics_no_cached_cdx_rows,0,0,0,0,0,0,Run a bounded exact metrics CDX check before escalating.
1557,Unmind,http://www.kongregate.com/games/kolloldas/unmind,www.kongregate.com/games/kolloldas/unmind,1,13,2016-06-13,2016-06-13,2026-06-30,live_metrics_json,not_checked,has_metrics,2,0,0,2,,,0,0,0,,,exact_metrics_no_cached_cdx_rows,0,0,0,0,0,0,Run a bounded exact metrics CDX check before escalating.
1558,Spaceship and asteroids,http://www.kongregate.com/games/NiiQolas/spaceship-and-asteroids,www.kongregate.com/games/niiqolas/spaceship-and-asteroids,1,13,2016-06-22,2016-06-22,2026-06-30,live_metrics_json,not_checked,has_metrics,2,0,0,2,,,0,0,0,,,exact_metrics_no_cached_cdx_rows,0,0,0,0,0,0,Run a bounded exact metrics CDX check before escalating.
1559,Fruit Monkey,http://www.kongregate.com/games/Gamesdeveloper/fruit-monkey,www.kongregate.com/games/gamesdeveloper/fruit-monkey,1,13,2016-06-29,2016-06-29,2026-06-30,live_metrics_json,not_checked,has_metrics,2,0,0,2,,,0,0,0,,,exact_metrics_no_cached_cdx_rows,0,0,0,0,0,0,Run a bounded exact metrics CDX check before escalating.
1560,Catroom Drama - CASE 2,http://www.kongregate.com/games/HyperHippoGames/catroom-drama-case-2,www.kongregate.com/games/hyperhippogames/catroom-drama-case-2,1,13,2016-07-07,2016-07-07,2024-01-17,metrics_json,not_checked,has_metrics,2,0,0,2,,,0,0,0,,,exact_metrics_no_cached_cdx_rows,0,0,0,0,0,0,Run a bounded exact metrics CDX check before escalating.
1561,Missile Mayhem Mobile,http://www.kongregate.com/games/demeko/missile-mayhem-mobile,www.kongregate.com/games/demeko/missile-mayhem-mobile,1,13,2016-07-14,2016-07-14,2026-06-30,live_metrics_json,not_checked,has_metrics,2,0,0,2,,,0,0,0,,,exact_metrics_no_cached_cdx_rows,0,0,0,0,0,0,Run a bounded exact metrics CDX check before escalating.
1562,ADVENTURES OF J,http://www.kongregate.com/games/Enagamess/adventures-of-j,www.kongregate.com/games/enagamess/adventures-of-j,1,13,2016-07-27,2016-07-27,2026-06-30,live_metrics_json,not_checked,has_metrics,2,0,0,2,,,0,0,0,,,exact_metrics_no_cached_cdx_rows,0,0,0,0,0,0,Run a bounded exact metrics CDX check before escalating.
1563,Idle War,http://www.kongregate.com/games/giulio321/idle-war,www.kongregate.com/games/giulio321/idle-war,1,13,2016-08-05,2016-08-05,2026-06-30,live_metrics_json,not_checked,has_metrics,2,0,0,2,,,0,0,0,,,exact_metrics_no_cached_cdx_rows,0,0,0,0,0,0,Run a bounded exact metrics CDX check before escalating.
1564,cube wars,http://www.kongregate.com/games/vitynte2/cube-wars,www.kongregate.com/games/vitynte2/cube-wars,1,13,2016-08-13,2016-08-13,2026-06-30,live_metrics_json,not_checked,has_metrics,2,0,0,2,,,0,0,0,,,exact_metrics_no_cached_cdx_rows,0,0,0,0,0,0,Run a bounded exact metrics CDX check before escalating.
1565,MarsQuest,http://www.kongregate.com/games/mskittlez/marsquest,www.kongregate.com/games/mskittlez/marsquest,1,13,2016-08-20,2016-08-20,2026-06-30,live_metrics_json,not_checked,has_metrics,2,0,0,2,,,0,0,0,,,exact_metrics_no_cached_cdx_rows,0,0,0,0,0,0,Run a bounded exact metrics CDX check before escalating.
1566,Lost Clues,http://www.kongregate.com/games/SandraKim/lost-clues,www.kongregate.com/games/sandrakim/lost-clues,1,13,2016-09-03,2016-09-03,2026-06-30,live_metrics_json,not_checked,has_metrics,2,0,0,2,,,0,0,0,,,exact_metrics_no_cached_cdx_rows,0,0,0,0,0,0,Run a bounded exact metrics CDX check before escalating.
1567,Escape Rooms 2,http://www.kongregate.com/games/rahchel321/escape-rooms-2,www.kongregate.com/games/rahchel321/escape-rooms-2,1,13,2016-09-16,2016-09-16,2026-06-30,live_metrics_json,not_checked,has_metrics,2,0,0,2,,,0,0,0,,,exact_metrics_no_cached_cdx_rows,0,0,0,0,0,0,Run a bounded exact metrics CDX check before escalating.
1568,WarZone Beta .1,http://www.kongregate.com/games/IAmFluzzy/warzone-beta-1,www.kongregate.com/games/iamfluzzy/warzone-beta-1,1,13,2016-09-17,2016-09-17,2026-06-30,live_metrics_json,not_checked,has_metrics,2,0,0,2,,,0,0,0,,,exact_metrics_no_cached_cdx_rows,0,0,0,0,0,0,Run a bounded exact metrics CDX check before escalating.
1569,Don't Breathe,http://www.kongregate.com/games/yolkgamez/dont-breathe,www.kongregate.com/games/yolkgamez/dont-breathe,1,13,2016-09-23,2016-09-23,2026-06-30,live_metrics_json,not_checked,has_metrics,2,0,0,2,,,0,0,0,,,exact_metrics_no_cached_cdx_rows,0,0,0,0,0,0,Run a bounded exact metrics CDX check before escalating.
1570,Sweet Candy Mahjong,http://www.kongregate.com/games/fakitaki/sweet-candy-mahjong,www.kongregate.com/games/fakitaki/sweet-candy-mahjong,1,13,2016-10-04,2016-10-04,2026-06-30,live_metrics_json,not_checked,has_metrics,2,0,0,2,,,0,0,0,,,exact_metrics_no_cached_cdx_rows,0,0,0,0,0,0,Run a bounded exact metrics CDX check before escalating.
1571,Photo Grab!,http://www.kongregate.com/games/AlexKLS/photo-grab,www.kongregate.com/games/alexkls/photo-grab,1,13,2016-10-17,2016-10-17,2026-06-30,live_metrics_json,not_checked,has_metrics,2,0,0,2,,,0,0,0,,,exact_metrics_no_cached_cdx_rows,0,0,0,0,0,0,Run a bounded exact metrics CDX check before escalating.
1572,Halloween Trick or Treat,http://www.kongregate.com/games/yolkgames/halloween-trick-or-treat,www.kongregate.com/games/yolkgames/halloween-trick-or-treat,1,13,2016-10-18,2016-10-18,2026-06-30,live_metrics_json,not_checked,has_metrics,2,0,0,2,,,0,0,0,,,exact_metrics_no_cached_cdx_rows,0,0,0,0,0,0,Run a bounded exact metrics CDX check before escalating.
1573,BACKCOLOR,http://www.kongregate.com/games/hoqpe/backcolor,www.kongregate.com/games/hoqpe/backcolor,1,13,2016-10-24,2016-10-24,2026-06-30,live_metrics_json,not_checked,has_metrics,2,0,0,2,,,0,0,0,,,exact_metrics_no_cached_cdx_rows,0,0,0,0,0,0,Run a bounded exact metrics CDX check before escalating.
1574,Dungeon Runner,http://www.kongregate.com/games/Destructor523/dungeon-runner,www.kongregate.com/games/destructor523/dungeon-runner,1,13,2017-05-05,2017-05-05,2026-06-30,live_metrics_json,not_checked,has_metrics,2,0,0,2,,,0,0,0,,,exact_metrics_no_cached_cdx_rows,0,0,0,0,0,0,Run a bounded exact metrics CDX check before escalating.
1575,Cafeina,http://www.kongregate.com/games/ismaelassassin/cafeina,www.kongregate.com/games/ismaelassassin/cafeina,1,13,2017-05-16,2017-05-16,2026-06-30,live_metrics_json,not_checked,has_metrics,2,0,0,2,,,0,0,0,,,exact_metrics_no_cached_cdx_rows,0,0,0,0,0,0,Run a bounded exact metrics CDX check before escalating.
1576,The Last Bunker,http://www.kongregate.com/games/HyperHippoGames/the-last-bunker,www.kongregate.com/games/hyperhippogames/the-last-bunker,1,13,2017-05-25,2017-05-25,2024-01-17,metrics_json,not_checked,has_metrics,2,0,0,2,,,0,0,0,,,exact_metrics_no_cached_cdx_rows,0,0,0,0,0,0,Run a bounded exact metrics CDX check before escalating.
1577,KoGaMa: Super Mario N-64,http://www.kongregate.com/games/CaptainJens/kogama-super-mario-n-64,www.kongregate.com/games/captainjens/kogama-super-mario-n-64,1,13,2017-05-26,2017-05-26,2026-06-30,live_metrics_json,not_checked,has_metrics,2,0,0,2,,,0,0,0,,,exact_metrics_no_cached_cdx_rows,0,0,0,0,0,0,Run a bounded exact metrics CDX check before escalating.
1578,battlegroup.io,http://www.kongregate.com/games/battlegroupio/battlegroup-io,www.kongregate.com/games/battlegroupio/battlegroup-io,1,13,2017-06-04,2017-06-04,2026-06-30,live_metrics_json,not_checked,has_metrics,2,0,0,2,,,0,0,0,,,exact_metrics_no_cached_cdx_rows,0,0,0,0,0,0,Run a bounded exact metrics CDX check before escalating.
1579,Ghost Runner,http://www.kongregate.com/games/mediumbradley1/ghost-runner,www.kongregate.com/games/mediumbradley1/ghost-runner,1,13,2017-06-15,2017-06-15,2026-06-30,live_metrics_json,not_checked,has_metrics,2,0,0,2,,,0,0,0,,,exact_metrics_no_cached_cdx_rows,0,0,0,0,0,0,Run a bounded exact metrics CDX check before escalating.
1580,PJ Masks Pac-Man,http://www.kongregate.com/games/pjmasks/pj-masks-pac-man,www.kongregate.com/games/pjmasks/pj-masks-pac-man,1,13,2017-06-16,2017-06-16,2026-06-30,live_metrics_json,not_checked,has_metrics,2,0,0,2,,,0,0,0,,,exact_metrics_no_cached_cdx_rows,0,0,0,0,0,0,Run a bounded exact metrics CDX check before escalating.
1581,Temple of Impalement,http://www.kongregate.com/games/gamescarab/temple-of-impalement,www.kongregate.com/games/gamescarab/temple-of-impalement,1,13,2017-06-25,2017-06-25,2026-06-30,live_metrics_json,not_checked,has_metrics,2,0,0,2,,,0,0,0,,,exact_metrics_no_cached_cdx_rows,0,0,0,0,0,0,Run a bounded exact metrics CDX check before escalating.
1582,Dodgeballs.io - Multiplayer .iO Game!,http://www.kongregate.com/games/orndotio/dodgeballs-io-multiplayer-io-game,www.kongregate.com/games/orndotio/dodgeballs-io-multiplayer-io-game,1,13,2017-07-03,2017-07-03,2026-06-30,live_metrics_json,not_checked,has_metrics,2,0,0,2,,,0,0,0,,,exact_metrics_no_cached_cdx_rows,0,0,0,0,0,0,Run a bounded exact metrics CDX check before escalating.
1583,EVO - The evolutionary journey,http://www.kongregate.com/games/paulocosta1909/evo-the-evolutionary-journey,www.kongregate.com/games/paulocosta1909/evo-the-evolutionary-journey,1,13,2017-07-12,2017-07-12,2026-06-30,live_metrics_json,not_checked,has_metrics,2,0,0,2,,,0,0,0,,,exact_metrics_no_cached_cdx_rows,0,0,0,0,0,0,Run a bounded exact metrics CDX check before escalating.
1584,Baby Turtle Adventure,http://www.kongregate.com/games/k25507891/baby-turtle-adventure,www.kongregate.com/games/k25507891/baby-turtle-adventure,1,13,2017-07-28,2017-07-28,2026-06-30,live_metrics_json,not_checked,has_metrics,2,0,0,2,,,0,0,0,,,exact_metrics_no_cached_cdx_rows,0,0,0,0,0,0,Run a bounded exact metrics CDX check before escalating.
1585,The Flying Bird,http://www.kongregate.com/games/sherazbhatti226/the-flying-bird,www.kongregate.com/games/sherazbhatti226/the-flying-bird,1,13,2017-07-29,2017-07-29,2026-06-30,live_metrics_json,not_checked,has_metrics,2,0,0,2,,,0,0,0,,,exact_metrics_no_cached_cdx_rows,0,0,0,0,0,0,Run a bounded exact metrics CDX check before escalating.
1586,GameMakerUnknowns Bomberplane,http://www.kongregate.com/games/GameMakerUnknown/gamemakerunknowns-bomberplane,www.kongregate.com/games/gamemakerunknown/gamemakerunknowns-bomberplane,1,13,2017-08-11,2017-08-11,2026-06-30,live_metrics_json,not_checked,has_metrics,2,0,0,2,,,0,0,0,,,exact_metrics_no_cached_cdx_rows,0,0,0,0,0,0,Run a bounded exact metrics CDX check before escalating.
1587,Me Alone 2,http://www.kongregate.com/games/brvasil/me-alone-2,www.kongregate.com/games/brvasil/me-alone-2,1,13,2017-08-25,2017-08-25,2026-06-30,live_metrics_json,not_checked,has_metrics,2,0,0,2,,,0,0,0,,,exact_metrics_no_cached_cdx_rows,0,0,0,0,0,0,Run a bounded exact metrics CDX check before escalating.
1588,Laser Defender,http://www.kongregate.com/games/EndoRushDev/laser-defender,www.kongregate.com/games/endorushdev/laser-defender,1,13,2017-09-30,2017-09-30,2026-06-30,live_metrics_json,not_checked,has_metrics,2,0,0,2,,,0,0,0,,,exact_metrics_no_cached_cdx_rows,0,0,0,0,0,0,Run a bounded exact metrics CDX check before escalating.
1589,Royal City Clashers 2,http://www.kongregate.com/games/RHMGames/royal-city-clashers-2,www.kongregate.com/games/rhmgames/royal-city-clashers-2,1,13,2017-10-08,2017-10-08,2026-06-30,live_metrics_json,not_checked,has_metrics,2,0,0,2,,,0,0,0,,,exact_metrics_no_cached_cdx_rows,0,0,0,0,0,0,Run a bounded exact metrics CDX check before escalating.
1590,Nego Bam Ao Attack,http://www.kongregate.com/games/NormalPowerPlus/nego-bam-ao-attack,www.kongregate.com/games/normalpowerplus/nego-bam-ao-attack,1,13,2017-10-15,2017-10-15,2026-06-30,live_metrics_json,not_checked,has_metrics,2,0,0,2,,,0,0,0,,,exact_metrics_no_cached_cdx_rows,0,0,0,0,0,0,Run a bounded exact metrics CDX check before escalating.
1591,Fotis kodos,http://www.kongregate.com/games/GiwrgosCh/fotis-kodos,www.kongregate.com/games/giwrgosch/fotis-kodos,1,13,2017-10-24,2017-10-24,2026-06-30,live_metrics_json,not_checked,has_metrics,2,0,0,2,,,0,0,0,,,exact_metrics_no_cached_cdx_rows,0,0,0,0,0,0,Run a bounded exact metrics CDX check before escalating.
1592,Duplicity,http://www.kongregate.com/games/AguaHervida/duplicity,www.kongregate.com/games/aguahervida/duplicity,1,13,2017-11-06,2017-11-06,2026-06-30,live_metrics_json,not_checked,has_metrics,2,0,0,2,,,0,0,0,,,exact_metrics_no_cached_cdx_rows,0,0,0,0,0,0,Run a bounded exact metrics CDX check before escalating.
1593,Mighty Party,https://www.kongregate.com/games/Panoramik/mighty-party,www.kongregate.com/games/panoramik/mighty-party,1,13,2018-12-22,2018-12-22,2019-12-07,metrics_json,not_checked,has_metrics,2,0,0,2,,,0,0,0,,,exact_metrics_no_cached_cdx_rows,0,0,0,0,0,0,Run a bounded exact metrics CDX check before escalating.
1594,Medieval Cop - The Princess and The Grump,https://www.kongregate.com/games/VasantJ/medieval-cop-the-princess-and-the-grump,www.kongregate.com/games/vasantj/medieval-cop-the-princess-and-the-grump,1,13,2019-10-22,2019-10-22,2020-01-02,metrics_json,not_checked,has_metrics,2,0,0,2,,,0,0,0,,,exact_metrics_no_cached_cdx_rows,0,0,0,0,0,0,Run a bounded exact metrics CDX check before escalating.
1595,testeeee,https://www.kongregate.com/games/edugame12/testeeee,www.kongregate.com/games/edugame12/testeeee,1,13,2021-11-12,2021-11-12,2026-06-30,live_metrics_json,not_checked,has_metrics,2,0,0,2,,,0,0,0,,,exact_metrics_no_cached_cdx_rows,0,0,0,0,0,0,Run a bounded exact metrics CDX check before escalating.
1596,Legend of the Void 2,http://www.kongregate.com/games/violatorgames/legend-of-the-void-2,www.kongregate.com/games/violatorgames/legend-of-the-void-2,8,16,2015-04-01,2019-10-22,2020-12-28,count_source_probe,not_checked,has_metrics,2,1,2,0,2020-12-28,2020-12-28,0,0,1,2020-12-28,2059826,exact_metrics_starts_after_missing_window,0,0,0,0,0,0,Exact metrics start too late; pursue broader list/account captures or external corroboration.
1597,Long Way,https://www.kongregate.com/en/games/meetreen_games/long-way,www.kongregate.com/games/meetreen_games/long-way,3,14,2024-08-28,2025-10-12,2025-11-16,ranked_listing,not_checked,has_metrics,2,0,0,2,,,0,0,0,,,exact_metrics_no_cached_cdx_rows,0,0,0,0,0,0,Run a bounded exact metrics CDX check before escalating.
1598,Idle Tree,http://www.kongregate.com/games/KingsWill/idle-tree,www.kongregate.com/games/kingswill/idle-tree,7,16,2014-11-02,2015-01-10,2018-06-06,count_source_probe,not_checked,has_metrics,2,7,2,0,2018-06-06,2025-04-13,0,0,4,2018-06-06,752425,exact_metrics_starts_after_missing_window,0,0,0,0,0,0,Exact metrics start too late; pursue broader list/account captures or external corroboration.
1599,Royal Squad,http://www.kongregate.com/games/platon_skedow/royal-squad,www.kongregate.com/games/platon_skedow/royal-squad,2,14,2015-05-06,2015-05-12,2022-06-02,metrics_json,not_checked,has_metrics,2,0,0,2,,,0,0,0,,,exact_metrics_no_cached_cdx_rows,0,0,0,0,0,0,Run a bounded exact metrics CDX check before escalating.
1600,The Money Makers,http://www.kongregate.com/games/AlpagaGames/the-money-makers,www.kongregate.com/games/alpagagames/the-money-makers,2,14,2015-08-09,2015-08-17,2026-06-29,live_metrics_json,not_checked,has_metrics,2,0,0,2,,,0,0,0,,,exact_metrics_no_cached_cdx_rows,0,0,0,0,0,0,Run a bounded exact metrics CDX check before escalating.
1601,Sword Fight,https://www.kongregate.com/en/games/tovrick/sword-fight,www.kongregate.com/games/tovrick/sword-fight,2,14,2017-11-01,2017-11-04,2019-02-05,metrics_json,not_checked,has_metrics,2,0,0,2,,,0,0,0,,,exact_metrics_no_cached_cdx_rows,0,0,0,0,0,0,Run a bounded exact metrics CDX check before escalating.
1602,Swoop-to-Nuts,http://www.kongregate.com/games/Fusionary/swoop-to-nuts,www.kongregate.com/games/fusionary/swoop-to-nuts,6,16,2016-05-25,2023-11-23,2024-01-20,count_source_probe,not_checked,has_metrics,2,2,2,0,2024-01-20,2024-02-23,0,0,2,2024-01-20,16757,exact_metrics_starts_after_missing_window,0,0,0,0,0,0,Exact metrics start too late; pursue broader list/account captures or external corroboration.
1603,Barbie Match Up,http://www.kongregate.com/games/coolappsgame/barbie-match-up,www.kongregate.com/games/coolappsgame/barbie-match-up,1,14,2014-08-22,2014-08-22,2026-06-30,live_metrics_json,not_checked,has_metrics,2,0,0,2,,,0,0,0,,,exact_metrics_no_cached_cdx_rows,0,0,0,0,0,0,Run a bounded exact metrics CDX check before escalating.
1604,The Escape of The Bird Beta 1,http://www.kongregate.com/games/thiagosheckler/the-escape-of-the-bird-beta-1,www.kongregate.com/games/thiagosheckler/the-escape-of-the-bird-beta-1,1,14,2014-08-26,2014-08-26,2026-06-30,live_metrics_json,not_checked,has_metrics,2,0,0,2,,,0,0,0,,,exact_metrics_no_cached_cdx_rows,0,0,0,0,0,0,Run a bounded exact metrics CDX check before escalating.
1605,Splendid Fairy Dress Up,http://www.kongregate.com/games/loogames/splendid-fairy-dress-up,www.kongregate.com/games/loogames/splendid-fairy-dress-up,1,14,2014-08-29,2014-08-29,2026-06-30,live_metrics_json,not_checked,has_metrics,2,0,0,2,,,0,0,0,,,exact_metrics_no_cached_cdx_rows,0,0,0,0,0,0,Run a bounded exact metrics CDX check before escalating.
1606,SteamPunk Rabbit Alpha Version,http://www.kongregate.com/games/VasantJ/steampunk-rabbit-alpha-version,www.kongregate.com/games/vasantj/steampunk-rabbit-alpha-version,1,14,2014-09-02,2014-09-02,2016-04-02,metrics_json,not_checked,has_metrics,2,0,0,2,,,0,0,0,,,exact_metrics_no_cached_cdx_rows,0,0,0,0,0,0,Run a bounded exact metrics CDX check before escalating.
1607,Chota Bheem Run Game,http://www.kongregate.com/games/jawadsatti/chota-bheem-run-game,www.kongregate.com/games/jawadsatti/chota-bheem-run-game,1,14,2014-09-05,2014-09-05,2026-06-30,live_metrics_json,not_checked,has_metrics,2,0,0,2,,,0,0,0,,,exact_metrics_no_cached_cdx_rows,0,0,0,0,0,0,Run a bounded exact metrics CDX check before escalating.
1608,Texas instruments calculator/clock,http://www.kongregate.com/games/JoeB59/texas-instruments-calculator-clock,www.kongregate.com/games/joeb59/texas-instruments-calculator-clock,1,14,2014-09-12,2014-09-12,2026-06-30,live_metrics_json,not_checked,has_metrics,2,0,0,2,,,0,0,0,,,exact_metrics_no_cached_cdx_rows,0,0,0,0,0,0,Run a bounded exact metrics CDX check before escalating.
1609,EVoiders,http://www.kongregate.com/games/MatthewC272/evoiders,www.kongregate.com/games/matthewc272/evoiders,1,14,2014-09-14,2014-09-14,2026-06-30,live_metrics_json,not_checked,has_metrics,2,0,0,2,,,0,0,0,,,exact_metrics_no_cached_cdx_rows,0,0,0,0,0,0,Run a bounded exact metrics CDX check before escalating.
1610,Airline Service,http://www.kongregate.com/games/HyoungukK/airline-service,www.kongregate.com/games/hyoungukk/airline-service,1,14,2014-09-19,2014-09-19,2022-11-23,metrics_json,not_checked,has_metrics,2,0,0,2,,,0,0,0,,,exact_metrics_no_cached_cdx_rows,0,0,0,0,0,0,Run a bounded exact metrics CDX check before escalating.
1611,Hard Case,http://www.kongregate.com/games/azad187/hard-case,www.kongregate.com/games/azad187/hard-case,1,14,2014-09-20,2014-09-20,2026-06-30,live_metrics_json,not_checked,has_metrics,2,0,0,2,,,0,0,0,,,exact_metrics_no_cached_cdx_rows,0,0,0,0,0,0,Run a bounded exact metrics CDX check before escalating.
1612,Penta Cake,http://www.kongregate.com/games/nukermage/penta-cake,www.kongregate.com/games/nukermage/penta-cake,1,14,2014-09-26,2014-09-26,2026-06-30,live_metrics_json,not_checked,has_metrics,2,0,0,2,,,0,0,0,,,exact_metrics_no_cached_cdx_rows,0,0,0,0,0,0,Run a bounded exact metrics CDX check before escalating.
1613,Troll Tale,http://www.kongregate.com/games/pitergames/troll-tale,www.kongregate.com/games/pitergames/troll-tale,1,14,2014-09-26,2014-09-26,2026-06-30,live_metrics_json,not_checked,has_metrics,2,0,0,2,,,0,0,0,,,exact_metrics_no_cached_cdx_rows,0,0,0,0,0,0,Run a bounded exact metrics CDX check before escalating.
1614,Pets Swap,http://www.kongregate.com/games/ozdy/pets-swap,www.kongregate.com/games/ozdy/pets-swap,1,14,2014-10-03,2014-10-03,2026-06-29,live_metrics_json,not_checked,has_metrics,2,0,0,2,,,0,0,0,,,exact_metrics_no_cached_cdx_rows,0,0,0,0,0,0,Run a bounded exact metrics CDX check before escalating.
1615,Lucas vs Crocodile,http://www.kongregate.com/games/therobby3/lucas-vs-crocodile,www.kongregate.com/games/therobby3/lucas-vs-crocodile,1,14,2014-10-10,2014-10-10,2026-06-30,live_metrics_json,not_checked,has_metrics,2,0,0,2,,,0,0,0,,,exact_metrics_no_cached_cdx_rows,0,0,0,0,0,0,Run a bounded exact metrics CDX check before escalating.
1616,Speed Taxi Hidden Letters,http://www.kongregate.com/games/newgamess/speed-taxi-hidden-letters,www.kongregate.com/games/newgamess/speed-taxi-hidden-letters,1,14,2014-10-13,2014-10-13,2026-06-30,live_metrics_json,not_checked,has_metrics,2,0,0,2,,,0,0,0,,,exact_metrics_no_cached_cdx_rows,0,0,0,0,0,0,Run a bounded exact metrics CDX check before escalating.
1617,Flappy Rush,http://www.kongregate.com/games/funnychasegames/flappy-rush,www.kongregate.com/games/funnychasegames/flappy-rush,1,14,2014-10-17,2014-10-17,2026-06-30,live_metrics_json,not_checked,has_metrics,2,0,0,2,,,0,0,0,,,exact_metrics_no_cached_cdx_rows,0,0,0,0,0,0,Run a bounded exact metrics CDX check before escalating.
1618,Mambo vs Pronger,http://www.kongregate.com/games/spookymcslave/mambo-vs-pronger,www.kongregate.com/games/spookymcslave/mambo-vs-pronger,1,14,2014-10-24,2014-10-24,2026-06-30,live_metrics_json,not_checked,has_metrics,2,0,0,2,,,0,0,0,,,exact_metrics_no_cached_cdx_rows,0,0,0,0,0,0,Run a bounded exact metrics CDX check before escalating.
1619,Shotfirer,http://www.kongregate.com/games/KirIgnatev/shotfirer,www.kongregate.com/games/kirignatev/shotfirer,1,14,2014-10-29,2014-10-29,2026-06-30,live_metrics_json,not_checked,has_metrics,2,0,0,2,,,0,0,0,,,exact_metrics_no_cached_cdx_rows,0,0,0,0,0,0,Run a bounded exact metrics CDX check before escalating.
1620,Spooky John,http://www.kongregate.com/games/NoBodyAdam/spooky-john,www.kongregate.com/games/nobodyadam/spooky-john,1,14,2014-10-31,2014-10-31,2026-06-30,live_metrics_json,not_checked,has_metrics,2,0,0,2,,,0,0,0,,,exact_metrics_no_cached_cdx_rows,0,0,0,0,0,0,Run a bounded exact metrics CDX check before escalating.
1621,XSpot,http://www.kongregate.com/games/LONDONLAD/xspot,www.kongregate.com/games/londonlad/xspot,1,14,2014-11-11,2014-11-11,2026-06-30,live_metrics_json,not_checked,has_metrics,2,0,0,2,,,0,0,0,,,exact_metrics_no_cached_cdx_rows,0,0,0,0,0,0,Run a bounded exact metrics CDX check before escalating.
1622,Jungle Wars,http://www.kongregate.com/games/tensquaregames/jungle-wars,www.kongregate.com/games/tensquaregames/jungle-wars,1,14,2014-11-25,2014-11-25,2023-04-08,metrics_json,not_checked,has_metrics,2,0,0,2,,,0,0,0,,,exact_metrics_no_cached_cdx_rows,0,0,0,0,0,0,Run a bounded exact metrics CDX check before escalating.
1623,Stupid Hero,http://www.kongregate.com/games/tungnguyendev/stupid-hero,www.kongregate.com/games/tungnguyendev/stupid-hero,1,14,2014-12-02,2014-12-02,2026-06-30,live_metrics_json,not_checked,has_metrics,2,0,0,2,,,0,0,0,,,exact_metrics_no_cached_cdx_rows,0,0,0,0,0,0,Run a bounded exact metrics CDX check before escalating.
1624,Platform 31,http://www.kongregate.com/games/Rodaja/platform-31,www.kongregate.com/games/rodaja/platform-31,1,14,2014-12-10,2014-12-10,2026-06-30,live_metrics_json,not_checked,has_metrics,2,0,0,2,,,0,0,0,,,exact_metrics_no_cached_cdx_rows,0,0,0,0,0,0,Run a bounded exact metrics CDX check before escalating.
1625,Lava Car Escape,http://www.kongregate.com/games/gamolition/lava-car-escape,www.kongregate.com/games/gamolition/lava-car-escape,1,14,2014-12-17,2014-12-17,2026-06-30,live_metrics_json,not_checked,has_metrics,2,0,0,2,,,0,0,0,,,exact_metrics_no_cached_cdx_rows,0,0,0,0,0,0,Run a bounded exact metrics CDX check before escalating.
1626,Escape the Hotel Room,http://www.kongregate.com/games/ktm00/escape-the-hotel-room,www.kongregate.com/games/ktm00/escape-the-hotel-room,1,14,2014-12-28,2014-12-28,2026-06-30,live_metrics_json,not_checked,has_metrics,2,0,0,2,,,0,0,0,,,exact_metrics_no_cached_cdx_rows,0,0,0,0,0,0,Run a bounded exact metrics CDX check before escalating.
1627,Color,http://www.kongregate.com/games/sampearce8/color,www.kongregate.com/games/sampearce8/color,1,14,2014-12-30,2014-12-30,2026-06-30,live_metrics_json,not_checked,has_metrics,2,0,0,2,,,0,0,0,,,exact_metrics_no_cached_cdx_rows,0,0,0,0,0,0,Run a bounded exact metrics CDX check before escalating.
1628,EggCatcher,http://www.kongregate.com/games/StupidPiglet_com/eggcatcher,www.kongregate.com/games/stupidpiglet_com/eggcatcher,1,14,2015-04-01,2015-04-01,2026-06-30,live_metrics_json,not_checked,has_metrics,2,0,0,2,,,0,0,0,,,exact_metrics_no_cached_cdx_rows,0,0,0,0,0,0,Run a bounded exact metrics CDX check before escalating.
1629,Book of Shadows,http://www.kongregate.com/games/SandraKim/book-of-shadows,www.kongregate.com/games/sandrakim/book-of-shadows,1,14,2015-09-14,2015-09-14,2026-06-30,live_metrics_json,not_checked,has_metrics,2,0,0,2,,,0,0,0,,,exact_metrics_no_cached_cdx_rows,0,0,0,0,0,0,Run a bounded exact metrics CDX check before escalating.
1630,Ping Pong Survival,http://www.kongregate.com/games/kidsgamess/ping-pong-survival,www.kongregate.com/games/kidsgamess/ping-pong-survival,1,14,2015-09-15,2015-09-15,2026-06-30,live_metrics_json,not_checked,has_metrics,2,0,0,2,,,0,0,0,,,exact_metrics_no_cached_cdx_rows,0,0,0,0,0,0,Run a bounded exact metrics CDX check before escalating.
1631,Baby Sophia Haircut,http://www.kongregate.com/games/MarkAntony/baby-sophia-haircut,www.kongregate.com/games/markantony/baby-sophia-haircut,1,14,2015-09-23,2015-09-23,2026-06-30,live_metrics_json,not_checked,has_metrics,2,0,0,2,,,0,0,0,,,exact_metrics_no_cached_cdx_rows,0,0,0,0,0,0,Run a bounded exact metrics CDX check before escalating.
1632,ODC: One Click Daily,http://www.kongregate.com/games/HyperHippoGames/odc-one-click-daily,www.kongregate.com/games/hyperhippogames/odc-one-click-daily,1,14,2015-09-30,2015-09-30,2026-06-30,live_metrics_json,not_checked,has_metrics,2,0,0,2,,,0,0,0,,,exact_metrics_no_cached_cdx_rows,0,0,0,0,0,0,Run a bounded exact metrics CDX check before escalating.
1633,Five Nights At Freddy's 1 Pacman,http://www.kongregate.com/games/The531stGamer/five-nights-at-freddys-1-pacman,www.kongregate.com/games/the531stgamer/five-nights-at-freddys-1-pacman,1,14,2015-12-05,2015-12-05,2026-06-30,live_metrics_json,not_checked,has_metrics,2,0,0,2,,,0,0,0,,,exact_metrics_no_cached_cdx_rows,0,0,0,0,0,0,Run a bounded exact metrics CDX check before escalating.
1634,Escape if u Can 2D game,http://www.kongregate.com/games/Amber6794/escape-if-u-can-2d-game,www.kongregate.com/games/amber6794/escape-if-u-can-2d-game,1,14,2015-12-18,2015-12-18,2026-06-30,live_metrics_json,not_checked,has_metrics,2,0,0,2,,,0,0,0,,,exact_metrics_no_cached_cdx_rows,0,0,0,0,0,0,Run a bounded exact metrics CDX check before escalating.
1635,BeatDash,http://www.kongregate.com/games/TahirG8/beatdash,www.kongregate.com/games/tahirg8/beatdash,1,14,2015-12-26,2015-12-26,2026-06-30,live_metrics_json,not_checked,has_metrics,2,0,0,2,,,0,0,0,,,exact_metrics_no_cached_cdx_rows,0,0,0,0,0,0,Run a bounded exact metrics CDX check before escalating.
1636,Alien Hunt,http://www.kongregate.com/games/3rimgames/alien-hunt,www.kongregate.com/games/3rimgames/alien-hunt,1,14,2016-01-02,2016-01-02,2026-06-30,live_metrics_json,not_checked,has_metrics,2,0,0,2,,,0,0,0,,,exact_metrics_no_cached_cdx_rows,0,0,0,0,0,0,Run a bounded exact metrics CDX check before escalating.
1637,Man versus the universe,http://www.kongregate.com/games/ELespio/man-versus-the-universe,www.kongregate.com/games/elespio/man-versus-the-universe,1,14,2016-01-16,2016-01-16,2026-06-30,live_metrics_json,not_checked,has_metrics,2,0,0,2,,,0,0,0,,,exact_metrics_no_cached_cdx_rows,0,0,0,0,0,0,Run a bounded exact metrics CDX check before escalating.
1638,Jake the Pirate Hook,http://www.kongregate.com/games/jakejuegos/jake-the-pirate-hook,www.kongregate.com/games/jakejuegos/jake-the-pirate-hook,1,14,2016-01-25,2016-01-25,2026-06-30,live_metrics_json,not_checked,has_metrics,2,0,0,2,,,0,0,0,,,exact_metrics_no_cached_cdx_rows,0,0,0,0,0,0,Run a bounded exact metrics CDX check before escalating.
1639,Up to the Sky,http://www.kongregate.com/games/hhh3112/up-to-the-sky,www.kongregate.com/games/hhh3112/up-to-the-sky,1,14,2016-02-02,2016-02-02,2026-06-30,live_metrics_json,not_checked,has_metrics,2,0,0,2,,,0,0,0,,,exact_metrics_no_cached_cdx_rows,0,0,0,0,0,0,Run a bounded exact metrics CDX check before escalating.
1640,Midas' Gold Plus,http://www.kongregate.com/games/HolydayStudios/midas-gold-plus,www.kongregate.com/games/holydaystudios/midas-gold-plus,1,14,2016-02-17,2016-02-17,2016-03-14,metrics_json,not_checked,has_metrics,2,0,0,2,,,0,0,0,,,exact_metrics_no_cached_cdx_rows,0,0,0,0,0,0,Run a bounded exact metrics CDX check before escalating.
1641,ZType,http://www.kongregate.com/games/PhobosLab/ztype,www.kongregate.com/games/phoboslab/ztype,1,14,2016-02-28,2016-02-28,2026-06-30,live_metrics_json,not_checked,has_metrics,2,0,0,2,,,0,0,0,,,exact_metrics_no_cached_cdx_rows,0,0,0,0,0,0,Run a bounded exact metrics CDX check before escalating.
1642,La invasión de los arqueros,http://www.kongregate.com/games/thays36/la-invasi-n-de-los-arqueros,www.kongregate.com/games/thays36/la-invasi-n-de-los-arqueros,1,14,2016-03-05,2016-03-05,2026-06-30,live_metrics_json,not_checked,has_metrics,2,0,0,2,,,0,0,0,,,exact_metrics_no_cached_cdx_rows,0,0,0,0,0,0,Run a bounded exact metrics CDX check before escalating.
1643,Roadkill Revenge,http://www.kongregate.com/games/kizigames/roadkill-revenge,www.kongregate.com/games/kizigames/roadkill-revenge,1,14,2016-03-07,2016-03-07,2020-03-24,metrics_json,not_checked,has_metrics,2,0,0,2,,,0,0,0,,,exact_metrics_no_cached_cdx_rows,0,0,0,0,0,0,Run a bounded exact metrics CDX check before escalating.
1644,Fire hit .Beta,http://www.kongregate.com/games/deivisonGamerBr/fire-hit-beta,www.kongregate.com/games/deivisongamerbr/fire-hit-beta,1,14,2016-03-16,2016-03-16,2026-06-30,live_metrics_json,not_checked,has_metrics,2,0,0,2,,,0,0,0,,,exact_metrics_no_cached_cdx_rows,0,0,0,0,0,0,Run a bounded exact metrics CDX check before escalating.
1645,MafiaBattle,http://www.kongregate.com/games/mafiabattle/mafiabattle,www.kongregate.com/games/mafiabattle/mafiabattle,1,14,2016-03-20,2016-03-20,2026-06-30,live_metrics_json,not_checked,has_metrics,2,0,0,2,,,0,0,0,,,exact_metrics_no_cached_cdx_rows,0,0,0,0,0,0,Run a bounded exact metrics CDX check before escalating.
1646,Employee of the month,http://www.kongregate.com/games/SandraKim/employee-of-the-month,www.kongregate.com/games/sandrakim/employee-of-the-month,1,14,2016-03-24,2016-03-24,2026-06-30,live_metrics_json,not_checked,has_metrics,2,0,0,2,,,0,0,0,,,exact_metrics_no_cached_cdx_rows,0,0,0,0,0,0,Run a bounded exact metrics CDX check before escalating.
1647,Fun With Physics (1.1),http://www.kongregate.com/games/boblova/fun-with-physics-1-1,www.kongregate.com/games/boblova/fun-with-physics-1-1,1,14,2016-05-15,2016-05-15,2026-06-30,live_metrics_json,not_checked,has_metrics,2,0,0,2,,,0,0,0,,,exact_metrics_no_cached_cdx_rows,0,0,0,0,0,0,Run a bounded exact metrics CDX check before escalating.
1648,Soke,http://www.kongregate.com/games/josehzz/soke,www.kongregate.com/games/josehzz/soke,1,14,2016-06-05,2016-06-05,2026-06-30,live_metrics_json,not_checked,has_metrics,2,0,0,2,,,0,0,0,,,exact_metrics_no_cached_cdx_rows,0,0,0,0,0,0,Run a bounded exact metrics CDX check before escalating.
1649,Empire Defender 7,http://www.kongregate.com/games/thegames8dotcom/empire-defender-7,www.kongregate.com/games/thegames8dotcom/empire-defender-7,1,14,2016-06-13,2016-06-13,2026-06-30,live_metrics_json,not_checked,has_metrics,2,0,0,2,,,0,0,0,,,exact_metrics_no_cached_cdx_rows,0,0,0,0,0,0,Run a bounded exact metrics CDX check before escalating.
1650,MazeGame,http://www.kongregate.com/games/Geagles/mazegame,www.kongregate.com/games/geagles/mazegame,1,14,2016-06-22,2016-06-22,2026-06-30,live_metrics_json,not_checked,has_metrics,2,0,0,2,,,0,0,0,,,exact_metrics_no_cached_cdx_rows,0,0,0,0,0,0,Run a bounded exact metrics CDX check before escalating.
1651,ittwbi attempt 2,http://www.kongregate.com/games/EGees/ittwbi-attempt-2,www.kongregate.com/games/egees/ittwbi-attempt-2,1,14,2016-06-29,2016-06-29,2026-06-30,live_metrics_json,not_checked,has_metrics,2,0,0,2,,,0,0,0,,,exact_metrics_no_cached_cdx_rows,0,0,0,0,0,0,Run a bounded exact metrics CDX check before escalating.
1652,Multiplayer Island Survivel RPG,http://www.kongregate.com/games/sandrudarius/multiplayer-island-survivel-rpg,www.kongregate.com/games/sandrudarius/multiplayer-island-survivel-rpg,1,14,2016-07-07,2016-07-07,2026-06-30,live_metrics_json,not_checked,has_metrics,2,0,0,2,,,0,0,0,,,exact_metrics_no_cached_cdx_rows,0,0,0,0,0,0,Run a bounded exact metrics CDX check before escalating.
1653,Insane - hardcore physics puzzle-platformer,http://www.kongregate.com/games/Studionum43/insane-hardcore-physics-puzzle-platformer,www.kongregate.com/games/studionum43/insane-hardcore-physics-puzzle-platformer,1,14,2016-07-14,2016-07-14,2026-06-30,live_metrics_json,not_checked,has_metrics,2,0,0,2,,,0,0,0,,,exact_metrics_no_cached_cdx_rows,0,0,0,0,0,0,Run a bounded exact metrics CDX check before escalating.
1654,PONG,http://www.kongregate.com/games/BorysK20/pong,www.kongregate.com/games/borysk20/pong,1,14,2016-07-20,2016-07-20,2026-06-30,live_metrics_json,not_checked,has_metrics,2,0,0,2,,,0,0,0,,,exact_metrics_no_cached_cdx_rows,0,0,0,0,0,0,Run a bounded exact metrics CDX check before escalating.
1655,Who Can Escape The House,http://www.kongregate.com/games/rahchel321/who-can-escape-the-house,www.kongregate.com/games/rahchel321/who-can-escape-the-house,1,14,2016-07-27,2016-07-27,2026-06-30,live_metrics_json,not_checked,has_metrics,2,0,0,2,,,0,0,0,,,exact_metrics_no_cached_cdx_rows,0,0,0,0,0,0,Run a bounded exact metrics CDX check before escalating.
1656,Unblocking,http://www.kongregate.com/games/comrad_gremlin/unblocking,www.kongregate.com/games/comrad_gremlin/unblocking,1,14,2016-08-05,2016-08-05,2026-06-30,live_metrics_json,not_checked,has_metrics,2,0,0,2,,,0,0,0,,,exact_metrics_no_cached_cdx_rows,0,0,0,0,0,0,Run a bounded exact metrics CDX check before escalating.
1657,Famous Paintings Parodies 2,http://www.kongregate.com/games/Munguia/famous-paintings-parodies-2,www.kongregate.com/games/munguia/famous-paintings-parodies-2,1,14,2016-08-13,2016-08-13,2026-06-30,live_metrics_json,not_checked,has_metrics,2,0,0,2,,,0,0,0,,,exact_metrics_no_cached_cdx_rows,0,0,0,0,0,0,Run a bounded exact metrics CDX check before escalating.
1658,Trash King,http://www.kongregate.com/games/BrrrIce/trash-king,www.kongregate.com/games/brrrice/trash-king,1,14,2016-08-28,2016-08-28,2026-06-30,live_metrics_json,not_checked,has_metrics,2,0,0,2,,,0,0,0,,,exact_metrics_no_cached_cdx_rows,0,0,0,0,0,0,Run a bounded exact metrics CDX check before escalating.
1659,Super Trucks 3D,http://www.kongregate.com/games/Chilican/super-trucks-3d,www.kongregate.com/games/chilican/super-trucks-3d,1,14,2016-09-03,2016-09-03,2026-06-30,live_metrics_json,not_checked,has_metrics,2,0,0,2,,,0,0,0,,,exact_metrics_no_cached_cdx_rows,0,0,0,0,0,0,Run a bounded exact metrics CDX check before escalating.
1660,Escape Rooms 1,http://www.kongregate.com/games/rahchel321/escape-rooms-1,www.kongregate.com/games/rahchel321/escape-rooms-1,1,14,2016-09-16,2016-09-16,2026-06-30,live_metrics_json,not_checked,has_metrics,2,0,0,2,,,0,0,0,,,exact_metrics_no_cached_cdx_rows,0,0,0,0,0,0,Run a bounded exact metrics CDX check before escalating.
1661,"No More ""Terrorism""",http://www.kongregate.com/games/KarlJ86/no-more-terrorism,www.kongregate.com/games/karlj86/no-more-terrorism,1,14,2016-09-17,2016-09-17,2026-06-30,live_metrics_json,not_checked,has_metrics,2,0,0,2,,,0,0,0,,,exact_metrics_no_cached_cdx_rows,0,0,0,0,0,0,Run a bounded exact metrics CDX check before escalating.
1662,Sandbox Game,http://www.kongregate.com/games/JishTNM/sandbox-game,www.kongregate.com/games/jishtnm/sandbox-game,1,14,2016-09-23,2016-09-23,2026-06-30,live_metrics_json,not_checked,has_metrics,2,0,0,2,,,0,0,0,,,exact_metrics_no_cached_cdx_rows,0,0,0,0,0,0,Run a bounded exact metrics CDX check before escalating.
1663,Squares TinRune,http://www.kongregate.com/games/TinRune/squares-tinrune,www.kongregate.com/games/tinrune/squares-tinrune,1,14,2016-10-04,2016-10-04,2026-06-30,live_metrics_json,not_checked,has_metrics,2,0,0,2,,,0,0,0,,,exact_metrics_no_cached_cdx_rows,0,0,0,0,0,0,Run a bounded exact metrics CDX check before escalating.
1664,Emergency Ninja Training,http://www.kongregate.com/games/ViniAleixo/emergency-ninja-training,www.kongregate.com/games/vinialeixo/emergency-ninja-training,1,14,2016-10-17,2016-10-17,2026-06-30,live_metrics_json,not_checked,has_metrics,2,0,0,2,,,0,0,0,,,exact_metrics_no_cached_cdx_rows,0,0,0,0,0,0,Run a bounded exact metrics CDX check before escalating.
1665,Halloween Why Lucent Skull,http://www.kongregate.com/games/Enagamess/halloween-why-lucent-skull,www.kongregate.com/games/enagamess/halloween-why-lucent-skull,1,14,2016-10-18,2016-10-18,2026-06-30,live_metrics_json,not_checked,has_metrics,2,0,0,2,,,0,0,0,,,exact_metrics_no_cached_cdx_rows,0,0,0,0,0,0,Run a bounded exact metrics CDX check before escalating.
1666,Trick the Cat,http://www.kongregate.com/games/balbal1/trick-the-cat,www.kongregate.com/games/balbal1/trick-the-cat,1,14,2016-10-24,2016-10-24,2026-06-30,live_metrics_json,not_checked,has_metrics,2,0,0,2,,,0,0,0,,,exact_metrics_no_cached_cdx_rows,0,0,0,0,0,0,Run a bounded exact metrics CDX check before escalating.
1667,clicker farm,http://www.kongregate.com/games/12345102/clicker-farm,www.kongregate.com/games/12345102/clicker-farm,1,14,2016-10-30,2016-10-30,2026-06-30,live_metrics_json,not_checked,has_metrics,2,0,0,2,,,0,0,0,,,exact_metrics_no_cached_cdx_rows,0,0,0,0,0,0,Run a bounded exact metrics CDX check before escalating.
1668,Area 51 Aliens,http://www.kongregate.com/games/CrazyEscapeGames/area-51-aliens,www.kongregate.com/games/crazyescapegames/area-51-aliens,1,14,2017-05-05,2017-05-05,2026-06-30,live_metrics_json,not_checked,has_metrics,2,0,0,2,,,0,0,0,,,exact_metrics_no_cached_cdx_rows,0,0,0,0,0,0,Run a bounded exact metrics CDX check before escalating.
1669,Perfect Aim,http://www.kongregate.com/games/Brunuu/perfect-aim,www.kongregate.com/games/brunuu/perfect-aim,1,14,2017-05-16,2017-05-16,2026-06-30,live_metrics_json,not_checked,has_metrics,2,0,0,2,,,0,0,0,,,exact_metrics_no_cached_cdx_rows,0,0,0,0,0,0,Run a bounded exact metrics CDX check before escalating.
1670,Knf Escape With Boat From Villa,http://www.kongregate.com/games/knfescapegame/knf-escape-with-boat-from-villa,www.kongregate.com/games/knfescapegame/knf-escape-with-boat-from-villa,1,14,2017-05-25,2017-05-25,2026-06-30,live_metrics_json,not_checked,has_metrics,2,0,0,2,,,0,0,0,,,exact_metrics_no_cached_cdx_rows,0,0,0,0,0,0,Run a bounded exact metrics CDX check before escalating.
1671,KoGaMa: WAR 4,http://www.kongregate.com/games/CaptainJens/kogama-war-4,www.kongregate.com/games/captainjens/kogama-war-4,1,14,2017-05-26,2017-05-26,2026-06-30,live_metrics_json,not_checked,has_metrics,2,0,0,2,,,0,0,0,,,exact_metrics_no_cached_cdx_rows,0,0,0,0,0,0,Run a bounded exact metrics CDX check before escalating.
1672,Flying Snake,http://www.kongregate.com/games/JimGiant/flying-snake,www.kongregate.com/games/jimgiant/flying-snake,1,14,2017-06-04,2017-06-04,2026-06-30,live_metrics_json,not_checked,has_metrics,2,0,0,2,,,0,0,0,,,exact_metrics_no_cached_cdx_rows,0,0,0,0,0,0,Run a bounded exact metrics CDX check before escalating.
1673,Wings Of Infinity,http://www.kongregate.com/games/Enagamess/wings-of-infinity,www.kongregate.com/games/enagamess/wings-of-infinity,1,14,2017-06-25,2017-06-25,2026-06-30,live_metrics_json,not_checked,has_metrics,2,0,0,2,,,0,0,0,,,exact_metrics_no_cached_cdx_rows,0,0,0,0,0,0,Run a bounded exact metrics CDX check before escalating.
1674,Survival Sandbox Simulator,http://www.kongregate.com/games/orndotio/survival-sandbox-simulator,www.kongregate.com/games/orndotio/survival-sandbox-simulator,1,14,2017-07-03,2017-07-03,2026-06-30,live_metrics_json,not_checked,has_metrics,2,0,0,2,,,0,0,0,,,exact_metrics_no_cached_cdx_rows,0,0,0,0,0,0,Run a bounded exact metrics CDX check before escalating.
1675,MadrugaHalla,http://www.kongregate.com/games/TaiguaraGuerra/madrugahalla,www.kongregate.com/games/taiguaraguerra/madrugahalla,1,14,2017-07-12,2017-07-12,2026-06-30,live_metrics_json,not_checked,has_metrics,2,0,0,2,,,0,0,0,,,exact_metrics_no_cached_cdx_rows,0,0,0,0,0,0,Run a bounded exact metrics CDX check before escalating.
1676,Moana Appendicitis Surgery,http://www.kongregate.com/games/k25507891/moana-appendicitis-surgery,www.kongregate.com/games/k25507891/moana-appendicitis-surgery,1,14,2017-07-28,2017-07-28,2026-06-30,live_metrics_json,not_checked,has_metrics,2,0,0,2,,,0,0,0,,,exact_metrics_no_cached_cdx_rows,0,0,0,0,0,0,Run a bounded exact metrics CDX check before escalating.
1677,Escape Game Love Fever,http://www.kongregate.com/games/ajazgames/escape-game-love-fever,www.kongregate.com/games/ajazgames/escape-game-love-fever,1,14,2017-07-29,2017-07-29,2026-06-30,live_metrics_json,not_checked,has_metrics,2,0,0,2,,,0,0,0,,,exact_metrics_no_cached_cdx_rows,0,0,0,0,0,0,Run a bounded exact metrics CDX check before escalating.
1678,Cannon Lord,http://www.kongregate.com/games/Herlyke/cannon-lord,www.kongregate.com/games/herlyke/cannon-lord,1,14,2017-08-05,2017-08-05,2026-06-30,live_metrics_json,not_checked,has_metrics,2,0,0,2,,,0,0,0,,,exact_metrics_no_cached_cdx_rows,0,0,0,0,0,0,Run a bounded exact metrics CDX check before escalating.
1679,Hexa_Match,http://www.kongregate.com/games/PasKuda13/hexa-match,www.kongregate.com/games/paskuda13/hexa-match,1,14,2017-08-11,2017-08-11,2024-05-10,metrics_json,not_checked,has_metrics,2,0,0,2,,,0,0,0,,,exact_metrics_no_cached_cdx_rows,0,0,0,0,0,0,Run a bounded exact metrics CDX check before escalating.
1680,Beast in the cave.,http://www.kongregate.com/games/minininja956/beast-in-the-cave,www.kongregate.com/games/minininja956/beast-in-the-cave,1,14,2017-08-17,2017-08-17,2026-06-30,live_metrics_json,not_checked,has_metrics,2,0,0,2,,,0,0,0,,,exact_metrics_no_cached_cdx_rows,0,0,0,0,0,0,Run a bounded exact metrics CDX check before escalating.
1681,Nights Within Zombies,http://www.kongregate.com/games/alaanasro1337/nights-within-zombies,www.kongregate.com/games/alaanasro1337/nights-within-zombies,1,14,2017-08-23,2017-08-23,2026-06-30,live_metrics_json,not_checked,has_metrics,2,0,0,2,,,0,0,0,,,exact_metrics_no_cached_cdx_rows,0,0,0,0,0,0,Run a bounded exact metrics CDX check before escalating.
1682,Zombie vs Janitor,http://www.kongregate.com/games/brvasil/zombie-vs-janitor,www.kongregate.com/games/brvasil/zombie-vs-janitor,1,14,2017-08-25,2017-08-25,2026-06-30,live_metrics_json,not_checked,has_metrics,2,0,0,2,,,0,0,0,,,exact_metrics_no_cached_cdx_rows,0,0,0,0,0,0,Run a bounded exact metrics CDX check before escalating.
1683,Nirvana Pilot Yume Promo,http://www.kongregate.com/games/Dev9K/nirvana-pilot-yume-promo,www.kongregate.com/games/dev9k/nirvana-pilot-yume-promo,1,14,2017-09-04,2017-09-04,2026-06-30,live_metrics_json,not_checked,has_metrics,2,0,0,2,,,0,0,0,,,exact_metrics_no_cached_cdx_rows,0,0,0,0,0,0,Run a bounded exact metrics CDX check before escalating.
1684,F.H. Memento: Love Beyond,http://www.kongregate.com/games/FMStudio/f-h-memento-love-beyond,www.kongregate.com/games/fmstudio/f-h-memento-love-beyond,1,14,2017-09-13,2017-09-13,2026-06-30,live_metrics_json,not_checked,has_metrics,2,0,0,2,,,0,0,0,,,exact_metrics_no_cached_cdx_rows,0,0,0,0,0,0,Run a bounded exact metrics CDX check before escalating.
1685,Winged Wheels,http://www.kongregate.com/games/Tenfor/winged-wheels,www.kongregate.com/games/tenfor/winged-wheels,1,14,2017-09-20,2017-09-20,2026-06-30,live_metrics_json,not_checked,has_metrics,2,0,0,2,,,0,0,0,,,exact_metrics_no_cached_cdx_rows,0,0,0,0,0,0,Run a bounded exact metrics CDX check before escalating.
1686,Dragon Quest,http://www.kongregate.com/games/Andreu1415/dragon-quest,www.kongregate.com/games/andreu1415/dragon-quest,1,14,2017-09-30,2017-09-30,2026-06-30,live_metrics_json,not_checked,has_metrics,2,0,0,2,,,0,0,0,,,exact_metrics_no_cached_cdx_rows,0,0,0,0,0,0,Run a bounded exact metrics CDX check before escalating.
1687,Escape From Ghost House,http://www.kongregate.com/games/top10newgames/escape-from-ghost-house,www.kongregate.com/games/top10newgames/escape-from-ghost-house,1,14,2017-10-08,2017-10-08,2026-06-30,live_metrics_json,not_checked,has_metrics,2,0,0,2,,,0,0,0,,,exact_metrics_no_cached_cdx_rows,0,0,0,0,0,0,Run a bounded exact metrics CDX check before escalating.
1688,Idle Photosynthesis,http://www.kongregate.com/games/Qmario1/idle-photosynthesis,www.kongregate.com/games/qmario1/idle-photosynthesis,1,14,2017-10-15,2017-10-15,2026-06-30,live_metrics_json,not_checked,has_metrics,2,0,0,2,,,0,0,0,,,exact_metrics_no_cached_cdx_rows,0,0,0,0,0,0,Run a bounded exact metrics CDX check before escalating.
1689,Fotis putsos,http://www.kongregate.com/games/GiwrgosCh/fotis-putsos,www.kongregate.com/games/giwrgosch/fotis-putsos,1,14,2017-10-24,2017-10-24,2026-06-30,live_metrics_json,not_checked,has_metrics,2,0,0,2,,,0,0,0,,,exact_metrics_no_cached_cdx_rows,0,0,0,0,0,0,Run a bounded exact metrics CDX check before escalating.
1690,Roller Runner,http://www.kongregate.com/games/RM2369/roller-runner,www.kongregate.com/games/rm2369/roller-runner,1,14,2017-11-06,2017-11-06,2026-06-30,live_metrics_json,not_checked,has_metrics,2,0,0,2,,,0,0,0,,,exact_metrics_no_cached_cdx_rows,0,0,0,0,0,0,Run a bounded exact metrics CDX check before escalating.
1691,Wizard (And Minion) Idle,https://www.kongregate.com/games/Oninou/wami,www.kongregate.com/games/oninou/wami,1,14,2018-12-22,2018-12-22,2019-02-05,metrics_json,not_checked,has_metrics,2,0,0,2,,,0,0,0,,,exact_metrics_no_cached_cdx_rows,0,0,0,0,0,0,Run a bounded exact metrics CDX check before escalating.
1692,Gravity Game - Charity Edition,https://www.kongregate.com/games/NessieGaming/gravity-game-charity-edition,www.kongregate.com/games/nessiegaming/gravity-game-charity-edition,1,14,2019-08-25,2019-08-25,2026-06-30,live_metrics_json,not_checked,has_metrics,2,0,0,2,,,0,0,0,,,exact_metrics_no_cached_cdx_rows,0,0,0,0,0,0,Run a bounded exact metrics CDX check before escalating.
1693,Idle Sword 2,http://www.kongregate.com/games/laFunk/idle-sword-2,www.kongregate.com/games/lafunk/idle-sword-2,3,15,2017-01-05,2017-01-14,2017-02-08,metrics_json,not_checked,has_metrics,2,0,0,2,,,0,0,0,,,exact_metrics_no_cached_cdx_rows,0,0,0,0,0,0,Run a bounded exact metrics CDX check before escalating.
1694,Burrito Bison: Launcha Libre,https://www.kongregate.com/games/JuicyBeast/burrito-bison-launcha-libre,www.kongregate.com/games/juicybeast/burrito-bison-launcha-libre,3,15,2017-03-04,2017-03-18,2018-04-06,metrics_json,not_checked,has_metrics,2,0,0,2,,,0,0,0,,,exact_metrics_no_cached_cdx_rows,0,0,0,0,0,0,Run a bounded exact metrics CDX check before escalating.
1695,Idle Blacksmith,http://www.kongregate.com/games/mrcaboom/idle-blacksmith,www.kongregate.com/games/mrcaboom/idle-blacksmith,7,17,2014-11-02,2015-01-10,2018-11-20,count_source_probe,not_checked,has_metrics,2,3,2,0,2018-11-20,2024-02-22,0,0,3,2018-11-20,1870738,exact_metrics_starts_after_missing_window,0,0,0,0,0,0,Exact metrics start too late; pursue broader list/account captures or external corroboration.
1696,Dope Slinger Tycoon,http://www.kongregate.com/games/JamesG466/dope-slinger-tycoon,www.kongregate.com/games/jamesg466/dope-slinger-tycoon,4,16,2017-05-06,2017-05-20,2021-12-09,metrics_json,not_checked,has_metrics,2,0,0,2,,,0,0,0,,,exact_metrics_no_cached_cdx_rows,0,0,0,0,0,0,Run a bounded exact metrics CDX check before escalating.
1697,Press The Button,https://www.kongregate.com/games/truefire/press-the-button,www.kongregate.com/games/truefire/press-the-button,6,17,2019-10-10,2019-11-07,2020-01-28,count_source_probe,not_checked,has_metrics,2,15,2,0,2020-01-28,2024-08-31,0,0,4,2020-01-28,889520,exact_metrics_starts_after_missing_window,0,0,0,0,0,0,Exact metrics start too late; pursue broader list/account captures or external corroboration.
1698,Curl Up and Fly!,http://www.kongregate.com/games/Kongregate/curl-up-and-fly,www.kongregate.com/games/kongregate/curl-up-and-fly,1,15,2014-08-22,2014-08-22,2017-07-24,metrics_json,not_checked,has_metrics,2,0,0,2,,,0,0,0,,,exact_metrics_no_cached_cdx_rows,0,0,0,0,0,0,Run a bounded exact metrics CDX check before escalating.
1699,Super Hair Salon,http://www.kongregate.com/games/oyunlar1com/super-hair-salon,www.kongregate.com/games/oyunlar1com/super-hair-salon,1,15,2014-08-22,2014-08-22,2026-06-30,live_metrics_json,not_checked,has_metrics,2,0,0,2,,,0,0,0,,,exact_metrics_no_cached_cdx_rows,0,0,0,0,0,0,Run a bounded exact metrics CDX check before escalating.
1700,Roller,http://www.kongregate.com/games/Naruku/roller,www.kongregate.com/games/naruku/roller,1,15,2014-08-26,2014-08-26,2026-06-30,live_metrics_json,not_checked,has_metrics,2,0,0,2,,,0,0,0,,,exact_metrics_no_cached_cdx_rows,0,0,0,0,0,0,Run a bounded exact metrics CDX check before escalating.
1701,Nami The Fox,http://www.kongregate.com/games/Tigrra/nami-the-fox,www.kongregate.com/games/tigrra/nami-the-fox,1,15,2014-08-29,2014-08-29,2026-06-30,live_metrics_json,not_checked,has_metrics,2,0,0,2,,,0,0,0,,,exact_metrics_no_cached_cdx_rows,0,0,0,0,0,0,Run a bounded exact metrics CDX check before escalating.
1702,Max Dirt Bike 3,http://www.kongregate.com/games/Saekism/max-dirt-bike-3,www.kongregate.com/games/saekism/max-dirt-bike-3,1,15,2014-09-02,2014-09-02,2026-06-30,live_metrics_json,not_checked,has_metrics,2,0,0,2,,,0,0,0,,,exact_metrics_no_cached_cdx_rows,0,0,0,0,0,0,Run a bounded exact metrics CDX check before escalating.
1703,My Fathers Hotel,http://www.kongregate.com/games/SandraKim/my-fathers-hotel,www.kongregate.com/games/sandrakim/my-fathers-hotel,1,15,2014-09-05,2014-09-05,2026-06-30,live_metrics_json,not_checked,has_metrics,2,0,0,2,,,0,0,0,,,exact_metrics_no_cached_cdx_rows,0,0,0,0,0,0,Run a bounded exact metrics CDX check before escalating.
1704,Guess the Number,http://www.kongregate.com/games/ruinmasters/guess-the-number,www.kongregate.com/games/ruinmasters/guess-the-number,1,15,2014-09-12,2014-09-12,2026-06-30,live_metrics_json,not_checked,has_metrics,2,0,0,2,,,0,0,0,,,exact_metrics_no_cached_cdx_rows,0,0,0,0,0,0,Run a bounded exact metrics CDX check before escalating.
1705,Dodger: Ragdoll Edition,http://www.kongregate.com/games/StaticHS/dodger-ragdoll-edition,www.kongregate.com/games/statichs/dodger-ragdoll-edition,1,15,2014-09-14,2014-09-14,2026-06-30,live_metrics_json,not_checked,has_metrics,2,0,0,2,,,0,0,0,,,exact_metrics_no_cached_cdx_rows,0,0,0,0,0,0,Run a bounded exact metrics CDX check before escalating.
1706,Beach Head Angry Birds,http://www.kongregate.com/games/hibiscus070133/beach-head-angry-birds,www.kongregate.com/games/hibiscus070133/beach-head-angry-birds,1,15,2014-09-19,2014-09-19,2026-06-30,live_metrics_json,not_checked,has_metrics,2,0,0,2,,,0,0,0,,,exact_metrics_no_cached_cdx_rows,0,0,0,0,0,0,Run a bounded exact metrics CDX check before escalating.
1707,Save The US President,http://www.kongregate.com/games/Enagamess/save-the-us-president,www.kongregate.com/games/enagamess/save-the-us-president,1,15,2014-09-20,2014-09-20,2026-06-30,live_metrics_json,not_checked,has_metrics,2,0,0,2,,,0,0,0,,,exact_metrics_no_cached_cdx_rows,0,0,0,0,0,0,Run a bounded exact metrics CDX check before escalating.
1708,Charmed in the Garden,http://www.kongregate.com/games/SandraKim/charmed-in-the-garden,www.kongregate.com/games/sandrakim/charmed-in-the-garden,1,15,2014-09-26,2014-09-26,2026-06-30,live_metrics_json,not_checked,has_metrics,2,0,0,2,,,0,0,0,,,exact_metrics_no_cached_cdx_rows,0,0,0,0,0,0,Run a bounded exact metrics CDX check before escalating.
1709,Destructodon,http://www.kongregate.com/games/BuffaloPhil/destructodon,www.kongregate.com/games/buffalophil/destructodon,1,15,2014-10-09,2014-10-09,2026-06-30,live_metrics_json,not_checked,has_metrics,2,0,0,2,,,0,0,0,,,exact_metrics_no_cached_cdx_rows,0,0,0,0,0,0,Run a bounded exact metrics CDX check before escalating.
1710,Mara Terminal Velocity,http://www.kongregate.com/games/Dakiu/mara-terminal-velocity,www.kongregate.com/games/dakiu/mara-terminal-velocity,1,15,2014-10-10,2014-10-10,2026-06-30,live_metrics_json,not_checked,has_metrics,2,0,0,2,,,0,0,0,,,exact_metrics_no_cached_cdx_rows,0,0,0,0,0,0,Run a bounded exact metrics CDX check before escalating.
1711,Keep2,http://www.kongregate.com/games/meok95/keep2,www.kongregate.com/games/meok95/keep2,1,15,2014-10-13,2014-10-13,2026-06-30,live_metrics_json,not_checked,has_metrics,2,0,0,2,,,0,0,0,,,exact_metrics_no_cached_cdx_rows,0,0,0,0,0,0,Run a bounded exact metrics CDX check before escalating.
1712,SpaceFight,http://www.kongregate.com/games/alincviv/spacefight,www.kongregate.com/games/alincviv/spacefight,1,15,2014-10-17,2014-10-17,2026-06-30,live_metrics_json,not_checked,has_metrics,2,0,0,2,,,0,0,0,,,exact_metrics_no_cached_cdx_rows,0,0,0,0,0,0,Run a bounded exact metrics CDX check before escalating.
1713,Chess 3d - the classic strategy game,http://www.kongregate.com/games/pitanello/chess-3d-the-classic-strategy-game,www.kongregate.com/games/pitanello/chess-3d-the-classic-strategy-game,1,15,2014-10-24,2014-10-24,2026-06-30,live_metrics_json,not_checked,has_metrics,2,0,0,2,,,0,0,0,,,exact_metrics_no_cached_cdx_rows,0,0,0,0,0,0,Run a bounded exact metrics CDX check before escalating.
1714,Babysitting for Halloween,http://www.kongregate.com/games/funnypeppygames/babysitting-for-halloween,www.kongregate.com/games/funnypeppygames/babysitting-for-halloween,1,15,2014-10-29,2014-10-29,2026-06-30,live_metrics_json,not_checked,has_metrics,2,0,0,2,,,0,0,0,,,exact_metrics_no_cached_cdx_rows,0,0,0,0,0,0,Run a bounded exact metrics CDX check before escalating.
1715,Hello Kitty Defend The Flowers,http://www.kongregate.com/games/yyplay/hello-kitty-defend-the-flowers,www.kongregate.com/games/yyplay/hello-kitty-defend-the-flowers,1,15,2014-11-11,2014-11-11,2026-06-30,live_metrics_json,not_checked,has_metrics,2,0,0,2,,,0,0,0,,,exact_metrics_no_cached_cdx_rows,0,0,0,0,0,0,Run a bounded exact metrics CDX check before escalating.
1716,Stampede,http://www.kongregate.com/games/jinfox91/stampede,www.kongregate.com/games/jinfox91/stampede,1,15,2014-11-25,2014-11-25,2026-06-30,live_metrics_json,not_checked,has_metrics,2,0,0,2,,,0,0,0,,,exact_metrics_no_cached_cdx_rows,0,0,0,0,0,0,Run a bounded exact metrics CDX check before escalating.
1717,What Stars are Made of (Pre-Alpha),http://www.kongregate.com/games/darksharkmark/what-stars-are-made-of-pre-alpha,www.kongregate.com/games/darksharkmark/what-stars-are-made-of-pre-alpha,1,15,2014-12-02,2014-12-02,2026-06-30,live_metrics_json,not_checked,has_metrics,2,0,0,2,,,0,0,0,,,exact_metrics_no_cached_cdx_rows,0,0,0,0,0,0,Run a bounded exact metrics CDX check before escalating.
1718,Keep Watching,http://www.kongregate.com/games/KennethBScott/keep-watching,www.kongregate.com/games/kennethbscott/keep-watching,1,15,2014-12-10,2014-12-10,2026-06-30,live_metrics_json,not_checked,has_metrics,2,0,0,2,,,0,0,0,,,exact_metrics_no_cached_cdx_rows,0,0,0,0,0,0,Run a bounded exact metrics CDX check before escalating.
1719,Car Stunt Simulator,http://www.kongregate.com/games/Gunsling3r/car-stunt-simulator,www.kongregate.com/games/gunsling3r/car-stunt-simulator,1,15,2014-12-17,2014-12-17,2026-06-30,live_metrics_json,not_checked,has_metrics,2,0,0,2,,,0,0,0,,,exact_metrics_no_cached_cdx_rows,0,0,0,0,0,0,Run a bounded exact metrics CDX check before escalating.
1720,Christmas Tree Decorations,http://www.kongregate.com/games/HiHoy/christmas-tree-decorations,www.kongregate.com/games/hihoy/christmas-tree-decorations,1,15,2014-12-28,2014-12-28,2026-06-30,live_metrics_json,not_checked,has_metrics,2,0,0,2,,,0,0,0,,,exact_metrics_no_cached_cdx_rows,0,0,0,0,0,0,Run a bounded exact metrics CDX check before escalating.
1721,Dora And Mermaid Birthday,http://www.kongregate.com/games/qywlgame/dora-and-mermaid-birthday,www.kongregate.com/games/qywlgame/dora-and-mermaid-birthday,1,15,2014-12-30,2014-12-30,2026-06-30,live_metrics_json,not_checked,has_metrics,2,0,0,2,,,0,0,0,,,exact_metrics_no_cached_cdx_rows,0,0,0,0,0,0,Run a bounded exact metrics CDX check before escalating.
1722,Lionheart Tactics,http://www.kongregate.com/games/EmeraldCityGames/lionheart-tactics-web,www.kongregate.com/games/emeraldcitygames/lionheart-tactics-web,1,15,2015-03-01,2015-03-01,2021-09-02,metrics_json,not_checked,has_metrics,2,0,0,2,,,0,0,0,,,exact_metrics_no_cached_cdx_rows,0,0,0,0,0,0,Run a bounded exact metrics CDX check before escalating.
1723,Tap Heroes,http://www.kongregate.com/games/VaragtP/tap-heroes,www.kongregate.com/games/varagtp/tap-heroes,1,15,2015-03-31,2015-03-31,2026-06-30,live_metrics_json,not_checked,has_metrics,2,0,0,2,,,0,0,0,,,exact_metrics_no_cached_cdx_rows,0,0,0,0,0,0,Run a bounded exact metrics CDX check before escalating.
1724,Unity Ball Roller,http://www.kongregate.com/games/prepkunow/unity-ball-roller,www.kongregate.com/games/prepkunow/unity-ball-roller,1,15,2015-04-01,2015-04-01,2026-06-30,live_metrics_json,not_checked,has_metrics,2,0,0,2,,,0,0,0,,,exact_metrics_no_cached_cdx_rows,0,0,0,0,0,0,Run a bounded exact metrics CDX check before escalating.
1725,Reaction Clicker,http://www.kongregate.com/games/SwingShock/reaction-clicker,www.kongregate.com/games/swingshock/reaction-clicker,1,15,2015-09-14,2015-09-14,2026-06-30,live_metrics_json,not_checked,has_metrics,2,0,0,2,,,0,0,0,,,exact_metrics_no_cached_cdx_rows,0,0,0,0,0,0,Run a bounded exact metrics CDX check before escalating.
1726,Miami Mafia Hitman,http://www.kongregate.com/games/gamolition/miami-mafia-hitman,www.kongregate.com/games/gamolition/miami-mafia-hitman,1,15,2015-09-15,2015-09-15,2026-06-30,live_metrics_json,not_checked,has_metrics,2,0,0,2,,,0,0,0,,,exact_metrics_no_cached_cdx_rows,0,0,0,0,0,0,Run a bounded exact metrics CDX check before escalating.
1727,Five Camping Tips,http://www.kongregate.com/games/SandraKim/five-camping-tips,www.kongregate.com/games/sandrakim/five-camping-tips,1,15,2015-09-23,2015-09-23,2026-06-30,live_metrics_json,not_checked,has_metrics,2,0,0,2,,,0,0,0,,,exact_metrics_no_cached_cdx_rows,0,0,0,0,0,0,Run a bounded exact metrics CDX check before escalating.
1728,crazy dice,http://www.kongregate.com/games/jocmania/crazy-dice,www.kongregate.com/games/jocmania/crazy-dice,1,15,2015-09-30,2015-09-30,2026-06-30,live_metrics_json,not_checked,has_metrics,2,0,0,2,,,0,0,0,,,exact_metrics_no_cached_cdx_rows,0,0,0,0,0,0,Run a bounded exact metrics CDX check before escalating.
1729,3/2 Chess,http://www.kongregate.com/games/shurf771/3-2-chess,www.kongregate.com/games/shurf771/3-2-chess,1,15,2015-12-05,2015-12-05,2026-06-30,live_metrics_json,not_checked,has_metrics,2,0,0,2,,,0,0,0,,,exact_metrics_no_cached_cdx_rows,0,0,0,0,0,0,Run a bounded exact metrics CDX check before escalating.
1730,Xmas Brickout,http://www.kongregate.com/games/Aiursrage2k/xmas-brickout,www.kongregate.com/games/aiursrage2k/xmas-brickout,1,15,2015-12-18,2015-12-18,2026-06-30,live_metrics_json,not_checked,has_metrics,2,0,0,2,,,0,0,0,,,exact_metrics_no_cached_cdx_rows,0,0,0,0,0,0,Run a bounded exact metrics CDX check before escalating.
1731,my first TDS game,http://www.kongregate.com/games/munoz20/my-first-tds-game,www.kongregate.com/games/munoz20/my-first-tds-game,1,15,2015-12-26,2015-12-26,2026-06-30,live_metrics_json,not_checked,has_metrics,2,0,0,2,,,0,0,0,,,exact_metrics_no_cached_cdx_rows,0,0,0,0,0,0,Run a bounded exact metrics CDX check before escalating.
1732,ZombieAssault,http://www.kongregate.com/games/eaglelord567/zombieassault,www.kongregate.com/games/eaglelord567/zombieassault,1,15,2016-01-02,2016-01-02,2026-06-30,live_metrics_json,not_checked,has_metrics,2,0,0,2,,,0,0,0,,,exact_metrics_no_cached_cdx_rows,0,0,0,0,0,0,Run a bounded exact metrics CDX check before escalating.
1733,Dark Ascent (WIP),http://www.kongregate.com/games/tommtom9/dark-ascent-wip,www.kongregate.com/games/tommtom9/dark-ascent-wip,1,15,2016-01-16,2016-01-16,2026-06-30,live_metrics_json,not_checked,has_metrics,2,0,0,2,,,0,0,0,,,exact_metrics_no_cached_cdx_rows,0,0,0,0,0,0,Run a bounded exact metrics CDX check before escalating.
1734,Minimalistic Slotmachine,http://www.kongregate.com/games/Alberton/minimalistic-slotmachine,www.kongregate.com/games/alberton/minimalistic-slotmachine,1,15,2016-01-25,2016-01-25,2026-06-30,live_metrics_json,not_checked,has_metrics,2,0,0,2,,,0,0,0,,,exact_metrics_no_cached_cdx_rows,0,0,0,0,0,0,Run a bounded exact metrics CDX check before escalating.
1735,1010 Puzzle Blocks Game,http://www.kongregate.com/games/GeosMedia/1010-puzzle-blocks-game,www.kongregate.com/games/geosmedia/1010-puzzle-blocks-game,1,15,2016-02-02,2016-02-02,2026-06-30,live_metrics_json,not_checked,has_metrics,2,0,0,2,,,0,0,0,,,exact_metrics_no_cached_cdx_rows,0,0,0,0,0,0,Run a bounded exact metrics CDX check before escalating.
1736,Mixer Truck Jigsaw,http://www.kongregate.com/games/newgamess/mixer-truck-jigsaw,www.kongregate.com/games/newgamess/mixer-truck-jigsaw,1,15,2016-02-17,2016-02-17,2026-06-30,live_metrics_json,not_checked,has_metrics,2,0,0,2,,,0,0,0,,,exact_metrics_no_cached_cdx_rows,0,0,0,0,0,0,Run a bounded exact metrics CDX check before escalating.
1737,20 Clicks,http://www.kongregate.com/games/mdgani11/20-clicks,www.kongregate.com/games/mdgani11/20-clicks,1,15,2016-02-28,2016-02-28,2026-06-30,live_metrics_json,not_checked,has_metrics,2,0,0,2,,,0,0,0,,,exact_metrics_no_cached_cdx_rows,0,0,0,0,0,0,Run a bounded exact metrics CDX check before escalating.
1738,Idle metropolis,http://www.kongregate.com/games/NicoCcino/idle-metropolis,www.kongregate.com/games/nicoccino/idle-metropolis,1,15,2016-03-05,2016-03-05,2026-06-30,live_metrics_json,not_checked,has_metrics,2,0,0,2,,,0,0,0,,,exact_metrics_no_cached_cdx_rows,0,0,0,0,0,0,Run a bounded exact metrics CDX check before escalating.
1739,Annihilation Derby,http://www.kongregate.com/games/RhettBlood/annihilation-derby,www.kongregate.com/games/rhettblood/annihilation-derby,1,15,2016-03-07,2016-03-07,2026-06-30,live_metrics_json,not_checked,has_metrics,2,0,0,2,,,0,0,0,,,exact_metrics_no_cached_cdx_rows,0,0,0,0,0,0,Run a bounded exact metrics CDX check before escalating.
1740,[Redacted],http://www.kongregate.com/games/swirly/redacted,www.kongregate.com/games/swirly/redacted,1,15,2016-03-16,2016-03-16,2026-06-30,live_metrics_json,not_checked,has_metrics,2,0,0,2,,,0,0,0,,,exact_metrics_no_cached_cdx_rows,0,0,0,0,0,0,Run a bounded exact metrics CDX check before escalating.
1741,Chase the question paper,http://www.kongregate.com/games/Enagamess/chase-the-question-paper,www.kongregate.com/games/enagamess/chase-the-question-paper,1,15,2016-03-20,2016-03-20,2026-06-30,live_metrics_json,not_checked,has_metrics,2,0,0,2,,,0,0,0,,,exact_metrics_no_cached_cdx_rows,0,0,0,0,0,0,Run a bounded exact metrics CDX check before escalating.
1742,Easter Eggs Memory,http://www.kongregate.com/games/newgamess/easter-eggs-memory,www.kongregate.com/games/newgamess/easter-eggs-memory,1,15,2016-03-24,2016-03-24,2026-06-30,live_metrics_json,not_checked,has_metrics,2,0,0,2,,,0,0,0,,,exact_metrics_no_cached_cdx_rows,0,0,0,0,0,0,Run a bounded exact metrics CDX check before escalating.
1743,Drunk Driver,http://www.kongregate.com/games/PaulHTML5/drunk-driver,www.kongregate.com/games/paulhtml5/drunk-driver,1,15,2016-05-24,2016-05-24,2026-06-30,live_metrics_json,not_checked,has_metrics,2,0,0,2,,,0,0,0,,,exact_metrics_no_cached_cdx_rows,0,0,0,0,0,0,Run a bounded exact metrics CDX check before escalating.
1744,Sweet Colony!,http://www.kongregate.com/games/MossyStump/sweet-colony,www.kongregate.com/games/mossystump/sweet-colony,1,15,2016-06-04,2016-06-04,2026-06-30,live_metrics_json,not_checked,has_metrics,2,0,0,2,,,0,0,0,,,exact_metrics_no_cached_cdx_rows,0,0,0,0,0,0,Run a bounded exact metrics CDX check before escalating.
1745,The Impossible Game,http://www.kongregate.com/games/piglet777/the-impossible-game,www.kongregate.com/games/piglet777/the-impossible-game,1,15,2016-06-05,2016-06-05,2026-06-30,live_metrics_json,not_checked,has_metrics,2,0,0,2,,,0,0,0,,,exact_metrics_no_cached_cdx_rows,0,0,0,0,0,0,Run a bounded exact metrics CDX check before escalating.
1746,Tesla X Jigsaw,http://www.kongregate.com/games/newgamess/tesla-x-jigsaw,www.kongregate.com/games/newgamess/tesla-x-jigsaw,1,15,2016-06-13,2016-06-13,2026-06-30,live_metrics_json,not_checked,has_metrics,2,0,0,2,,,0,0,0,,,exact_metrics_no_cached_cdx_rows,0,0,0,0,0,0,Run a bounded exact metrics CDX check before escalating.
1747,Antraxx Alpha Demo,http://www.kongregate.com/games/AntraxxGame/antraxx-alpha-demo,www.kongregate.com/games/antraxxgame/antraxx-alpha-demo,1,15,2016-06-22,2016-06-22,2026-06-30,live_metrics_json,not_checked,has_metrics,2,0,0,2,,,0,0,0,,,exact_metrics_no_cached_cdx_rows,0,0,0,0,0,0,Run a bounded exact metrics CDX check before escalating.
1748,ittwbi,http://www.kongregate.com/games/EGees/ittwbi,www.kongregate.com/games/egees/ittwbi,1,15,2016-06-29,2016-06-29,2026-06-30,live_metrics_json,not_checked,has_metrics,2,0,0,2,,,0,0,0,,,exact_metrics_no_cached_cdx_rows,0,0,0,0,0,0,Run a bounded exact metrics CDX check before escalating.
1749,Fantasy City Builder,http://www.kongregate.com/games/nagolinc/fantasy-city-builder,www.kongregate.com/games/nagolinc/fantasy-city-builder,1,15,2016-07-07,2016-07-07,2026-06-30,live_metrics_json,not_checked,has_metrics,2,0,0,2,,,0,0,0,,,exact_metrics_no_cached_cdx_rows,0,0,0,0,0,0,Run a bounded exact metrics CDX check before escalating.
1750,Little Bear ALPHA,http://www.kongregate.com/games/GameDots/little-bear-alpha,www.kongregate.com/games/gamedots/little-bear-alpha,1,15,2016-07-20,2016-07-20,2026-06-30,live_metrics_json,not_checked,has_metrics,2,0,0,2,,,0,0,0,,,exact_metrics_no_cached_cdx_rows,0,0,0,0,0,0,Run a bounded exact metrics CDX check before escalating.
1751,Pixlaser,http://www.kongregate.com/games/hoqpe/pixlaser,www.kongregate.com/games/hoqpe/pixlaser,1,15,2016-07-27,2016-07-27,2026-06-30,live_metrics_json,not_checked,has_metrics,2,0,0,2,,,0,0,0,,,exact_metrics_no_cached_cdx_rows,0,0,0,0,0,0,Run a bounded exact metrics CDX check before escalating.
1752,DAF Truck Differences,http://www.kongregate.com/games/newgamess/daf-truck-differences,www.kongregate.com/games/newgamess/daf-truck-differences,1,15,2016-08-05,2016-08-05,2026-06-30,live_metrics_json,not_checked,has_metrics,2,0,0,2,,,0,0,0,,,exact_metrics_no_cached_cdx_rows,0,0,0,0,0,0,Run a bounded exact metrics CDX check before escalating.
1753,Future PONG N.W.O,http://www.kongregate.com/games/TheNoob20/future-pong-n-w-o,www.kongregate.com/games/thenoob20/future-pong-n-w-o,1,15,2016-08-13,2016-08-13,2023-08-13,metrics_json,not_checked,has_metrics,2,0,0,2,,,0,0,0,,,exact_metrics_no_cached_cdx_rows,0,0,0,0,0,0,Run a bounded exact metrics CDX check before escalating.
1754,Verdun,http://www.kongregate.com/games/M2Hgames/verdun,www.kongregate.com/games/m2hgames/verdun,1,15,2016-08-17,2016-08-17,2018-05-02,metrics_json,not_checked,has_metrics,2,0,0,2,,,0,0,0,,,exact_metrics_no_cached_cdx_rows,0,0,0,0,0,0,Run a bounded exact metrics CDX check before escalating.
1755,UnityGameTest1_v1.0,http://www.kongregate.com/games/Guruguy69/unitygametest1-v1-0,www.kongregate.com/games/guruguy69/unitygametest1-v1-0,1,15,2016-08-20,2016-08-20,2023-09-14,metrics_json,not_checked,has_metrics,2,0,0,2,,,0,0,0,,,exact_metrics_no_cached_cdx_rows,0,0,0,0,0,0,Run a bounded exact metrics CDX check before escalating.
1756,ClassicTetris,http://www.kongregate.com/games/gorilazgames/classictetris,www.kongregate.com/games/gorilazgames/classictetris,1,15,2016-08-28,2016-08-28,2026-06-30,live_metrics_json,not_checked,has_metrics,2,0,0,2,,,0,0,0,,,exact_metrics_no_cached_cdx_rows,0,0,0,0,0,0,Run a bounded exact metrics CDX check before escalating.
1757,Uh-Oh UFO! 2,http://www.kongregate.com/games/dgao2020/uh-oh-ufo-2,www.kongregate.com/games/dgao2020/uh-oh-ufo-2,1,15,2016-09-16,2016-09-16,2026-06-30,live_metrics_json,not_checked,has_metrics,2,0,0,2,,,0,0,0,,,exact_metrics_no_cached_cdx_rows,0,0,0,0,0,0,Run a bounded exact metrics CDX check before escalating.
1758,slimes and jumps2,http://www.kongregate.com/games/R_games/slimes-and-jumps2,www.kongregate.com/games/r_games/slimes-and-jumps2,1,15,2016-09-17,2016-09-17,2026-06-30,live_metrics_json,not_checked,has_metrics,2,0,0,2,,,0,0,0,,,exact_metrics_no_cached_cdx_rows,0,0,0,0,0,0,Run a bounded exact metrics CDX check before escalating.
1759,Tetrus 3D,http://www.kongregate.com/games/mrwillowb/tetrus-3d,www.kongregate.com/games/mrwillowb/tetrus-3d,1,15,2016-09-23,2016-09-23,2026-06-30,live_metrics_json,not_checked,has_metrics,2,0,0,2,,,0,0,0,,,exact_metrics_no_cached_cdx_rows,0,0,0,0,0,0,Run a bounded exact metrics CDX check before escalating.
1760,Halloween Chunks,http://www.kongregate.com/games/dslevis/halloween-chunks,www.kongregate.com/games/dslevis/halloween-chunks,1,15,2016-10-04,2016-10-04,2026-06-30,live_metrics_json,not_checked,has_metrics,2,0,0,2,,,0,0,0,,,exact_metrics_no_cached_cdx_rows,0,0,0,0,0,0,Run a bounded exact metrics CDX check before escalating.
1761,Spin It,http://www.kongregate.com/games/NaiveGames/spin-it,www.kongregate.com/games/naivegames/spin-it,1,15,2016-10-17,2016-10-17,2023-09-14,metrics_json,not_checked,has_metrics,2,0,0,2,,,0,0,0,,,exact_metrics_no_cached_cdx_rows,0,0,0,0,0,0,Run a bounded exact metrics CDX check before escalating.
1762,Halloween Tetriz,http://www.kongregate.com/games/dslevis/halloween-tetriz,www.kongregate.com/games/dslevis/halloween-tetriz,1,15,2016-10-18,2016-10-18,2026-06-30,live_metrics_json,not_checked,has_metrics,2,0,0,2,,,0,0,0,,,exact_metrics_no_cached_cdx_rows,0,0,0,0,0,0,Run a bounded exact metrics CDX check before escalating.
1763,Project Game,http://www.kongregate.com/games/panprezydent/project-game,www.kongregate.com/games/panprezydent/project-game,1,15,2016-10-24,2016-10-24,2026-06-30,live_metrics_json,not_checked,has_metrics,2,0,0,2,,,0,0,0,,,exact_metrics_no_cached_cdx_rows,0,0,0,0,0,0,Run a bounded exact metrics CDX check before escalating.
1764,Dream Halloween,http://www.kongregate.com/games/kairek/dream-halloween,www.kongregate.com/games/kairek/dream-halloween,1,15,2016-10-30,2016-10-30,2026-06-30,live_metrics_json,not_checked,has_metrics,2,0,0,2,,,0,0,0,,,exact_metrics_no_cached_cdx_rows,0,0,0,0,0,0,Run a bounded exact metrics CDX check before escalating.
1765,Heart of Galaxy,http://www.kongregate.com/games/Cheslava/heart-of-galaxy,www.kongregate.com/games/cheslava/heart-of-galaxy,1,15,2017-04-01,2017-04-01,2019-12-13,metrics_json,not_checked,has_metrics,2,0,0,2,,,0,0,0,,,exact_metrics_no_cached_cdx_rows,0,0,0,0,0,0,Run a bounded exact metrics CDX check before escalating.
1766,Rogue Fable II,http://www.kongregate.com/games/Justin_wang123/rogue-fable-ii,www.kongregate.com/games/justin_wang123/rogue-fable-ii,1,15,2017-04-15,2017-04-15,2017-04-24,metrics_json,not_checked,has_metrics,2,0,0,2,,,0,0,0,,,exact_metrics_no_cached_cdx_rows,0,0,0,0,0,0,Run a bounded exact metrics CDX check before escalating.
1767,Super Treasure Hunt,http://www.kongregate.com/games/kendrickj011/super-treasure-hunt,www.kongregate.com/games/kendrickj011/super-treasure-hunt,1,15,2017-05-05,2017-05-05,2026-06-30,live_metrics_json,not_checked,has_metrics,2,0,0,2,,,0,0,0,,,exact_metrics_no_cached_cdx_rows,0,0,0,0,0,0,Run a bounded exact metrics CDX check before escalating.
1768,Massengeschmack - Episode 1,http://www.kongregate.com/games/scumdog77/massengeschmack-episode-1,www.kongregate.com/games/scumdog77/massengeschmack-episode-1,1,15,2017-05-16,2017-05-16,2026-06-30,live_metrics_json,not_checked,has_metrics,2,0,0,2,,,0,0,0,,,exact_metrics_no_cached_cdx_rows,0,0,0,0,0,0,Run a bounded exact metrics CDX check before escalating.
1769,Cellblock prison escape,http://www.kongregate.com/games/leaf2games2015/cellblock-prison-escape,www.kongregate.com/games/leaf2games2015/cellblock-prison-escape,1,15,2017-05-25,2017-05-25,2026-06-30,live_metrics_json,not_checked,has_metrics,2,0,0,2,,,0,0,0,,,exact_metrics_no_cached_cdx_rows,0,0,0,0,0,0,Run a bounded exact metrics CDX check before escalating.
1770,The Grand Plaza Underground,http://www.kongregate.com/games/305070/the-grand-plaza-underground,www.kongregate.com/games/305070/the-grand-plaza-underground,1,15,2017-05-26,2017-05-26,2026-06-30,live_metrics_json,not_checked,has_metrics,2,0,0,2,,,0,0,0,,,exact_metrics_no_cached_cdx_rows,0,0,0,0,0,0,Run a bounded exact metrics CDX check before escalating.
1771,blockPuzzle,http://www.kongregate.com/games/gorilazgames/blockpuzzle,www.kongregate.com/games/gorilazgames/blockpuzzle,1,15,2017-06-15,2017-06-15,2026-06-30,live_metrics_json,not_checked,has_metrics,2,0,0,2,,,0,0,0,,,exact_metrics_no_cached_cdx_rows,0,0,0,0,0,0,Run a bounded exact metrics CDX check before escalating.
1772,Blaze Bubble,http://www.kongregate.com/games/blazejuegos/blaze-bubble,www.kongregate.com/games/blazejuegos/blaze-bubble,1,15,2017-06-16,2017-06-16,2026-06-30,live_metrics_json,not_checked,has_metrics,2,0,0,2,,,0,0,0,,,exact_metrics_no_cached_cdx_rows,0,0,0,0,0,0,Run a bounded exact metrics CDX check before escalating.
1773,The Scorpion Lair,http://www.kongregate.com/games/Enagamess/the-scorpion-lair,www.kongregate.com/games/enagamess/the-scorpion-lair,1,15,2017-06-25,2017-06-25,2026-06-30,live_metrics_json,not_checked,has_metrics,2,0,0,2,,,0,0,0,,,exact_metrics_no_cached_cdx_rows,0,0,0,0,0,0,Run a bounded exact metrics CDX check before escalating.
1774,8 Ball Pool Multiplayer,http://www.kongregate.com/games/rjgonzaleapps/8-ball-pool-multiplayer,www.kongregate.com/games/rjgonzaleapps/8-ball-pool-multiplayer,1,15,2017-07-03,2017-07-03,2026-06-30,live_metrics_json,not_checked,has_metrics,2,0,0,2,,,0,0,0,,,exact_metrics_no_cached_cdx_rows,0,0,0,0,0,0,Run a bounded exact metrics CDX check before escalating.
1775,Blockbustoid,http://www.kongregate.com/games/Hushfield/blockbustoid,www.kongregate.com/games/hushfield/blockbustoid,1,15,2017-07-12,2017-07-12,2026-06-30,live_metrics_json,not_checked,has_metrics,2,0,0,2,,,0,0,0,,,exact_metrics_no_cached_cdx_rows,0,0,0,0,0,0,Run a bounded exact metrics CDX check before escalating.
1776,Skull Castle,http://www.kongregate.com/games/Enagamess/skull-castle,www.kongregate.com/games/enagamess/skull-castle,1,15,2017-07-28,2017-07-28,2026-06-30,live_metrics_json,not_checked,has_metrics,2,0,0,2,,,0,0,0,,,exact_metrics_no_cached_cdx_rows,0,0,0,0,0,0,Run a bounded exact metrics CDX check before escalating.
1777,Escape Game Love Fever,http://www.kongregate.com/games/AjazgamesA/escape-game-love-fever,www.kongregate.com/games/ajazgamesa/escape-game-love-fever,1,15,2017-07-29,2017-07-29,2026-06-30,live_metrics_json,not_checked,has_metrics,2,0,0,2,,,0,0,0,,,exact_metrics_no_cached_cdx_rows,0,0,0,0,0,0,Run a bounded exact metrics CDX check before escalating.
1778,Tei-Gi,http://www.kongregate.com/games/Herlyke/tei-gi,www.kongregate.com/games/herlyke/tei-gi,1,15,2017-08-05,2017-08-05,2026-06-30,live_metrics_json,not_checked,has_metrics,2,0,0,2,,,0,0,0,,,exact_metrics_no_cached_cdx_rows,0,0,0,0,0,0,Run a bounded exact metrics CDX check before escalating.
1779,Twist Escape 2,http://www.kongregate.com/games/Nsrgames/twist-escape-2,www.kongregate.com/games/nsrgames/twist-escape-2,1,15,2017-08-11,2017-08-11,2026-06-30,live_metrics_json,not_checked,has_metrics,2,0,0,2,,,0,0,0,,,exact_metrics_no_cached_cdx_rows,0,0,0,0,0,0,Run a bounded exact metrics CDX check before escalating.
1780,discord,http://www.kongregate.com/games/savageselite/discord,www.kongregate.com/games/savageselite/discord,1,15,2017-08-17,2017-08-17,2026-06-30,live_metrics_json,not_checked,has_metrics,2,0,0,2,,,0,0,0,,,exact_metrics_no_cached_cdx_rows,0,0,0,0,0,0,Run a bounded exact metrics CDX check before escalating.
1781,Hide!,http://www.kongregate.com/games/d3garcia/hide,www.kongregate.com/games/d3garcia/hide,1,15,2017-08-23,2017-08-23,2026-06-30,live_metrics_json,not_checked,has_metrics,2,0,0,2,,,0,0,0,,,exact_metrics_no_cached_cdx_rows,0,0,0,0,0,0,Run a bounded exact metrics CDX check before escalating.
1782,BOTKEN Assault And Battery,http://www.kongregate.com/games/brvasil/botken-assault-and-battery,www.kongregate.com/games/brvasil/botken-assault-and-battery,1,15,2017-08-25,2017-08-25,2026-06-30,live_metrics_json,not_checked,has_metrics,2,0,0,2,,,0,0,0,,,exact_metrics_no_cached_cdx_rows,0,0,0,0,0,0,Run a bounded exact metrics CDX check before escalating.
1783,E-Vade,http://www.kongregate.com/games/GravenDusk/e-vade,www.kongregate.com/games/gravendusk/e-vade,1,15,2017-09-20,2017-09-20,2026-06-30,live_metrics_json,not_checked,has_metrics,2,0,0,2,,,0,0,0,,,exact_metrics_no_cached_cdx_rows,0,0,0,0,0,0,Run a bounded exact metrics CDX check before escalating.
1784,Girls Room Escape 8,http://www.kongregate.com/games/Nsrgames/girls-room-escape-8,www.kongregate.com/games/nsrgames/girls-room-escape-8,1,15,2017-09-30,2017-09-30,2026-06-30,live_metrics_json,not_checked,has_metrics,2,0,0,2,,,0,0,0,,,exact_metrics_no_cached_cdx_rows,0,0,0,0,0,0,Run a bounded exact metrics CDX check before escalating.
1785,BoxFall,http://www.kongregate.com/games/superma021/boxfall,www.kongregate.com/games/superma021/boxfall,1,15,2017-10-15,2017-10-15,2026-06-30,live_metrics_json,not_checked,has_metrics,2,0,0,2,,,0,0,0,,,exact_metrics_no_cached_cdx_rows,0,0,0,0,0,0,Run a bounded exact metrics CDX check before escalating.
1786,Dungeoneers,https://www.kongregate.com/games/RogueSword/dungeoneers,www.kongregate.com/games/roguesword/dungeoneers,1,15,2018-12-22,2018-12-22,2021-05-24,metrics_json,not_checked,has_metrics,2,0,0,2,,,0,0,0,,,exact_metrics_no_cached_cdx_rows,0,0,0,0,0,0,Run a bounded exact metrics CDX check before escalating.
1787,Amgel Kids Room Escape 26,https://www.kongregate.com/games/amgelescape/amgel-kids-room-escape-26,www.kongregate.com/games/amgelescape/amgel-kids-room-escape-26,1,15,2019-08-25,2019-08-25,2026-06-30,live_metrics_json,not_checked,has_metrics,2,0,0,2,,,0,0,0,,,exact_metrics_no_cached_cdx_rows,0,0,0,0,0,0,Run a bounded exact metrics CDX check before escalating.
1788,Insert Random Information Here,http://www.kongregate.com/games/CookingStudent2/insert-random-information-here,www.kongregate.com/games/cookingstudent2/insert-random-information-here,1,15,2021-01-25,2021-01-25,2026-06-30,live_metrics_json,not_checked,has_metrics,2,0,0,2,,,0,0,0,,,exact_metrics_no_cached_cdx_rows,0,0,0,0,0,0,Run a bounded exact metrics CDX check before escalating.
1789,asasdasfdg,http://www.kongregate.com/games/uranio235/asasdasfdg,www.kongregate.com/games/uranio235/asasdasfdg,1,15,2021-11-12,2021-11-12,2026-06-30,live_metrics_json,not_checked,has_metrics,2,0,0,2,,,0,0,0,,,exact_metrics_no_cached_cdx_rows,0,0,0,0,0,0,Run a bounded exact metrics CDX check before escalating.
1790,Endless Flight 2,https://www.kongregate.com/games/GeoKureli/endless-flight-2,www.kongregate.com/games/geokureli/endless-flight-2,1,15,2023-11-23,2023-11-23,2024-01-19,metrics_json,not_checked,has_metrics,2,0,0,2,,,0,0,0,,,exact_metrics_no_cached_cdx_rows,0,0,0,0,0,0,Run a bounded exact metrics CDX check before escalating.
1791,Medieval Cop -The Invidia Games - Part 3,https://www.kongregate.com/en/games/VasantJ/medieval-cop-the-invidia-games-part-3,www.kongregate.com/games/vasantj/medieval-cop-the-invidia-games-part-3,2,16,2021-04-05,2021-04-11,2024-01-17,metrics_json,not_checked,has_metrics,2,0,0,2,,,0,0,0,,,exact_metrics_no_cached_cdx_rows,0,0,0,0,0,0,Run a bounded exact metrics CDX check before escalating.
1792,Road Of Heroes,http://www.kongregate.com/games/IriySoft/road-of-heroes,www.kongregate.com/games/iriysoft/road-of-heroes,4,17,2017-06-03,2017-06-10,2022-06-02,metrics_json,not_checked,has_metrics,2,0,0,2,,,0,0,0,,,exact_metrics_no_cached_cdx_rows,0,0,0,0,0,0,Run a bounded exact metrics CDX check before escalating.
1793,Tom Catch Cold,http://www.kongregate.com/games/aimegames/tom-catch-cold,www.kongregate.com/games/aimegames/tom-catch-cold,1,16,2014-08-22,2014-08-22,2026-06-30,live_metrics_json,not_checked,has_metrics,2,0,0,2,,,0,0,0,,,exact_metrics_no_cached_cdx_rows,0,0,0,0,0,0,Run a bounded exact metrics CDX check before escalating.
1794,Sun Saviors,http://www.kongregate.com/games/HeuGamer/sun-saviors,www.kongregate.com/games/heugamer/sun-saviors,1,16,2014-08-26,2014-08-26,2026-06-30,live_metrics_json,not_checked,has_metrics,2,0,0,2,,,0,0,0,,,exact_metrics_no_cached_cdx_rows,0,0,0,0,0,0,Run a bounded exact metrics CDX check before escalating.
1795,3D Puzzle Game - Jumpin Jack,http://www.kongregate.com/games/jumpinjackus/3d-puzzle-game-jumpin-jack,www.kongregate.com/games/jumpinjackus/3d-puzzle-game-jumpin-jack,1,16,2014-08-29,2014-08-29,2026-06-30,live_metrics_json,not_checked,has_metrics,2,0,0,2,,,0,0,0,,,exact_metrics_no_cached_cdx_rows,0,0,0,0,0,0,Run a bounded exact metrics CDX check before escalating.
1796,Rapunzel Escape Tower,http://www.kongregate.com/games/k25507891/rapunzel-escape-tower,www.kongregate.com/games/k25507891/rapunzel-escape-tower,1,16,2014-09-02,2014-09-02,2026-06-30,live_metrics_json,not_checked,has_metrics,2,0,0,2,,,0,0,0,,,exact_metrics_no_cached_cdx_rows,0,0,0,0,0,0,Run a bounded exact metrics CDX check before escalating.
1797,Space Wonder: Bullet Hell Shooter,http://www.kongregate.com/games/arcadecrowd/space-wonder-bullet-hell-shooter,www.kongregate.com/games/arcadecrowd/space-wonder-bullet-hell-shooter,1,16,2014-09-12,2014-09-12,2026-06-30,live_metrics_json,not_checked,has_metrics,2,0,0,2,,,0,0,0,,,exact_metrics_no_cached_cdx_rows,0,0,0,0,0,0,Run a bounded exact metrics CDX check before escalating.
1798,Bowling Game,http://www.kongregate.com/games/gamer70008000/bowling-game,www.kongregate.com/games/gamer70008000/bowling-game,1,16,2014-09-14,2014-09-14,2026-06-30,live_metrics_json,not_checked,has_metrics,2,0,0,2,,,0,0,0,,,exact_metrics_no_cached_cdx_rows,0,0,0,0,0,0,Run a bounded exact metrics CDX check before escalating.
1799,Angry Birds Space Labyrinth,http://www.kongregate.com/games/hibiscus070133/angry-birds-space-labyrinth,www.kongregate.com/games/hibiscus070133/angry-birds-space-labyrinth,1,16,2014-09-19,2014-09-19,2026-06-30,live_metrics_json,not_checked,has_metrics,2,0,0,2,,,0,0,0,,,exact_metrics_no_cached_cdx_rows,0,0,0,0,0,0,Run a bounded exact metrics CDX check before escalating.
1800,Halloween Cat Escape,http://www.kongregate.com/games/Enagamess/halloween-cat-escape,www.kongregate.com/games/enagamess/halloween-cat-escape,1,16,2014-09-20,2014-09-20,2026-06-30,live_metrics_json,not_checked,has_metrics,2,0,0,2,,,0,0,0,,,exact_metrics_no_cached_cdx_rows,0,0,0,0,0,0,Run a bounded exact metrics CDX check before escalating.
1801,Castle Monster,http://www.kongregate.com/games/NewKrok/castle-monster,www.kongregate.com/games/newkrok/castle-monster,1,16,2014-09-26,2014-09-26,2026-06-30,live_metrics_json,not_checked,has_metrics,2,0,0,2,,,0,0,0,,,exact_metrics_no_cached_cdx_rows,0,0,0,0,0,0,Run a bounded exact metrics CDX check before escalating.
1802,Monster Truck Coloring,http://www.kongregate.com/games/RHMGames/monster-truck-coloring,www.kongregate.com/games/rhmgames/monster-truck-coloring,1,16,2014-09-26,2014-09-26,2026-06-30,live_metrics_json,not_checked,has_metrics,2,0,0,2,,,0,0,0,,,exact_metrics_no_cached_cdx_rows,0,0,0,0,0,0,Run a bounded exact metrics CDX check before escalating.
1803,Alien attack,http://www.kongregate.com/games/Edylanelap/alien-attack,www.kongregate.com/games/edylanelap/alien-attack,1,16,2014-10-09,2014-10-09,2026-06-30,live_metrics_json,not_checked,has_metrics,2,0,0,2,,,0,0,0,,,exact_metrics_no_cached_cdx_rows,0,0,0,0,0,0,Run a bounded exact metrics CDX check before escalating.
1804,Cat Box Bowling,http://www.kongregate.com/games/asute/cat-box-bowling,www.kongregate.com/games/asute/cat-box-bowling,1,16,2014-10-17,2014-10-17,2026-06-30,live_metrics_json,not_checked,has_metrics,2,0,0,2,,,0,0,0,,,exact_metrics_no_cached_cdx_rows,0,0,0,0,0,0,Run a bounded exact metrics CDX check before escalating.
1805,Icons One,http://www.kongregate.com/games/jamboska/icons-one,www.kongregate.com/games/jamboska/icons-one,1,16,2014-10-24,2014-10-24,2026-06-30,live_metrics_json,not_checked,has_metrics,2,0,0,2,,,0,0,0,,,exact_metrics_no_cached_cdx_rows,0,0,0,0,0,0,Run a bounded exact metrics CDX check before escalating.
1806,Maze Race,http://www.kongregate.com/games/BA4T/maze-race,www.kongregate.com/games/ba4t/maze-race,1,16,2014-10-29,2014-10-29,2026-06-30,live_metrics_json,not_checked,has_metrics,2,0,0,2,,,0,0,0,,,exact_metrics_no_cached_cdx_rows,0,0,0,0,0,0,Run a bounded exact metrics CDX check before escalating.
1807,Online Car Game,http://www.kongregate.com/games/oyunlaroynama/online-car-game,www.kongregate.com/games/oyunlaroynama/online-car-game,1,16,2014-10-31,2014-10-31,2026-06-30,live_metrics_json,not_checked,has_metrics,2,0,0,2,,,0,0,0,,,exact_metrics_no_cached_cdx_rows,0,0,0,0,0,0,Run a bounded exact metrics CDX check before escalating.
1808,Angry Daigekitou,http://www.kongregate.com/games/game4joy1/angry-daigekitou,www.kongregate.com/games/game4joy1/angry-daigekitou,1,16,2014-11-11,2014-11-11,2026-06-30,live_metrics_json,not_checked,has_metrics,2,0,0,2,,,0,0,0,,,exact_metrics_no_cached_cdx_rows,0,0,0,0,0,0,Run a bounded exact metrics CDX check before escalating.
1809,PewDiePie - Amazing Bro Adventure,http://www.kongregate.com/games/CapJSheridan/pewdiepie-amazing-bro-adventure,www.kongregate.com/games/capjsheridan/pewdiepie-amazing-bro-adventure,1,16,2014-11-25,2014-11-25,2026-06-30,live_metrics_json,not_checked,has_metrics,2,0,0,2,,,0,0,0,,,exact_metrics_no_cached_cdx_rows,0,0,0,0,0,0,Run a bounded exact metrics CDX check before escalating.
1810,Cookies Maze,http://www.kongregate.com/games/cookie1up/cookies-maze,www.kongregate.com/games/cookie1up/cookies-maze,1,16,2014-12-02,2014-12-02,2026-06-30,live_metrics_json,not_checked,has_metrics,2,0,0,2,,,0,0,0,,,exact_metrics_no_cached_cdx_rows,0,0,0,0,0,0,Run a bounded exact metrics CDX check before escalating.
1811,Magma Treasure Cave Escape,http://www.kongregate.com/games/quicksailor/magma-treasure-cave-escape,www.kongregate.com/games/quicksailor/magma-treasure-cave-escape,1,16,2014-12-10,2014-12-10,2026-06-30,live_metrics_json,not_checked,has_metrics,2,0,0,2,,,0,0,0,,,exact_metrics_no_cached_cdx_rows,0,0,0,0,0,0,Run a bounded exact metrics CDX check before escalating.
1812,Precious Sophie,http://www.kongregate.com/games/SandraKim/precious-sophie,www.kongregate.com/games/sandrakim/precious-sophie,1,16,2014-12-17,2014-12-17,2026-06-30,live_metrics_json,not_checked,has_metrics,2,0,0,2,,,0,0,0,,,exact_metrics_no_cached_cdx_rows,0,0,0,0,0,0,Run a bounded exact metrics CDX check before escalating.
1813,Sofia Decoration Party,http://www.kongregate.com/games/lemonindieg/sofia-decoration-party,www.kongregate.com/games/lemonindieg/sofia-decoration-party,1,16,2014-12-28,2014-12-28,2026-06-30,live_metrics_json,not_checked,has_metrics,2,0,0,2,,,0,0,0,,,exact_metrics_no_cached_cdx_rows,0,0,0,0,0,0,Run a bounded exact metrics CDX check before escalating.
1814,Treasure Castle Escape,http://www.kongregate.com/games/Enagamess/treasure-castle-escape,www.kongregate.com/games/enagamess/treasure-castle-escape,1,16,2014-12-30,2014-12-30,2026-06-30,live_metrics_json,not_checked,has_metrics,2,0,0,2,,,0,0,0,,,exact_metrics_no_cached_cdx_rows,0,0,0,0,0,0,Run a bounded exact metrics CDX check before escalating.
1815,Hexad,http://www.kongregate.com/games/toweld/hexad,www.kongregate.com/games/toweld/hexad,1,16,2015-03-27,2015-03-27,2026-06-30,live_metrics_json,not_checked,has_metrics,2,0,0,2,,,0,0,0,,,exact_metrics_no_cached_cdx_rows,0,0,0,0,0,0,Run a bounded exact metrics CDX check before escalating.
1816,Curiosity,http://www.kongregate.com/games/steVeRoll/curiosity,www.kongregate.com/games/steveroll/curiosity,1,16,2015-04-01,2015-04-01,2026-06-30,live_metrics_json,not_checked,has_metrics,2,0,0,2,,,0,0,0,,,exact_metrics_no_cached_cdx_rows,0,0,0,0,0,0,Run a bounded exact metrics CDX check before escalating.
1817,Heroes of The Banner,http://www.kongregate.com/games/R2Games/heroes-of-the-banner,www.kongregate.com/games/r2games/heroes-of-the-banner,1,16,2015-05-12,2015-05-12,2023-11-19,metrics_json,not_checked,has_metrics,2,0,0,2,,,0,0,0,,,exact_metrics_no_cached_cdx_rows,0,0,0,0,0,0,Run a bounded exact metrics CDX check before escalating.
1818,groglo - Grow2Glow,http://www.kongregate.com/games/jingax/groglo-grow2glow,www.kongregate.com/games/jingax/groglo-grow2glow,1,16,2015-09-14,2015-09-14,2026-06-30,live_metrics_json,not_checked,has_metrics,2,0,0,2,,,0,0,0,,,exact_metrics_no_cached_cdx_rows,0,0,0,0,0,0,Run a bounded exact metrics CDX check before escalating.
1819,Rescue Trapped Spirit,http://www.kongregate.com/games/Enagamess/rescue-trapped-spirit,www.kongregate.com/games/enagamess/rescue-trapped-spirit,1,16,2015-09-15,2015-09-15,2026-06-30,live_metrics_json,not_checked,has_metrics,2,0,0,2,,,0,0,0,,,exact_metrics_no_cached_cdx_rows,0,0,0,0,0,0,Run a bounded exact metrics CDX check before escalating.
1820,Elsa Pretty Legs Spa,http://www.kongregate.com/games/k25507891/elsa-pretty-legs-spa,www.kongregate.com/games/k25507891/elsa-pretty-legs-spa,1,16,2015-09-23,2015-09-23,2026-06-30,live_metrics_json,not_checked,has_metrics,2,0,0,2,,,0,0,0,,,exact_metrics_no_cached_cdx_rows,0,0,0,0,0,0,Run a bounded exact metrics CDX check before escalating.
1821,The Vault,http://www.kongregate.com/games/JellyGames/the-vault,www.kongregate.com/games/jellygames/the-vault,1,16,2015-09-30,2015-09-30,2019-02-13,metrics_json,not_checked,has_metrics,2,0,0,2,,,0,0,0,,,exact_metrics_no_cached_cdx_rows,0,0,0,0,0,0,Run a bounded exact metrics CDX check before escalating.
1822,UFO Escape,http://www.kongregate.com/games/xFireDragonx/ufo-escape,www.kongregate.com/games/xfiredragonx/ufo-escape,1,16,2015-12-18,2015-12-18,2026-06-30,live_metrics_json,not_checked,has_metrics,2,0,0,2,,,0,0,0,,,exact_metrics_no_cached_cdx_rows,0,0,0,0,0,0,Run a bounded exact metrics CDX check before escalating.
1823,Islandsettler,http://www.kongregate.com/games/Huhibuu/islandsettler,www.kongregate.com/games/huhibuu/islandsettler,1,16,2015-12-26,2015-12-26,2026-06-30,live_metrics_json,not_checked,has_metrics,2,0,0,2,,,0,0,0,,,exact_metrics_no_cached_cdx_rows,0,0,0,0,0,0,Run a bounded exact metrics CDX check before escalating.
1824,HARD FART (Early Release),http://www.kongregate.com/games/shlte/hard-fart-early-release,www.kongregate.com/games/shlte/hard-fart-early-release,1,16,2016-01-02,2016-01-02,2026-06-30,live_metrics_json,not_checked,has_metrics,2,0,0,2,,,0,0,0,,,exact_metrics_no_cached_cdx_rows,0,0,0,0,0,0,Run a bounded exact metrics CDX check before escalating.
1825,Pong,http://www.kongregate.com/games/domcurry/pong,www.kongregate.com/games/domcurry/pong,1,16,2016-01-16,2016-01-16,2026-06-30,live_metrics_json,not_checked,has_metrics,2,0,0,2,,,0,0,0,,,exact_metrics_no_cached_cdx_rows,0,0,0,0,0,0,Run a bounded exact metrics CDX check before escalating.
1826,The Murder,http://www.kongregate.com/games/domcurry/the-murder,www.kongregate.com/games/domcurry/the-murder,1,16,2016-01-25,2016-01-25,2026-06-30,live_metrics_json,not_checked,has_metrics,2,0,0,2,,,0,0,0,,,exact_metrics_no_cached_cdx_rows,0,0,0,0,0,0,Run a bounded exact metrics CDX check before escalating.
1827,Pixel Cult,http://www.kongregate.com/games/endertaimer/pixel-cult,www.kongregate.com/games/endertaimer/pixel-cult,1,16,2016-02-02,2016-02-02,2026-06-30,live_metrics_json,not_checked,has_metrics,2,0,0,2,,,0,0,0,,,exact_metrics_no_cached_cdx_rows,0,0,0,0,0,0,Run a bounded exact metrics CDX check before escalating.
1828,Promise Keepers,http://www.kongregate.com/games/SandraKim/promise-keepers,www.kongregate.com/games/sandrakim/promise-keepers,1,16,2016-02-17,2016-02-17,2024-01-04,metrics_json,not_checked,has_metrics,2,0,0,2,,,0,0,0,,,exact_metrics_no_cached_cdx_rows,0,0,0,0,0,0,Run a bounded exact metrics CDX check before escalating.
1829,Find Colors (MasterMind),http://www.kongregate.com/games/Ratan81/find-colors-mastermind,www.kongregate.com/games/ratan81/find-colors-mastermind,1,16,2016-03-05,2016-03-05,2026-06-30,live_metrics_json,not_checked,has_metrics,2,0,0,2,,,0,0,0,,,exact_metrics_no_cached_cdx_rows,0,0,0,0,0,0,Run a bounded exact metrics CDX check before escalating.
1830,Nuke Gun,http://www.kongregate.com/games/kizigames/nuke-gun,www.kongregate.com/games/kizigames/nuke-gun,1,16,2016-03-07,2016-03-07,2019-03-20,metrics_json,not_checked,has_metrics,2,0,0,2,,,0,0,0,,,exact_metrics_no_cached_cdx_rows,0,0,0,0,0,0,Run a bounded exact metrics CDX check before escalating.
1831,Mini Countryman Jigsaw,http://www.kongregate.com/games/newgamess/mini-countryman-jigsaw,www.kongregate.com/games/newgamess/mini-countryman-jigsaw,1,16,2016-03-16,2016-03-16,2026-06-30,live_metrics_json,not_checked,has_metrics,2,0,0,2,,,0,0,0,,,exact_metrics_no_cached_cdx_rows,0,0,0,0,0,0,Run a bounded exact metrics CDX check before escalating.
1832,Mario Crossover,http://www.kongregate.com/games/flamingpiece/mario-crossover,www.kongregate.com/games/flamingpiece/mario-crossover,1,16,2016-03-20,2016-03-20,2026-06-30,live_metrics_json,not_checked,has_metrics,2,0,0,2,,,0,0,0,,,exact_metrics_no_cached_cdx_rows,0,0,0,0,0,0,Run a bounded exact metrics CDX check before escalating.
1833,Ratatouille Eats Crepes,http://www.kongregate.com/games/loogames/ratatouille-eats-crepes,www.kongregate.com/games/loogames/ratatouille-eats-crepes,1,16,2016-03-24,2016-03-24,2026-06-30,live_metrics_json,not_checked,has_metrics,2,0,0,2,,,0,0,0,,,exact_metrics_no_cached_cdx_rows,0,0,0,0,0,0,Run a bounded exact metrics CDX check before escalating.
1834,Old Mine Escape,http://www.kongregate.com/games/playitonline/old-mine-escape,www.kongregate.com/games/playitonline/old-mine-escape,1,16,2016-05-06,2016-05-06,2026-06-30,live_metrics_json,not_checked,has_metrics,2,0,0,2,,,0,0,0,,,exact_metrics_no_cached_cdx_rows,0,0,0,0,0,0,Run a bounded exact metrics CDX check before escalating.
1835,SpeedDev Arkanoid,http://www.kongregate.com/games/eduard_777/speeddev-arkanoid,www.kongregate.com/games/eduard_777/speeddev-arkanoid,1,16,2016-05-15,2016-05-15,2026-06-30,live_metrics_json,not_checked,has_metrics,2,0,0,2,,,0,0,0,,,exact_metrics_no_cached_cdx_rows,0,0,0,0,0,0,Run a bounded exact metrics CDX check before escalating.
1836,Brothers Treasure Recovery 16,http://www.kongregate.com/games/Enagamess/brothers-treasure-recovery-16,www.kongregate.com/games/enagamess/brothers-treasure-recovery-16,1,16,2016-05-24,2016-05-24,2026-06-30,live_metrics_json,not_checked,has_metrics,2,0,0,2,,,0,0,0,,,exact_metrics_no_cached_cdx_rows,0,0,0,0,0,0,Run a bounded exact metrics CDX check before escalating.
1837,ZOON,http://www.kongregate.com/games/jeagle747/zoon,www.kongregate.com/games/jeagle747/zoon,1,16,2016-06-04,2016-06-04,2023-05-11,metrics_json,not_checked,has_metrics,2,0,0,2,,,0,0,0,,,exact_metrics_no_cached_cdx_rows,0,0,0,0,0,0,Run a bounded exact metrics CDX check before escalating.
1838,Princess Pony Caring,http://www.kongregate.com/games/gamesforgirlz/princess-pony-caring,www.kongregate.com/games/gamesforgirlz/princess-pony-caring,1,16,2016-06-05,2016-06-05,2026-06-30,live_metrics_json,not_checked,has_metrics,2,0,0,2,,,0,0,0,,,exact_metrics_no_cached_cdx_rows,0,0,0,0,0,0,Run a bounded exact metrics CDX check before escalating.
1839,Switchy,http://www.kongregate.com/games/Harksa/switchy,www.kongregate.com/games/harksa/switchy,1,16,2016-06-13,2016-06-13,2026-06-30,live_metrics_json,not_checked,has_metrics,2,0,0,2,,,0,0,0,,,exact_metrics_no_cached_cdx_rows,0,0,0,0,0,0,Run a bounded exact metrics CDX check before escalating.
1840,Corporate Volcano,http://www.kongregate.com/games/delguapo/corporate-volcano,www.kongregate.com/games/delguapo/corporate-volcano,1,16,2016-06-22,2016-06-22,2026-06-30,live_metrics_json,not_checked,has_metrics,2,0,0,2,,,0,0,0,,,exact_metrics_no_cached_cdx_rows,0,0,0,0,0,0,Run a bounded exact metrics CDX check before escalating.
1841,Zombies vs Brains,http://www.kongregate.com/games/SilenGames/zombies-vs-brains,www.kongregate.com/games/silengames/zombies-vs-brains,1,16,2016-06-29,2016-06-29,2020-11-25,metrics_json,not_checked,has_metrics,2,0,0,2,,,0,0,0,,,exact_metrics_no_cached_cdx_rows,0,0,0,0,0,0,Run a bounded exact metrics CDX check before escalating.
1842,RPS Multiplayer,http://www.kongregate.com/games/OriginalNameOP/rps-multiplayer,www.kongregate.com/games/originalnameop/rps-multiplayer,1,16,2016-07-07,2016-07-07,2023-09-21,metrics_json,not_checked,has_metrics,2,0,0,2,,,0,0,0,,,exact_metrics_no_cached_cdx_rows,0,0,0,0,0,0,Run a bounded exact metrics CDX check before escalating.
1843,Ball Chase 4,http://www.kongregate.com/games/gamer70008000/ball-chase-4,www.kongregate.com/games/gamer70008000/ball-chase-4,1,16,2016-07-14,2016-07-14,2026-06-30,live_metrics_json,not_checked,has_metrics,2,0,0,2,,,0,0,0,,,exact_metrics_no_cached_cdx_rows,0,0,0,0,0,0,Run a bounded exact metrics CDX check before escalating.
1844,That Pokeyman Thing Your Grandkids Are Into,http://www.kongregate.com/games/claedalus/that-pokeyman-thing-your-grandkids-are-into,www.kongregate.com/games/claedalus/that-pokeyman-thing-your-grandkids-are-into,1,16,2016-08-13,2016-08-13,2024-01-20,metrics_json,not_checked,has_metrics,2,0,0,2,,,0,0,0,,,exact_metrics_no_cached_cdx_rows,0,0,0,0,0,0,Run a bounded exact metrics CDX check before escalating.
1845,Fufu's Nightmare,http://www.kongregate.com/games/psyopticgames/fufus-nightmare,www.kongregate.com/games/psyopticgames/fufus-nightmare,1,16,2016-08-20,2016-08-20,2026-06-30,live_metrics_json,not_checked,has_metrics,2,0,0,2,,,0,0,0,,,exact_metrics_no_cached_cdx_rows,0,0,0,0,0,0,Run a bounded exact metrics CDX check before escalating.
1846,The Magical Forest,http://www.kongregate.com/games/esthetix/the-magical-forest,www.kongregate.com/games/esthetix/the-magical-forest,1,16,2016-08-28,2016-08-28,2026-06-30,live_metrics_json,not_checked,has_metrics,2,0,0,2,,,0,0,0,,,exact_metrics_no_cached_cdx_rows,0,0,0,0,0,0,Run a bounded exact metrics CDX check before escalating.
1847,food,http://www.kongregate.com/games/solomanolo/food,www.kongregate.com/games/solomanolo/food,1,16,2016-09-03,2016-09-03,2021-07-29,metrics_json,not_checked,has_metrics,2,0,0,2,,,0,0,0,,,exact_metrics_no_cached_cdx_rows,0,0,0,0,0,0,Run a bounded exact metrics CDX check before escalating.
1848,Nations At War,http://www.kongregate.com/games/Boxingwolf/nations-at-war,www.kongregate.com/games/boxingwolf/nations-at-war,1,16,2016-09-16,2016-09-16,2026-06-30,live_metrics_json,not_checked,has_metrics,2,0,0,2,,,0,0,0,,,exact_metrics_no_cached_cdx_rows,0,0,0,0,0,0,Run a bounded exact metrics CDX check before escalating.
1849,Ping-Pong-Special,http://www.kongregate.com/games/LostRaiderTV/ping-pong-special,www.kongregate.com/games/lostraidertv/ping-pong-special,1,16,2016-09-17,2016-09-17,2026-06-30,live_metrics_json,not_checked,has_metrics,2,0,0,2,,,0,0,0,,,exact_metrics_no_cached_cdx_rows,0,0,0,0,0,0,Run a bounded exact metrics CDX check before escalating.
1850,Giga Sun Class Game 03,http://www.kongregate.com/games/gigasun/giga-sun-class-game-03,www.kongregate.com/games/gigasun/giga-sun-class-game-03,1,16,2016-09-23,2016-09-23,2026-06-30,live_metrics_json,not_checked,has_metrics,2,0,0,2,,,0,0,0,,,exact_metrics_no_cached_cdx_rows,0,0,0,0,0,0,Run a bounded exact metrics CDX check before escalating.
1851,Yogi Bear,http://www.kongregate.com/games/newgamess/yogi-bear,www.kongregate.com/games/newgamess/yogi-bear,1,16,2016-10-04,2016-10-04,2026-06-30,live_metrics_json,not_checked,has_metrics,2,0,0,2,,,0,0,0,,,exact_metrics_no_cached_cdx_rows,0,0,0,0,0,0,Run a bounded exact metrics CDX check before escalating.
1852,Halloween Castle,http://www.kongregate.com/games/yell/halloween-castle,www.kongregate.com/games/yell/halloween-castle,1,16,2016-10-17,2016-10-17,2025-08-30,metrics_json,not_checked,has_metrics,2,0,0,2,,,0,0,0,,,exact_metrics_no_cached_cdx_rows,0,0,0,0,0,0,Run a bounded exact metrics CDX check before escalating.
1853,Sonic Magic Jump,http://www.kongregate.com/games/Gamesdeveloper/sonic-magic-jump,www.kongregate.com/games/gamesdeveloper/sonic-magic-jump,1,16,2016-10-18,2016-10-18,2026-06-30,live_metrics_json,not_checked,has_metrics,2,0,0,2,,,0,0,0,,,exact_metrics_no_cached_cdx_rows,0,0,0,0,0,0,Run a bounded exact metrics CDX check before escalating.
1854,Wut,http://www.kongregate.com/games/freever/wut,www.kongregate.com/games/freever/wut,1,16,2016-10-24,2016-10-24,2026-06-30,live_metrics_json,not_checked,has_metrics,2,0,0,2,,,0,0,0,,,exact_metrics_no_cached_cdx_rows,0,0,0,0,0,0,Run a bounded exact metrics CDX check before escalating.
1855,Abyss Dota | Информатор,http://www.kongregate.com/games/MaximM205/abyss-dota,www.kongregate.com/games/maximm205/abyss-dota,1,16,2016-10-30,2016-10-30,2026-06-30,live_metrics_json,not_checked,has_metrics,2,0,0,2,,,0,0,0,,,exact_metrics_no_cached_cdx_rows,0,0,0,0,0,0,Run a bounded exact metrics CDX check before escalating.
1856,Highscore Clicker,http://www.kongregate.com/games/rex9109/highscore-clicker,www.kongregate.com/games/rex9109/highscore-clicker,1,16,2017-05-16,2017-05-16,2026-06-30,live_metrics_json,not_checked,has_metrics,2,0,0,2,,,0,0,0,,,exact_metrics_no_cached_cdx_rows,0,0,0,0,0,0,Run a bounded exact metrics CDX check before escalating.
1857,Old Dungeon House escape,http://www.kongregate.com/games/leaf2games2015/old-dungeon-house-escape,www.kongregate.com/games/leaf2games2015/old-dungeon-house-escape,1,16,2017-05-25,2017-05-25,2026-06-30,live_metrics_json,not_checked,has_metrics,2,0,0,2,,,0,0,0,,,exact_metrics_no_cached_cdx_rows,0,0,0,0,0,0,Run a bounded exact metrics CDX check before escalating.
1858,Grand Plaza of Plazas,http://www.kongregate.com/games/305070/grand-plaza-of-plazas,www.kongregate.com/games/305070/grand-plaza-of-plazas,1,16,2017-05-26,2017-05-26,2026-06-30,live_metrics_json,not_checked,has_metrics,2,0,0,2,,,0,0,0,,,exact_metrics_no_cached_cdx_rows,0,0,0,0,0,0,Run a bounded exact metrics CDX check before escalating.
1859,space dog,http://www.kongregate.com/games/deadsoul53/space-dog,www.kongregate.com/games/deadsoul53/space-dog,1,16,2017-06-04,2017-06-04,2026-06-30,live_metrics_json,not_checked,has_metrics,2,0,0,2,,,0,0,0,,,exact_metrics_no_cached_cdx_rows,0,0,0,0,0,0,Run a bounded exact metrics CDX check before escalating.
1860,Mini Lab,http://www.kongregate.com/games/barricados/mini-lab,www.kongregate.com/games/barricados/mini-lab,1,16,2017-06-15,2017-06-15,2026-06-30,live_metrics_json,not_checked,has_metrics,2,0,0,2,,,0,0,0,,,exact_metrics_no_cached_cdx_rows,0,0,0,0,0,0,Run a bounded exact metrics CDX check before escalating.
1861,Chronolia DEMO,http://www.kongregate.com/games/ExedysStudios/chronolia-demo,www.kongregate.com/games/exedysstudios/chronolia-demo,1,16,2017-06-16,2017-06-16,2026-06-30,live_metrics_json,not_checked,has_metrics,2,0,0,2,,,0,0,0,,,exact_metrics_no_cached_cdx_rows,0,0,0,0,0,0,Run a bounded exact metrics CDX check before escalating.
1862,Heroes Tactics,http://www.kongregate.com/games/heroestactics/heroes-tactics,www.kongregate.com/games/heroestactics/heroes-tactics,1,16,2017-06-24,2017-06-24,2026-06-29,live_metrics_json,not_checked,has_metrics,2,0,0,2,,,0,0,0,,,exact_metrics_no_cached_cdx_rows,0,0,0,0,0,0,Run a bounded exact metrics CDX check before escalating.
1863,Idle Runner,http://www.kongregate.com/games/cool_guy76/idle-runner,www.kongregate.com/games/cool_guy76/idle-runner,1,16,2017-06-25,2017-06-25,2026-06-30,live_metrics_json,not_checked,has_metrics,2,0,0,2,,,0,0,0,,,exact_metrics_no_cached_cdx_rows,0,0,0,0,0,0,Run a bounded exact metrics CDX check before escalating.
1864,Battle Pirates Hotfix,http://www.kongregate.com/games/BPDev/battle-pirates-hotfix,www.kongregate.com/games/bpdev/battle-pirates-hotfix,1,16,2017-07-12,2017-07-12,2026-06-30,live_metrics_json,not_checked,has_metrics,2,0,0,2,,,0,0,0,,,exact_metrics_no_cached_cdx_rows,0,0,0,0,0,0,Run a bounded exact metrics CDX check before escalating.
1865,Abandoned Castle,http://www.kongregate.com/games/Enagamess/abandoned-castle,www.kongregate.com/games/enagamess/abandoned-castle,1,16,2017-07-20,2017-07-20,2026-06-30,live_metrics_json,not_checked,has_metrics,2,0,0,2,,,0,0,0,,,exact_metrics_no_cached_cdx_rows,0,0,0,0,0,0,Run a bounded exact metrics CDX check before escalating.
1866,Lake Crusade,http://www.kongregate.com/games/DexterReal/lake-crusade,www.kongregate.com/games/dexterreal/lake-crusade,1,16,2017-07-28,2017-07-28,2026-06-30,live_metrics_json,not_checked,has_metrics,2,0,0,2,,,0,0,0,,,exact_metrics_no_cached_cdx_rows,0,0,0,0,0,0,Run a bounded exact metrics CDX check before escalating.
1867,Space Shooter,http://www.kongregate.com/games/Larryquartz/space-shooter,www.kongregate.com/games/larryquartz/space-shooter,1,16,2017-07-29,2017-07-29,2026-06-30,live_metrics_json,not_checked,has_metrics,2,0,0,2,,,0,0,0,,,exact_metrics_no_cached_cdx_rows,0,0,0,0,0,0,Run a bounded exact metrics CDX check before escalating.
1868,Princess Nella Fishing,http://www.kongregate.com/games/juegosnella/princess-nella-fishing,www.kongregate.com/games/juegosnella/princess-nella-fishing,1,16,2017-08-05,2017-08-05,2026-06-30,live_metrics_json,not_checked,has_metrics,2,0,0,2,,,0,0,0,,,exact_metrics_no_cached_cdx_rows,0,0,0,0,0,0,Run a bounded exact metrics CDX check before escalating.
1869,TypeMasters,http://www.kongregate.com/games/WeiMinM/typemasters,www.kongregate.com/games/weiminm/typemasters,1,16,2017-08-11,2017-08-11,2026-06-30,live_metrics_json,not_checked,has_metrics,2,0,0,2,,,0,0,0,,,exact_metrics_no_cached_cdx_rows,0,0,0,0,0,0,Run a bounded exact metrics CDX check before escalating.
1870,Plane Simulator 2018,http://www.kongregate.com/games/Drug_Cartel/plane-simulator-2018,www.kongregate.com/games/drug_cartel/plane-simulator-2018,1,16,2017-08-17,2017-08-17,2026-06-30,live_metrics_json,not_checked,has_metrics,2,0,0,2,,,0,0,0,,,exact_metrics_no_cached_cdx_rows,0,0,0,0,0,0,Run a bounded exact metrics CDX check before escalating.
1871,Super Chicken,http://www.kongregate.com/games/fatspliffs/super-chicken,www.kongregate.com/games/fatspliffs/super-chicken,1,16,2017-08-23,2017-08-23,2026-06-30,live_metrics_json,not_checked,has_metrics,2,0,0,2,,,0,0,0,,,exact_metrics_no_cached_cdx_rows,0,0,0,0,0,0,Run a bounded exact metrics CDX check before escalating.
1872,Zombie Invasion,http://www.kongregate.com/games/brvasil/zombie-invasion,www.kongregate.com/games/brvasil/zombie-invasion,1,16,2017-08-25,2017-08-25,2026-06-30,live_metrics_json,not_checked,has_metrics,2,0,0,2,,,0,0,0,,,exact_metrics_no_cached_cdx_rows,0,0,0,0,0,0,Run a bounded exact metrics CDX check before escalating.
1873,Wonder Woman Fashion Event,http://www.kongregate.com/games/edidea/wonder-woman-fashion-event,www.kongregate.com/games/edidea/wonder-woman-fashion-event,1,16,2017-09-13,2017-09-13,2026-06-30,live_metrics_json,not_checked,has_metrics,2,0,0,2,,,0,0,0,,,exact_metrics_no_cached_cdx_rows,0,0,0,0,0,0,Run a bounded exact metrics CDX check before escalating.
1874,The Locker - Weapon House,http://www.kongregate.com/games/Enagamess/the-locker-weapon-house,www.kongregate.com/games/enagamess/the-locker-weapon-house,1,16,2017-09-20,2017-09-20,2026-06-30,live_metrics_json,not_checked,has_metrics,2,0,0,2,,,0,0,0,,,exact_metrics_no_cached_cdx_rows,0,0,0,0,0,0,Run a bounded exact metrics CDX check before escalating.
1875,Link ADVENTURES,http://www.kongregate.com/games/andracpotavski/link-adventures,www.kongregate.com/games/andracpotavski/link-adventures,1,16,2017-10-08,2017-10-08,2026-06-30,live_metrics_json,not_checked,has_metrics,2,0,0,2,,,0,0,0,,,exact_metrics_no_cached_cdx_rows,0,0,0,0,0,0,Run a bounded exact metrics CDX check before escalating.
1876,Tickety Toc Where is My Gift?,http://www.kongregate.com/games/EngineerTR/tickety-toc-where-is-my-gift,www.kongregate.com/games/engineertr/tickety-toc-where-is-my-gift,1,16,2017-10-15,2017-10-15,2026-06-30,live_metrics_json,not_checked,has_metrics,2,0,0,2,,,0,0,0,,,exact_metrics_no_cached_cdx_rows,0,0,0,0,0,0,Run a bounded exact metrics CDX check before escalating.
1877,Halloween vs christmas,http://www.kongregate.com/games/GDP333572/halloween-vs-christmas,www.kongregate.com/games/gdp333572/halloween-vs-christmas,1,16,2017-10-24,2017-10-24,2026-06-30,live_metrics_json,not_checked,has_metrics,2,0,0,2,,,0,0,0,,,exact_metrics_no_cached_cdx_rows,0,0,0,0,0,0,Run a bounded exact metrics CDX check before escalating.
1878,Puzzle Test,http://www.kongregate.com/games/dspiv097/puzzle-test,www.kongregate.com/games/dspiv097/puzzle-test,1,16,2017-11-06,2017-11-06,2026-06-30,live_metrics_json,not_checked,has_metrics,2,0,0,2,,,0,0,0,,,exact_metrics_no_cached_cdx_rows,0,0,0,0,0,0,Run a bounded exact metrics CDX check before escalating.
1879,Bow and hunt,https://www.kongregate.com/games/spencer1237/bow-and-hunt,www.kongregate.com/games/spencer1237/bow-and-hunt,1,16,2019-08-25,2019-08-25,2026-06-30,live_metrics_json,not_checked,has_metrics,2,0,0,2,,,0,0,0,,,exact_metrics_no_cached_cdx_rows,0,0,0,0,0,0,Run a bounded exact metrics CDX check before escalating.
1880,Supre Survivor gaem,http://www.kongregate.com/games/deco766/supre-survivor-gaem,www.kongregate.com/games/deco766/supre-survivor-gaem,1,16,2021-01-25,2021-01-25,2024-03-11,metrics_json,not_checked,has_metrics,2,0,0,2,,,0,0,0,,,exact_metrics_no_cached_cdx_rows,0,0,0,0,0,0,Run a bounded exact metrics CDX check before escalating.
1881,Territory WAR,https://www.kongregate.com/games/zacktoon819/territory-war,www.kongregate.com/games/zacktoon819/territory-war,1,16,2021-11-12,2021-11-12,2026-06-30,live_metrics_json,not_checked,has_metrics,2,0,0,2,,,0,0,0,,,exact_metrics_no_cached_cdx_rows,0,0,0,0,0,0,Run a bounded exact metrics CDX check before escalating.
1882,MR RACER - Car Racing,http://www.kongregate.com/games/ChennaiGames/mr-racer-car-racing,www.kongregate.com/games/chennaigames/mr-racer-car-racing,1,16,2024-01-21,2024-01-21,2026-07-01,live_metrics_json,not_checked,has_metrics,2,0,0,2,,,0,0,0,,,exact_metrics_no_cached_cdx_rows,0,0,0,0,0,0,Run a bounded exact metrics CDX check before escalating.
1883,Protector III,http://www.kongregate.com/games/undefined/protector-iii,www.kongregate.com/games/undefined/protector-iii,3,17,2014-11-01,2014-11-06,2022-01-11,metrics_json,not_checked,has_metrics,2,0,0,2,,,0,0,0,,,exact_metrics_no_cached_cdx_rows,0,0,0,0,0,0,Run a bounded exact metrics CDX check before escalating.
1884,Defend your Honor!,https://www.kongregate.com/en/games/ArmorGames/defend-your-honor,www.kongregate.com/games/armorgames/defend-your-honor,3,17,2024-08-28,2025-10-12,2025-11-16,ranked_listing,not_checked,has_metrics,2,0,0,2,,,0,0,0,,,exact_metrics_no_cached_cdx_rows,0,0,0,0,0,0,Run a bounded exact metrics CDX check before escalating.
1885,Decision:Medieval,http://www.kongregate.com/games/FlyAnvil/decision-medieval,www.kongregate.com/games/flyanvil/decision-medieval,2,17,2014-12-27,2014-12-30,2019-06-28,metrics_json,not_checked,has_metrics,2,0,0,2,,,0,0,0,,,exact_metrics_no_cached_cdx_rows,0,0,0,0,0,0,Run a bounded exact metrics CDX check before escalating.
1886,Bomb Transport 3D,http://www.kongregate.com/games/nowgamez/bomb-transport-3d,www.kongregate.com/games/nowgamez/bomb-transport-3d,1,17,2014-08-22,2014-08-22,2026-06-30,live_metrics_json,not_checked,has_metrics,2,0,0,2,,,0,0,0,,,exact_metrics_no_cached_cdx_rows,0,0,0,0,0,0,Run a bounded exact metrics CDX check before escalating.
1887,Splitter 2,http://www.kongregate.com/games/CasualCollective/splitter-2,www.kongregate.com/games/casualcollective/splitter-2,1,17,2014-08-22,2014-08-22,2022-08-09,metrics_json,not_checked,has_metrics,2,0,0,2,,,0,0,0,,,exact_metrics_no_cached_cdx_rows,0,0,0,0,0,0,Run a bounded exact metrics CDX check before escalating.
1888,Paralella,http://www.kongregate.com/games/Genezgames/paralella,www.kongregate.com/games/genezgames/paralella,1,17,2014-08-26,2014-08-26,2026-06-30,live_metrics_json,not_checked,has_metrics,2,0,0,2,,,0,0,0,,,exact_metrics_no_cached_cdx_rows,0,0,0,0,0,0,Run a bounded exact metrics CDX check before escalating.
1889,3D Puzzle Game - Jumpin Jack - HD,http://www.kongregate.com/games/jumpinjackus/3d-puzzle-game-jumpin-jack-hd,www.kongregate.com/games/jumpinjackus/3d-puzzle-game-jumpin-jack-hd,1,17,2014-08-29,2014-08-29,2026-06-30,live_metrics_json,not_checked,has_metrics,2,0,0,2,,,0,0,0,,,exact_metrics_no_cached_cdx_rows,0,0,0,0,0,0,Run a bounded exact metrics CDX check before escalating.
1890,Dimensional - Running Between Worlds,http://www.kongregate.com/games/HizuYuuki/dimensional-running-between-worlds,www.kongregate.com/games/hizuyuuki/dimensional-running-between-worlds,1,17,2014-09-02,2014-09-02,2026-06-30,live_metrics_json,not_checked,has_metrics,2,0,0,2,,,0,0,0,,,exact_metrics_no_cached_cdx_rows,0,0,0,0,0,0,Run a bounded exact metrics CDX check before escalating.
1891,Turbo Trip 89,http://www.kongregate.com/games/rootools/turbo-trip-89,www.kongregate.com/games/rootools/turbo-trip-89,1,17,2014-09-05,2014-09-05,2026-06-30,live_metrics_json,not_checked,has_metrics,2,0,0,2,,,0,0,0,,,exact_metrics_no_cached_cdx_rows,0,0,0,0,0,0,Run a bounded exact metrics CDX check before escalating.
1892,Escape Route Hard,http://www.kongregate.com/games/NickJ66/escape-route-hard,www.kongregate.com/games/nickj66/escape-route-hard,1,17,2014-09-12,2014-09-12,2026-06-30,live_metrics_json,not_checked,has_metrics,2,0,0,2,,,0,0,0,,,exact_metrics_no_cached_cdx_rows,0,0,0,0,0,0,Run a bounded exact metrics CDX check before escalating.
1893,Russian Army,http://www.kongregate.com/games/kenandreypineda/russian-army,www.kongregate.com/games/kenandreypineda/russian-army,1,17,2014-09-14,2014-09-14,2026-06-30,live_metrics_json,not_checked,has_metrics,2,0,0,2,,,0,0,0,,,exact_metrics_no_cached_cdx_rows,0,0,0,0,0,0,Run a bounded exact metrics CDX check before escalating.
1894,Burger Brawl,http://www.kongregate.com/games/CurryTech/burger-brawl,www.kongregate.com/games/currytech/burger-brawl,1,17,2014-09-19,2014-09-19,2026-06-30,live_metrics_json,not_checked,has_metrics,2,0,0,2,,,0,0,0,,,exact_metrics_no_cached_cdx_rows,0,0,0,0,0,0,Run a bounded exact metrics CDX check before escalating.
1895,Light House Escape 2,http://www.kongregate.com/games/Enagamess/light-house-escape-2,www.kongregate.com/games/enagamess/light-house-escape-2,1,17,2014-09-20,2014-09-20,2026-06-30,live_metrics_json,not_checked,has_metrics,2,0,0,2,,,0,0,0,,,exact_metrics_no_cached_cdx_rows,0,0,0,0,0,0,Run a bounded exact metrics CDX check before escalating.
1896,The Secret Affair,http://www.kongregate.com/games/SandraKim/the-secret-affair,www.kongregate.com/games/sandrakim/the-secret-affair,1,17,2014-09-26,2014-09-26,2026-06-30,live_metrics_json,not_checked,has_metrics,2,0,0,2,,,0,0,0,,,exact_metrics_no_cached_cdx_rows,0,0,0,0,0,0,Run a bounded exact metrics CDX check before escalating.
1897,Wadwipe: Play 4 Free,http://www.kongregate.com/games/CryWar/wadwipe-play-4-free,www.kongregate.com/games/crywar/wadwipe-play-4-free,1,17,2014-09-26,2014-09-26,2026-06-30,live_metrics_json,not_checked,has_metrics,2,0,0,2,,,0,0,0,,,exact_metrics_no_cached_cdx_rows,0,0,0,0,0,0,Run a bounded exact metrics CDX check before escalating.
1898,Lode Runner Retro,http://www.kongregate.com/games/Milton_W/lode-runner-retro,www.kongregate.com/games/milton_w/lode-runner-retro,1,17,2014-10-09,2014-10-09,2026-06-30,live_metrics_json,not_checked,has_metrics,2,0,0,2,,,0,0,0,,,exact_metrics_no_cached_cdx_rows,0,0,0,0,0,0,Run a bounded exact metrics CDX check before escalating.
1899,5 Colorful Cats,http://www.kongregate.com/games/minikidsgames/5-colorful-cats,www.kongregate.com/games/minikidsgames/5-colorful-cats,1,17,2014-10-10,2014-10-10,2026-06-30,live_metrics_json,not_checked,has_metrics,2,0,0,2,,,0,0,0,,,exact_metrics_no_cached_cdx_rows,0,0,0,0,0,0,Run a bounded exact metrics CDX check before escalating.
1900,Fear of Failure,http://www.kongregate.com/games/Bluelemon/fear-of-failure,www.kongregate.com/games/bluelemon/fear-of-failure,1,17,2014-10-13,2014-10-13,2026-06-30,live_metrics_json,not_checked,has_metrics,2,0,0,2,,,0,0,0,,,exact_metrics_no_cached_cdx_rows,0,0,0,0,0,0,Run a bounded exact metrics CDX check before escalating.
1901,Lost in the Forest 2,http://www.kongregate.com/games/SandraKim/lost-in-the-forest-2,www.kongregate.com/games/sandrakim/lost-in-the-forest-2,1,17,2014-10-17,2014-10-17,2026-06-30,live_metrics_json,not_checked,has_metrics,2,0,0,2,,,0,0,0,,,exact_metrics_no_cached_cdx_rows,0,0,0,0,0,0,Run a bounded exact metrics CDX check before escalating.
1902,Play Halloween Match,http://www.kongregate.com/games/yippeegames/play-halloween-match,www.kongregate.com/games/yippeegames/play-halloween-match,1,17,2014-10-24,2014-10-24,2026-06-30,live_metrics_json,not_checked,has_metrics,2,0,0,2,,,0,0,0,,,exact_metrics_no_cached_cdx_rows,0,0,0,0,0,0,Run a bounded exact metrics CDX check before escalating.
1903,Halloween Run,http://www.kongregate.com/games/shaibaazsparrow1/halloween-run,www.kongregate.com/games/shaibaazsparrow1/halloween-run,1,17,2014-10-29,2014-10-29,2026-06-30,live_metrics_json,not_checked,has_metrics,2,0,0,2,,,0,0,0,,,exact_metrics_no_cached_cdx_rows,0,0,0,0,0,0,Run a bounded exact metrics CDX check before escalating.
1904,Broken Shells,http://www.kongregate.com/games/wholetonegames/broken-shells,www.kongregate.com/games/wholetonegames/broken-shells,1,17,2014-10-31,2014-10-31,2026-06-30,live_metrics_json,not_checked,has_metrics,2,0,0,2,,,0,0,0,,,exact_metrics_no_cached_cdx_rows,0,0,0,0,0,0,Run a bounded exact metrics CDX check before escalating.
1905,Daisy Girl Dress Up,http://www.kongregate.com/games/funnypeppygames/daisy-girl-dress-up,www.kongregate.com/games/funnypeppygames/daisy-girl-dress-up,1,17,2014-11-11,2014-11-11,2026-06-30,live_metrics_json,not_checked,has_metrics,2,0,0,2,,,0,0,0,,,exact_metrics_no_cached_cdx_rows,0,0,0,0,0,0,Run a bounded exact metrics CDX check before escalating.
1906,Bubblenator,http://www.kongregate.com/games/Souleris/bubblenator,www.kongregate.com/games/souleris/bubblenator,1,17,2014-11-25,2014-11-25,2026-06-30,live_metrics_json,not_checked,has_metrics,2,0,0,2,,,0,0,0,,,exact_metrics_no_cached_cdx_rows,0,0,0,0,0,0,Run a bounded exact metrics CDX check before escalating.
1907,Victorian House Escape,http://www.kongregate.com/games/Enagamess/victorian-house-escape,www.kongregate.com/games/enagamess/victorian-house-escape,1,17,2014-12-02,2014-12-02,2026-06-30,live_metrics_json,not_checked,has_metrics,2,0,0,2,,,0,0,0,,,exact_metrics_no_cached_cdx_rows,0,0,0,0,0,0,Run a bounded exact metrics CDX check before escalating.
1908,My Life IDLE,http://www.kongregate.com/games/markieer12/my-life-idle,www.kongregate.com/games/markieer12/my-life-idle,1,17,2014-12-10,2014-12-10,2026-06-30,live_metrics_json,not_checked,has_metrics,2,0,0,2,,,0,0,0,,,exact_metrics_no_cached_cdx_rows,0,0,0,0,0,0,Run a bounded exact metrics CDX check before escalating.
1909,Color Zones,http://www.kongregate.com/games/MulitaSoft/color-zones,www.kongregate.com/games/mulitasoft/color-zones,1,17,2014-12-17,2014-12-17,2026-06-30,live_metrics_json,not_checked,has_metrics,2,0,0,2,,,0,0,0,,,exact_metrics_no_cached_cdx_rows,0,0,0,0,0,0,Run a bounded exact metrics CDX check before escalating.
1910,Bik,http://www.kongregate.com/games/montelucci/bik,www.kongregate.com/games/montelucci/bik,1,17,2014-12-28,2014-12-28,2026-06-30,live_metrics_json,not_checked,has_metrics,2,0,0,2,,,0,0,0,,,exact_metrics_no_cached_cdx_rows,0,0,0,0,0,0,Run a bounded exact metrics CDX check before escalating.
1911,Pick Up Sticks,http://www.kongregate.com/games/cranberrygame/pick-up-sticks,www.kongregate.com/games/cranberrygame/pick-up-sticks,1,17,2014-12-30,2014-12-30,2026-06-30,live_metrics_json,not_checked,has_metrics,2,0,0,2,,,0,0,0,,,exact_metrics_no_cached_cdx_rows,0,0,0,0,0,0,Run a bounded exact metrics CDX check before escalating.
1912,PRE ALPHA PIXEL THE HEIST,http://www.kongregate.com/games/gamendekiwi/pre-alpha-pixel-the-heist,www.kongregate.com/games/gamendekiwi/pre-alpha-pixel-the-heist,1,17,2015-04-01,2015-04-01,2026-06-30,live_metrics_json,not_checked,has_metrics,2,0,0,2,,,0,0,0,,,exact_metrics_no_cached_cdx_rows,0,0,0,0,0,0,Run a bounded exact metrics CDX check before escalating.
1913,Shop Class Slacking,http://www.kongregate.com/games/gg123/shop-class-slacking,www.kongregate.com/games/gg123/shop-class-slacking,1,17,2015-09-09,2015-09-09,2026-06-30,live_metrics_json,not_checked,has_metrics,2,0,0,2,,,0,0,0,,,exact_metrics_no_cached_cdx_rows,0,0,0,0,0,0,Run a bounded exact metrics CDX check before escalating.
1914,Pacman Dash,http://www.kongregate.com/games/PaulHTML5/pacman-dash,www.kongregate.com/games/paulhtml5/pacman-dash,1,17,2015-09-14,2015-09-14,2026-06-30,live_metrics_json,not_checked,has_metrics,2,0,0,2,,,0,0,0,,,exact_metrics_no_cached_cdx_rows,0,0,0,0,0,0,Run a bounded exact metrics CDX check before escalating.
1915,Modern Home Escape,http://www.kongregate.com/games/Enagamess/modern-home-escape,www.kongregate.com/games/enagamess/modern-home-escape,1,17,2015-09-15,2015-09-15,2026-06-30,live_metrics_json,not_checked,has_metrics,2,0,0,2,,,0,0,0,,,exact_metrics_no_cached_cdx_rows,0,0,0,0,0,0,Run a bounded exact metrics CDX check before escalating.
1916,Tractor Mania 3D Parking,http://www.kongregate.com/games/gamolition/tractor-mania-3d-parking,www.kongregate.com/games/gamolition/tractor-mania-3d-parking,1,17,2015-09-23,2015-09-23,2026-06-30,live_metrics_json,not_checked,has_metrics,2,0,0,2,,,0,0,0,,,exact_metrics_no_cached_cdx_rows,0,0,0,0,0,0,Run a bounded exact metrics CDX check before escalating.
1917,FR Find Differences #1,http://www.kongregate.com/games/MePlayItOnline/fr-find-differences-1,www.kongregate.com/games/meplayitonline/fr-find-differences-1,1,17,2015-09-30,2015-09-30,2026-06-30,live_metrics_json,not_checked,has_metrics,2,0,0,2,,,0,0,0,,,exact_metrics_no_cached_cdx_rows,0,0,0,0,0,0,Run a bounded exact metrics CDX check before escalating.
1918,Unique House Escape 2,http://www.kongregate.com/games/Enagamess/unique-house-escape-2,www.kongregate.com/games/enagamess/unique-house-escape-2,1,17,2015-12-05,2015-12-05,2026-06-30,live_metrics_json,not_checked,has_metrics,2,0,0,2,,,0,0,0,,,exact_metrics_no_cached_cdx_rows,0,0,0,0,0,0,Run a bounded exact metrics CDX check before escalating.
1919,Weltenstaub 1,http://www.kongregate.com/games/Koemmels/weltenstaub-1,www.kongregate.com/games/koemmels/weltenstaub-1,1,17,2015-12-18,2015-12-18,2026-06-30,live_metrics_json,not_checked,has_metrics,2,0,0,2,,,0,0,0,,,exact_metrics_no_cached_cdx_rows,0,0,0,0,0,0,Run a bounded exact metrics CDX check before escalating.
1920,Dodge Durst or Die,http://www.kongregate.com/games/Madsdestruction/dodge-durst-or-die,www.kongregate.com/games/madsdestruction/dodge-durst-or-die,1,17,2015-12-26,2015-12-26,2026-06-30,live_metrics_json,not_checked,has_metrics,2,0,0,2,,,0,0,0,,,exact_metrics_no_cached_cdx_rows,0,0,0,0,0,0,Run a bounded exact metrics CDX check before escalating.
1921,The Terrible Old Man,http://www.kongregate.com/games/cadgames/the-terrible-old-man,www.kongregate.com/games/cadgames/the-terrible-old-man,1,17,2016-01-02,2016-01-02,2026-06-30,live_metrics_json,not_checked,has_metrics,2,0,0,2,,,0,0,0,,,exact_metrics_no_cached_cdx_rows,0,0,0,0,0,0,Run a bounded exact metrics CDX check before escalating.
1922,Ultimate Treasure Dive,http://www.kongregate.com/games/zooxii/ultimate-treasure-dive,www.kongregate.com/games/zooxii/ultimate-treasure-dive,1,17,2016-01-16,2016-01-16,2026-06-30,live_metrics_json,not_checked,has_metrics,2,0,0,2,,,0,0,0,,,exact_metrics_no_cached_cdx_rows,0,0,0,0,0,0,Run a bounded exact metrics CDX check before escalating.
1923,sCHOOL,http://www.kongregate.com/games/Iam_GamerPS5/school,www.kongregate.com/games/iam_gamerps5/school,1,17,2016-01-25,2016-01-25,2024-01-16,metrics_json,not_checked,has_metrics,2,0,0,2,,,0,0,0,,,exact_metrics_no_cached_cdx_rows,0,0,0,0,0,0,Run a bounded exact metrics CDX check before escalating.
1924,school project 3d forrest,http://www.kongregate.com/games/mynameisxboard/school-project-3d-forrest,www.kongregate.com/games/mynameisxboard/school-project-3d-forrest,1,17,2016-02-02,2016-02-02,2025-02-03,metrics_json,not_checked,has_metrics,2,0,0,2,,,0,0,0,,,exact_metrics_no_cached_cdx_rows,0,0,0,0,0,0,Run a bounded exact metrics CDX check before escalating.
1925,Rescue My Soul 2,http://www.kongregate.com/games/Enagamess/rescue-my-soul-2,www.kongregate.com/games/enagamess/rescue-my-soul-2,1,17,2016-02-17,2016-02-17,2026-06-30,live_metrics_json,not_checked,has_metrics,2,0,0,2,,,0,0,0,,,exact_metrics_no_cached_cdx_rows,0,0,0,0,0,0,Run a bounded exact metrics CDX check before escalating.
1926,Get Back The Fairy,http://www.kongregate.com/games/Enagamess/get-back-the-fairy,www.kongregate.com/games/enagamess/get-back-the-fairy,1,17,2016-02-28,2016-02-28,2026-06-30,live_metrics_json,not_checked,has_metrics,2,0,0,2,,,0,0,0,,,exact_metrics_no_cached_cdx_rows,0,0,0,0,0,0,Run a bounded exact metrics CDX check before escalating.
1927,Avalancher,http://www.kongregate.com/games/Vogd/avalancher,www.kongregate.com/games/vogd/avalancher,1,17,2016-03-05,2016-03-05,2026-06-30,live_metrics_json,not_checked,has_metrics,2,0,0,2,,,0,0,0,,,exact_metrics_no_cached_cdx_rows,0,0,0,0,0,0,Run a bounded exact metrics CDX check before escalating.
1928,Spaceship Shooter,http://www.kongregate.com/games/kizigames/spaceship-shooter,www.kongregate.com/games/kizigames/spaceship-shooter,1,17,2016-03-07,2016-03-07,2023-02-12,metrics_json,not_checked,has_metrics,2,0,0,2,,,0,0,0,,,exact_metrics_no_cached_cdx_rows,0,0,0,0,0,0,Run a bounded exact metrics CDX check before escalating.
1929,Vandalise The Gas Station,http://www.kongregate.com/games/tackypoop111/vandalise-the-gas-station,www.kongregate.com/games/tackypoop111/vandalise-the-gas-station,1,17,2016-03-16,2016-03-16,2026-06-30,live_metrics_json,not_checked,has_metrics,2,0,0,2,,,0,0,0,,,exact_metrics_no_cached_cdx_rows,0,0,0,0,0,0,Run a bounded exact metrics CDX check before escalating.
1930,Gimbo jump 3,http://www.kongregate.com/games/worldhacker/gimbo-jump-3,www.kongregate.com/games/worldhacker/gimbo-jump-3,1,17,2016-03-20,2016-03-20,2026-06-30,live_metrics_json,not_checked,has_metrics,2,0,0,2,,,0,0,0,,,exact_metrics_no_cached_cdx_rows,0,0,0,0,0,0,Run a bounded exact metrics CDX check before escalating.
1931,Easter Truck Jigsaw,http://www.kongregate.com/games/newgamess/easter-truck-jigsaw,www.kongregate.com/games/newgamess/easter-truck-jigsaw,1,17,2016-03-24,2016-03-24,2026-06-30,live_metrics_json,not_checked,has_metrics,2,0,0,2,,,0,0,0,,,exact_metrics_no_cached_cdx_rows,0,0,0,0,0,0,Run a bounded exact metrics CDX check before escalating.
1932,STH .01,http://www.kongregate.com/games/KyozCorp/sth-01,www.kongregate.com/games/kyozcorp/sth-01,1,17,2016-05-06,2016-05-06,2026-06-30,live_metrics_json,not_checked,has_metrics,2,0,0,2,,,0,0,0,,,exact_metrics_no_cached_cdx_rows,0,0,0,0,0,0,Run a bounded exact metrics CDX check before escalating.
1933,MegaBEER,http://www.kongregate.com/games/fancyork/megabeer,www.kongregate.com/games/fancyork/megabeer,1,17,2016-05-15,2016-05-15,2026-06-30,live_metrics_json,not_checked,has_metrics,2,0,0,2,,,0,0,0,,,exact_metrics_no_cached_cdx_rows,0,0,0,0,0,0,Run a bounded exact metrics CDX check before escalating.
1934,Platt 10,http://www.kongregate.com/games/KAPLOARPLOAR/platt-10,www.kongregate.com/games/kaploarploar/platt-10,1,17,2016-05-23,2016-05-23,2026-06-30,live_metrics_json,not_checked,has_metrics,2,0,0,2,,,0,0,0,,,exact_metrics_no_cached_cdx_rows,0,0,0,0,0,0,Run a bounded exact metrics CDX check before escalating.
1935,Tig With Xenomorph,http://www.kongregate.com/games/x2wifi/tig-with-xenomorph,www.kongregate.com/games/x2wifi/tig-with-xenomorph,1,17,2016-05-24,2016-05-24,2026-06-30,live_metrics_json,not_checked,has_metrics,2,0,0,2,,,0,0,0,,,exact_metrics_no_cached_cdx_rows,0,0,0,0,0,0,Run a bounded exact metrics CDX check before escalating.
1936,Chess Evolved Online,https://www.kongregate.com/games/TheGrandestine/chess-evolved-online,www.kongregate.com/games/thegrandestine/chess-evolved-online,1,17,2016-06-01,2016-06-01,2016-10-31,metrics_json,not_checked,has_metrics,2,0,0,2,,,0,0,0,,,exact_metrics_no_cached_cdx_rows,0,0,0,0,0,0,Run a bounded exact metrics CDX check before escalating.
1937,Tower Attraction,http://www.kongregate.com/games/aptriangle/tower-attraction,www.kongregate.com/games/aptriangle/tower-attraction,1,17,2016-06-04,2016-06-04,2026-06-30,live_metrics_json,not_checked,has_metrics,2,0,0,2,,,0,0,0,,,exact_metrics_no_cached_cdx_rows,0,0,0,0,0,0,Run a bounded exact metrics CDX check before escalating.
1938,EL Orco Malvado,http://www.kongregate.com/games/edher19/el-orco-malvado,www.kongregate.com/games/edher19/el-orco-malvado,1,17,2016-06-05,2016-06-05,2026-06-30,live_metrics_json,not_checked,has_metrics,2,0,0,2,,,0,0,0,,,exact_metrics_no_cached_cdx_rows,0,0,0,0,0,0,Run a bounded exact metrics CDX check before escalating.
1939,Who Can Escape Castle Prison,http://www.kongregate.com/games/rahchel321/who-can-escape-castle-prison,www.kongregate.com/games/rahchel321/who-can-escape-castle-prison,1,17,2016-06-13,2016-06-13,2026-06-30,live_metrics_json,not_checked,has_metrics,2,0,0,2,,,0,0,0,,,exact_metrics_no_cached_cdx_rows,0,0,0,0,0,0,Run a bounded exact metrics CDX check before escalating.
1940,Raiders and Traders,http://www.kongregate.com/games/daggerit/raiders-and-traders,www.kongregate.com/games/daggerit/raiders-and-traders,1,17,2016-06-22,2016-06-22,2026-06-30,live_metrics_json,not_checked,has_metrics,2,0,0,2,,,0,0,0,,,exact_metrics_no_cached_cdx_rows,0,0,0,0,0,0,Run a bounded exact metrics CDX check before escalating.
1941,Terminator Jigsaw,http://www.kongregate.com/games/newgamess/terminator-jigsaw,www.kongregate.com/games/newgamess/terminator-jigsaw,1,17,2016-06-29,2016-06-29,2026-06-30,live_metrics_json,not_checked,has_metrics,2,0,0,2,,,0,0,0,,,exact_metrics_no_cached_cdx_rows,0,0,0,0,0,0,Run a bounded exact metrics CDX check before escalating.
1942,Daylight Robbery,http://www.kongregate.com/games/SandraKim/daylight-robbery,www.kongregate.com/games/sandrakim/daylight-robbery,1,17,2016-07-14,2016-07-14,2026-06-30,live_metrics_json,not_checked,has_metrics,2,0,0,2,,,0,0,0,,,exact_metrics_no_cached_cdx_rows,0,0,0,0,0,0,Run a bounded exact metrics CDX check before escalating.
1943,Sword HUMMUS,http://www.kongregate.com/games/aymaniscool/sword-hummus,www.kongregate.com/games/aymaniscool/sword-hummus,1,17,2016-07-20,2016-07-20,2026-06-30,live_metrics_json,not_checked,has_metrics,2,0,0,2,,,0,0,0,,,exact_metrics_no_cached_cdx_rows,0,0,0,0,0,0,Run a bounded exact metrics CDX check before escalating.
1944,Duelo,http://www.kongregate.com/games/ccamiloo/duelo,www.kongregate.com/games/ccamiloo/duelo,1,17,2016-07-27,2016-07-27,2026-06-30,live_metrics_json,not_checked,has_metrics,2,0,0,2,,,0,0,0,,,exact_metrics_no_cached_cdx_rows,0,0,0,0,0,0,Run a bounded exact metrics CDX check before escalating.
1945,Elsa Restaurant Vegetarian Meatloaf,http://www.kongregate.com/games/gamesforgirlz/elsa-restaurant-vegetarian-meatloaf,www.kongregate.com/games/gamesforgirlz/elsa-restaurant-vegetarian-meatloaf,1,17,2016-08-13,2016-08-13,2026-06-30,live_metrics_json,not_checked,has_metrics,2,0,0,2,,,0,0,0,,,exact_metrics_no_cached_cdx_rows,0,0,0,0,0,0,Run a bounded exact metrics CDX check before escalating.
1946,Retro Redux,http://www.kongregate.com/games/BowWow200/retro-redux,www.kongregate.com/games/bowwow200/retro-redux,1,17,2016-08-20,2016-08-20,2026-06-30,live_metrics_json,not_checked,has_metrics,2,0,0,2,,,0,0,0,,,exact_metrics_no_cached_cdx_rows,0,0,0,0,0,0,Run a bounded exact metrics CDX check before escalating.
1947,Annas Kitchen Zucchini Soup,http://www.kongregate.com/games/gamesforgirlz/annas-kitchen-zucchini-soup,www.kongregate.com/games/gamesforgirlz/annas-kitchen-zucchini-soup,1,17,2016-08-28,2016-08-28,2026-06-30,live_metrics_json,not_checked,has_metrics,2,0,0,2,,,0,0,0,,,exact_metrics_no_cached_cdx_rows,0,0,0,0,0,0,Run a bounded exact metrics CDX check before escalating.
1948,Cross my Heart,http://www.kongregate.com/games/SandraKim/cross-my-heart,www.kongregate.com/games/sandrakim/cross-my-heart,1,17,2016-09-03,2016-09-03,2026-06-30,live_metrics_json,not_checked,has_metrics,2,0,0,2,,,0,0,0,,,exact_metrics_no_cached_cdx_rows,0,0,0,0,0,0,Run a bounded exact metrics CDX check before escalating.
1949,Blue Falcon,http://www.kongregate.com/games/newgamess/blue-falcon,www.kongregate.com/games/newgamess/blue-falcon,1,17,2016-09-16,2016-09-16,2026-06-30,live_metrics_json,not_checked,has_metrics,2,0,0,2,,,0,0,0,,,exact_metrics_no_cached_cdx_rows,0,0,0,0,0,0,Run a bounded exact metrics CDX check before escalating.
1950,Test2,http://www.kongregate.com/games/PanzerGraveyard/test2,www.kongregate.com/games/panzergraveyard/test2,1,17,2016-09-17,2016-09-17,2023-09-14,metrics_json,not_checked,has_metrics,2,0,0,2,,,0,0,0,,,exact_metrics_no_cached_cdx_rows,0,0,0,0,0,0,Run a bounded exact metrics CDX check before escalating.
1951,Giga Sun Class Game 02,http://www.kongregate.com/games/gigasun/giga-sun-class-game-02,www.kongregate.com/games/gigasun/giga-sun-class-game-02,1,17,2016-09-23,2016-09-23,2026-06-30,live_metrics_json,not_checked,has_metrics,2,0,0,2,,,0,0,0,,,exact_metrics_no_cached_cdx_rows,0,0,0,0,0,0,Run a bounded exact metrics CDX check before escalating.
1952,Super Skeleton II,http://www.kongregate.com/games/javiersan22/super-skeleton-ii,www.kongregate.com/games/javiersan22/super-skeleton-ii,1,17,2016-10-04,2016-10-04,2026-06-30,live_metrics_json,not_checked,has_metrics,2,0,0,2,,,0,0,0,,,exact_metrics_no_cached_cdx_rows,0,0,0,0,0,0,Run a bounded exact metrics CDX check before escalating.
1953,Romance is Dead,http://www.kongregate.com/games/SandboxAdventure/romance-is-dead,www.kongregate.com/games/sandboxadventure/romance-is-dead,1,17,2016-10-17,2016-10-17,2026-06-30,live_metrics_json,not_checked,has_metrics,2,0,0,2,,,0,0,0,,,exact_metrics_no_cached_cdx_rows,0,0,0,0,0,0,Run a bounded exact metrics CDX check before escalating.
1954,Run Chase 9,http://www.kongregate.com/games/Enagamess/run-chase-9,www.kongregate.com/games/enagamess/run-chase-9,1,17,2016-10-18,2016-10-18,2026-06-30,live_metrics_json,not_checked,has_metrics,2,0,0,2,,,0,0,0,,,exact_metrics_no_cached_cdx_rows,0,0,0,0,0,0,Run a bounded exact metrics CDX check before escalating.
1955,Light Directions,http://www.kongregate.com/games/HPieta/light-directions,www.kongregate.com/games/hpieta/light-directions,1,17,2016-10-24,2016-10-24,2026-06-30,live_metrics_json,not_checked,has_metrics,2,0,0,2,,,0,0,0,,,exact_metrics_no_cached_cdx_rows,0,0,0,0,0,0,Run a bounded exact metrics CDX check before escalating.
1956,Horror Paintings Parodies,http://www.kongregate.com/games/Munguia/horror-paintings-parodies,www.kongregate.com/games/munguia/horror-paintings-parodies,1,17,2016-10-30,2016-10-30,2026-06-30,live_metrics_json,not_checked,has_metrics,2,0,0,2,,,0,0,0,,,exact_metrics_no_cached_cdx_rows,0,0,0,0,0,0,Run a bounded exact metrics CDX check before escalating.
1957,W. House Version 0.0.2,http://www.kongregate.com/games/Mariuskintzs/w-house-version-0-0-2,www.kongregate.com/games/mariuskintzs/w-house-version-0-0-2,1,17,2017-05-05,2017-05-05,2026-06-30,live_metrics_json,not_checked,has_metrics,2,0,0,2,,,0,0,0,,,exact_metrics_no_cached_cdx_rows,0,0,0,0,0,0,Run a bounded exact metrics CDX check before escalating.
1958,The Vessel,http://www.kongregate.com/games/Enagamess/the-vessel,www.kongregate.com/games/enagamess/the-vessel,1,17,2017-05-25,2017-05-25,2026-06-30,live_metrics_json,not_checked,has_metrics,2,0,0,2,,,0,0,0,,,exact_metrics_no_cached_cdx_rows,0,0,0,0,0,0,Run a bounded exact metrics CDX check before escalating.
1959,pantscuer02,http://www.kongregate.com/games/Anzefuto/pantscuer02,www.kongregate.com/games/anzefuto/pantscuer02,1,17,2017-05-26,2017-05-26,2026-06-30,live_metrics_json,not_checked,has_metrics,2,0,0,2,,,0,0,0,,,exact_metrics_no_cached_cdx_rows,0,0,0,0,0,0,Run a bounded exact metrics CDX check before escalating.
1960,Cracking Open A Cold One With The Boys Simulator 2017,http://www.kongregate.com/games/StarvingStudios/cracking-open-a-cold-one-with-the-boys-simulator-2017,www.kongregate.com/games/starvingstudios/cracking-open-a-cold-one-with-the-boys-simulator-2017,1,17,2017-06-04,2017-06-04,2026-06-30,live_metrics_json,not_checked,has_metrics,2,0,0,2,,,0,0,0,,,exact_metrics_no_cached_cdx_rows,0,0,0,0,0,0,Run a bounded exact metrics CDX check before escalating.
1961,Ice Cream Sandwich Cake,http://www.kongregate.com/games/gamesforgirlz/ice-cream-sandwich-cake,www.kongregate.com/games/gamesforgirlz/ice-cream-sandwich-cake,1,17,2017-06-15,2017-06-15,2026-06-30,live_metrics_json,not_checked,has_metrics,2,0,0,2,,,0,0,0,,,exact_metrics_no_cached_cdx_rows,0,0,0,0,0,0,Run a bounded exact metrics CDX check before escalating.
1962,Run For Athena!,http://www.kongregate.com/games/spacegrid/run-for-athena,www.kongregate.com/games/spacegrid/run-for-athena,1,17,2017-06-16,2017-06-16,2026-06-30,live_metrics_json,not_checked,has_metrics,2,0,0,2,,,0,0,0,,,exact_metrics_no_cached_cdx_rows,0,0,0,0,0,0,Run a bounded exact metrics CDX check before escalating.
1963,Mask Area,http://www.kongregate.com/games/Enagamess/mask-area,www.kongregate.com/games/enagamess/mask-area,1,17,2017-06-25,2017-06-25,2026-06-30,live_metrics_json,not_checked,has_metrics,2,0,0,2,,,0,0,0,,,exact_metrics_no_cached_cdx_rows,0,0,0,0,0,0,Run a bounded exact metrics CDX check before escalating.
1964,Badlands[Online] Alpha,http://www.kongregate.com/games/charboozi/badlands-online-alpha,www.kongregate.com/games/charboozi/badlands-online-alpha,1,17,2017-07-03,2017-07-03,2026-06-30,live_metrics_json,not_checked,has_metrics,2,0,0,2,,,0,0,0,,,exact_metrics_no_cached_cdx_rows,0,0,0,0,0,0,Run a bounded exact metrics CDX check before escalating.
1965,Idle Glow Bugs,http://www.kongregate.com/games/sgtwombatstudios/idle-glow-bugs,www.kongregate.com/games/sgtwombatstudios/idle-glow-bugs,1,17,2017-07-12,2017-07-12,2026-06-30,live_metrics_json,not_checked,has_metrics,2,0,0,2,,,0,0,0,,,exact_metrics_no_cached_cdx_rows,0,0,0,0,0,0,Run a bounded exact metrics CDX check before escalating.
1966,Warriors,http://www.kongregate.com/games/spacegrid/warriors,www.kongregate.com/games/spacegrid/warriors,1,17,2017-07-20,2017-07-20,2026-06-30,live_metrics_json,not_checked,has_metrics,2,0,0,2,,,0,0,0,,,exact_metrics_no_cached_cdx_rows,0,0,0,0,0,0,Run a bounded exact metrics CDX check before escalating.
1967,Bat Palace,http://www.kongregate.com/games/Enagamess/bat-palace,www.kongregate.com/games/enagamess/bat-palace,1,17,2017-07-28,2017-07-28,2026-06-30,live_metrics_json,not_checked,has_metrics,2,0,0,2,,,0,0,0,,,exact_metrics_no_cached_cdx_rows,0,0,0,0,0,0,Run a bounded exact metrics CDX check before escalating.
1968,Sky Guardian,http://www.kongregate.com/games/Dumitru_V/sky-guardian,www.kongregate.com/games/dumitru_v/sky-guardian,1,17,2017-07-29,2017-07-29,2026-06-30,live_metrics_json,not_checked,has_metrics,2,0,0,2,,,0,0,0,,,exact_metrics_no_cached_cdx_rows,0,0,0,0,0,0,Run a bounded exact metrics CDX check before escalating.
1969,Summoner's Tale,http://www.kongregate.com/games/masternegm/summoners-tale,www.kongregate.com/games/masternegm/summoners-tale,1,17,2017-08-05,2017-08-05,2026-06-30,live_metrics_json,not_checked,has_metrics,2,0,0,2,,,0,0,0,,,exact_metrics_no_cached_cdx_rows,0,0,0,0,0,0,Run a bounded exact metrics CDX check before escalating.
1970,Paint the block,http://www.kongregate.com/games/AugustoA150/paint-the-block,www.kongregate.com/games/augustoa150/paint-the-block,1,17,2017-08-11,2017-08-11,2026-06-30,live_metrics_json,not_checked,has_metrics,2,0,0,2,,,0,0,0,,,exact_metrics_no_cached_cdx_rows,0,0,0,0,0,0,Run a bounded exact metrics CDX check before escalating.
1971,PixelDog: Beach Run,http://www.kongregate.com/games/PixelCounter/pixeldog-beach-run,www.kongregate.com/games/pixelcounter/pixeldog-beach-run,1,17,2017-08-17,2017-08-17,2026-06-30,live_metrics_json,not_checked,has_metrics,2,0,0,2,,,0,0,0,,,exact_metrics_no_cached_cdx_rows,0,0,0,0,0,0,Run a bounded exact metrics CDX check before escalating.
1972,Find The Tusk,http://www.kongregate.com/games/top10newgames/find-the-tusk,www.kongregate.com/games/top10newgames/find-the-tusk,1,17,2017-08-23,2017-08-23,2026-06-30,live_metrics_json,not_checked,has_metrics,2,0,0,2,,,0,0,0,,,exact_metrics_no_cached_cdx_rows,0,0,0,0,0,0,Run a bounded exact metrics CDX check before escalating.
1973,Raging Fist,http://www.kongregate.com/games/brvasil/raging-fist,www.kongregate.com/games/brvasil/raging-fist,1,17,2017-08-25,2017-08-25,2026-06-30,live_metrics_json,not_checked,has_metrics,2,0,0,2,,,0,0,0,,,exact_metrics_no_cached_cdx_rows,0,0,0,0,0,0,Run a bounded exact metrics CDX check before escalating.
1974,Voxel Aliens,http://www.kongregate.com/games/Kovida/voxel-aliens,www.kongregate.com/games/kovida/voxel-aliens,1,17,2017-09-04,2017-09-04,2026-06-30,live_metrics_json,not_checked,has_metrics,2,0,0,2,,,0,0,0,,,exact_metrics_no_cached_cdx_rows,0,0,0,0,0,0,Run a bounded exact metrics CDX check before escalating.
1975,Copter Boat Takedown,http://www.kongregate.com/games/gamer70008000/copter-boat-takedown,www.kongregate.com/games/gamer70008000/copter-boat-takedown,1,17,2017-09-13,2017-09-13,2026-06-30,live_metrics_json,not_checked,has_metrics,2,0,0,2,,,0,0,0,,,exact_metrics_no_cached_cdx_rows,0,0,0,0,0,0,Run a bounded exact metrics CDX check before escalating.
1976,The Locker - Military Secret Place,http://www.kongregate.com/games/Enagamess/the-locker-military-secret-place,www.kongregate.com/games/enagamess/the-locker-military-secret-place,1,17,2017-09-20,2017-09-20,2026-06-30,live_metrics_json,not_checked,has_metrics,2,0,0,2,,,0,0,0,,,exact_metrics_no_cached_cdx_rows,0,0,0,0,0,0,Run a bounded exact metrics CDX check before escalating.
1977,The True Criminal - Saloon Escape,http://www.kongregate.com/games/Enagamess/the-true-criminal-saloon-escape,www.kongregate.com/games/enagamess/the-true-criminal-saloon-escape,1,17,2017-10-08,2017-10-08,2026-06-30,live_metrics_json,not_checked,has_metrics,2,0,0,2,,,0,0,0,,,exact_metrics_no_cached_cdx_rows,0,0,0,0,0,0,Run a bounded exact metrics CDX check before escalating.
1978,HEyooo,http://www.kongregate.com/games/talhaa1008/heyooo,www.kongregate.com/games/talhaa1008/heyooo,1,17,2017-10-15,2017-10-15,2026-06-30,live_metrics_json,not_checked,has_metrics,2,0,0,2,,,0,0,0,,,exact_metrics_no_cached_cdx_rows,0,0,0,0,0,0,Run a bounded exact metrics CDX check before escalating.
1979,Madness Project Nexus [Party Mod],https://www.kongregate.com/games/paulliam80/madness-project-nexus-party-mod,www.kongregate.com/games/paulliam80/madness-project-nexus-party-mod,1,17,2018-05-07,2018-05-07,2019-11-13,metrics_json,not_checked,has_metrics,2,0,0,2,,,0,0,0,,,exact_metrics_no_cached_cdx_rows,0,0,0,0,0,0,Run a bounded exact metrics CDX check before escalating.
1980,Zombie escape,https://www.kongregate.com/games/tntninja05/zombie-escape,www.kongregate.com/games/tntninja05/zombie-escape,1,17,2019-08-25,2019-08-25,2026-06-30,live_metrics_json,not_checked,has_metrics,2,0,0,2,,,0,0,0,,,exact_metrics_no_cached_cdx_rows,0,0,0,0,0,0,Run a bounded exact metrics CDX check before escalating.
1981,Dungeon Blitz,https://www.kongregate.com/games/BlueMammoth/dungeon-blitz,www.kongregate.com/games/bluemammoth/dungeon-blitz,1,17,2019-10-22,2019-10-22,2020-12-10,metrics_json,not_checked,has_metrics,2,0,0,2,,,0,0,0,,,exact_metrics_no_cached_cdx_rows,0,0,0,0,0,0,Run a bounded exact metrics CDX check before escalating.
1982,ZS Dead Detective - Pumpkin Dead,https://www.kongregate.com/games/Lu_Muja/zs-dead-detective-pumpkin-dead,www.kongregate.com/games/lu_muja/zs-dead-detective-pumpkin-dead,1,17,2020-01-02,2020-01-02,2020-03-06,metrics_json,not_checked,has_metrics,2,0,0,2,,,0,0,0,,,exact_metrics_no_cached_cdx_rows,0,0,0,0,0,0,Run a bounded exact metrics CDX check before escalating.
1983,Maptroid,https://www.kongregate.com/games/lozzajp/maptroid,www.kongregate.com/games/lozzajp/maptroid,1,17,2020-06-07,2020-06-07,2020-06-22,metrics_json,not_checked,has_metrics,2,0,0,2,,,0,0,0,,,exact_metrics_no_cached_cdx_rows,0,0,0,0,0,0,Run a bounded exact metrics CDX check before escalating.
1984,Sift Heads World Act 5 - An Exotic Job,https://www.kongregate.com/games/WebCypher/sift-heads-world-act-5-an-exotic-job,www.kongregate.com/games/webcypher/sift-heads-world-act-5-an-exotic-job,4,20,2024-06-12,2024-08-22,2025-11-22,ranked_listing,dynamic_metrics_placeholder,has_metrics,2,0,1,1,,,0,0,0,,,exact_metrics_no_cached_cdx_rows,0,0,0,0,0,0,Run a bounded exact metrics CDX check before escalating.
1985,NG Space Company,http://www.kongregate.com/games/ExileNG/ng-space-company,www.kongregate.com/games/exileng/ng-space-company,1,19,2024-01-21,2024-01-21,2024-04-06,metrics_json,not_checked,has_metrics,2,0,0,2,,,0,0,0,,,exact_metrics_no_cached_cdx_rows,0,0,0,0,0,0,Run a bounded exact metrics CDX check before escalating.
1986,Sift Heads World Act 4 - Cold Memories,https://www.kongregate.com/en/games/WebCypher/sift-heads-world-act-4-cold-memories,www.kongregate.com/games/webcypher/sift-heads-world-act-4-cold-memories,5,26,2025-11-22,2026-01-03,2026-01-08,ranked_listing,,,2,0,0,2,,,0,0,0,,,exact_metrics_no_cached_cdx_rows,0,0,0,0,0,0,Run a bounded exact metrics CDX check before escalating.
1987,Reeelz,https://www.kongregate.com/en/games/gameinabottle/reeelz,www.kongregate.com/games/gameinabottle/reeelz,1,20,2025-10-09,2025-10-09,2025-12-03,ranked_listing,not_checked,has_metrics,2,0,0,2,,,0,0,0,,,exact_metrics_no_cached_cdx_rows,0,0,0,0,0,0,Run a bounded exact metrics CDX check before escalating.
1988,Karoshi : Suicide Salaryman,https://www.kongregate.com/en/games/Venbrux/karoshi-suicide-salaryman,www.kongregate.com/games/venbrux/karoshi-suicide-salaryman,3,49,2025-11-22,2026-01-02,2026-01-08,ranked_listing,,,2,0,0,2,,,0,0,0,,,exact_metrics_no_cached_cdx_rows,0,0,0,0,0,0,Run a bounded exact metrics CDX check before escalating.
1989,Symphonic TD,http://www.kongregate.com/en/games/Fr0z3nf1r3/symphonic-td,www.kongregate.com/games/fr0z3nf1r3/symphonic-td,2,30,2025-11-16,2026-01-03,2026-01-30,ranked_listing,,,2,0,0,2,,,0,0,0,,,exact_metrics_no_cached_cdx_rows,0,0,0,0,0,0,Run a bounded exact metrics CDX check before escalating.
1990,Steambirds: Survival,https://www.kongregate.com/en/games/spryfox/steambirds-survival,www.kongregate.com/games/spryfox/steambirds-survival,2,35,2025-11-22,2026-01-05,2026-03-21,ranked_listing,,,2,0,0,2,,,0,0,0,,,exact_metrics_no_cached_cdx_rows,0,0,0,0,0,0,Run a bounded exact metrics CDX check before escalating.
1991,Colony,https://www.kongregate.com/en/games/ArmorGames/colony,www.kongregate.com/games/armorgames/colony,2,37,2025-11-22,2026-01-05,2026-03-21,ranked_listing,,,2,0,0,2,,,0,0,0,,,exact_metrics_no_cached_cdx_rows,0,0,0,0,0,0,Run a bounded exact metrics CDX check before escalating.
1992,Battalion: Nemesis,https://www.kongregate.com/en/games/urbansquall/battalion-nemesis,www.kongregate.com/games/urbansquall/battalion-nemesis,2,43,2025-11-22,2026-01-05,2026-03-21,ranked_listing,,,2,0,0,2,,,0,0,0,,,exact_metrics_no_cached_cdx_rows,0,0,0,0,0,0,Run a bounded exact metrics CDX check before escalating.
1993,Warlords 2: Rise of Demons,https://www.kongregate.com/en/games/DJStatika/warlords-2-rise-of-demons,www.kongregate.com/games/djstatika/warlords-2-rise-of-demons,2,49,2025-11-22,2026-01-05,2026-03-21,ranked_listing,,,2,0,0,2,,,0,0,0,,,exact_metrics_no_cached_cdx_rows,0,0,0,0,0,0,Run a bounded exact metrics CDX check before escalating.
