status,followup_tier,game_name,game_url,canonical_game_key,best_rank,first_seen_date,endpoint_observations,candidates_with_cdx_rows,failed_observations,unresolved_failed_endpoints,parsed_probe_count_rows,recovered_count_rows,source_types_seen,latest_probe_run_timestamp
no_archived_endpoint_rows_observed,1,Last Warrior,http://www.kongregate.com/games/sstudioss/last-warrior,www.kongregate.com/games/sstudioss/last-warrior,1,2014-09-02,23,0,0,0,0,0,chat_achievements;chat_js;developer_game_list;game_path_prefix;holodeck;metrics_json;recommended_games,2026-07-02T15:35:04Z
no_archived_endpoint_rows_observed,1,SpaceWarrior,http://www.kongregate.com/games/listenme02/spacewarrior,www.kongregate.com/games/listenme02/spacewarrior,1,2014-09-12,15,0,0,0,0,0,chat_achievements;chat_js;developer_game_list;game_path_prefix;holodeck;metrics_json;recommended_games,2026-07-02T15:35:04Z
archived_endpoint_hit_no_count,1,The Funniest Game Ever,http://www.kongregate.com/games/Creeptasticman/the-funniest-game-ever,www.kongregate.com/games/creeptasticman/the-funniest-game-ever,1,2014-10-24,29,9,1,0,0,0,chat_achievements;chat_js;developer_game_list;game_path_prefix;holodeck;metrics_json;recommended_games,2026-07-02T14:15:30Z
no_archived_endpoint_rows_observed,1,The Saga Of The Wind Mobiles,http://www.kongregate.com/games/GhostTheFi/the-saga-of-the-wind-mobiles,www.kongregate.com/games/ghostthefi/the-saga-of-the-wind-mobiles,1,2016-06-29,20,0,0,0,0,0,chat_achievements;chat_js;developer_game_list;game_path_prefix;holodeck;metrics_json;recommended_games,2026-07-02T15:35:04Z
no_archived_endpoint_rows_observed,1,as3q32@gmail.com,http://www.kongregate.com/games/W3STS1DE/as3q32-gmail-com,www.kongregate.com/games/w3sts1de/as3q32-gmail-com,1,2016-07-07,28,0,1,0,0,0,chat_achievements;chat_js;developer_game_list;game_path_prefix;holodeck;metrics_json;recommended_games,2026-07-02T15:35:04Z
archived_endpoint_hit_no_count,1,Make Me 10,http://www.kongregate.com/games/LinhVo1611/make-me-10,www.kongregate.com/games/linhvo1611/make-me-10,1,2017-05-16,30,15,0,0,0,0,developer_game_list;game_path_prefix;metrics_json,2026-07-02T13:15:09Z
archived_endpoint_hit_no_count,1,Key to Success,http://www.kongregate.com/games/SamuelVenable/key-to-success,www.kongregate.com/games/samuelvenable/key-to-success,1,2017-05-25,9,5,0,0,0,0,developer_game_list;game_path_prefix;metrics_json,2026-07-02T13:15:09Z
archived_endpoint_hit_no_count,1,Missiles Again,http://www.kongregate.com/games/mafagames/missiles-again,www.kongregate.com/games/mafagames/missiles-again,1,2017-05-26,75,50,1,0,0,0,chat_achievements;chat_js;developer_game_list;game_path_prefix;holodeck;metrics_json;recommended_games,2026-07-02T15:35:04Z
archived_endpoint_hit_no_count,1,The Space Commando,http://www.kongregate.com/games/Eternal_Vanguard/the-space-commando,www.kongregate.com/games/eternal_vanguard/the-space-commando,1,2017-08-17,13,2,0,0,0,0,developer_game_list;game_path_prefix;metrics_json,2026-07-02T15:35:04Z
archived_endpoint_hit_no_count,1,Run Bird Run Online,http://www.kongregate.com/games/mafagames/run-bird-run-online,www.kongregate.com/games/mafagames/run-bird-run-online,1,2017-08-25,75,49,2,0,0,0,chat_achievements;chat_js;developer_game_list;game_path_prefix;holodeck;metrics_json;recommended_games,2026-07-02T15:35:04Z
archived_endpoint_hit_no_count,1,Zombie Derby 2,http://www.kongregate.com/games/brvasil/zombie-derby-2,www.kongregate.com/games/brvasil/zombie-derby-2,1,2017-09-13,45,18,11,0,0,0,chat_achievements;chat_js;developer_game_list;holodeck;metrics_json;recommended_games,2026-07-02T13:58:23Z
no_archived_endpoint_rows_observed,1,Football Legends 2016,http://www.kongregate.com/games/CoralCnora/football-legends-2016,www.kongregate.com/games/coralcnora/football-legends-2016,1,2017-09-30,35,0,11,0,0,0,chat_achievements;chat_js;developer_game_list;game_path_prefix;holodeck;metrics_json;recommended_games,2026-07-02T12:30:55Z
archived_endpoint_hit_no_count,1,LT-Breakout,http://www.kongregate.com/games/SandmanZA/lt-breakout,www.kongregate.com/games/sandmanza/lt-breakout,1,2017-10-24,14,6,4,0,0,0,game_path_prefix;metrics_json,2026-07-02T10:46:30Z
archived_endpoint_hit_no_count,1,Surrounded,https://www.kongregate.com/games/JasonNumberXIII/surrounded,www.kongregate.com/games/jasonnumberxiii/surrounded,1,2021-11-12,112,80,4,0,0,0,chat_achievements;chat_js;developer_game_list;game_path_prefix;holodeck;metrics_json;recommended_games,2026-07-02T15:35:04Z
archived_endpoint_hit_no_count,1,Talking Ginger Paw Caring,http://www.kongregate.com/games/wowsomegames/talking-ginger-paw-caring,www.kongregate.com/games/wowsomegames/talking-ginger-paw-caring,2,2014-08-29,55,18,13,0,0,0,chat_achievements;chat_js;developer_game_list;game_path_prefix;holodeck;metrics_json;recommended_games,2026-07-02T15:35:04Z
no_archived_endpoint_rows_observed,1,StormFall,http://www.kongregate.com/games/playman2/stormfall,www.kongregate.com/games/playman2/stormfall,2,2014-09-05,22,0,7,0,0,0,chat_achievements;chat_js;holodeck;metrics_json;recommended_games,2026-07-01T12:21:36Z
archived_endpoint_hit_no_count,1,Baby Talking Tom Bathing,http://www.kongregate.com/games/wowsomegames/baby-talking-tom-bathing,www.kongregate.com/games/wowsomegames/baby-talking-tom-bathing,2,2014-09-12,53,18,12,0,0,0,chat_achievements;chat_js;developer_game_list;game_path_prefix;holodeck;metrics_json;recommended_games,2026-07-02T15:35:04Z
no_archived_endpoint_rows_observed,1,Kns run,http://www.kongregate.com/games/hikkigamer/kns-run,www.kongregate.com/games/hikkigamer/kns-run,2,2014-09-20,36,0,15,0,0,0,chat_achievements;chat_js;developer_game_list;holodeck;metrics_json;recommended_games,2026-07-02T15:35:04Z
archived_endpoint_hit_no_count,1,cuube,http://www.kongregate.com/games/dmarcy/cuube,www.kongregate.com/games/dmarcy/cuube,2,2014-09-26,36,3,11,0,0,0,chat_achievements;chat_js;developer_game_list;holodeck;metrics_json;recommended_games,2026-07-02T15:35:04Z
no_archived_endpoint_rows_observed,1,Caralhinhos Voadores - Age Of Delicia,http://www.kongregate.com/games/maxwell06/caralhinhos-voadores-age-of-delicia,www.kongregate.com/games/maxwell06/caralhinhos-voadores-age-of-delicia,2,2014-10-03,36,0,12,0,0,0,chat_achievements;chat_js;developer_game_list;holodeck;metrics_json;recommended_games,2026-07-02T15:35:04Z
archived_endpoint_hit_no_count,1,path of the wingman,http://www.kongregate.com/games/fckn/path-of-the-wingman,www.kongregate.com/games/fckn/path-of-the-wingman,2,2014-10-24,41,2,21,0,0,0,chat_achievements;chat_js;developer_game_list;holodeck;metrics_json;recommended_games,2026-07-02T13:25:56Z
archived_endpoint_hit_no_count,1,Nowere Safe 3,http://www.kongregate.com/games/LexZ1/nowere-safe-3,www.kongregate.com/games/lexz1/nowere-safe-3,2,2014-10-29,27,2,8,0,0,0,chat_achievements;chat_js;developer_game_list;holodeck;metrics_json;recommended_games,2026-07-02T15:35:04Z
archived_endpoint_hit_no_count,1,Elsa And Anna Chinese Dress Up,http://www.kongregate.com/games/game4joy/elsa-and-anna-chinese-dress-up,www.kongregate.com/games/game4joy/elsa-and-anna-chinese-dress-up,2,2015-04-01,81,55,10,0,0,0,chat_achievements;chat_js;developer_game_list;holodeck;metrics_json;recommended_games,2026-07-02T15:35:04Z
no_archived_endpoint_rows_observed,1,Animator Vs Animation (BETA),http://www.kongregate.com/games/MyLittle1/animator-vs-animation-beta,www.kongregate.com/games/mylittle1/animator-vs-animation-beta,2,2015-09-09,34,0,12,0,0,0,chat_achievements;chat_js;developer_game_list;holodeck;metrics_json;recommended_games,2026-07-02T15:35:04Z
archived_endpoint_hit_no_count,1,changetype(),http://www.kongregate.com/games/inventor_123/changetype,www.kongregate.com/games/inventor_123/changetype,2,2015-09-30,40,1,16,0,0,0,chat_achievements;chat_js;developer_game_list;holodeck;metrics_json;recommended_games,2026-07-02T14:24:20Z
no_archived_endpoint_rows_observed,1,CountryBalls 4,http://www.kongregate.com/games/NicoleWatterson/countryballs-4,www.kongregate.com/games/nicolewatterson/countryballs-4,2,2016-03-05,26,0,12,0,0,0,chat_achievements;chat_js;developer_game_list;holodeck;metrics_json;recommended_games,2026-07-02T15:35:04Z
archived_endpoint_hit_no_count,1,Mini Jumper,http://www.kongregate.com/games/mafagames/mini-jumper,www.kongregate.com/games/mafagames/mini-jumper,2,2016-03-16,97,49,14,0,0,0,chat_achievements;chat_js;developer_game_list;game_path_prefix;holodeck;metrics_json;recommended_games,2026-07-02T13:54:28Z
no_archived_endpoint_rows_observed,1,dat boi,http://www.kongregate.com/games/Regone/dat-boi,www.kongregate.com/games/regone/dat-boi,2,2016-05-15,37,0,12,0,0,0,chat_achievements;chat_js;developer_game_list;holodeck;metrics_json;recommended_games,2026-07-02T15:35:04Z
archived_endpoint_hit_no_count,1,Aston Martin Hidden Wheels,http://www.kongregate.com/games/natalibt/aston-martin-hidden-wheels,www.kongregate.com/games/natalibt/aston-martin-hidden-wheels,2,2016-05-24,67,55,1,0,0,0,chat_achievements;chat_js;developer_game_list;holodeck;metrics_json;recommended_games,2026-07-02T15:35:04Z
no_archived_endpoint_rows_observed,1,jhghj,http://www.kongregate.com/games/Ladybugluver/jhghj,www.kongregate.com/games/ladybugluver/jhghj,2,2016-07-07,12,0,0,0,0,0,chat_achievements;chat_js;holodeck;metrics_json;recommended_games,2026-07-01T12:47:36Z
archived_endpoint_hit_no_count,1,Dead Frontier,http://www.kongregate.com/games/PanRobercik/dead-frontier,www.kongregate.com/games/panrobercik/dead-frontier,2,2016-08-05,18,2,3,0,0,0,chat_achievements;chat_js;developer_game_list;holodeck;metrics_json;recommended_games,2026-07-02T15:35:04Z
no_archived_endpoint_rows_observed,1,Ballamos,http://www.kongregate.com/games/SherOnDale13/ballamos,www.kongregate.com/games/sherondale13/ballamos,2,2016-09-23,23,0,6,0,0,0,chat_achievements;chat_js;holodeck;metrics_json;recommended_games,2026-07-01T12:49:13Z
archived_endpoint_hit_no_count,1,Chevrolet Cruze Puzzle,http://www.kongregate.com/games/natalibt/chevrolet-cruze-puzzle,www.kongregate.com/games/natalibt/chevrolet-cruze-puzzle,2,2016-10-10,83,63,4,0,0,0,chat_achievements;chat_js;developer_game_list;holodeck;metrics_json;recommended_games,2026-07-02T15:35:04Z
archived_endpoint_hit_no_count,1,Sky Knight,http://www.kongregate.com/games/mafagames/sky-knight,www.kongregate.com/games/mafagames/sky-knight,2,2017-05-16,86,46,13,0,0,0,chat_achievements;chat_js;developer_game_list;holodeck;metrics_json;recommended_games,2026-07-02T13:54:28Z
archived_endpoint_hit_no_count,1,Horse Racing,http://www.kongregate.com/games/mafagames/horse-racing,www.kongregate.com/games/mafagames/horse-racing,2,2017-05-26,70,40,7,0,0,0,chat_achievements;chat_js;developer_game_list;holodeck;metrics_json;recommended_games,2026-07-02T13:54:28Z
archived_endpoint_hit_no_count,1,Finger Spinner Online,http://www.kongregate.com/games/mafagames/finger-spinner-online,www.kongregate.com/games/mafagames/finger-spinner-online,2,2017-06-16,70,40,9,0,0,0,chat_achievements;chat_js;developer_game_list;holodeck;metrics_json;recommended_games,2026-07-02T13:54:28Z
archived_endpoint_hit_no_count,1,Britney Spears vs Child Servisous,http://www.kongregate.com/games/thunderstorm38/britney-spears-vs-child-servisous,www.kongregate.com/games/thunderstorm38/britney-spears-vs-child-servisous,2,2017-07-20,46,3,15,0,0,0,chat_achievements;chat_js;developer_game_list;holodeck;metrics_json;recommended_games,2026-07-02T13:35:56Z
archived_endpoint_hit_no_count,1,Cherrie New Spring Trends,http://www.kongregate.com/games/mafagames/cherrie-new-spring-trends,www.kongregate.com/games/mafagames/cherrie-new-spring-trends,2,2017-08-25,70,40,2,0,0,0,chat_achievements;chat_js;developer_game_list;holodeck;metrics_json;recommended_games,2026-07-02T13:54:28Z
no_archived_endpoint_rows_observed,1,Raze 3,http://www.kongregate.com/games/CoralCnora/raze-3,www.kongregate.com/games/coralcnora/raze-3,2,2017-09-30,39,0,14,0,0,0,chat_achievements;chat_js;developer_game_list;holodeck;metrics_json;recommended_games,2026-07-02T12:14:44Z
no_archived_endpoint_rows_observed,1,AstroLords,http://www.kongregate.com/games/rub_en02/astrolords,www.kongregate.com/games/rub_en02/astrolords,3,2014-09-05,34,0,11,0,0,0,chat_achievements;chat_js;holodeck;metrics_json;recommended_games,2026-07-01T13:15:36Z
archived_endpoint_hit_no_count,1,Register Simulator,http://www.kongregate.com/games/cheffplayer2/register-simulator,www.kongregate.com/games/cheffplayer2/register-simulator,3,2014-09-20,38,4,13,0,0,0,chat_achievements;chat_js;developer_game_list;holodeck;metrics_json;recommended_games,2026-07-02T14:21:39Z
archived_endpoint_hit_no_count,1,A Kongergate Special,http://www.kongregate.com/games/NickJ66/a-kongergate-special,www.kongregate.com/games/nickj66/a-kongergate-special,3,2014-10-03,56,9,21,0,0,0,chat_achievements;chat_js;developer_game_list;holodeck;metrics_json;recommended_games,2026-07-02T13:25:56Z
no_archived_endpoint_rows_observed,1,Pokemon Kill 4,http://www.kongregate.com/games/NigelBoydMartin/pokemon-kill-4,www.kongregate.com/games/nigelboydmartin/pokemon-kill-4,3,2014-10-09,24,0,2,0,0,0,chat_achievements;chat_js;holodeck;metrics_json;recommended_games,2026-07-01T13:26:50Z
no_archived_endpoint_rows_observed,1,Session Key Viewer,http://www.kongregate.com/games/disposableernst/session-key-viewer,www.kongregate.com/games/disposableernst/session-key-viewer,3,2015-09-15,35,0,12,0,0,0,chat_achievements;chat_js;holodeck;metrics_json;recommended_games,2026-07-01T13:28:44Z
no_archived_endpoint_rows_observed,1,Vape Naysh Vs The Memes Beta1,http://www.kongregate.com/games/Life_Glug/vape-naysh-vs-the-memes-beta1,www.kongregate.com/games/life_glug/vape-naysh-vs-the-memes-beta1,3,2016-06-05,35,0,12,0,0,0,chat_achievements;chat_js;holodeck;metrics_json;recommended_games,2026-07-01T13:30:44Z
archived_endpoint_hit_no_count,1,ATV Ride 2016,http://www.kongregate.com/games/rheyank/atv-ride-2016,www.kongregate.com/games/rheyank/atv-ride-2016,3,2016-08-20,42,6,12,0,0,0,chat_achievements;chat_js;developer_game_list;holodeck;metrics_json;recommended_games,2026-07-02T13:25:56Z
archived_endpoint_hit_no_count,1,SUV Car Cartoon Puzzle,http://www.kongregate.com/games/natalibt/suv-car-cartoon-puzzle,www.kongregate.com/games/natalibt/suv-car-cartoon-puzzle,3,2016-10-10,94,63,13,0,0,0,chat_achievements;chat_js;developer_game_list;holodeck;metrics_json;recommended_games,2026-07-02T13:15:09Z
archived_endpoint_hit_no_count,1,Boat Rush,http://www.kongregate.com/games/mafagames/boat-rush,www.kongregate.com/games/mafagames/boat-rush,3,2017-05-16,70,40,3,0,0,0,chat_achievements;chat_js;developer_game_list;holodeck;metrics_json;recommended_games,2026-07-02T13:54:28Z
archived_endpoint_hit_no_count,1,Defense Math,http://www.kongregate.com/games/mafagames/defense-math,www.kongregate.com/games/mafagames/defense-math,3,2017-06-16,81,44,12,0,0,0,chat_achievements;chat_js;developer_game_list;holodeck;metrics_json;recommended_games,2026-07-02T13:54:28Z
no_archived_endpoint_rows_observed,1,as3 Shootorial #1,http://www.kongregate.com/games/Max_Raze/as3-shootorial-1,www.kongregate.com/games/max_raze/as3-shootorial-1,3,2017-08-25,24,0,4,0,0,0,chat_achievements;chat_js;holodeck;metrics_json;recommended_games,2026-07-01T13:47:22Z
no_archived_endpoint_rows_observed,1,Dot Snap Battle,http://www.kongregate.com/games/odiusfly/dot-snap-battle,www.kongregate.com/games/odiusfly/dot-snap-battle,3,2017-09-20,35,0,12,0,0,0,chat_achievements;chat_js;holodeck;metrics_json;recommended_games,2026-07-01T13:49:16Z
archived_endpoint_hit_no_count,1,CBS:Escape from the Mall,http://www.kongregate.com/games/cFreak19/cbs-escape-from-the-mall,www.kongregate.com/games/cfreak19/cbs-escape-from-the-mall,3,2021-11-12,40,2,20,0,0,0,chat_achievements;chat_js;developer_game_list;holodeck;metrics_json;recommended_games,2026-07-02T14:21:39Z
no_archived_endpoint_rows_observed,1,Rise of Mythos,http://www.kongregate.com/games/evrybody_02/rise-of-mythos,www.kongregate.com/games/evrybody_02/rise-of-mythos,4,2014-09-19,38,0,11,0,0,0,chat_achievements;chat_js;developer_game_list;holodeck;metrics_json;recommended_games,2026-07-02T13:26:37Z
archived_endpoint_hit_no_count,1,Simple Platformer,http://www.kongregate.com/games/C00MZY/simple-platformer,www.kongregate.com/games/c00mzy/simple-platformer,4,2014-11-11,53,3,21,0,0,0,chat_achievements;chat_js;developer_game_list;holodeck;metrics_json;recommended_games,2026-07-02T14:24:20Z
no_archived_endpoint_rows_observed,1,Doom II: Hell on Earth,http://www.kongregate.com/games/predbannik/doom-ii-hell-on-earth,www.kongregate.com/games/predbannik/doom-ii-hell-on-earth,4,2015-09-09,24,0,10,0,0,0,chat_achievements;chat_js;holodeck;metrics_json;recommended_games,2026-07-01T14:03:57Z
archived_endpoint_hit_no_count,1,DoodiaMan Find Wife,http://www.kongregate.com/games/feicaigames/doodiaman-find-wife,www.kongregate.com/games/feicaigames/doodiaman-find-wife,4,2016-01-02,40,10,12,0,0,0,chat_achievements;chat_js;developer_game_list;holodeck;metrics_json;recommended_games,2026-07-02T13:27:22Z
no_archived_endpoint_rows_observed,1,1p.Story: Death,http://www.kongregate.com/games/isketchworks/1p-story-death,www.kongregate.com/games/isketchworks/1p-story-death,4,2016-03-16,24,0,12,0,0,0,chat_achievements;chat_js;holodeck;metrics_json;recommended_games,2026-07-01T14:06:09Z
archived_endpoint_hit_no_count,1,BMW M5 E34,http://www.kongregate.com/games/natalibt/bmw-m5-e34,www.kongregate.com/games/natalibt/bmw-m5-e34,4,2016-05-06,79,55,3,0,0,0,chat_achievements;chat_js;developer_game_list;holodeck;metrics_json;recommended_games,2026-07-02T13:15:09Z
no_archived_endpoint_rows_observed,1,Super Mario Worlds Ep.1: The Dark World (SMB Fan-made Game),http://www.kongregate.com/games/yvolcano4/super-mario-worlds-ep-1-the-dark-world-smb-fan-made-game,www.kongregate.com/games/yvolcano4/super-mario-worlds-ep-1-the-dark-world-smb-fan-made-game,4,2016-09-23,37,0,15,0,0,0,chat_achievements;chat_js;developer_game_list;holodeck;metrics_json;recommended_games,2026-07-02T12:05:18Z
archived_endpoint_hit_no_count,1,Mr.Miner,http://www.kongregate.com/games/LinhVo1611/mr-miner,www.kongregate.com/games/linhvo1611/mr-miner,4,2017-05-16,44,3,10,0,0,0,chat_achievements;chat_js;developer_game_list;holodeck;metrics_json;recommended_games,2026-07-02T13:15:09Z
archived_endpoint_hit_no_count,1,Balls Vs Blocks Online,http://www.kongregate.com/games/mafagames/balls-vs-blocks-online,www.kongregate.com/games/mafagames/balls-vs-blocks-online,4,2017-06-16,74,40,6,0,0,0,chat_achievements;chat_js;developer_game_list;holodeck;metrics_json;recommended_games,2026-07-02T13:54:28Z
archived_endpoint_hit_no_count,1,Kung Fu Adventure,http://www.kongregate.com/games/thunderstorm38/kung-fu-adventure,www.kongregate.com/games/thunderstorm38/kung-fu-adventure,4,2017-07-28,46,3,15,0,0,0,chat_achievements;chat_js;developer_game_list;holodeck;metrics_json;recommended_games,2026-07-02T13:35:56Z
no_archived_endpoint_rows_observed,1,E-Sim,http://www.kongregate.com/games/evrybody_02/e-sim,www.kongregate.com/games/evrybody_02/e-sim,5,2014-09-19,40,0,12,0,0,0,chat_achievements;chat_js;developer_game_list;holodeck;metrics_json;recommended_games,2026-07-02T13:26:37Z
no_archived_endpoint_rows_observed,1,My Line Of Sight attempt from Construct 2,http://www.kongregate.com/games/LeBanging/my-line-of-sight-attempt-from-construct-2,www.kongregate.com/games/lebanging/my-line-of-sight-attempt-from-construct-2,5,2014-09-26,31,0,12,0,0,0,chat_achievements;chat_js;holodeck;metrics_json;recommended_games,2026-07-01T14:44:13Z
archived_endpoint_hit_no_count,1,Burnt Plate,http://www.kongregate.com/games/Courador/burnt-plate,www.kongregate.com/games/courador/burnt-plate,5,2014-10-04,46,1,19,0,0,0,chat_achievements;chat_js;developer_game_list;holodeck;metrics_json;recommended_games,2026-07-02T14:21:39Z
no_archived_endpoint_rows_observed,1,I'ts a lamp?,http://www.kongregate.com/games/EdoByte/its-a-lamp,www.kongregate.com/games/edobyte/its-a-lamp,5,2014-10-29,25,0,6,0,0,0,chat_achievements;chat_js;holodeck;metrics_json;recommended_games,2026-07-01T14:45:17Z
no_archived_endpoint_rows_observed,1,Una Chief: The Great Adventure,http://www.kongregate.com/games/UCEG/una-chief-the-great-adventure,www.kongregate.com/games/uceg/una-chief-the-great-adventure,5,2014-12-17,32,0,12,0,0,0,chat_achievements;chat_js;holodeck;metrics_json;recommended_games,2026-07-01T14:45:17Z
no_archived_endpoint_rows_observed,1,Spacebar v0.1,http://www.kongregate.com/games/SidBiafra/spacebar-v0-1,www.kongregate.com/games/sidbiafra/spacebar-v0-1,5,2015-12-05,24,0,3,0,0,0,chat_achievements;chat_js;holodeck;metrics_json;recommended_games,2026-07-01T15:14:55Z
archived_endpoint_hit_no_count,1,Whitewash,http://www.kongregate.com/games/GraveDangerGames/whitewash,www.kongregate.com/games/gravedangergames/whitewash,5,2016-02-02,45,1,21,0,0,0,chat_achievements;chat_js;developer_game_list;holodeck;metrics_json;recommended_games,2026-07-02T14:21:39Z
no_archived_endpoint_rows_observed,1,idk,http://www.kongregate.com/games/dakota1324/idk,www.kongregate.com/games/dakota1324/idk,5,2016-02-17,24,0,8,0,0,0,chat_achievements;chat_js;holodeck;metrics_json;recommended_games,2026-07-01T15:14:55Z
no_archived_endpoint_rows_observed,1,Super Casual,http://www.kongregate.com/games/canvasgames/super-casual,www.kongregate.com/games/canvasgames/super-casual,5,2016-03-16,29,0,8,0,0,0,chat_achievements;chat_js;holodeck;metrics_json;recommended_games,2026-07-01T15:24:54Z
no_archived_endpoint_rows_observed,1,Ghoul be Gone Demo,http://www.kongregate.com/games/PhoenixSong75/ghoul-be-gone-demo,www.kongregate.com/games/phoenixsong75/ghoul-be-gone-demo,5,2016-03-20,34,0,12,0,0,0,chat_achievements;chat_js;holodeck;metrics_json;recommended_games,2026-07-01T15:25:51Z
no_archived_endpoint_rows_observed,1,UFC 198 Live Stream - Werdum vs Miocic,http://www.kongregate.com/games/ketroketro/test-ufc-198-live-stream-werdum-vs-miocic,www.kongregate.com/games/ketroketro/test-ufc-198-live-stream-werdum-vs-miocic,5,2016-05-15,26,0,3,0,0,0,chat_achievements;chat_js;holodeck;metrics_json;recommended_games,2026-07-01T15:25:51Z
no_archived_endpoint_rows_observed,1,quangjing,http://www.kongregate.com/games/1207732597/quangjing,www.kongregate.com/games/1207732597/quangjing,5,2016-06-22,48,0,19,0,0,0,chat_achievements;chat_js;developer_game_list;holodeck;metrics_json;recommended_games,2026-07-02T13:37:56Z
archived_endpoint_hit_no_count,1,Create your face with this stupid game,http://www.kongregate.com/games/danwon67/create-your-face-with-this-stupid-game,www.kongregate.com/games/danwon67/create-your-face-with-this-stupid-game,5,2016-07-27,49,3,18,0,0,0,chat_achievements;chat_js;developer_game_list;holodeck;metrics_json;recommended_games,2026-07-02T13:41:29Z
no_archived_endpoint_rows_observed,1,Hired Ops — New Dynamic Online Shooter,http://www.kongregate.com/games/MunimShaikh932/hired-ops-new-dynamic-online-shooter,www.kongregate.com/games/munimshaikh932/hired-ops-new-dynamic-online-shooter,5,2016-10-30,31,0,8,0,0,0,chat_achievements;chat_js;holodeck;metrics_json;recommended_games,2026-07-01T15:25:51Z
archived_endpoint_hit_no_count,1,Viking Workout,http://www.kongregate.com/games/mobilTR/viking-workout,www.kongregate.com/games/mobiltr/viking-workout,5,2017-11-06,43,6,15,0,0,0,chat_achievements;chat_js;developer_game_list;holodeck;metrics_json;recommended_games,2026-07-02T13:15:09Z
no_archived_endpoint_rows_observed,1,AstroWorlds,http://www.kongregate.com/games/bystudio02/astroworlds,www.kongregate.com/games/bystudio02/astroworlds,6,2014-08-29,38,0,13,0,0,0,chat_achievements;chat_js;developer_game_list;holodeck;metrics_json;recommended_games,2026-07-02T14:03:00Z
no_archived_endpoint_rows_observed,1,RPgTest,http://www.kongregate.com/games/Nicolo974jtm34/rpgtest,www.kongregate.com/games/nicolo974jtm34/rpgtest,6,2014-10-03,18,0,3,0,0,0,chat_achievements;chat_js;developer_game_list;holodeck;metrics_json;recommended_games,2026-07-02T12:19:28Z
archived_endpoint_hit_no_count,1,Peppa Zoo Decor,http://www.kongregate.com/games/lemonindieg/peppa-zoo-decor,www.kongregate.com/games/lemonindieg/peppa-zoo-decor,6,2014-10-13,49,3,21,0,0,0,chat_achievements;chat_js;developer_game_list;holodeck;metrics_json;recommended_games,2026-07-02T13:43:48Z
archived_endpoint_hit_no_count,1,Mining Truck,http://www.kongregate.com/games/xiatiandaole/mining-truck,www.kongregate.com/games/xiatiandaole/mining-truck,6,2014-10-17,30,18,0,0,0,0,chat_achievements;chat_js;developer_game_list;holodeck;metrics_json;recommended_games,2026-07-02T13:15:09Z
no_archived_endpoint_rows_observed,1,Teste mark 2,http://www.kongregate.com/games/MateusF29/teste-mark-2,www.kongregate.com/games/mateusf29/teste-mark-2,6,2015-09-30,44,0,13,0,0,0,chat_achievements;chat_js;developer_game_list;holodeck;metrics_json;recommended_games,2026-07-02T13:41:29Z
archived_endpoint_hit_no_count,1,Bubble Shooter Rotation Xmas,http://www.kongregate.com/games/omkara/bubble-shooter-rotation-xmas,www.kongregate.com/games/omkara/bubble-shooter-rotation-xmas,6,2015-12-18,32,3,10,0,0,0,chat_achievements;chat_js;holodeck;metrics_json;recommended_games,2026-07-01T15:47:08Z
no_archived_endpoint_rows_observed,1,The Super Casual Game,http://www.kongregate.com/games/esaffer/the-super-casual-game,www.kongregate.com/games/esaffer/the-super-casual-game,6,2016-03-16,41,0,15,0,0,0,chat_achievements;chat_js;developer_game_list;holodeck;metrics_json;recommended_games,2026-07-02T14:24:20Z
no_archived_endpoint_rows_observed,1,quang,http://www.kongregate.com/games/1207732597/quang,www.kongregate.com/games/1207732597/quang,6,2016-06-22,45,0,15,0,0,0,chat_achievements;chat_js;developer_game_list;holodeck;metrics_json;recommended_games,2026-07-02T13:37:56Z
no_archived_endpoint_rows_observed,1,EndGame,http://www.kongregate.com/games/SnowdonGames/endgame,www.kongregate.com/games/snowdongames/endgame,6,2016-07-27,31,0,8,0,0,0,chat_achievements;chat_js;holodeck;metrics_json;recommended_games,2026-07-01T15:47:56Z
no_archived_endpoint_rows_observed,1,Will's Quest For Cheese,http://www.kongregate.com/games/thebartyparty/wills-quest-for-cheese,www.kongregate.com/games/thebartyparty/wills-quest-for-cheese,6,2016-10-18,34,0,11,0,0,0,chat_achievements;chat_js;holodeck;metrics_json;recommended_games,2026-07-01T15:47:56Z
no_archived_endpoint_rows_observed,1,Kuzini.comgnom,http://www.kongregate.com/games/iPTNZW/kuzini-comgnom,www.kongregate.com/games/iptnzw/kuzini-comgnom,6,2016-10-24,24,0,2,0,0,0,chat_achievements;chat_js;holodeck;metrics_json;recommended_games,2026-07-01T16:05:59Z
archived_endpoint_hit_no_count,1,American Cars Memory,http://www.kongregate.com/games/natalibt/american-cars-memory,www.kongregate.com/games/natalibt/american-cars-memory,6,2017-05-25,87,55,13,0,0,0,chat_achievements;chat_js;developer_game_list;holodeck;metrics_json;recommended_games,2026-07-02T13:15:09Z
archived_endpoint_hit_no_count,1,Naruto Suspend,http://www.kongregate.com/games/thunderstorm38/naruto-suspend,www.kongregate.com/games/thunderstorm38/naruto-suspend,6,2017-07-28,39,3,10,0,0,0,chat_achievements;chat_js;developer_game_list;holodeck;metrics_json;recommended_games,2026-07-02T13:35:56Z
archived_endpoint_hit_no_count,1,Extreme Battlefield,http://www.kongregate.com/games/thunderstorm38/extreme-battlefield,www.kongregate.com/games/thunderstorm38/extreme-battlefield,6,2017-07-29,42,3,10,0,0,0,chat_achievements;chat_js;developer_game_list;holodeck;metrics_json;recommended_games,2026-07-02T13:35:56Z
no_archived_endpoint_rows_observed,1,Seasonal Farming,http://www.kongregate.com/games/phacanu/seasonal-farming,www.kongregate.com/games/phacanu/seasonal-farming,6,2017-08-25,53,0,21,0,0,0,chat_achievements;chat_js;developer_game_list;holodeck;metrics_json;recommended_games,2026-07-02T13:44:20Z
archived_endpoint_hit_no_count,1,Blocky Warrior,http://www.kongregate.com/games/mobilTR/blocky-warrior,www.kongregate.com/games/mobiltr/blocky-warrior,6,2017-11-06,33,6,7,0,0,0,chat_achievements;chat_js;developer_game_list;holodeck;metrics_json;recommended_games,2026-07-02T13:15:09Z
archived_endpoint_hit_no_count,1,Hummer Puzzle,http://www.kongregate.com/games/natalibt/hummer-puzzle,www.kongregate.com/games/natalibt/hummer-puzzle,7,2014-12-10,87,55,13,0,0,0,chat_achievements;chat_js;developer_game_list;holodeck;metrics_json;recommended_games,2026-07-02T13:15:09Z
no_archived_endpoint_rows_observed,1,Sands of Doom,http://www.kongregate.com/games/szunyi/sands-of-doom,www.kongregate.com/games/szunyi/sands-of-doom,7,2014-12-28,34,0,8,0,0,0,chat_achievements;chat_js;developer_game_list;holodeck;metrics_json;recommended_games,2026-07-02T12:19:28Z
no_archived_endpoint_rows_observed,1,Teste1,http://www.kongregate.com/games/MateusF29/teste1,www.kongregate.com/games/mateusf29/teste1,7,2015-09-30,51,0,21,0,0,0,chat_achievements;chat_js;developer_game_list;holodeck;metrics_json;recommended_games,2026-07-02T13:41:29Z
no_archived_endpoint_rows_observed,1,FidgetFuck,http://www.kongregate.com/games/FlyingHighSecond/fidgetfuck,www.kongregate.com/games/flyinghighsecond/fidgetfuck,7,2017-06-04,25,0,3,0,0,0,chat_achievements;chat_js;holodeck;metrics_json;recommended_games,2026-07-01T16:08:36Z
archived_endpoint_hit_no_count,1,Right Box,http://www.kongregate.com/games/mafagames/right-box,www.kongregate.com/games/mafagames/right-box,7,2017-06-16,70,40,2,0,0,0,chat_achievements;chat_js;developer_game_list;holodeck;metrics_json;recommended_games,2026-07-02T13:54:28Z
archived_endpoint_hit_no_count,1,Ball In The Cup,http://www.kongregate.com/games/mafagames/ball-in-the-cup,www.kongregate.com/games/mafagames/ball-in-the-cup,7,2017-07-12,78,40,13,0,0,0,chat_achievements;chat_js;developer_game_list;holodeck;metrics_json;recommended_games,2026-07-02T13:54:28Z
archived_endpoint_hit_no_count,1,Litter Monkey,http://www.kongregate.com/games/thunderstorm38/litter-monkey,www.kongregate.com/games/thunderstorm38/litter-monkey,7,2017-07-28,33,3,7,0,0,0,chat_achievements;chat_js;developer_game_list;holodeck;metrics_json;recommended_games,2026-07-02T13:35:56Z
archived_endpoint_hit_no_count,1,Treasure Hunt,http://www.kongregate.com/games/thunderstorm38/treasure-hunt,www.kongregate.com/games/thunderstorm38/treasure-hunt,7,2017-07-29,41,3,11,0,0,0,chat_achievements;chat_js;developer_game_list;holodeck;metrics_json;recommended_games,2026-07-02T13:35:56Z
no_archived_endpoint_rows_observed,1,Cloaked,http://www.kongregate.com/games/yvolcano4/cloaked,www.kongregate.com/games/yvolcano4/cloaked,7,2017-08-11,34,0,9,0,0,0,chat_achievements;chat_js;developer_game_list;holodeck;metrics_json;recommended_games,2026-07-02T12:05:18Z
archived_endpoint_hit_no_count,1,Dragon Dash,http://www.kongregate.com/games/mobilTR/dragon-dash,www.kongregate.com/games/mobiltr/dragon-dash,7,2017-11-06,41,6,13,0,0,0,chat_achievements;chat_js;developer_game_list;holodeck;metrics_json;recommended_games,2026-07-02T13:15:09Z
no_archived_endpoint_rows_observed,1,Samsung KNOX,http://www.kongregate.com/games/CS_Dx/samsung-knox,www.kongregate.com/games/cs_dx/samsung-knox,8,2014-08-29,31,0,10,0,0,0,chat_achievements;chat_js;holodeck;metrics_json;recommended_games,2026-07-01T16:33:48Z
archived_endpoint_hit_no_count,1,Baby Talking Tom Great Makeover,http://www.kongregate.com/games/wowsomegames/baby-talking-tom-great-makeover,www.kongregate.com/games/wowsomegames/baby-talking-tom-great-makeover,8,2014-10-10,53,18,13,0,0,0,chat_achievements;chat_js;developer_game_list;holodeck;metrics_json;recommended_games,2026-07-02T13:15:09Z
archived_endpoint_hit_no_count,1,Super Mario Puzzle,http://www.kongregate.com/games/natalibt/super-mario-puzzle,www.kongregate.com/games/natalibt/super-mario-puzzle,8,2014-10-13,86,55,11,0,0,0,chat_achievements;chat_js;developer_game_list;holodeck;metrics_json;recommended_games,2026-07-02T13:15:09Z
no_archived_endpoint_rows_observed,1,Terrorist Hunt,http://www.kongregate.com/games/szunyi/terrorist-hunt,www.kongregate.com/games/szunyi/terrorist-hunt,8,2014-12-28,38,0,13,0,0,0,chat_achievements;chat_js;developer_game_list;holodeck;metrics_json;recommended_games,2026-07-02T12:19:28Z
archived_endpoint_hit_no_count,1,Wolfenstein 3D,http://www.kongregate.com/games/PaulHTML5/wolfenstein-3d,www.kongregate.com/games/paulhtml5/wolfenstein-3d,8,2015-09-03,34,6,7,0,0,0,chat_achievements;chat_js;developer_game_list;holodeck;metrics_json;recommended_games,2026-07-02T14:25:16Z
archived_endpoint_hit_no_count,1,Love Story,http://www.kongregate.com/games/gamesrishti/love-story,www.kongregate.com/games/gamesrishti/love-story,8,2015-09-09,84,60,12,0,0,0,chat_achievements;chat_js;developer_game_list;holodeck;metrics_json;recommended_games,2026-07-02T13:15:09Z
archived_endpoint_hit_no_count,1,Jogo Machão,http://www.kongregate.com/games/Beetle1/jogo-mach-o,www.kongregate.com/games/beetle1/jogo-mach-o,8,2015-09-30,37,2,17,0,0,0,chat_achievements;chat_js;developer_game_list;holodeck;metrics_json;recommended_games,2026-07-02T13:58:23Z
no_archived_endpoint_rows_observed,1,Untitled Game #1,http://www.kongregate.com/games/vswitch/untitled-game-1,www.kongregate.com/games/vswitch/untitled-game-1,8,2016-01-16,24,0,6,0,0,0,chat_achievements;chat_js;holodeck;metrics_json;recommended_games,2026-07-01T17:09:30Z
archived_endpoint_hit_no_count,1,Minifield,http://www.kongregate.com/games/JasonNumberXIII/minifield,www.kongregate.com/games/jasonnumberxiii/minifield,8,2017-06-25,90,60,14,0,0,0,chat_achievements;chat_js;developer_game_list;holodeck;metrics_json;recommended_games,2026-07-02T13:15:09Z
archived_endpoint_hit_no_count,1,Mighty Motors - Drag Racing,http://www.kongregate.com/games/mobilTR/mighty-motors-drag-racing,www.kongregate.com/games/mobiltr/mighty-motors-drag-racing,8,2017-11-06,33,6,9,0,0,0,chat_achievements;chat_js;developer_game_list;holodeck;metrics_json;recommended_games,2026-07-02T13:15:09Z
no_archived_endpoint_rows_observed,1,Honey Clicker,https://www.kongregate.com/games/RedBot360/honey-clicker,www.kongregate.com/games/redbot360/honey-clicker,8,2019-08-25,39,0,21,0,0,0,chat_achievements;chat_js;developer_game_list;holodeck;metrics_json;recommended_games,2026-07-02T14:03:00Z
no_archived_endpoint_rows_observed,1,Marketglory,http://www.kongregate.com/games/breakdo/marketglory,www.kongregate.com/games/breakdo/marketglory,9,2014-09-02,38,0,16,0,0,0,chat_achievements;chat_js;developer_game_list;holodeck;metrics_json;recommended_games,2026-07-02T14:04:25Z
archived_endpoint_hit_no_count,1,Costanza Cube 2,http://www.kongregate.com/games/dmarcy/costanza-cube-2,www.kongregate.com/games/dmarcy/costanza-cube-2,9,2014-09-26,35,3,11,0,0,0,chat_achievements;chat_js;developer_game_list;holodeck;metrics_json;recommended_games,2026-07-02T13:20:41Z
archived_endpoint_hit_no_count,1,space mision alpha v1.0 3D,http://www.kongregate.com/games/fckn/space-mision-alpha-v1-0-3d,www.kongregate.com/games/fckn/space-mision-alpha-v1-0-3d,9,2014-10-09,41,2,15,0,0,0,chat_achievements;chat_js;developer_game_list;holodeck;metrics_json;recommended_games,2026-07-02T13:25:56Z
no_archived_endpoint_rows_observed,1,Clear Vision 3,http://www.kongregate.com/games/szunyi/clear-vision-3,www.kongregate.com/games/szunyi/clear-vision-3,9,2014-12-28,30,0,5,0,0,0,chat_achievements;chat_js;developer_game_list;holodeck;metrics_json;recommended_games,2026-07-02T12:19:28Z
no_archived_endpoint_rows_observed,1,The stupid Quiz,http://www.kongregate.com/games/Deheeteapple/the-stupid-quiz,www.kongregate.com/games/deheeteapple/the-stupid-quiz,9,2016-01-16,32,0,12,0,0,0,chat_achievements;chat_js;holodeck;metrics_json;recommended_games,2026-07-01T17:32:06Z
no_archived_endpoint_rows_observed,1,Monster Shooter,http://www.kongregate.com/games/asad_marmash/monster-shooter,www.kongregate.com/games/asad_marmash/monster-shooter,9,2016-02-17,40,0,13,0,0,0,chat_achievements;chat_js;developer_game_list;holodeck;metrics_json;recommended_games,2026-07-02T14:03:00Z
no_archived_endpoint_rows_observed,1,Suns and Clouds,http://www.kongregate.com/games/LocoDiamond/suns-and-clouds,www.kongregate.com/games/locodiamond/suns-and-clouds,9,2016-06-29,33,0,12,0,0,0,chat_achievements;chat_js;holodeck;metrics_json;recommended_games,2026-07-01T17:34:44Z
no_archived_endpoint_rows_observed,1,Coding Masters: Idle,http://www.kongregate.com/games/JGGsGames/coding-masters-idle,www.kongregate.com/games/jggsgames/coding-masters-idle,9,2016-08-13,30,0,7,0,0,0,chat_achievements;chat_js;holodeck;metrics_json;recommended_games,2026-07-01T17:37:47Z
archived_endpoint_hit_no_count,1,Plutonium quest,http://www.kongregate.com/games/arielroler/plutonium-quest,www.kongregate.com/games/arielroler/plutonium-quest,9,2016-10-30,49,6,19,0,0,0,chat_achievements;chat_js;developer_game_list;holodeck;metrics_json;recommended_games,2026-07-02T14:03:00Z
archived_endpoint_hit_no_count,1,Plumber,http://www.kongregate.com/games/mafagames/plumber,www.kongregate.com/games/mafagames/plumber,9,2017-07-12,77,39,9,0,0,0,chat_achievements;chat_js;developer_game_list;holodeck;metrics_json;recommended_games,2026-07-02T13:54:28Z
no_archived_endpoint_rows_observed,1,Flying Bird,http://www.kongregate.com/games/sherazbhatti226/flying-bird,www.kongregate.com/games/sherazbhatti226/flying-bird,9,2017-07-29,30,0,8,0,0,0,chat_achievements;chat_js;holodeck;metrics_json;recommended_games,2026-07-01T17:39:32Z
archived_endpoint_hit_no_count,1,Spongebob Zombies Party,http://www.kongregate.com/games/feicaigames/spongebob-zombies-party,www.kongregate.com/games/feicaigames/spongebob-zombies-party,9,2017-08-17,47,10,14,0,0,0,chat_achievements;chat_js;developer_game_list;holodeck;metrics_json;recommended_games,2026-07-02T13:27:22Z
no_archived_endpoint_rows_observed,1,Oldschool tennis (pre-pre-BETA!),http://www.kongregate.com/games/ManCave_Studios/oldschool-tennis-pre-pre-beta,www.kongregate.com/games/mancave_studios/oldschool-tennis-pre-pre-beta,10,2014-10-09,24,0,8,0,0,0,chat_achievements;chat_js;holodeck;metrics_json;recommended_games,2026-07-01T17:39:32Z
archived_endpoint_hit_no_count,1,Terrorist Shootout,http://www.kongregate.com/games/gamesrishti/terrorist-shootout,www.kongregate.com/games/gamesrishti/terrorist-shootout,10,2014-10-10,84,60,5,0,0,0,chat_achievements;chat_js;developer_game_list;holodeck;metrics_json;recommended_games,2026-07-02T13:15:09Z
no_archived_endpoint_rows_observed,1,Moto Rush,http://www.kongregate.com/games/szunyi/moto-rush,www.kongregate.com/games/szunyi/moto-rush,10,2014-12-28,38,0,15,0,0,0,chat_achievements;chat_js;developer_game_list;holodeck;metrics_json;recommended_games,2026-07-02T12:19:28Z
archived_endpoint_hit_no_count,1,Fiat Police Puzzle,http://www.kongregate.com/games/natalibt/fiat-police-puzzle,www.kongregate.com/games/natalibt/fiat-police-puzzle,10,2015-09-15,80,55,5,0,0,0,chat_achievements;chat_js;developer_game_list;holodeck;metrics_json;recommended_games,2026-07-02T13:15:09Z
archived_endpoint_hit_no_count,1,Cadillac Police Puzzle,http://www.kongregate.com/games/natalibt/cadillac-police-puzzle,www.kongregate.com/games/natalibt/cadillac-police-puzzle,10,2015-09-23,82,55,13,0,0,0,chat_achievements;chat_js;developer_game_list;holodeck;metrics_json;recommended_games,2026-07-02T13:15:09Z
no_archived_endpoint_rows_observed,1,stupid quiz,http://www.kongregate.com/games/deheeteappel/stupid-quiz,www.kongregate.com/games/deheeteappel/stupid-quiz,10,2016-01-16,25,0,6,0,0,0,chat_achievements;chat_js;holodeck;metrics_json;recommended_games,2026-07-01T17:56:35Z
archived_endpoint_hit_no_count,1,AU Modern FPS,http://www.kongregate.com/games/OneManArmy3D/au-modern-fps,www.kongregate.com/games/onemanarmy3d/au-modern-fps,10,2016-01-25,33,4,10,0,0,0,chat_achievements;chat_js;holodeck;metrics_json;recommended_games,2026-07-01T18:11:05Z
no_archived_endpoint_rows_observed,1,GeneSplicer: Hybrid Creator,http://www.kongregate.com/games/yvolcano4/genesplicer-hybrid-creator,www.kongregate.com/games/yvolcano4/genesplicer-hybrid-creator,10,2016-03-20,35,0,9,0,0,0,chat_achievements;chat_js;developer_game_list;holodeck;metrics_json;recommended_games,2026-07-02T12:05:18Z
no_archived_endpoint_rows_observed,1,The Last Defence 2,http://www.kongregate.com/games/siddharth1281998/the-last-defence-2,www.kongregate.com/games/siddharth1281998/the-last-defence-2,10,2016-06-13,30,0,9,0,0,0,chat_achievements;chat_js;holodeck;metrics_json;recommended_games,2026-07-01T18:11:05Z
no_archived_endpoint_rows_observed,1,The Saga Of The Wind,http://www.kongregate.com/games/GhostTheFi/the-saga-of-the-wind,www.kongregate.com/games/ghostthefi/the-saga-of-the-wind,10,2016-06-29,32,0,7,0,0,0,chat_achievements;chat_js;developer_game_list;holodeck;metrics_json;recommended_games,2026-07-02T11:43:27Z
no_archived_endpoint_rows_observed,1,Phantom Reverse Episode 2,http://www.kongregate.com/games/JackAstral/phantom-reverse-episode-2,www.kongregate.com/games/jackastral/phantom-reverse-episode-2,10,2017-05-26,24,0,9,0,0,0,chat_achievements;chat_js;holodeck;metrics_json;recommended_games,2026-07-01T18:11:05Z
no_archived_endpoint_rows_observed,1,Fidget Clicker,http://www.kongregate.com/games/Tatemartin/fidget-clicker,www.kongregate.com/games/tatemartin/fidget-clicker,10,2017-06-04,24,0,4,0,0,0,chat_achievements;chat_js;holodeck;metrics_json;recommended_games,2026-07-01T18:19:54Z
archived_endpoint_hit_no_count,1,Fidget Spinner Bros,http://www.kongregate.com/games/mafagames/fidget-spinner-bros,www.kongregate.com/games/mafagames/fidget-spinner-bros,10,2017-07-12,78,39,11,0,0,0,chat_achievements;chat_js;developer_game_list;holodeck;metrics_json;recommended_games,2026-07-02T13:54:28Z
archived_endpoint_hit_no_count,1,Volkswagen Golf 2,http://www.kongregate.com/games/natalibt/volkswagen-golf-2,www.kongregate.com/games/natalibt/volkswagen-golf-2,10,2017-09-20,82,59,6,0,0,0,chat_achievements;chat_js;developer_game_list;holodeck;metrics_json;recommended_games,2026-07-02T13:15:09Z
no_archived_endpoint_rows_observed,1,Kaedemus,http://www.kongregate.com/games/Mirakus/kaedemus,www.kongregate.com/games/mirakus/kaedemus,10,2017-10-08,32,0,11,0,0,0,chat_achievements;chat_js;holodeck;metrics_json;recommended_games,2026-07-01T18:23:19Z
no_archived_endpoint_rows_observed,1,Castles N' Knights,https://www.kongregate.com/games/RedBot360/castles-n-knights,www.kongregate.com/games/redbot360/castles-n-knights,10,2019-08-25,43,0,15,0,0,0,chat_achievements;chat_js;developer_game_list;holodeck;metrics_json;recommended_games,2026-07-02T14:03:00Z
no_archived_endpoint_rows_observed,1,StrormFall,http://www.kongregate.com/games/havetime02/strormfall,www.kongregate.com/games/havetime02/strormfall,11,2014-09-02,24,0,6,0,0,0,chat_achievements;chat_js;holodeck;metrics_json;recommended_games,2026-07-01T18:26:53Z
archived_endpoint_hit_no_count,1,Swimwear Store,http://www.kongregate.com/games/games2girls/swimwear-store,www.kongregate.com/games/games2girls/swimwear-store,11,2014-09-19,81,51,9,0,0,0,chat_achievements;chat_js;developer_game_list;holodeck;metrics_json;recommended_games,2026-07-02T13:15:09Z
no_archived_endpoint_rows_observed,1,Stalked Incubus,http://www.kongregate.com/games/HendrikSchiffer/stalked-incubus,www.kongregate.com/games/hendrikschiffer/stalked-incubus,11,2014-10-17,33,0,10,0,0,0,chat_achievements;chat_js;holodeck;metrics_json;recommended_games,2026-07-01T18:27:17Z
archived_endpoint_hit_no_count,1,Jaguar Puzzle,http://www.kongregate.com/games/natalibt/jaguar-puzzle,www.kongregate.com/games/natalibt/jaguar-puzzle,11,2014-12-17,84,55,7,0,0,0,chat_achievements;chat_js;developer_game_list;holodeck;metrics_json;recommended_games,2026-07-02T13:15:09Z
no_archived_endpoint_rows_observed,1,Dental Surgery,http://www.kongregate.com/games/szunyi/dental-surgery,www.kongregate.com/games/szunyi/dental-surgery,11,2014-12-28,24,0,8,0,0,0,chat_achievements;chat_js;holodeck;metrics_json;recommended_games,2026-07-01T18:26:53Z
archived_endpoint_hit_no_count,1,100 tons of Coal,http://www.kongregate.com/games/Palazoles/100-tons-of-coal,www.kongregate.com/games/palazoles/100-tons-of-coal,11,2015-09-15,38,2,11,0,0,0,chat_achievements;chat_js;developer_game_list;holodeck;metrics_json;recommended_games,2026-07-02T14:03:00Z
no_archived_endpoint_rows_observed,1,basic car behavior,http://www.kongregate.com/games/munoz20/basic-car-behavior,www.kongregate.com/games/munoz20/basic-car-behavior,11,2015-12-26,49,0,23,0,0,0,chat_achievements;chat_js;developer_game_list;holodeck;metrics_json;recommended_games,2026-07-02T14:04:25Z
no_archived_endpoint_rows_observed,1,Color Switch,http://www.kongregate.com/games/OneOnlineGames/color-switch,www.kongregate.com/games/oneonlinegames/color-switch,11,2016-02-17,24,0,3,0,0,0,chat_achievements;chat_js;holodeck;metrics_json;recommended_games,2026-07-01T18:38:48Z
archived_endpoint_hit_no_count,1,Ford Hidden Car Tires,http://www.kongregate.com/games/natalibt/ford-hidden-car-tires,www.kongregate.com/games/natalibt/ford-hidden-car-tires,11,2016-07-14,87,55,12,0,0,0,chat_achievements;chat_js;developer_game_list;holodeck;metrics_json;recommended_games,2026-07-02T13:15:09Z
no_archived_endpoint_rows_observed,1,Heroes of Myths,http://www.kongregate.com/games/robbert4/heroes-of-myths,www.kongregate.com/games/robbert4/heroes-of-myths,11,2017-05-05,29,0,6,0,0,0,chat_achievements;chat_js;holodeck;metrics_json;recommended_games,2026-07-01T18:42:47Z
no_archived_endpoint_rows_observed,1,Plants vs. Zombies: Apocalypse,http://www.kongregate.com/games/jonthegreat711/plants-vs-zombies-apocalypse,www.kongregate.com/games/jonthegreat711/plants-vs-zombies-apocalypse,11,2017-07-12,24,0,11,0,0,0,chat_achievements;chat_js;holodeck;metrics_json;recommended_games,2026-07-01T18:42:47Z
archived_endpoint_hit_no_count,1,Bottle Flip Challenge,http://www.kongregate.com/games/mafagames/bottle-flip-challenge,www.kongregate.com/games/mafagames/bottle-flip-challenge,11,2017-09-20,75,39,7,0,0,0,chat_achievements;chat_js;developer_game_list;holodeck;metrics_json;recommended_games,2026-07-02T13:54:28Z
no_archived_endpoint_rows_observed,1,BigFarm Online(Sweden),http://www.kongregate.com/games/surre02/bigfarm-online-sweden,www.kongregate.com/games/surre02/bigfarm-online-sweden,12,2014-09-05,30,0,7,0,0,0,chat_achievements;chat_js;holodeck;metrics_json;recommended_games,2026-07-01T18:46:22Z
archived_endpoint_hit_no_count,1,Tap Tap Infinity,http://www.kongregate.com/games/TapTapInfinity/tap-tap-infinity,www.kongregate.com/games/taptapinfinity/tap-tap-infinity,12,2015-01-03,19,2,5,0,0,0,chat_achievements;chat_js;holodeck;metrics_json;recommended_games,2026-07-01T18:45:51Z
archived_endpoint_hit_no_count,1,Zinku - Kuiz nga Kimia,http://www.kongregate.com/games/del7244009/zinku-kuiz-nga-kimia,www.kongregate.com/games/del7244009/zinku-kuiz-nga-kimia,12,2015-09-03,39,12,5,0,0,0,chat_achievements;chat_js;developer_game_list;holodeck;metrics_json;recommended_games,2026-07-02T13:15:09Z
archived_endpoint_hit_no_count,1,Alfa Romeo Brera Puzzle,http://www.kongregate.com/games/natalibt/alfa-romeo-brera-puzzle,www.kongregate.com/games/natalibt/alfa-romeo-brera-puzzle,12,2015-09-23,89,55,13,0,0,0,chat_achievements;chat_js;developer_game_list;holodeck;metrics_json;recommended_games,2026-07-02T13:15:09Z
archived_endpoint_hit_no_count,1,Powerblocks,http://www.kongregate.com/games/mafagames/powerblocks,www.kongregate.com/games/mafagames/powerblocks,12,2016-05-23,69,39,4,0,0,0,chat_achievements;chat_js;developer_game_list;holodeck;metrics_json;recommended_games,2026-07-02T13:54:28Z
archived_endpoint_hit_no_count,1,Virus Attack,http://www.kongregate.com/games/mafagames/virus-attack,www.kongregate.com/games/mafagames/virus-attack,12,2016-05-24,78,39,12,0,0,0,chat_achievements;chat_js;developer_game_list;holodeck;metrics_json;recommended_games,2026-07-02T13:54:28Z
no_archived_endpoint_rows_observed,1,Dinamic Chess,http://www.kongregate.com/games/niconosave/dinamic-chess,www.kongregate.com/games/niconosave/dinamic-chess,12,2016-10-04,28,0,5,0,0,0,chat_achievements;chat_js;holodeck;metrics_json;recommended_games,2026-07-01T19:00:43Z
no_archived_endpoint_rows_observed,1,Paradise,http://www.kongregate.com/games/spacegrid/paradise,www.kongregate.com/games/spacegrid/paradise,12,2017-05-25,32,0,10,0,0,0,chat_achievements;chat_js;holodeck;metrics_json;recommended_games,2026-07-01T19:04:52Z
no_archived_endpoint_rows_observed,1,You Are Getting Tired,http://www.kongregate.com/games/SelfishDream/you-are-getting-tired,www.kongregate.com/games/selfishdream/you-are-getting-tired,12,2017-06-16,24,0,7,0,0,0,chat_achievements;chat_js;holodeck;metrics_json;recommended_games,2026-07-01T19:04:52Z
archived_endpoint_hit_no_count,1,Agents of Mayhem: Splatter Effect,http://www.kongregate.com/games/rheyank/agents-of-mayhem-splatter-effect,www.kongregate.com/games/rheyank/agents-of-mayhem-splatter-effect,12,2017-07-28,50,6,18,0,0,0,chat_achievements;chat_js;developer_game_list;holodeck;metrics_json;recommended_games,2026-07-02T13:25:56Z
archived_endpoint_hit_no_count,1,Freekick Training,http://www.kongregate.com/games/mafagames/freekick-training,www.kongregate.com/games/mafagames/freekick-training,12,2017-09-13,69,39,7,0,0,0,chat_achievements;chat_js;developer_game_list;holodeck;metrics_json;recommended_games,2026-07-02T13:54:28Z
archived_endpoint_hit_no_count,1,Zombie Buster,http://www.kongregate.com/games/mafagames/zombie-buster,www.kongregate.com/games/mafagames/zombie-buster,12,2017-09-20,69,39,10,0,0,0,chat_achievements;chat_js;developer_game_list;holodeck;metrics_json;recommended_games,2026-07-02T13:54:28Z
no_archived_endpoint_rows_observed,1,GravityHunt,http://www.kongregate.com/games/GravityHunt/gravityhunt,www.kongregate.com/games/gravityhunt/gravityhunt,13,2014-09-14,34,0,12,0,0,0,chat_achievements;chat_js;holodeck;metrics_json;recommended_games,2026-07-01T19:29:25Z
archived_endpoint_hit_no_count,1,Plants Attack,http://www.kongregate.com/games/xiatiandaole/plants-attack,www.kongregate.com/games/xiatiandaole/plants-attack,13,2014-10-10,42,18,6,0,0,0,chat_achievements;chat_js;developer_game_list;holodeck;metrics_json;recommended_games,2026-07-02T13:15:09Z
no_archived_endpoint_rows_observed,1,The FPS Training PreAlpha,http://www.kongregate.com/games/HLoKHaMZ/the-fps-training-prealpha,www.kongregate.com/games/hlokhamz/the-fps-training-prealpha,13,2014-10-17,34,0,12,0,0,0,chat_achievements;chat_js;holodeck;metrics_json;recommended_games,2026-07-01T19:29:25Z
archived_endpoint_hit_no_count,1,Kuizi Biologjia - Pjesa e 3,http://www.kongregate.com/games/del7244009/kuizi-biologjia-pjesa-e-3,www.kongregate.com/games/del7244009/kuizi-biologjia-pjesa-e-3,13,2015-09-03,46,12,11,0,0,0,chat_achievements;chat_js;developer_game_list;holodeck;metrics_json;recommended_games,2026-07-02T13:15:09Z
no_archived_endpoint_rows_observed,1,TDS game 2,http://www.kongregate.com/games/munoz20/tds-game-2,www.kongregate.com/games/munoz20/tds-game-2,13,2015-12-26,52,0,23,0,0,0,chat_achievements;chat_js;developer_game_list;holodeck;metrics_json;recommended_games,2026-07-02T14:04:25Z
archived_endpoint_hit_no_count,1,Death Soul,http://www.kongregate.com/games/mafagames/death-soul,www.kongregate.com/games/mafagames/death-soul,13,2016-05-06,69,39,7,0,0,0,chat_achievements;chat_js;developer_game_list;holodeck;metrics_json;recommended_games,2026-07-02T13:54:28Z
archived_endpoint_hit_no_count,1,Super Cowboy Run,http://www.kongregate.com/games/mafagames/super-cowboy-run,www.kongregate.com/games/mafagames/super-cowboy-run,13,2016-05-23,76,39,8,0,0,0,chat_achievements;chat_js;developer_game_list;holodeck;metrics_json;recommended_games,2026-07-02T13:54:28Z
archived_endpoint_hit_no_count,1,Jumpy Shark,http://www.kongregate.com/games/mafagames/jumpy-shark,www.kongregate.com/games/mafagames/jumpy-shark,13,2016-05-24,66,36,7,0,0,0,chat_achievements;chat_js;developer_game_list;holodeck;metrics_json;recommended_games,2026-07-02T13:15:09Z
no_archived_endpoint_rows_observed,1,Gray Tank,http://www.kongregate.com/games/domjotebit/gray-tank,www.kongregate.com/games/domjotebit/gray-tank,13,2016-06-05,24,0,9,0,0,0,chat_achievements;chat_js;holodeck;metrics_json;recommended_games,2026-07-01T19:35:24Z
no_archived_endpoint_rows_observed,1,Idle Game Dev,http://www.kongregate.com/games/Blobzone/idle-game-dev,www.kongregate.com/games/blobzone/idle-game-dev,13,2016-07-20,24,0,2,0,0,0,chat_achievements;chat_js;holodeck;metrics_json;recommended_games,2026-07-01T19:46:06Z
no_archived_endpoint_rows_observed,1,Guerra de Quatro Mundos clique em [♥Like],http://www.kongregate.com/games/Maury71/guerra-de-quatro-mundos-clique-em-like,www.kongregate.com/games/maury71/guerra-de-quatro-mundos-clique-em-like,13,2016-08-28,35,0,12,0,0,0,chat_achievements;chat_js;holodeck;metrics_json;recommended_games,2026-07-01T19:49:23Z
archived_endpoint_hit_no_count,1,Hold Position 2: Medieval,http://www.kongregate.com/games/mafagames/hold-position-2-medieval,www.kongregate.com/games/mafagames/hold-position-2-medieval,13,2016-10-10,66,36,3,0,0,0,chat_achievements;chat_js;developer_game_list;holodeck;metrics_json;recommended_games,2026-07-02T13:15:09Z
no_archived_endpoint_rows_observed,1,Colotap,http://www.kongregate.com/games/Palazoles/colotap,www.kongregate.com/games/palazoles/colotap,13,2016-10-30,35,0,12,0,0,0,chat_achievements;chat_js;holodeck;metrics_json;recommended_games,2026-07-01T19:53:27Z
archived_endpoint_hit_no_count,1,Mike Shadow: I Paid For It! (Mochi Premiums),http://www.kongregate.com/games/Allkiko1/mike-shadow-i-paid-for-it-mochi-premiums,www.kongregate.com/games/allkiko1/mike-shadow-i-paid-for-it-mochi-premiums,13,2017-04-01,14,4,0,0,0,0,chat_achievements;chat_js;holodeck;metrics_json;recommended_games,2026-07-01T19:24:48Z
archived_endpoint_hit_no_count,1,Snake And Blocks,http://www.kongregate.com/games/mafagames/snake-and-blocks,www.kongregate.com/games/mafagames/snake-and-blocks,13,2017-07-20,66,36,7,0,0,0,chat_achievements;chat_js;developer_game_list;holodeck;metrics_json;recommended_games,2026-07-02T13:15:09Z
no_archived_endpoint_rows_observed,1,"101: A Video Game about Video Games (okay, a really early one)",http://www.kongregate.com/games/wigardju/101-a-video-game-about-video-games-okay-a-really-early-one,www.kongregate.com/games/wigardju/101-a-video-game-about-video-games-okay-a-really-early-one,13,2017-08-05,24,0,8,0,0,0,chat_achievements;chat_js;holodeck;metrics_json;recommended_games,2026-07-01T19:49:23Z
no_archived_endpoint_rows_observed,1,Shoot the Roy Minions,http://www.kongregate.com/games/coolstronggames/shoot-the-roy-minions,www.kongregate.com/games/coolstronggames/shoot-the-roy-minions,13,2017-08-17,24,0,11,0,0,0,chat_achievements;chat_js;holodeck;metrics_json;recommended_games,2026-07-01T19:53:27Z
archived_endpoint_hit_no_count,1,Ninja Balance,http://www.kongregate.com/games/mafagames/ninja-balance,www.kongregate.com/games/mafagames/ninja-balance,13,2017-08-23,66,36,6,0,0,0,chat_achievements;chat_js;developer_game_list;holodeck;metrics_json;recommended_games,2026-07-02T13:15:09Z
no_archived_endpoint_rows_observed,1,Fighting For Glorton 1.2v,http://www.kongregate.com/games/Zueirao34/fighting-for-glorton-1-2v,www.kongregate.com/games/zueirao34/fighting-for-glorton-1-2v,13,2017-09-04,30,0,11,0,0,0,chat_achievements;chat_js;developer_game_list;holodeck;metrics_json;recommended_games,2026-07-02T12:31:08Z
archived_endpoint_hit_no_count,1,Tangrid,http://www.kongregate.com/games/mafagames/tangrid,www.kongregate.com/games/mafagames/tangrid,13,2017-09-13,66,36,10,0,0,0,chat_achievements;chat_js;developer_game_list;holodeck;metrics_json;recommended_games,2026-07-02T13:15:09Z
archived_endpoint_hit_no_count,1,Break The Line,http://www.kongregate.com/games/mafagames/break-the-line,www.kongregate.com/games/mafagames/break-the-line,13,2017-09-20,66,36,3,0,0,0,chat_achievements;chat_js;developer_game_list;holodeck;metrics_json;recommended_games,2026-07-02T13:15:09Z
no_archived_endpoint_rows_observed,1,Gold Miner Jack 2,https://www.kongregate.com/games/crazyschoolgames/gold-miner-jack-2,www.kongregate.com/games/crazyschoolgames/gold-miner-jack-2,13,2019-08-25,35,0,12,0,0,0,chat_achievements;chat_js;holodeck;metrics_json;recommended_games,2026-07-01T20:08:31Z
archived_endpoint_hit_no_count,1,Kuizi Biologjia - Pjesa e 4,http://www.kongregate.com/games/del7244009/kuizi-biologjia-pjesa-e-4,www.kongregate.com/games/del7244009/kuizi-biologjia-pjesa-e-4,14,2015-09-03,39,12,7,0,0,0,chat_achievements;chat_js;developer_game_list;holodeck;metrics_json;recommended_games,2026-07-02T13:15:09Z
no_archived_endpoint_rows_observed,1,Idle Capitalist 6,http://www.kongregate.com/games/KasparsM/idle-capitalist-6,www.kongregate.com/games/kasparsm/idle-capitalist-6,14,2015-09-09,35,0,12,0,0,0,chat_achievements;chat_js;holodeck;metrics_json;recommended_games,2026-07-01T20:13:18Z
archived_endpoint_hit_no_count,1,Spike Bird,http://www.kongregate.com/games/mafagames/spike-bird,www.kongregate.com/games/mafagames/spike-bird,14,2016-05-06,66,36,3,0,0,0,chat_achievements;chat_js;developer_game_list;holodeck;metrics_json;recommended_games,2026-07-02T13:15:09Z
archived_endpoint_hit_no_count,1,Transport,http://www.kongregate.com/games/mafagames/transport,www.kongregate.com/games/mafagames/transport,14,2016-05-23,76,36,11,0,0,0,chat_achievements;chat_js;developer_game_list;holodeck;metrics_json;recommended_games,2026-07-02T13:15:09Z
archived_endpoint_hit_no_count,1,My Little Pony Winter Fashion 2,http://www.kongregate.com/games/mafagames/my-little-pony-winter-fashion-2,www.kongregate.com/games/mafagames/my-little-pony-winter-fashion-2,14,2016-05-24,66,36,7,0,0,0,chat_achievements;chat_js;developer_game_list;holodeck;metrics_json;recommended_games,2026-07-02T13:15:09Z
no_archived_endpoint_rows_observed,1,FurLight,http://www.kongregate.com/games/ArsenG1/furlight,www.kongregate.com/games/arseng1/furlight,14,2016-06-04,24,0,10,0,0,0,chat_achievements;chat_js;holodeck;metrics_json;recommended_games,2026-07-01T20:13:18Z
no_archived_endpoint_rows_observed,1,Yandere - Heartbreak,http://www.kongregate.com/games/swiftmoon12/yandere-heartbreak,www.kongregate.com/games/swiftmoon12/yandere-heartbreak,14,2016-08-20,24,0,9,0,0,0,chat_achievements;chat_js;holodeck;metrics_json;recommended_games,2026-07-01T20:13:18Z
archived_endpoint_hit_no_count,1,Karting Racing,http://www.kongregate.com/games/mafagames/karting-racing,www.kongregate.com/games/mafagames/karting-racing,14,2016-10-10,66,36,9,0,0,0,chat_achievements;chat_js;developer_game_list;holodeck;metrics_json;recommended_games,2026-07-02T13:15:09Z
archived_endpoint_hit_no_count,1,My Summer Items,http://www.kongregate.com/games/natalibt/my-summer-items,www.kongregate.com/games/natalibt/my-summer-items,14,2017-06-15,79,59,5,0,0,0,chat_achievements;chat_js;developer_game_list;holodeck;metrics_json;recommended_games,2026-07-02T13:15:09Z
no_archived_endpoint_rows_observed,1,TRY. DIE. REPEAT.,http://www.kongregate.com/games/rodolfodth/try-die-repeat,www.kongregate.com/games/rodolfodth/try-die-repeat,14,2017-06-16,24,0,6,0,0,0,chat_achievements;chat_js;holodeck;metrics_json;recommended_games,2026-07-01T20:37:35Z
archived_endpoint_hit_no_count,1,Mad Taxi,http://www.kongregate.com/games/mafagames/mad-taxi,www.kongregate.com/games/mafagames/mad-taxi,14,2017-07-20,76,36,12,0,0,0,chat_achievements;chat_js;developer_game_list;holodeck;metrics_json;recommended_games,2026-07-02T13:15:09Z
no_archived_endpoint_rows_observed,1,Test 2,http://www.kongregate.com/games/Nicolo974jtm34/test-2,www.kongregate.com/games/nicolo974jtm34/test-2,15,2014-10-03,38,0,12,0,0,0,chat_achievements;chat_js;developer_game_list;holodeck;metrics_json;recommended_games,2026-07-02T12:19:28Z
archived_endpoint_hit_no_count,1,Kuizi Biologjia - Pjesa e 2,http://www.kongregate.com/games/del7244009/kuizi-biologjia-pjesa-e-2,www.kongregate.com/games/del7244009/kuizi-biologjia-pjesa-e-2,15,2015-09-03,39,12,12,0,0,0,chat_achievements;chat_js;developer_game_list;holodeck;metrics_json;recommended_games,2026-07-02T13:15:09Z
archived_endpoint_hit_no_count,1,Mater Cars Puzzle,http://www.kongregate.com/games/natalibt/mater-cars-puzzle,www.kongregate.com/games/natalibt/mater-cars-puzzle,15,2015-09-09,79,55,12,0,0,0,chat_achievements;chat_js;developer_game_list;holodeck;metrics_json;recommended_games,2026-07-02T13:15:09Z
archived_endpoint_hit_no_count,1,Duck Shooter,http://www.kongregate.com/games/mafagames/duck-shooter,www.kongregate.com/games/mafagames/duck-shooter,15,2016-05-06,66,36,8,0,0,0,chat_achievements;chat_js;developer_game_list;holodeck;metrics_json;recommended_games,2026-07-02T13:15:09Z
no_archived_endpoint_rows_observed,1,Bloosso Run,http://www.kongregate.com/games/JurgisT/bloosso-run,www.kongregate.com/games/jurgist/bloosso-run,15,2016-05-15,24,0,10,0,0,0,chat_achievements;chat_js;holodeck;metrics_json;recommended_games,2026-07-01T20:44:37Z
archived_endpoint_hit_no_count,1,Labyrinth,http://www.kongregate.com/games/mafagames/labyrinth,www.kongregate.com/games/mafagames/labyrinth,15,2016-05-23,66,36,8,0,0,0,chat_achievements;chat_js;developer_game_list;holodeck;metrics_json;recommended_games,2026-07-02T13:15:09Z
no_archived_endpoint_rows_observed,1,The ball game,http://www.kongregate.com/games/danwon67/the-ball-game,www.kongregate.com/games/danwon67/the-ball-game,15,2016-07-14,24,0,12,0,0,0,chat_achievements;chat_js;holodeck;metrics_json;recommended_games,2026-07-01T20:44:37Z
no_archived_endpoint_rows_observed,1,DELTA warfare,http://www.kongregate.com/games/schambulat20/delta-warfare,www.kongregate.com/games/schambulat20/delta-warfare,15,2016-09-03,24,0,3,0,0,0,chat_achievements;chat_js;holodeck;metrics_json;recommended_games,2026-07-01T21:04:41Z
archived_endpoint_hit_no_count,1,Mad Boy Adventures,http://www.kongregate.com/games/mafagames/mad-boy-adventures,www.kongregate.com/games/mafagames/mad-boy-adventures,15,2016-10-10,75,36,10,0,0,0,chat_achievements;chat_js;developer_game_list;holodeck;metrics_json;recommended_games,2026-07-02T13:15:09Z
no_archived_endpoint_rows_observed,1,DON'T DESTROY THE BALL!,http://www.kongregate.com/games/phacanu/dont-destroy-the-ball,www.kongregate.com/games/phacanu/dont-destroy-the-ball,15,2017-06-04,24,0,5,0,0,0,chat_achievements;chat_js;holodeck;metrics_json;recommended_games,2026-07-01T21:04:41Z
archived_endpoint_hit_no_count,1,Space Trip,http://www.kongregate.com/games/mafagames/space-trip,www.kongregate.com/games/mafagames/space-trip,15,2017-07-20,66,36,11,0,0,0,chat_achievements;chat_js;developer_game_list;holodeck;metrics_json;recommended_games,2026-07-02T13:15:09Z
no_archived_endpoint_rows_observed,1,Doblons.oi,http://www.kongregate.com/games/Zueirao34/doblons-oi,www.kongregate.com/games/zueirao34/doblons-oi,15,2017-09-04,30,0,8,0,0,0,chat_achievements;chat_js;developer_game_list;holodeck;metrics_json;recommended_games,2026-07-02T12:31:08Z
no_archived_endpoint_rows_observed,1,Car Rush 2,http://www.kongregate.com/games/mafagames/car-rush-2,www.kongregate.com/games/mafagames/car-rush-2,15,2017-09-13,24,0,11,0,0,0,chat_achievements;chat_js;holodeck;metrics_json;recommended_games,2026-07-01T21:04:41Z
no_archived_endpoint_rows_observed,1,Moto Jumper,http://www.kongregate.com/games/darekapps/moto-jumper,www.kongregate.com/games/darekapps/moto-jumper,15,2017-10-08,24,0,6,0,0,0,chat_achievements;chat_js;holodeck;metrics_json;recommended_games,2026-07-01T21:04:41Z
no_archived_endpoint_rows_observed,1,Ascending LSD,http://www.kongregate.com/games/KING34/ascending-lsd,www.kongregate.com/games/king34/ascending-lsd,15,2017-10-24,24,0,10,0,0,0,chat_achievements;chat_js;holodeck;metrics_json;recommended_games,2026-07-01T21:04:41Z
no_archived_endpoint_rows_observed,1,Monopoly IO,http://www.kongregate.com/games/benbean303/monopoly-io,www.kongregate.com/games/benbean303/monopoly-io,15,2017-11-06,29,0,6,0,0,0,chat_achievements;chat_js;holodeck;metrics_json;recommended_games,2026-07-01T21:05:14Z
no_archived_endpoint_rows_observed,1,FootballManager Online,http://www.kongregate.com/games/surre02/footballmanager-online,www.kongregate.com/games/surre02/footballmanager-online,16,2014-09-05,24,0,10,0,0,0,chat_achievements;chat_js;holodeck;metrics_json;recommended_games,2026-07-01T21:04:41Z
no_archived_endpoint_rows_observed,1,Test1,http://www.kongregate.com/games/Nicolo974jtm34/test1,www.kongregate.com/games/nicolo974jtm34/test1,16,2014-10-03,30,0,7,0,0,0,chat_achievements;chat_js;developer_game_list;holodeck;metrics_json;recommended_games,2026-07-02T12:19:28Z
archived_endpoint_hit_no_count,1,OuterSpace [PitBall] Offical,http://www.kongregate.com/games/NickJ66/outerspace-pitball-offical,www.kongregate.com/games/nickj66/outerspace-pitball-offical,16,2014-10-10,55,9,20,0,0,0,chat_achievements;chat_js;developer_game_list;holodeck;metrics_json;recommended_games,2026-07-02T13:25:56Z
no_archived_endpoint_rows_observed,1,Peppa Pig Ice Cream Shop,http://www.kongregate.com/games/lemonindieg/peppa-pig-ice-cream-shop,www.kongregate.com/games/lemonindieg/peppa-pig-ice-cream-shop,16,2014-10-13,24,0,7,0,0,0,chat_achievements;chat_js;holodeck;metrics_json;recommended_games,2026-07-01T21:26:21Z
no_archived_endpoint_rows_observed,1,Kuizi Autoshkolla - Testi 1,http://www.kongregate.com/games/del7244009/kuizi-autoshkolla-testi-1,www.kongregate.com/games/del7244009/kuizi-autoshkolla-testi-1,16,2015-09-03,24,0,11,0,0,0,chat_achievements;chat_js;holodeck;metrics_json;recommended_games,2026-07-01T21:26:21Z
archived_endpoint_hit_no_count,1,Miner 2,http://www.kongregate.com/games/KillingPigs123/miner-2,www.kongregate.com/games/killingpigs123/miner-2,16,2015-09-09,30,4,7,0,0,0,chat_achievements;chat_js;holodeck;metrics_json;recommended_games,2026-07-01T21:27:12Z
no_archived_endpoint_rows_observed,1,Quad Maze Lite V4.1,http://www.kongregate.com/games/Anqa_Game/quad-maze-lite-v4-1,www.kongregate.com/games/anqa_game/quad-maze-lite-v4-1,16,2015-12-05,24,0,11,0,0,0,chat_achievements;chat_js;holodeck;metrics_json;recommended_games,2026-07-01T21:26:21Z
no_archived_endpoint_rows_observed,1,Elsa Facial Skin Care,http://www.kongregate.com/games/marydressupgames/elsa-facial-skin-care,www.kongregate.com/games/marydressupgames/elsa-facial-skin-care,16,2016-02-28,24,0,7,0,0,0,chat_achievements;chat_js;holodeck;metrics_json;recommended_games,2026-07-01T21:26:21Z
no_archived_endpoint_rows_observed,1,Pregnant Elsa Baby Room Deco,http://www.kongregate.com/games/mafagames/pregnant-elsa-baby-room-deco,www.kongregate.com/games/mafagames/pregnant-elsa-baby-room-deco,16,2016-05-23,24,0,9,0,0,0,chat_achievements;chat_js;holodeck;metrics_json;recommended_games,2026-07-01T21:26:21Z
archived_endpoint_hit_no_count,1,Jungle Gems,http://www.kongregate.com/games/gamesrishti/jungle-gems,www.kongregate.com/games/gamesrishti/jungle-gems,16,2016-07-20,48,28,11,0,0,0,chat_achievements;chat_js;developer_game_list;holodeck;metrics_json;recommended_games,2026-07-02T11:26:29Z
no_archived_endpoint_rows_observed,1,Chat Public or Private,http://www.kongregate.com/games/MrBaidu/chat-public-or-private,www.kongregate.com/games/mrbaidu/chat-public-or-private,16,2016-07-27,31,0,9,0,0,0,chat_achievements;chat_js;holodeck;metrics_json;recommended_games,2026-07-01T21:27:12Z
no_archived_endpoint_rows_observed,1,Maze Platformer,http://www.kongregate.com/games/Erendis42/maze-platformer,www.kongregate.com/games/erendis42/maze-platformer,16,2016-08-05,24,0,2,0,0,0,chat_achievements;chat_js;holodeck;metrics_json;recommended_games,2026-07-01T21:46:27Z
no_archived_endpoint_rows_observed,1,Christmas Memory,http://www.kongregate.com/games/mafagames/christmas-memory,www.kongregate.com/games/mafagames/christmas-memory,16,2016-10-10,35,0,12,0,0,0,chat_achievements;chat_js;holodeck;metrics_json;recommended_games,2026-07-01T21:48:46Z
no_archived_endpoint_rows_observed,1,Two Man Hockey,http://www.kongregate.com/games/smatthews1999/two-man-hockey,www.kongregate.com/games/smatthews1999/two-man-hockey,16,2017-05-05,24,0,5,0,0,0,chat_achievements;chat_js;holodeck;metrics_json;recommended_games,2026-07-01T21:46:27Z
no_archived_endpoint_rows_observed,1,Dimensional (beta),http://www.kongregate.com/games/Vermillion_gd/dimensional-beta,www.kongregate.com/games/vermillion_gd/dimensional-beta,16,2017-07-03,34,0,12,0,0,0,chat_achievements;chat_js;holodeck;metrics_json;recommended_games,2026-07-01T21:48:46Z
no_archived_endpoint_rows_observed,1,Figure Fighting 2.4 Beta,http://www.kongregate.com/games/Zueirao34/figure-fighting-2-4-beta,www.kongregate.com/games/zueirao34/figure-fighting-2-4-beta,16,2017-09-04,30,0,9,0,0,0,chat_achievements;chat_js;developer_game_list;holodeck;metrics_json;recommended_games,2026-07-02T12:31:08Z
no_archived_endpoint_rows_observed,1,Sand Worm,http://www.kongregate.com/games/mafagames/sand-worm,www.kongregate.com/games/mafagames/sand-worm,16,2017-09-30,33,0,11,0,0,0,chat_achievements;chat_js;holodeck;metrics_json;recommended_games,2026-07-01T21:48:46Z
archived_endpoint_hit_no_count,1,Back to School Fashion,http://www.kongregate.com/games/games2girls/back-to-school-fashion,www.kongregate.com/games/games2girls/back-to-school-fashion,17,2014-10-03,53,24,6,0,0,0,chat_achievements;chat_js;developer_game_list;holodeck;metrics_json;recommended_games,2026-07-02T11:14:53Z
no_archived_endpoint_rows_observed,1,Kuiz për Australinë,http://www.kongregate.com/games/del7244009/kuiz-p-r-australin,www.kongregate.com/games/del7244009/kuiz-p-r-australin,17,2015-09-03,35,0,12,0,0,0,chat_achievements;chat_js;holodeck;metrics_json;recommended_games,2026-07-01T21:48:46Z
no_archived_endpoint_rows_observed,1,HitlerVsVikings,http://www.kongregate.com/games/Naoisi_Swaz/hitlervsvikings,www.kongregate.com/games/naoisi_swaz/hitlervsvikings,17,2016-07-07,24,0,4,0,0,0,chat_achievements;chat_js;holodeck;metrics_json;recommended_games,2026-07-01T21:46:27Z
no_archived_endpoint_rows_observed,1,Kongpanion Friend Generator,http://www.kongregate.com/games/yvolcano4/kongpanion-friend-generator,www.kongregate.com/games/yvolcano4/kongpanion-friend-generator,17,2016-08-05,30,0,15,0,0,0,chat_achievements;chat_js;developer_game_list;holodeck;metrics_json;recommended_games,2026-07-02T12:05:18Z
no_archived_endpoint_rows_observed,1,Flap Cat Halloween,http://www.kongregate.com/games/mafagames/flap-cat-halloween,www.kongregate.com/games/mafagames/flap-cat-halloween,17,2016-10-10,24,0,2,0,0,0,chat_achievements;chat_js;holodeck;metrics_json;recommended_games,2026-07-01T22:03:51Z
no_archived_endpoint_rows_observed,1,Kosmogon,http://www.kongregate.com/games/quickcasualgames/kosmogon,www.kongregate.com/games/quickcasualgames/kosmogon,17,2017-05-16,24,0,12,0,0,0,chat_achievements;chat_js;holodeck;metrics_json;recommended_games,2026-07-01T22:03:51Z
no_archived_endpoint_rows_observed,1,Bus & Subway Runner,http://www.kongregate.com/games/echocargames/bus-subway-runner,www.kongregate.com/games/echocargames/bus-subway-runner,17,2017-09-30,24,0,5,0,0,0,chat_achievements;chat_js;holodeck;metrics_json;recommended_games,2026-07-01T22:03:51Z
no_archived_endpoint_rows_observed,1,Murder,http://www.kongregate.com/games/hussnainjaved534/murder,www.kongregate.com/games/hussnainjaved534/murder,17,2017-10-24,24,0,11,0,0,0,chat_achievements;chat_js;holodeck;metrics_json;recommended_games,2026-07-01T22:03:51Z
no_archived_endpoint_rows_observed,1,Life Of A Golf Ball,http://www.kongregate.com/games/lubo36/life-of-a-golf-ball,www.kongregate.com/games/lubo36/life-of-a-golf-ball,17,2017-11-06,24,0,7,0,0,0,chat_achievements;chat_js;holodeck;metrics_json;recommended_games,2026-07-01T22:03:51Z
archived_endpoint_hit_no_count,2,Bubble Shooter Exclusive,http://www.kongregate.com/games/fighter106/bubble-shooter-exclusive,www.kongregate.com/games/fighter106/bubble-shooter-exclusive,4,2014-06-20,23,4,2,0,0,0,chat_achievements;chat_js;holodeck;metrics_json;recommended_games,2026-07-01T22:19:07Z
no_archived_endpoint_rows_observed,3,IndestructoCopter,http://www.kongregate.com/games/Joshua140/indestructocopter,www.kongregate.com/games/joshua140/indestructocopter,1,2008-05-09,19,0,8,0,0,0,chat_achievements;chat_js;developer_game_list;holodeck;metrics_json,2026-07-02T11:23:20Z
no_archived_endpoint_rows_observed,3,BLOB KILLS BALL!,http://www.kongregate.com/games/bryces12/blob-kills-ball,www.kongregate.com/games/bryces12/blob-kills-ball,1,2010-10-18,19,0,8,0,0,0,chat_achievements;chat_js;developer_game_list;holodeck;metrics_json,2026-07-02T11:23:20Z
archived_endpoint_hit_no_count,3,City Runner 3D,http://www.kongregate.com/games/PaperCup/city-runner-3d,www.kongregate.com/games/papercup/city-runner-3d,1,2011-07-17,35,27,0,0,0,0,chat_achievements;chat_js;developer_game_list;holodeck;metrics_json,2026-07-02T11:12:38Z
archived_endpoint_hit_no_count,3,Electro City,http://www.kongregate.com/games/purecube/electro-city,www.kongregate.com/games/purecube/electro-city,1,2011-07-21,24,1,11,0,0,0,chat_achievements;chat_js;holodeck;metrics_json;recommended_games,2026-07-01T22:19:07Z
no_archived_endpoint_rows_observed,3,Maddening Foolishness,http://www.kongregate.com/games/darthpeanut113/maddening-foolishness,www.kongregate.com/games/darthpeanut113/maddening-foolishness,1,2011-12-31,16,0,5,0,0,0,chat_achievements;chat_js;holodeck;metrics_json,2026-07-01T22:19:07Z
archived_endpoint_hit_no_count,3,Penguin Heroes,http://www.kongregate.com/games/ShunKazami/penguin-heroes,www.kongregate.com/games/shunkazami/penguin-heroes,1,2012-01-01,31,2,10,0,0,0,chat_achievements;chat_js;developer_game_list;holodeck;metrics_json;recommended_games,2026-07-02T12:42:11Z
no_archived_endpoint_rows_observed,3,Stafforb's Worst Pokemon Battle,http://www.kongregate.com/games/Stafforb_Pokemon/stafforbs-worst-pokemon-battle,www.kongregate.com/games/stafforb_pokemon/stafforbs-worst-pokemon-battle,1,2013-04-11,22,0,11,0,0,0,chat_achievements;chat_js;developer_game_list;holodeck;metrics_json,2026-07-02T12:42:11Z
no_archived_endpoint_rows_observed,3,Jupiter OGame,http://www.kongregate.com/games/KingStar22/jupiter-ogame,www.kongregate.com/games/kingstar22/jupiter-ogame,1,2014-07-26,30,0,7,0,0,0,chat_achievements;chat_js;developer_game_list;holodeck;metrics_json;recommended_games,2026-07-02T11:41:52Z
archived_endpoint_hit_no_count,3,First Date,http://www.kongregate.com/games/slixmedia/first-date,www.kongregate.com/games/slixmedia/first-date,2,2010-10-13,19,3,8,0,0,0,chat_achievements;chat_js;developer_game_list;holodeck;metrics_json,2026-07-02T11:14:53Z
no_archived_endpoint_rows_observed,3,Battle For Gondor,http://www.kongregate.com/games/jaime2310/battle-for-gondor,www.kongregate.com/games/jaime2310/battle-for-gondor,2,2011-04-09,11,0,2,0,0,0,chat_achievements;chat_js;developer_game_list;holodeck;metrics_json,2026-07-02T12:14:44Z
no_archived_endpoint_rows_observed,3,RPG Shooter,http://www.kongregate.com/games/powerpoler/rpg-shooter,www.kongregate.com/games/powerpoler/rpg-shooter,2,2011-06-10,22,0,9,0,0,0,chat_achievements;chat_js;developer_game_list;holodeck;metrics_json,2026-07-02T12:43:19Z
no_archived_endpoint_rows_observed,3,Jamproject Classic Roc...,http://www.kongregate.com/games/21Axes999/jamproject-classic-rock-skin,www.kongregate.com/games/21axes999/jamproject-classic-rock-skin,2,2011-06-29,19,0,8,0,0,0,chat_achievements;chat_js;developer_game_list;holodeck;metrics_json,2026-07-02T11:26:29Z
archived_endpoint_hit_no_count,3,Chuck Norris MMORPG,http://www.kongregate.com/games/PaperCup/chuck-norris-mmorpg,www.kongregate.com/games/papercup/chuck-norris-mmorpg,2,2011-07-17,43,27,5,0,0,0,chat_achievements;chat_js;developer_game_list;holodeck;metrics_json,2026-07-02T11:12:38Z
no_archived_endpoint_rows_observed,3,I Don't Even Know,http://www.kongregate.com/games/DXInteractive/i-dont-even-know,www.kongregate.com/games/dxinteractive/i-dont-even-know,2,2011-07-24,22,0,5,0,0,0,chat_achievements;chat_js;developer_game_list;holodeck;metrics_json,2026-07-02T12:43:19Z
no_archived_endpoint_rows_observed,3,Mini Ninja Coloring,http://www.kongregate.com/games/petee/mini-ninja-coloring,www.kongregate.com/games/petee/mini-ninja-coloring,2,2011-07-28,22,0,11,0,0,0,chat_achievements;chat_js;developer_game_list;holodeck;metrics_json,2026-07-02T12:43:19Z
no_archived_endpoint_rows_observed,3,"""The Game"" Chat",http://www.kongregate.com/games/Qwertybeef/the-game-chat,www.kongregate.com/games/qwertybeef/the-game-chat,2,2011-08-05,16,0,6,0,0,0,chat_achievements;chat_js;holodeck;metrics_json,2026-07-01T22:33:04Z
no_archived_endpoint_rows_observed,3,Motivational Chatroom ...,http://www.kongregate.com/games/Ilikecrabs/motivational-chatroom-drinking-game,www.kongregate.com/games/ilikecrabs/motivational-chatroom-drinking-game,2,2011-08-09,16,0,2,0,0,0,chat_achievements;chat_js;holodeck;metrics_json,2026-07-01T22:33:04Z
no_archived_endpoint_rows_observed,3,Another of Stafforb's Pokemon Battles.,http://www.kongregate.com/games/Stafforb_Pokemon/another-of-stafforbs-pokemon-battles,www.kongregate.com/games/stafforb_pokemon/another-of-stafforbs-pokemon-battles,2,2013-04-11,22,0,11,0,0,0,chat_achievements;chat_js;developer_game_list;holodeck;metrics_json,2026-07-02T12:42:11Z
no_archived_endpoint_rows_observed,3,Make Butter Waffles,http://www.kongregate.com/games/alia2013/make-butter-waffles,www.kongregate.com/games/alia2013/make-butter-waffles,2,2014-04-11,29,0,10,0,0,0,chat_achievements;chat_js;developer_game_list;holodeck;metrics_json;recommended_games,2026-07-02T12:14:44Z
no_archived_endpoint_rows_observed,3,Broken World WIP,http://www.kongregate.com/games/JackTrades/broken-world-wip,www.kongregate.com/games/jacktrades/broken-world-wip,3,2011-01-11,11,0,0,0,0,0,chat_achievements;chat_js;developer_game_list;holodeck;metrics_json,2026-07-02T11:23:20Z
no_archived_endpoint_rows_observed,3,PhysicsWars,http://www.kongregate.com/games/friuns/physicswars,www.kongregate.com/games/friuns/physicswars,3,2011-02-09,20,0,9,0,0,0,chat_achievements;chat_js;developer_game_list;holodeck;metrics_json,2026-07-02T12:14:44Z
no_archived_endpoint_rows_observed,3,Run And Monetize,http://www.kongregate.com/games/rc88_/run-and-monetize,www.kongregate.com/games/rc88_/run-and-monetize,3,2011-02-27,22,0,11,0,0,0,chat_achievements;chat_js;developer_game_list;holodeck;metrics_json,2026-07-02T12:43:19Z
no_archived_endpoint_rows_observed,3,Chocolate Rain TAY ZONDAY,http://www.kongregate.com/games/Shi_Thead/chocolate-rain-tay-zonday,www.kongregate.com/games/shi_thead/chocolate-rain-tay-zonday,3,2011-03-19,22,0,5,0,0,0,chat_achievements;chat_js;developer_game_list;holodeck;metrics_json,2026-07-02T12:43:19Z
archived_endpoint_hit_no_count,3,Office Supply Team!,http://www.kongregate.com/games/deesus/office-supply-team,www.kongregate.com/games/deesus/office-supply-team,3,2011-03-23,21,2,7,0,0,0,chat_achievements;chat_js;developer_game_list;holodeck;metrics_json,2026-07-02T12:14:44Z
no_archived_endpoint_rows_observed,3,Blozorz Hacked,http://www.kongregate.com/games/tinkan11/blozorz-hacked,www.kongregate.com/games/tinkan11/blozorz-hacked,3,2011-04-05,22,0,11,0,0,0,chat_achievements;chat_js;developer_game_list;holodeck;metrics_json,2026-07-02T12:14:44Z
archived_endpoint_hit_no_count,3,Jumbo Adventure,http://www.kongregate.com/games/gamesrishti/jumbo-adventure,www.kongregate.com/games/gamesrishti/jumbo-adventure,3,2011-04-16,40,24,5,0,0,0,chat_achievements;chat_js;developer_game_list;holodeck;metrics_json,2026-07-02T11:26:29Z
no_archived_endpoint_rows_observed,3,Stickman Adventure,http://www.kongregate.com/games/powerpoler/stickman-adventure,www.kongregate.com/games/powerpoler/stickman-adventure,3,2011-06-18,22,0,8,0,0,0,chat_achievements;chat_js;developer_game_list;holodeck;metrics_json,2026-07-02T12:43:19Z
no_archived_endpoint_rows_observed,3,Touch me NOW!,http://www.kongregate.com/games/bullybee/touch-me-now,www.kongregate.com/games/bullybee/touch-me-now,3,2011-07-13,22,0,11,0,0,0,chat_achievements;chat_js;developer_game_list;holodeck;metrics_json,2026-07-02T12:43:19Z
no_archived_endpoint_rows_observed,3,zombie dolls,http://www.kongregate.com/games/starmeiko/zombie-dolls,www.kongregate.com/games/starmeiko/zombie-dolls,3,2011-07-24,8,0,0,0,0,0,chat_achievements;chat_js;holodeck;metrics_json,2026-07-01T22:52:57Z
no_archived_endpoint_rows_observed,3,GTA Portable,http://www.kongregate.com/games/firekez/gta-portable,www.kongregate.com/games/firekez/gta-portable,3,2012-11-01,22,0,10,0,0,0,chat_achievements;chat_js;developer_game_list;holodeck;metrics_json,2026-07-02T12:43:19Z
no_archived_endpoint_rows_observed,3,Fruit connect,http://www.kongregate.com/games/alia2013/fruit-connect,www.kongregate.com/games/alia2013/fruit-connect,3,2014-04-11,24,0,5,0,0,0,chat_achievements;chat_js;holodeck;metrics_json;recommended_games,2026-07-01T23:00:55Z
no_archived_endpoint_rows_observed,3,Paper Doors Escape,http://www.kongregate.com/games/game4joy/paper-doors-escape,www.kongregate.com/games/game4joy/paper-doors-escape,3,2014-06-06,24,0,12,0,0,0,chat_achievements;chat_js;holodeck;metrics_json;recommended_games,2026-07-01T23:00:55Z
no_archived_endpoint_rows_observed,3,Eternal-Red,http://www.kongregate.com/games/MohammadAqib07/eternal-red,www.kongregate.com/games/mohammadaqib07/eternal-red,3,2014-07-21,27,0,7,0,0,0,chat_achievements;chat_js;developer_game_list;holodeck;metrics_json;recommended_games,2026-07-02T11:41:52Z
no_archived_endpoint_rows_observed,3,Active Ashfield's Conversion Challenge,http://www.kongregate.com/games/QuakMultimedia/active-ashfields-conversion-challenge,www.kongregate.com/games/quakmultimedia/active-ashfields-conversion-challenge,4,2009-10-14,19,0,10,0,0,0,chat_achievements;chat_js;developer_game_list;holodeck;metrics_json,2026-07-02T12:14:44Z
no_archived_endpoint_rows_observed,3,Photogrounds,http://www.kongregate.com/games/nathanielmilburn/photogrounds,www.kongregate.com/games/nathanielmilburn/photogrounds,4,2010-10-13,22,0,5,0,0,0,chat_achievements;chat_js;developer_game_list;holodeck;metrics_json,2026-07-02T12:43:19Z
no_archived_endpoint_rows_observed,3,Spongebob VS. Larry Ve...,http://www.kongregate.com/games/S_Schreiber/spongebob-vs-larry-version-2,www.kongregate.com/games/s_schreiber/spongebob-vs-larry-version-2,4,2011-02-27,19,0,9,0,0,0,chat_achievements;chat_js;developer_game_list;holodeck;metrics_json,2026-07-02T12:14:44Z
no_archived_endpoint_rows_observed,3,Fadious Dragon,http://www.kongregate.com/games/1SwiftHawk/fadious-dragon,www.kongregate.com/games/1swifthawk/fadious-dragon,4,2011-03-11,22,0,10,0,0,0,chat_achievements;chat_js;developer_game_list;holodeck;metrics_json,2026-07-02T12:43:19Z
no_archived_endpoint_rows_observed,3,Snow Fight 3.0,http://www.kongregate.com/games/jaime2310/snow-fight-3-0,www.kongregate.com/games/jaime2310/snow-fight-3-0,4,2011-04-05,11,0,2,0,0,0,chat_achievements;chat_js;developer_game_list;holodeck;metrics_json,2026-07-02T12:14:44Z
archived_endpoint_hit_no_count,3,Fantasy Warriors,http://www.kongregate.com/games/gamesrishti/fantasy-warriors,www.kongregate.com/games/gamesrishti/fantasy-warriors,4,2011-04-16,40,24,10,0,0,0,chat_achievements;chat_js;developer_game_list;holodeck;metrics_json,2026-07-02T11:26:29Z
no_archived_endpoint_rows_observed,3,arch_diagram,http://www.kongregate.com/games/WangHailong__9/arch-diagram,www.kongregate.com/games/wanghailong__9/arch-diagram,4,2011-06-05,22,0,10,0,0,0,chat_achievements;chat_js;developer_game_list;holodeck;metrics_json,2026-07-02T12:43:19Z
no_archived_endpoint_rows_observed,3,Escape the Ship,http://www.kongregate.com/games/Speedychris/escape-the-ship,www.kongregate.com/games/speedychris/escape-the-ship,4,2011-06-29,19,0,5,0,0,0,chat_achievements;chat_js;developer_game_list;holodeck;metrics_json,2026-07-02T12:14:44Z
archived_endpoint_hit_no_count,3,Hidden Dungeons MMORPG,http://www.kongregate.com/games/PaperCup/hidden-dungeons-mmorpg,www.kongregate.com/games/papercup/hidden-dungeons-mmorpg,4,2011-07-17,43,27,7,0,0,0,chat_achievements;chat_js;developer_game_list;holodeck;metrics_json,2026-07-02T11:12:38Z
no_archived_endpoint_rows_observed,3,Hidden Car Keys,http://www.kongregate.com/games/manchebt/hidden-car-keys,www.kongregate.com/games/manchebt/hidden-car-keys,4,2012-11-01,16,0,7,0,0,0,chat_achievements;chat_js;holodeck;metrics_json,2026-07-01T23:17:08Z
no_archived_endpoint_rows_observed,3,Modern War,http://www.kongregate.com/games/xiatiandaole/modern-war,www.kongregate.com/games/xiatiandaole/modern-war,4,2014-07-26,24,0,6,0,0,0,chat_achievements;chat_js;holodeck;metrics_json;recommended_games,2026-07-01T23:17:08Z
no_archived_endpoint_rows_observed,3,Countdown Striker,http://www.kongregate.com/games/anna54/countdown-striker,www.kongregate.com/games/anna54/countdown-striker,4,2014-07-30,27,0,7,0,0,0,chat_achievements;chat_js;developer_game_list;holodeck;metrics_json;recommended_games,2026-07-02T11:41:52Z
archived_endpoint_hit_no_count,3,Fiat Puzzle,http://www.kongregate.com/games/natalibt/fiat-puzzle,www.kongregate.com/games/natalibt/fiat-puzzle,4,2014-08-11,49,25,12,0,0,0,chat_achievements;chat_js;developer_game_list;holodeck;metrics_json;recommended_games,2026-07-02T11:10:24Z
no_archived_endpoint_rows_observed,3,Crazy Chaotic Chicken Chase,http://www.kongregate.com/games/GrantJO/crazy-chaotic-chicken-chase,www.kongregate.com/games/grantjo/crazy-chaotic-chicken-chase,4,2014-08-15,27,0,9,0,0,0,chat_achievements;chat_js;developer_game_list;holodeck;metrics_json;recommended_games,2026-07-02T12:14:44Z
no_archived_endpoint_rows_observed,3,Is your brother EVIL?!?,http://www.kongregate.com/games/AsianSensation3/is-your-brother-evil,www.kongregate.com/games/asiansensation3/is-your-brother-evil,5,2010-10-22,12,0,3,0,0,0,chat_achievements;chat_js;developer_game_list;holodeck;metrics_json,2026-07-02T12:43:19Z
no_archived_endpoint_rows_observed,3,gold panic,http://www.kongregate.com/games/zoolumonkey/gold-panic,www.kongregate.com/games/zoolumonkey/gold-panic,5,2011-01-11,22,0,9,0,0,0,chat_achievements;chat_js;developer_game_list;holodeck;metrics_json,2026-07-02T12:14:44Z
no_archived_endpoint_rows_observed,3,Back To Future-The Game,http://www.kongregate.com/games/wabala/back-to-future-the-game,www.kongregate.com/games/wabala/back-to-future-the-game,5,2011-06-05,20,0,9,0,0,0,chat_achievements;chat_js;developer_game_list;holodeck;metrics_json,2026-07-02T12:14:44Z
no_archived_endpoint_rows_observed,3,Chaos Faction 2,http://www.kongregate.com/games/XxXMaleXxX/chaos-faction-2,www.kongregate.com/games/xxxmalexxx/chaos-faction-2,5,2011-06-13,19,0,4,0,0,0,chat_achievements;chat_js;developer_game_list;holodeck;metrics_json,2026-07-02T12:14:44Z
no_archived_endpoint_rows_observed,3,Giraffe Coloring,http://www.kongregate.com/games/petee/giraffe-coloring,www.kongregate.com/games/petee/giraffe-coloring,5,2011-07-10,22,0,7,0,0,0,chat_achievements;chat_js;developer_game_list;holodeck;metrics_json,2026-07-02T12:43:19Z
no_archived_endpoint_rows_observed,3,wolvorin,http://www.kongregate.com/games/medamine14/wolvorin,www.kongregate.com/games/medamine14/wolvorin,5,2011-07-21,16,0,8,0,0,0,chat_achievements;chat_js;holodeck;metrics_json,2026-07-01T23:41:59Z
no_archived_endpoint_rows_observed,3,Electric Man 2Hs,http://www.kongregate.com/games/DXInteractive/electric-man-2hs,www.kongregate.com/games/dxinteractive/electric-man-2hs,5,2011-07-24,22,0,7,0,0,0,chat_achievements;chat_js;developer_game_list;holodeck;metrics_json,2026-07-02T12:43:19Z
no_archived_endpoint_rows_observed,3,REPLAY The Game,http://www.kongregate.com/games/5tea/replay-the-game,www.kongregate.com/games/5tea/replay-the-game,5,2011-08-09,21,0,7,0,0,0,chat_achievements;chat_js;developer_game_list;holodeck;metrics_json,2026-07-02T12:43:19Z
archived_endpoint_hit_no_count,3,Get Ready for the Horse Show,http://www.kongregate.com/games/games2girls/get-ready-for-the-horse-show,www.kongregate.com/games/games2girls/get-ready-for-the-horse-show,5,2014-06-06,48,24,12,0,0,0,chat_achievements;chat_js;developer_game_list;holodeck;metrics_json;recommended_games,2026-07-02T11:14:53Z
archived_endpoint_hit_no_count,3,Click the Squirrel,http://www.kongregate.com/games/HailSatanMeth420/click-the-squirrel,www.kongregate.com/games/hailsatanmeth420/click-the-squirrel,5,2014-07-30,30,3,7,0,0,0,chat_achievements;chat_js;developer_game_list;holodeck;metrics_json;recommended_games,2026-07-02T12:43:19Z
no_archived_endpoint_rows_observed,3,Chat/Read!,http://www.kongregate.com/games/GMBL629/chat-read,www.kongregate.com/games/gmbl629/chat-read,6,2010-10-22,12,0,3,0,0,0,chat_achievements;chat_js;developer_game_list;holodeck;metrics_json,2026-07-02T12:14:44Z
no_archived_endpoint_rows_observed,3,BearBoy and the Cursor,http://www.kongregate.com/games/TecknozThaBezt/bearboy-and-the-cursor,www.kongregate.com/games/tecknozthabezt/bearboy-and-the-cursor,6,2011-04-05,22,0,9,0,0,0,chat_achievements;chat_js;developer_game_list;holodeck;metrics_json,2026-07-02T12:43:19Z
archived_endpoint_hit_no_count,3,Ayla Cook: Picnic Menu,http://www.kongregate.com/games/games2girls/ayla-cook-picnic-menu,www.kongregate.com/games/games2girls/ayla-cook-picnic-menu,6,2011-06-01,40,24,8,0,0,0,chat_achievements;chat_js;developer_game_list;holodeck;metrics_json,2026-07-02T11:14:53Z
no_archived_endpoint_rows_observed,3,Argentina y sus Provin...,http://www.kongregate.com/games/wabala/argentina-y-sus-provincias,www.kongregate.com/games/wabala/argentina-y-sus-provincias,6,2011-06-05,20,0,5,0,0,0,chat_achievements;chat_js;developer_game_list;holodeck;metrics_json,2026-07-02T12:14:44Z
no_archived_endpoint_rows_observed,3,Ultimate doodle man,http://www.kongregate.com/games/KillerExis/ultimate-doodle-man,www.kongregate.com/games/killerexis/ultimate-doodle-man,6,2011-07-21,16,0,2,0,0,0,chat_achievements;chat_js;holodeck;metrics_json,2026-07-01T23:55:25Z
no_archived_endpoint_rows_observed,3,Xiao 4,http://www.kongregate.com/games/5tea/xiao-4,www.kongregate.com/games/5tea/xiao-4,6,2011-08-09,21,0,11,0,0,0,chat_achievements;chat_js;developer_game_list;holodeck;metrics_json,2026-07-02T12:43:19Z
no_archived_endpoint_rows_observed,3,Jjj,http://www.kongregate.com/games/YoYBA/jjj,www.kongregate.com/games/yoyba/jjj,6,2014-04-11,24,0,8,0,0,0,chat_achievements;chat_js;holodeck;metrics_json;recommended_games,2026-07-01T23:55:25Z
no_archived_endpoint_rows_observed,3,super mario crossover,http://www.kongregate.com/games/bulletstorm100/super-mario-crossover,www.kongregate.com/games/bulletstorm100/super-mario-crossover,6,2014-06-06,24,0,7,0,0,0,chat_achievements;chat_js;holodeck;metrics_json;recommended_games,2026-07-01T23:55:25Z
no_archived_endpoint_rows_observed,3,Fruit Game,http://www.kongregate.com/games/romania356/fruit-game,www.kongregate.com/games/romania356/fruit-game,7,2010-11-08,20,0,11,0,0,0,chat_achievements;chat_js;developer_game_list;holodeck;metrics_json,2026-07-02T12:43:19Z
no_archived_endpoint_rows_observed,3,Pizza Truck,http://www.kongregate.com/games/TecknozThaBezt/pizza-truck,www.kongregate.com/games/tecknozthabezt/pizza-truck,7,2011-04-05,22,0,6,0,0,0,chat_achievements;chat_js;developer_game_list;holodeck;metrics_json,2026-07-02T12:43:19Z
no_archived_endpoint_rows_observed,3,The 10 Question Quiz 2!,http://www.kongregate.com/games/womalmonster/the-10-question-quiz-2,www.kongregate.com/games/womalmonster/the-10-question-quiz-2,7,2011-07-17,8,0,0,0,0,0,chat_achievements;chat_js;holodeck;metrics_json,2026-07-02T00:02:05Z
no_archived_endpoint_rows_observed,3,The Game,http://www.kongregate.com/games/5tea/the-game,www.kongregate.com/games/5tea/the-game,7,2011-08-09,21,0,11,0,0,0,chat_achievements;chat_js;developer_game_list;holodeck;metrics_json,2026-07-02T12:43:19Z
no_archived_endpoint_rows_observed,3,Sliding Plate Adventure,http://www.kongregate.com/games/qingfengges/sliding-plate-adventure,www.kongregate.com/games/qingfengges/sliding-plate-adventure,7,2012-11-01,16,0,3,0,0,0,chat_achievements;chat_js;holodeck;metrics_json,2026-07-02T00:09:07Z
no_archived_endpoint_rows_observed,3,Where's My Water Fighting Planes,http://www.kongregate.com/games/writerbianji/wheres-my-water-fighting-planes,www.kongregate.com/games/writerbianji/wheres-my-water-fighting-planes,7,2014-06-13,30,0,10,0,0,0,chat_achievements;chat_js;developer_game_list;holodeck;metrics_json;recommended_games,2026-07-02T12:43:19Z
no_archived_endpoint_rows_observed,3,Dynamite Soccer Online,http://www.kongregate.com/games/solman02/dynamite-soccer-online,www.kongregate.com/games/solman02/dynamite-soccer-online,7,2014-06-27,30,0,13,0,0,0,chat_achievements;chat_js;developer_game_list;holodeck;metrics_json;recommended_games,2026-07-02T12:14:44Z
archived_endpoint_hit_no_count,3,Garage Rush,http://www.kongregate.com/games/games2girls/garage-rush,www.kongregate.com/games/games2girls/garage-rush,7,2014-08-01,48,24,6,0,0,0,chat_achievements;chat_js;developer_game_list;holodeck;metrics_json;recommended_games,2026-07-02T11:14:53Z
no_archived_endpoint_rows_observed,3,"Maze, 2",http://www.kongregate.com/games/ic2000/maze-2,www.kongregate.com/games/ic2000/maze-2,8,2010-11-23,20,0,11,0,0,0,chat_achievements;chat_js;developer_game_list;holodeck;metrics_json,2026-07-02T12:14:44Z
no_archived_endpoint_rows_observed,3,Platform Block Demo,http://www.kongregate.com/games/PickOnSomeone/platform-block-demo,www.kongregate.com/games/pickonsomeone/platform-block-demo,8,2011-03-23,22,0,6,0,0,0,chat_achievements;chat_js;developer_game_list;holodeck;metrics_json,2026-07-02T12:43:19Z
no_archived_endpoint_rows_observed,3,Do Not Press,http://www.kongregate.com/games/fancygamer/do-not-press,www.kongregate.com/games/fancygamer/do-not-press,8,2011-04-05,21,0,10,0,0,0,chat_achievements;chat_js;developer_game_list;holodeck;metrics_json,2026-07-02T12:43:19Z
archived_endpoint_hit_no_count,3,Chain Gun Rex,http://www.kongregate.com/games/mokshal1663/chain-gun-rex,www.kongregate.com/games/mokshal1663/chain-gun-rex,8,2011-05-28,13,2,3,0,0,0,chat_achievements;chat_js;developer_game_list;holodeck;metrics_json,2026-07-02T12:43:19Z
archived_endpoint_hit_no_count,3,Fish Rush,http://www.kongregate.com/games/FkidsPR/fish-rush,www.kongregate.com/games/fkidspr/fish-rush,8,2011-06-29,23,4,9,0,0,0,chat_achievements;chat_js;developer_game_list;holodeck;metrics_json,2026-07-02T12:44:26Z
no_archived_endpoint_rows_observed,3,The Bill Cosby Fun Game,http://www.kongregate.com/games/ctnumber1/the-bill-cosby-fun-game,www.kongregate.com/games/ctnumber1/the-bill-cosby-fun-game,8,2011-07-05,22,0,9,0,0,0,chat_achievements;chat_js;developer_game_list;holodeck;metrics_json,2026-07-02T12:44:26Z
no_archived_endpoint_rows_observed,3,rocks vs gold version 1.4,http://www.kongregate.com/games/rand0mgamez/rocks-vs-gold-version-1-4,www.kongregate.com/games/rand0mgamez/rocks-vs-gold-version-1-4,8,2011-08-13,16,0,2,0,0,0,chat_achievements;chat_js;holodeck;metrics_json,2026-07-02T00:19:29Z
archived_endpoint_hit_no_count,3,Quantum Of Light,http://www.kongregate.com/games/foumart/quantum-of-light,www.kongregate.com/games/foumart/quantum-of-light,8,2014-08-16,30,2,15,0,0,0,chat_achievements;chat_js;developer_game_list;holodeck;metrics_json;recommended_games,2026-07-02T12:44:26Z
archived_endpoint_hit_no_count,3,Robin the Archer in Pixeland,http://www.kongregate.com/games/slixmedia/robin-the-archer-in-pixeland,www.kongregate.com/games/slixmedia/robin-the-archer-in-pixeland,9,2009-10-14,19,3,1,0,0,0,chat_achievements;chat_js;developer_game_list;holodeck;metrics_json,2026-07-02T11:14:53Z
no_archived_endpoint_rows_observed,3,Ninja Quest,http://www.kongregate.com/games/Sigit_Haryo/ninja-quest,www.kongregate.com/games/sigit_haryo/ninja-quest,15,2009-10-14,20,0,10,0,0,0,chat_achievements;chat_js;developer_game_list;holodeck;metrics_json,2026-07-02T12:14:44Z
no_archived_endpoint_rows_observed,,[Future Mode] The Warriors Way 0.2,http://www.kongregate.com/games/JuztnKarlS/future-mode-the-warriors-way-0-2,www.kongregate.com/games/juztnkarls/future-mode-the-warriors-way-0-2,,,2,0,0,0,0,0,metrics_json,2026-07-03T14:14:03Z
archived_endpoint_hit_no_count,,Adam and Eve 2,http://www.kongregate.com/games/fastgames/adam-and-eve-2,www.kongregate.com/games/fastgames/adam-and-eve-2,,,6,6,0,0,0,0,metrics_json,2026-07-03T14:06:00Z
no_archived_endpoint_rows_observed,,Alien Space Blaster 0.1,http://www.kongregate.com/games/TM_HeartGames/alien-space-blaster-0-1,www.kongregate.com/games/tm_heartgames/alien-space-blaster-0-1,,,6,0,0,0,0,0,metrics_json,2026-07-03T12:40:42Z
no_archived_endpoint_rows_observed,,Alien survival Beta 2,http://www.kongregate.com/games/idknewname1/alien-survival-beta-2,www.kongregate.com/games/idknewname1/alien-survival-beta-2,,,2,0,0,0,0,0,metrics_json,2026-07-03T12:51:50Z
no_archived_endpoint_rows_observed,,Aliens Hurry Home 2,http://www.kongregate.com/games/BenGAMEn/aliens-hurry-home-2,www.kongregate.com/games/bengamen/aliens-hurry-home-2,,,9,0,3,0,0,0,metrics_json,2026-07-03T13:08:38Z
no_archived_endpoint_rows_observed,,ASMR Universe(Web),http://www.kongregate.com/games/PoeTesla/asmr-universe-web,www.kongregate.com/games/poetesla/asmr-universe-web,,,6,0,0,0,0,0,metrics_json,2026-07-03T14:14:03Z
recovered_count,,Bad Eggs Online 2,http://www.kongregate.com/games/Rob_Almighty/bad-eggs-online-2,www.kongregate.com/games/rob_almighty/bad-eggs-online-2,,,2,2,0,0,2,2,metrics_json,2026-07-03T12:06:59Z
no_archived_endpoint_rows_observed,,Bakery French Bread,http://www.kongregate.com/games/IanStokes/bakery-french-bread,www.kongregate.com/games/ianstokes/bakery-french-bread,,,2,0,0,0,0,0,metrics_json,2026-07-03T12:30:15Z
recovered_count,,Battle Of Heroes,http://www.kongregate.com/games/Andrew_Nyers/battle-of-heroes,www.kongregate.com/games/andrew_nyers/battle-of-heroes,,,1,1,0,0,1,1,metrics_json,2026-07-03T10:57:30Z
recovered_count,,Bit Heroes,https://www.kongregate.com/games/Juppiomenz/bit-heroes,www.kongregate.com/games/juppiomenz/bit-heroes,,,2,2,0,0,1,1,metrics_json,2026-07-03T11:12:23Z
recovered_count,,Blockade3D,https://www.kongregate.com/games/blockadeboss/blockade3d,www.kongregate.com/games/blockadeboss/blockade3d,,,2,2,0,0,2,2,metrics_json,2026-07-03T11:12:23Z
recovered_count,,Bloons Monkey City,https://www.kongregate.com/games/Ninjakiwi/bloons-monkey-city,www.kongregate.com/games/ninjakiwi/bloons-monkey-city,,,27,17,7,0,2,2,developer_game_list;metrics_json,2026-07-03T11:32:29Z
no_archived_endpoint_rows_observed,,Boxing Random,https://www.kongregate.com/games/rhminteractive/boxing-random,www.kongregate.com/games/rhminteractive/boxing-random,,,1,0,0,0,0,0,metrics_json,2026-07-03T12:06:59Z
no_archived_endpoint_rows_observed,,Brakeless Trials Game 2014,http://www.kongregate.com/games/lpunderground1/brakeless-trials-game-2014,www.kongregate.com/games/lpunderground1/brakeless-trials-game-2014,,,8,0,2,0,0,0,chat_achievements;chat_js;holodeck;metrics_json,2026-07-03T12:17:33Z
no_archived_endpoint_rows_observed,,calculator,http://www.kongregate.com/games/asaber33/calculator,www.kongregate.com/games/asaber33/calculator,,,2,0,0,0,0,0,metrics_json,2026-07-03T14:23:58Z
no_archived_endpoint_rows_observed,,Captain Reverso,http://www.kongregate.com/games/PaulHTML5/captain-reverso,www.kongregate.com/games/paulhtml5/captain-reverso,,,4,0,0,0,0,0,metrics_json,2026-07-03T13:31:19Z
no_archived_endpoint_rows_observed,,Clash of the Races 5,http://www.kongregate.com/games/thegames8dotcom/clash-of-the-races-5,www.kongregate.com/games/thegames8dotcom/clash-of-the-races-5,,,6,0,0,0,0,0,metrics_json,2026-07-03T12:51:50Z
no_archived_endpoint_rows_observed,,Classical Snake,http://www.kongregate.com/games/bilinmexx/classical-snake,www.kongregate.com/games/bilinmexx/classical-snake,,,6,0,0,0,0,0,chat_achievements;chat_js;holodeck;metrics_json,2026-07-03T12:15:09Z
no_archived_endpoint_rows_observed,,Clear Vision Elite,http://www.kongregate.com/games/dpflashes/clear-vision-elite,www.kongregate.com/games/dpflashes/clear-vision-elite,,,16,0,7,0,0,0,chat_achievements;chat_js;holodeck;metrics_json,2026-07-01T23:00:55Z
no_archived_endpoint_rows_observed,,Cool battle,http://www.kongregate.com/games/inventor_123/cool-battle,www.kongregate.com/games/inventor_123/cool-battle,,,4,0,2,0,0,0,metrics_json,2026-07-03T12:41:45Z
recovered_count,,Cosmos Quest,https://www.kongregate.com/games/GaiaByte/cosmos-quest,www.kongregate.com/games/gaiabyte/cosmos-quest,,,26,14,9,0,2,2,developer_game_list;metrics_json,2026-07-03T11:55:23Z
recovered_count,,Crazy Zombie v2.0 Crossing Hero,http://www.kongregate.com/games/game4joy/crazy-zombie-v2-0-crossing-hero,www.kongregate.com/games/game4joy/crazy-zombie-v2-0-crossing-hero,,,50,28,7,0,3,1,chat_achievements;chat_js;developer_game_list;holodeck;metrics_json;recommended_games,2026-07-02T11:29:00Z
recovered_count,,Crusaders of the Lost Idols,https://www.kongregate.com/games/Codename_Enter/crusaders-of-the-lost-idols,www.kongregate.com/games/codename_enter/crusaders-of-the-lost-idols,,,26,17,9,1,2,2,developer_game_list;metrics_json,2026-07-03T11:32:29Z
no_archived_endpoint_rows_observed,,DanTDM Runner,http://www.kongregate.com/games/MichaelUP/dantdm-runner,www.kongregate.com/games/michaelup/dantdm-runner,,,2,0,0,0,0,0,metrics_json,2026-07-03T12:51:50Z
no_archived_endpoint_rows_observed,,Dark Scary House Escape,http://www.kongregate.com/games/yolkgamez/dark-scary-house-escape,www.kongregate.com/games/yolkgamez/dark-scary-house-escape,,,6,0,1,0,0,0,metrics_json,2026-07-03T13:31:19Z
recovered_count,,Desert Bus 3D,http://www.kongregate.com/games/firkinstudios/desert-bus-3d,www.kongregate.com/games/firkinstudios/desert-bus-3d,,,12,12,0,0,12,6,metrics_json,2026-07-03T14:38:33Z
no_archived_endpoint_rows_observed,,Digimon Pyramid Adventure,http://www.kongregate.com/games/qywlgame/digimon-pyramid-adventure,www.kongregate.com/games/qywlgame/digimon-pyramid-adventure,,,2,0,0,0,0,0,metrics_json,2026-07-03T13:06:21Z
recovered_count,,Dino Storm,https://www.kongregate.com/games/SplitscreenGames/dino-storm,www.kongregate.com/games/splitscreengames/dino-storm,,,2,2,0,0,2,2,metrics_json,2026-07-03T12:06:59Z
no_archived_endpoint_rows_observed,,Discover,http://www.kongregate.com/games/N_DEVELOPER/discover,www.kongregate.com/games/n_developer/discover,,,1,0,0,0,0,0,metrics_json,2026-07-03T10:57:30Z
no_archived_endpoint_rows_observed,,Energy Bay,http://www.kongregate.com/games/IDnetGames/energy-bay,www.kongregate.com/games/idnetgames/energy-bay,,,6,0,0,0,0,0,metrics_json,2026-07-03T14:14:03Z
recovered_count,,Escape Game - Computer Office Escape,https://www.kongregate.com/games/masasgames/escape-game-computer-office-escape,www.kongregate.com/games/masasgames/escape-game-computer-office-escape,,,2,2,0,0,2,2,metrics_json,2026-07-03T11:12:23Z
no_archived_endpoint_rows_observed,,Escape to Home,http://www.kongregate.com/games/Rarkahan/escape-to-home,www.kongregate.com/games/rarkahan/escape-to-home,,,2,0,0,0,0,0,metrics_json,2026-07-03T12:51:50Z
recovered_count,,Evo Explores,https://www.kongregate.com/games/tobeglad/evo-explores,www.kongregate.com/games/tobeglad/evo-explores,,,2,2,0,0,1,1,metrics_json,2026-07-03T11:55:23Z
no_archived_endpoint_rows_observed,,Evolve,http://www.kongregate.com/games/MohtashamS/evolve,www.kongregate.com/games/mohtashams/evolve,,,11,0,5,0,0,0,chat_achievements;chat_js;holodeck;metrics_json,2026-07-03T12:17:33Z
recovered_count,,Faraway: Puzzle Escape,http://www.kongregate.com/games/Mousecity_Apps/faraway-puzzle-escape,www.kongregate.com/games/mousecity_apps/faraway-puzzle-escape,,,10,8,2,0,4,3,metrics_json,2026-07-03T14:23:58Z
recovered_count,,Fashion Expert,http://www.kongregate.com/games/games2girls/fashion-expert,www.kongregate.com/games/games2girls/fashion-expert,,,40,24,6,0,9,3,chat_achievements;chat_js;developer_game_list;holodeck;metrics_json,2026-07-02T11:14:53Z
recovered_count,,Fleeing the Complex,https://www.kongregate.com/games/Puffballs_United/fleeing-the-complex,www.kongregate.com/games/puffballs_united/fleeing-the-complex,,,3,2,1,0,2,2,metrics_json,2026-07-03T11:13:32Z
no_archived_endpoint_rows_observed,,Footie Fight,https://www.kongregate.com/games/oogzyent/footie-fight,www.kongregate.com/games/oogzyent/footie-fight,,,13,0,1,0,0,0,metrics_json,2026-07-03T09:46:45Z
no_archived_endpoint_rows_observed,,Freeze Tag,http://www.kongregate.com/games/codenforjesus/freeze-tag,www.kongregate.com/games/codenforjesus/freeze-tag,,,2,0,0,0,0,0,metrics_json,2026-07-03T12:30:15Z
archived_endpoint_hit_no_count,,Game of Thrones Ascent,http://www.kongregate.com/games/DisruptorBeam/game-of-thrones-ascent,www.kongregate.com/games/disruptorbeam/game-of-thrones-ascent,,,1,1,0,0,0,0,metrics_json,2026-07-03T12:06:59Z
no_archived_endpoint_rows_observed,,Geoshape beta,http://www.kongregate.com/games/anarchiamgames/geoshape-beta,www.kongregate.com/games/anarchiamgames/geoshape-beta,,,2,0,0,0,0,0,metrics_json,2026-07-03T12:51:50Z
no_archived_endpoint_rows_observed,,Good Apprentice Pelo 2021,http://www.kongregate.com/games/stewardhklarlove/good-apprentice-pelo-2021,www.kongregate.com/games/stewardhklarlove/good-apprentice-pelo-2021,,,2,0,0,0,0,0,metrics_json,2026-07-03T14:38:33Z
no_archived_endpoint_rows_observed,,Halloween Spooky Motocross,http://www.kongregate.com/games/vitalitygames/halloween-spooky-motocross,www.kongregate.com/games/vitalitygames/halloween-spooky-motocross,,,2,0,0,0,0,0,metrics_json,2026-07-03T14:14:03Z
recovered_count,,How to make an MMORPG,http://www.kongregate.com/games/PaperCup/how-to-make-an-mmorpg,www.kongregate.com/games/papercup/how-to-make-an-mmorpg,,,43,27,4,0,3,1,chat_achievements;chat_js;developer_game_list;holodeck;metrics_json,2026-07-02T11:12:38Z
no_archived_endpoint_rows_observed,,Hurdle Jump,http://www.kongregate.com/games/gamer70008000/hurdle-jump,www.kongregate.com/games/gamer70008000/hurdle-jump,,,6,0,0,0,0,0,metrics_json,2026-07-03T13:41:51Z
recovered_count,,Idle Spinner,http://www.kongregate.com/games/RufusGuy/idle-spinner,www.kongregate.com/games/rufusguy/idle-spinner,,,2,2,0,0,2,1,metrics_json,2026-07-03T14:23:58Z
recovered_count,,Incremancer,https://www.kongregate.com/games/JamesG466/incremancer,www.kongregate.com/games/jamesg466/incremancer,,,3,2,1,0,2,2,metrics_json,2026-07-03T11:13:32Z
recovered_count,,Jellydad Hero,http://www.kongregate.com/games/PITon_/jellydad-hero,www.kongregate.com/games/piton_/jellydad-hero,,,1,1,0,0,1,1,metrics_json,2026-07-03T11:45:03Z
no_archived_endpoint_rows_observed,,Journey through Wind and Fire I,http://www.kongregate.com/games/FBMGames/journey-through-wind-and-fire-i,www.kongregate.com/games/fbmgames/journey-through-wind-and-fire-i,,,2,0,0,0,0,0,metrics_json,2026-07-03T13:06:21Z
recovered_count,,KingsRoad,http://www.kongregate.com/games/RumbleGames/kingsroad,www.kongregate.com/games/rumblegames/kingsroad,,,19,7,9,1,1,1,developer_game_list;metrics_json,2026-07-03T11:55:23Z
no_archived_endpoint_rows_observed,,Little Bitty Byte,http://www.kongregate.com/games/PartyBug/little-bitty-byte,www.kongregate.com/games/partybug/little-bitty-byte,,,2,0,0,0,0,0,metrics_json,2026-07-03T14:38:33Z
no_archived_endpoint_rows_observed,,Make It Fly 2.0,http://www.kongregate.com/games/gigaXD/make-it-fly-2-0,www.kongregate.com/games/gigaxd/make-it-fly-2-0,,,4,0,0,0,0,0,metrics_json,2026-07-03T13:41:51Z
no_archived_endpoint_rows_observed,,Making a Batch File,http://www.kongregate.com/games/rhittzer/making-a-batch-file,www.kongregate.com/games/rhittzer/making-a-batch-file,,,2,0,0,0,0,0,metrics_json,2026-07-03T14:23:58Z
no_archived_endpoint_rows_observed,,March,http://www.kongregate.com/games/UncleBig2D/march,www.kongregate.com/games/unclebig2d/march,,,6,0,0,0,0,0,metrics_json,2026-07-03T12:30:15Z
no_archived_endpoint_rows_observed,,Mecha Galaxy,https://www.kongregate.com/games/VictoryAwaits/mecha-galaxy,www.kongregate.com/games/victoryawaits/mecha-galaxy,,,1,0,0,0,0,0,metrics_json,2026-07-03T12:06:59Z
recovered_count,,Medieval Chronicles 4,https://www.kongregate.com/games/VasantJ/medieval-chronicles-4,www.kongregate.com/games/vasantj/medieval-chronicles-4,,,2,2,0,0,2,2,metrics_json,2026-07-03T11:55:23Z
recovered_count,,Medieval Chronicles 7,https://www.kongregate.com/games/VasantJ/medieval-chronicles-7,www.kongregate.com/games/vasantj/medieval-chronicles-7,,,2,2,0,0,2,2,metrics_json,2026-07-03T11:55:23Z
archived_endpoint_hit_no_count,,Medieval Chronicles 8 (Part 2),https://www.kongregate.com/games/VasantJ/medieval-chronicles-8-part-2,www.kongregate.com/games/vasantj/medieval-chronicles-8-part-2,,,2,2,0,0,0,0,metrics_json,2026-07-03T12:00:58Z
recovered_count,,Medieval Chronicles 9,https://www.kongregate.com/games/VasantJ/medieval-chronicles-9,www.kongregate.com/games/vasantj/medieval-chronicles-9,,,2,2,0,0,2,2,metrics_json,2026-07-03T12:06:59Z
recovered_count,,Medieval Chronicles 9 (Part 2),https://www.kongregate.com/games/VasantJ/medieval-chronicles-9-part-2,www.kongregate.com/games/vasantj/medieval-chronicles-9-part-2,,,4,4,0,0,4,2,metrics_json,2026-07-03T12:06:59Z
recovered_count,,Medieval Cop - Dregg Me To Hell,http://www.kongregate.com/games/VasantJ/medieval-cop-dregg-me-to-hell,www.kongregate.com/games/vasantj/medieval-cop-dregg-me-to-hell,,,3,2,1,0,2,2,metrics_json,2026-07-03T12:08:19Z
recovered_count,,Medieval Cop 8 -DeathWish- (Part 3),http://www.kongregate.com/games/VasantJ/medieval-cop-8-deathwish-part-3,www.kongregate.com/games/vasantj/medieval-cop-8-deathwish-part-3,,,2,2,0,0,2,2,metrics_json,2026-07-03T12:00:58Z
recovered_count,,Medieval Cop 9 -Song & Silence- (Part 1),https://www.kongregate.com/games/VasantJ/medieval-cop-9-song-silence-part-1,www.kongregate.com/games/vasantj/medieval-cop-9-song-silence-part-1,,,2,2,0,0,2,2,metrics_json,2026-07-03T12:00:58Z
no_archived_endpoint_rows_observed,,Melon Madness,http://www.kongregate.com/games/WalrusSlayer44/melon-madness,www.kongregate.com/games/walrusslayer44/melon-madness,,,6,0,0,0,0,0,metrics_json,2026-07-03T14:06:00Z
recovered_count,,Miscrits,http://www.kongregate.com/games/BrokenBulb/miscrits,www.kongregate.com/games/brokenbulb/miscrits,,,1,1,0,0,1,1,metrics_json,2026-07-03T11:55:23Z
recovered_count,,Monster Love,http://www.kongregate.com/games/esthetix/monster-love,www.kongregate.com/games/esthetix/monster-love,,,6,6,0,0,6,3,metrics_json,2026-07-03T12:51:50Z
no_archived_endpoint_rows_observed,,Monster War Zone 3,http://www.kongregate.com/games/monsterplay999/monster-war-zone-3,www.kongregate.com/games/monsterplay999/monster-war-zone-3,,,4,0,0,0,0,0,metrics_json,2026-07-03T12:40:42Z
recovered_count,,Mu Complex : Episode One,http://www.kongregate.com/games/StudioCime/mu-complex-episode-one,www.kongregate.com/games/studiocime/mu-complex-episode-one,,,20,8,9,1,1,1,developer_game_list;metrics_json,2026-07-03T11:32:29Z
recovered_count,,Mu Complex : Episode Two,http://www.kongregate.com/games/StudioCime/mu-complex-episode-two,www.kongregate.com/games/studiocime/mu-complex-episode-two,,,1,1,0,0,1,1,metrics_json,2026-07-03T11:06:54Z
no_archived_endpoint_rows_observed,,N Step Steve: Part 1,https://www.kongregate.com/games/EPGstudios/n-step-steve-part-1,www.kongregate.com/games/epgstudios/n-step-steve-part-1,,,1,0,0,0,0,0,metrics_json,2026-07-03T12:00:58Z
no_archived_endpoint_rows_observed,,Nature Hidden Objects,http://www.kongregate.com/games/Kooxpi/nature-hidden-objects,www.kongregate.com/games/kooxpi/nature-hidden-objects,,,8,0,0,0,0,0,metrics_json,2026-07-03T13:57:22Z
no_archived_endpoint_rows_observed,,New Traffic Jam City,http://www.kongregate.com/games/vitalitygames/new-traffic-jam-city,www.kongregate.com/games/vitalitygames/new-traffic-jam-city,,,2,0,0,0,0,0,metrics_json,2026-07-03T12:51:50Z
no_archived_endpoint_rows_observed,,OrangeLandia,http://www.kongregate.com/games/manogyaacharya/orangelandia,www.kongregate.com/games/manogyaacharya/orangelandia,,,2,0,0,0,0,0,metrics_json,2026-07-03T13:23:07Z
recovered_count,,Realm Grinder,https://www.kongregate.com/games/DivineGames/realm-grinder,www.kongregate.com/games/divinegames/realm-grinder,,,2,2,0,0,2,2,metrics_json,2026-07-03T11:12:23Z
no_archived_endpoint_rows_observed,,Retro Shuriken,http://www.kongregate.com/games/minininja956/retro-shuriken,www.kongregate.com/games/minininja956/retro-shuriken,,,2,0,0,0,0,0,metrics_json,2026-07-03T14:06:00Z
no_archived_endpoint_rows_observed,,Robo Jump,http://www.kongregate.com/games/paulp_ws/robo-jump,www.kongregate.com/games/paulp_ws/robo-jump,,,4,0,0,0,0,0,metrics_json,2026-07-03T12:40:42Z
recovered_count,,Robo Racing,http://www.kongregate.com/games/smokoko/robo-racing,www.kongregate.com/games/smokoko/robo-racing,,,1,1,0,0,1,1,metrics_json,2026-07-03T11:06:54Z
no_archived_endpoint_rows_observed,,Robo-Jump,http://www.kongregate.com/games/gr33ngunner007/robo-jump,www.kongregate.com/games/gr33ngunner007/robo-jump,,,9,0,3,0,0,0,chat_achievements;chat_js;holodeck;metrics_json,2026-07-03T12:17:33Z
no_archived_endpoint_rows_observed,,Roller Ball Plat,http://www.kongregate.com/games/Cyberdrax/roller-ball-plat,www.kongregate.com/games/cyberdrax/roller-ball-plat,,,6,0,0,0,0,0,metrics_json,2026-07-03T13:06:21Z
recovered_count,,Shadow Adventure,http://www.kongregate.com/games/keybol/shadow-adventure,www.kongregate.com/games/keybol/shadow-adventure,,,11,10,1,0,10,6,metrics_json,2026-07-03T14:23:58Z
no_archived_endpoint_rows_observed,,shieldshooting,http://www.kongregate.com/games/youugames/shieldshooting,www.kongregate.com/games/youugames/shieldshooting,,,2,0,0,0,0,0,metrics_json,2026-07-03T12:30:15Z
no_archived_endpoint_rows_observed,,Shooter Jet Crystal,http://www.kongregate.com/games/BrenetComics/shooter-jet-crystal,www.kongregate.com/games/brenetcomics/shooter-jet-crystal,,,2,0,0,0,0,0,metrics_json,2026-07-03T12:30:15Z
no_archived_endpoint_rows_observed,,Sift Heads World Act 5 - An Exotic Job,https://www.kongregate.com/games/WebCypher/sift-heads-world-act-5-an-exotic-job,www.kongregate.com/games/webcypher/sift-heads-world-act-5-an-exotic-job,,,2,0,1,0,0,0,metrics_json,2026-07-03T12:08:19Z
no_archived_endpoint_rows_observed,,Simple factory idle game,http://www.kongregate.com/games/jopimpas/simple-factory-idle-game,www.kongregate.com/games/jopimpas/simple-factory-idle-game,,,2,0,0,0,0,0,metrics_json,2026-07-03T14:14:03Z
no_archived_endpoint_rows_observed,,Soul Shadows,http://www.kongregate.com/games/minininja956/soul-shadows,www.kongregate.com/games/minininja956/soul-shadows,,,2,0,0,0,0,0,metrics_json,2026-07-03T14:06:00Z
no_archived_endpoint_rows_observed,,Space Hero,http://www.kongregate.com/games/george2222teodor/space-hero,www.kongregate.com/games/george2222teodor/space-hero,,,4,0,0,0,0,0,metrics_json,2026-07-03T13:57:22Z
no_archived_endpoint_rows_observed,,Spell Sorter,http://www.kongregate.com/games/314owen/spell-sorter,www.kongregate.com/games/314owen/spell-sorter,,,6,0,0,0,0,0,metrics_json,2026-07-03T13:57:22Z
recovered_count,,Sports Heads: Football Championship,https://www.kongregate.com/games/Mousebreaker/sports-heads-football-championship,www.kongregate.com/games/mousebreaker/sports-heads-football-championship,,,1,1,0,0,1,1,metrics_json,2026-07-03T11:55:23Z
no_archived_endpoint_rows_observed,,Square Jump: Revision of the Icy Tower,http://www.kongregate.com/games/marek123061/square-jump-revision-of-the-icy-tower,www.kongregate.com/games/marek123061/square-jump-revision-of-the-icy-tower,,,2,0,0,0,0,0,metrics_json,2026-07-03T14:06:00Z
recovered_count,,Super Hot,http://www.kongregate.com/games/Bunny_Engel/super-hot,www.kongregate.com/games/bunny_engel/super-hot,,,1,1,0,0,1,1,metrics_json,2026-07-03T12:06:59Z
recovered_count,,SuperBall Idle,http://www.kongregate.com/games/joao8991/superball-idle,www.kongregate.com/games/joao8991/superball-idle,,,1,0,0,0,0,1,metrics_json,2026-07-03T11:55:23Z
recovered_count,,Superfighters,https://www.kongregate.com/games/TRBW001/superfighters,www.kongregate.com/games/trbw001/superfighters,,,1,1,0,0,1,1,metrics_json,2026-07-03T12:06:59Z
recovered_count,,Supermechs,http://www.kongregate.com/games/Tacticsoft/supermechs,www.kongregate.com/games/tacticsoft/supermechs,,,23,20,0,0,2,2,developer_game_list;metrics_json,2026-07-03T11:25:26Z
recovered_count,,Supervivencia en la Selva,http://www.kongregate.com/games/adry_fab/supervivencia-en-la-selva,www.kongregate.com/games/adry_fab/supervivencia-en-la-selva,,,2,2,0,0,2,1,metrics_json,2026-07-03T14:38:33Z
recovered_count,,Swarm Simulator,https://www.kongregate.com/games/swarmsim/swarm-simulator,www.kongregate.com/games/swarmsim/swarm-simulator,,,2,2,0,0,2,2,metrics_json,2026-07-03T11:06:54Z
recovered_count,,Swords and Souls,https://www.kongregate.com/games/SoulGame/swords-and-souls,www.kongregate.com/games/soulgame/swords-and-souls,,,2,2,0,0,1,1,metrics_json,2026-07-03T11:06:54Z
no_archived_endpoint_rows_observed,,The Adventures of Bit and Ravh,http://www.kongregate.com/games/gillenew/the-adventures-of-bit-and-ravh,www.kongregate.com/games/gillenew/the-adventures-of-bit-and-ravh,,,8,0,2,0,0,0,chat_achievements;chat_js;holodeck;metrics_json,2026-07-03T12:17:33Z
recovered_count,,The Enchanted Cave 2,http://www.kongregate.com/games/DustinAux/the-enchanted-cave-2,www.kongregate.com/games/dustinaux/the-enchanted-cave-2,,,26,17,9,1,2,2,developer_game_list;metrics_json,2026-07-03T11:32:29Z
no_archived_endpoint_rows_observed,,The Gates of Heaven,http://www.kongregate.com/games/EmperorMason/the-gates-of-heaven,www.kongregate.com/games/emperormason/the-gates-of-heaven,,,11,0,5,0,0,0,chat_achievements;chat_js;holodeck;metrics_json,2026-07-03T12:17:33Z
recovered_count,,The Very Organized Thief,http://www.kongregate.com/games/arcan3artist/the-very-organized-thief,www.kongregate.com/games/arcan3artist/the-very-organized-thief,,,2,2,0,0,1,1,metrics_json,2026-07-03T12:00:58Z
no_archived_endpoint_rows_observed,,The world most bugged game,http://www.kongregate.com/games/ErnaniR/the-world-most-bugged-game,www.kongregate.com/games/ernanir/the-world-most-bugged-game,,,6,0,0,0,0,0,chat_achievements;chat_js;holodeck;metrics_json,2026-07-03T12:15:09Z
recovered_count,,There is no game,https://www.kongregate.com/games/KaMiZoTo_Creator/there-is-no-game,www.kongregate.com/games/kamizoto_creator/there-is-no-game,,,33,20,10,0,2,2,developer_game_list;metrics_json,2026-07-03T11:26:56Z
no_archived_endpoint_rows_observed,,Trader of Stories - Chapter 3,https://www.kongregate.com/games/mrudi/trader-of-stories-chapter-3,www.kongregate.com/games/mrudi/trader-of-stories-chapter-3,,,2,0,1,0,0,0,metrics_json,2026-07-03T12:08:19Z
no_archived_endpoint_rows_observed,,Tricoloma Home,http://www.kongregate.com/games/Enagamess/tricoloma-home,www.kongregate.com/games/enagamess/tricoloma-home,,,2,0,0,0,0,0,metrics_json,2026-07-03T14:23:58Z
recovered_count,,Trimps,https://www.kongregate.com/games/GreenSatellite/trimps,www.kongregate.com/games/greensatellite/trimps,,,2,2,0,0,2,2,metrics_json,2026-07-03T11:12:23Z
no_archived_endpoint_rows_observed,,Trimps Preview,http://www.kongregate.com/games/GreenSatellite/trimps-preview,www.kongregate.com/games/greensatellite/trimps-preview,,,2,0,1,0,0,0,metrics_json,2026-07-03T11:13:32Z
no_archived_endpoint_rows_observed,,uJet - Jetpack Controller Demonstration,http://www.kongregate.com/games/Vel_1828/ujet-jetpack-controller-demonstration,www.kongregate.com/games/vel_1828/ujet-jetpack-controller-demonstration,,,9,0,4,0,0,0,metrics_json,2026-07-03T12:41:45Z
no_archived_endpoint_rows_observed,,Umbrella Revolution,http://www.kongregate.com/games/dingjun/umbrella-revolution,www.kongregate.com/games/dingjun/umbrella-revolution,,,4,0,0,0,0,0,metrics_json,2026-07-03T12:30:15Z
no_archived_endpoint_rows_observed,,Unlock prototype,http://www.kongregate.com/games/zeeshahmad/unlock-prototype,www.kongregate.com/games/zeeshahmad/unlock-prototype,,,6,0,0,0,0,0,metrics_json,2026-07-03T13:57:22Z
recovered_count,,Unpuzzle,https://www.kongregate.com/games/KekGames/unpuzzle,www.kongregate.com/games/kekgames/unpuzzle,,,2,2,0,0,2,2,metrics_json,2026-07-03T12:00:58Z
recovered_count,,Unpuzzle 2,https://www.kongregate.com/games/KekGames/unpuzzle-2,www.kongregate.com/games/kekgames/unpuzzle-2,,,4,4,0,0,4,2,metrics_json,2026-07-03T12:00:58Z
recovered_count,,UnpuzzleR,https://www.kongregate.com/games/KekGames/unpuzzler,www.kongregate.com/games/kekgames/unpuzzler,,,2,2,0,0,2,2,metrics_json,2026-07-03T12:00:58Z
recovered_count,,UnpuzzleX,https://www.kongregate.com/games/KekGames/unpuzzlex,www.kongregate.com/games/kekgames/unpuzzlex,,,2,2,0,0,2,2,metrics_json,2026-07-03T12:06:59Z
recovered_count,,What's inside the box?,http://www.kongregate.com/games/bontegames/whats-inside-the-box,www.kongregate.com/games/bontegames/whats-inside-the-box,,,12,12,0,0,12,6,metrics_json,2026-07-03T13:41:51Z
no_archived_endpoint_rows_observed,,Wheelie Legend,http://www.kongregate.com/games/colburt187/wheelie-legend,www.kongregate.com/games/colburt187/wheelie-legend,,,6,0,0,0,0,0,chat_achievements;chat_js;holodeck;metrics_json,2026-07-03T12:15:09Z
