canonical_game_key,game_name,developer,game_url,best_rank,top_n_appearances,first_observed_date,likely_added_date,observed_categories,primary_genre,genre_tags,genre_confidence,engagement_tags,engagement_confidence,social_platform_status,social_platform_confidence,social_platform_signals,developer_group_key,developer_catalog_game_count,series_group_key,series_catalog_game_count,classification_confidence,classification_signals,review_status,taxonomy_version
www.kongregate.com/games/ironhidegames/kingdom-rush,Kingdom Rush,Ironhidegames,http://www.kongregate.com/games/Ironhidegames/kingdom-rush,1,1336,2011-12-24,2011-12-23,tower-defense; strategy; adventure; strategy-defense,tower_defense,adventure; strategy; tower_defense,high_observed_category,,none,not_assessed,none,,ironhidegames,2,,0,high,observed_category:tower_defense,ready,1.0.0
www.kongregate.com/games/ninjakiwi/bloons-td-5,Bloons TD 5,Ninjakiwi,http://www.kongregate.com/games/Ninjakiwi/bloons-td-5,1,1280,2012-08-25,2012-08-22,tower-defense; strategy; strategy-defense,tower_defense,strategy; tower_defense,high_observed_category,,none,not_assessed,none,,ninjakiwi,11,,0,high,observed_category:tower_defense,ready,1.0.0
www.kongregate.com/games/light_bringer777/learn-to-fly-2,Learn to Fly 2,light_bringer777,http://www.kongregate.com/games/light_bringer777/learn-to-fly-2,1,1176,2011-06-18,2011-06-16,strategy; sports-racing,sports_racing,sports_racing; strategy,high_observed_category,,none,not_assessed,none,,light-bringer777,4,light-bringer777:learn-to-fly,3,high,observed_category:sports_racing; same_developer_series_stem,ready,1.0.0
www.kongregate.com/games/ninjakiwi/sas-zombie-assault-4,SAS: Zombie Assault 4,Ninjakiwi,http://www.kongregate.com/games/Ninjakiwi/sas-zombie-assault-4,1,1082,2014-08-15,2014-08-15,shooter,shooter,shooter,high_observed_category,,none,not_assessed,none,,ninjakiwi,11,ninjakiwi:sas-zombie-assault,2,high,observed_category:shooter; same_developer_series_stem,ready,1.0.0
www.kongregate.com/games/0rava/mutilate-a-doll-2,Mutilate-a-Doll 2,0rava,http://www.kongregate.com/games/0rava/mutilate-a-doll-2,1,968,2014-12-17,2014-12-17,more,other,other,high_observed_category,,none,not_assessed,none,,0rava,3,0rava:mutilate-a-doll,2,high,observed_category:other; same_developer_series_stem,ready,1.0.0
www.kongregate.com/games/dustinaux/the-enchanted-cave-2,The Enchanted Cave 2,DustinAux,http://www.kongregate.com/games/DustinAux/the-enchanted-cave-2,1,949,2015-02-07,2015-02-07,adventure; adventure-rpg,role_playing,adventure; role_playing,high_observed_category,,none,not_assessed,none,,dustinaux,2,dustinaux:the-enchanted-cave,2,high,observed_category:role_playing; same_developer_series_stem,ready,1.0.0
www.kongregate.com/games/soulgame/swords-and-souls,Swords and Souls,SoulGame,https://www.kongregate.com/games/SoulGame/swords-and-souls,1,904,2015-10-29,2015-10-29,adventure-rpg,role_playing,role_playing,high_observed_category,,none,not_assessed,none,,soulgame,2,,0,high,observed_category:role_playing,ready,1.0.0
www.kongregate.com/games/juppiomenz/bit-heroes,Bit Heroes,Juppiomenz,https://www.kongregate.com/games/Juppiomenz/bit-heroes,1,608,2017-02-15,2016-08-04,adventure-rpg; mmo,role_playing,role_playing,high_observed_category,massively_multiplayer,high_observed_category,not_assessed,none,,juppiomenz,1,,0,high,observed_category:role_playing; observed_category:mmo,ready,1.0.0
www.kongregate.com/games/somethingggg/ngu-idle,NGU IDLE,somethingggg,https://www.kongregate.com/games/somethingggg/ngu-idle,1,598,2018-05-04,2017-10-31,idle; adventure,idle_incremental,adventure; idle_incremental,high_observed_category,idle_progression,high_observed_category,not_assessed,none,,somethingggg,1,,0,high,observed_category:idle_incremental; observed_category:idle,ready,1.0.0
www.kongregate.com/games/kurechii/the-kings-league-odyssey,The King's League: Odyssey,kurechii,http://www.kongregate.com/games/kurechii/the-kings-league-odyssey,1,582,2013-05-10,2013-04-01,strategy; strategy-defense,strategy,strategy,high_observed_category,,none,not_assessed,none,,kurechii,1,,0,high,observed_category:strategy,ready,1.0.0
www.kongregate.com/games/kupo707/epic-battle-fantasy-4,Epic Battle Fantasy 4,kupo707,http://www.kongregate.com/games/kupo707/epic-battle-fantasy-4,1,526,2013-03-07,2013-03-07,adventure; strategy; adventure-rpg,role_playing,adventure; role_playing; strategy,high_observed_category,,none,not_assessed,none,,kupo707,6,kupo707:epic-battle-fantasy,3,high,observed_category:role_playing; same_developer_series_stem,ready,1.0.0
www.kongregate.com/games/freerangegames/freefall-tournament,Freefall Tournament,freerangegames,http://www.kongregate.com/games/freerangegames/freefall-tournament,1,522,2012-06-15,2012-04-24,shooter,shooter,shooter,high_observed_category,,none,not_assessed,none,,freerangegames,1,,0,high,observed_category:shooter,ready,1.0.0
www.kongregate.com/games/tfender/contract-wars,Contract Wars,tfender,http://www.kongregate.com/games/tfender/contract-wars,1,470,2013-07-24,2013-07-24,shooter,shooter,shooter,high_observed_category,,none,not_assessed,none,,tfender,1,,0,high,observed_category:shooter,ready,1.0.0
www.kongregate.com/games/iriysoft/cursed-treasure-dont-touch-my-gems,Cursed Treasure: Don't...,IriySoft,http://www.kongregate.com/games/IriySoft/cursed-treasure-dont-touch-my-gems,1,464,2010-06-20,2010-05-06,tower-defense; strategy; strategy-defense,tower_defense,strategy; tower_defense,high_observed_category,,none,not_assessed,none,,iriysoft,7,,0,high,observed_category:tower_defense,ready,1.0.0
www.kongregate.com/games/gameinabottle/gemcraft,GemCraft,gameinabottle,http://www.kongregate.com/games/gameinabottle/gemcraft,1,428,2008-08-20,2008-06-26,tower-defense; strategy; adventure,tower_defense,adventure; strategy; tower_defense,high_observed_category,,none,not_assessed,none,,gameinabottle,5,,0,high,observed_category:tower_defense,ready,1.0.0
www.kongregate.com/games/kekgames/unpuzzlex,UnpuzzleX,KekGames,https://www.kongregate.com/games/KekGames/unpuzzlex,1,411,2020-06-20,2020-06-10,puzzle,puzzle,puzzle,high_observed_category,,none,not_assessed,none,,kekgames,6,,0,high,observed_category:puzzle,ready,1.0.0
www.kongregate.com/games/jamesg466/incremancer,Incremancer,JamesG466,https://www.kongregate.com/games/JamesG466/incremancer,1,397,2019-11-15,2019-10-09,idle,idle_incremental,idle_incremental,high_observed_category,idle_progression,high_observed_category,not_assessed,none,,jamesg466,2,,0,high,observed_category:idle_incremental; observed_category:idle,ready,1.0.0
www.kongregate.com/games/kupo707/epic-battle-fantasy-5,Epic Battle Fantasy 5,kupo707,https://www.kongregate.com/games/kupo707/epic-battle-fantasy-5,1,389,2020-01-21,2020-01-21,strategy; adventure; adventure-rpg,role_playing,adventure; role_playing; strategy,high_observed_category,,none,not_assessed,none,,kupo707,6,kupo707:epic-battle-fantasy,3,high,observed_category:role_playing; same_developer_series_stem,ready,1.0.0
www.kongregate.com/games/armorgames/elephant-quest,Elephant Quest,ArmorGames,http://www.kongregate.com/games/ArmorGames/elephant-quest,1,371,2011-04-23,2011-04-13,action; adventure,adventure,action; adventure,high_observed_category,,none,not_assessed,none,,armorgames,22,,0,high,observed_category:adventure,ready,1.0.0
www.kongregate.com/games/armorgames/upgrade-complete,UPGRADE COMPLETE!,ArmorGames,http://www.kongregate.com/games/ArmorGames/upgrade-complete,1,359,2009-07-06,2009-06-30,shooter; adventure,shooter,adventure; shooter,high_observed_category,,none,not_assessed,none,,armorgames,22,armorgames:upgrade-complete,2,high,observed_category:shooter; same_developer_series_stem,ready,1.0.0
www.kongregate.com/games/gameinabottle/gemcraft-chapter-0,GemCraft chapter 0,gameinabottle,http://www.kongregate.com/games/gameinabottle/gemcraft-chapter-0,1,315,2009-07-06,2009-07-06,tower-defense; adventure; strategy,tower_defense,adventure; strategy; tower_defense,high_observed_category,,none,not_assessed,none,,gameinabottle,5,,0,high,observed_category:tower_defense,ready,1.0.0
www.kongregate.com/games/juicybeast/burrito-bison-revenge,Burrito Bison Revenge,JuicyBeast,http://www.kongregate.com/games/JuicyBeast/burrito-bison-revenge,1,311,2012-03-05,2012-02-27,action,action,action,high_observed_category,,none,not_assessed,none,,juicybeast,4,,0,high,observed_category:action,ready,1.0.0
www.kongregate.com/games/siread/retro-bowl,Retro Bowl,siread,https://www.kongregate.com/games/siread/retro-bowl,1,295,2020-02-26,2020-01-30,sports-racing,sports_racing,sports_racing,high_observed_category,,none,not_assessed,none,,siread,2,,0,high,observed_category:sports_racing,ready,1.0.0
www.kongregate.com/games/nerdook/monster-slayers,Monster Slayers,nerdook,http://www.kongregate.com/games/nerdook/monster-slayers,1,291,2010-10-13,2010-10-07,action; adventure; strategy,strategy,action; adventure; strategy,high_observed_category,,none,not_assessed,none,,nerdook,4,,0,high,observed_category:strategy,ready,1.0.0
www.kongregate.com/games/armorgames/sonny,Sonny,ArmorGames,http://www.kongregate.com/games/ArmorGames/sonny,1,285,2008-04-15,2008-04-11,adventure; strategy,strategy,adventure; strategy,high_observed_category,,none,not_assessed,none,,armorgames,22,,0,high,observed_category:strategy,ready,1.0.0
www.kongregate.com/games/foreverkul/toss-the-turtle,Toss the Turtle,Foreverkul,http://www.kongregate.com/games/Foreverkul/toss-the-turtle,1,260,2009-12-07,2009-12-07,action,action,action,high_observed_category,,none,not_assessed,none,,foreverkul,1,,0,high,observed_category:action,ready,1.0.0
www.kongregate.com/games/togeproductions/infectonator-2,Infectonator 2,TogeProductions,http://www.kongregate.com/games/TogeProductions/infectonator-2,1,255,2012-11-01,2012-11-01,action; strategy,strategy,action; strategy,high_observed_category,,none,not_assessed,none,,togeproductions,4,,0,high,observed_category:strategy,ready,1.0.0
www.kongregate.com/games/togeproductions/infectonator-world-dominator,Infectonator : World D...,TogeProductions,http://www.kongregate.com/games/TogeProductions/infectonator-world-dominator,1,246,2010-02-17,2010-02-17,strategy,strategy,strategy,high_observed_category,,none,not_assessed,none,,togeproductions,4,,0,high,observed_category:strategy,ready,1.0.0
www.kongregate.com/games/playsaurus/clicker-heroes,Clicker Heroes,Playsaurus,http://www.kongregate.com/games/Playsaurus/clicker-heroes,1,216,2014-08-20,2014-08-20,idle; adventure,idle_incremental,adventure; idle_incremental,high_observed_category,idle_progression,high_observed_category,not_assessed,none,,playsaurus,2,,0,high,observed_category:idle_incremental; observed_category:idle,ready,1.0.0
www.kongregate.com/games/seancooper/boxhead-2play-rooms,Boxhead: 2Play Rooms,SeanCooper,http://www.kongregate.com/games/SeanCooper/boxhead-2play-rooms,1,209,2007-06-13,2007-05-18,shooter,shooter,shooter,high_observed_category,,none,not_assessed,none,,seancooper,4,,0,high,observed_category:shooter,ready,1.0.0
www.kongregate.com/games/2darray/the-company-of-myself,The Company of Myself,2DArray,http://www.kongregate.com/games/2DArray/the-company-of-myself,1,208,2009-12-03,2009-12-03,puzzle; adventure,puzzle,adventure; puzzle,high_observed_category,,none,not_assessed,none,,2darray,2,,0,high,observed_category:puzzle,ready,1.0.0
www.kongregate.com/games/tukkun/anti-idle-the-game,Anti-Idle: The Game,Tukkun,http://www.kongregate.com/games/Tukkun/anti-idle-the-game,1,196,2011-02-09,2009-12-24,idle; adventure,idle_incremental,adventure; idle_incremental,high_observed_category,idle_progression,high_observed_category,not_assessed,none,,tukkun,2,,0,high,observed_category:idle_incremental; observed_category:idle,ready,1.0.0
www.kongregate.com/games/swarmsim/swarm-simulator,Swarm Simulator,swarmsim,https://www.kongregate.com/games/swarmsim/swarm-simulator,1,194,2015-02-23,2015-02-13,idle,idle_incremental,idle_incremental,high_observed_category,idle_progression,high_observed_category,not_assessed,none,,swarmsim,1,,0,high,observed_category:idle_incremental; observed_category:idle,ready,1.0.0
www.kongregate.com/games/juicetin/strike-force-heroes-2,Strike Force Heroes 2,JuiceTin,https://www.kongregate.com/games/JuiceTin/strike-force-heroes-2,1,180,2013-07-24,2013-07-24,shooter,shooter,shooter,high_observed_category,,none,not_assessed,none,,juicetin,2,juicetin:strike-force-heroes,2,high,observed_category:shooter; same_developer_series_stem,ready,1.0.0
www.kongregate.com/games/conartists/the-last-stand-2,The Last Stand 2,ConArtists,http://www.kongregate.com/games/ConArtists/the-last-stand-2,1,178,2008-07-24,2008-07-24,action; adventure,adventure,action; adventure,high_observed_category,,none,not_assessed,none,,conartists,4,conartists:the-last-stand,2,high,observed_category:adventure; same_developer_series_stem,ready,1.0.0
www.kongregate.com/games/codename_enter/crusaders-of-the-lost-idols,Crusaders of the Lost Idols,Codename_Enter,https://www.kongregate.com/games/Codename_Enter/crusaders-of-the-lost-idols,1,173,2015-08-09,2015-08-09,idle; strategy,idle_incremental,idle_incremental; strategy,high_observed_category,idle_progression,high_observed_category,not_assessed,none,,codename-enter,2,,0,high,observed_category:idle_incremental; observed_category:idle,ready,1.0.0
www.kongregate.com/games/armorgames/sonny-2,Sonny 2,ArmorGames,http://www.kongregate.com/games/ArmorGames/sonny-2,1,172,2009-05-06,2009-05-06,adventure; strategy,strategy,adventure; strategy,high_observed_category,,none,not_assessed,none,,armorgames,22,,0,high,observed_category:strategy,ready,1.0.0
www.kongregate.com/games/divinegames/realm-grinder,Realm Grinder,DivineGames,https://www.kongregate.com/games/DivineGames/realm-grinder,1,167,2015-07-26,2015-07-26,idle,idle_incremental,idle_incremental,high_observed_category,idle_progression,high_observed_category,not_assessed,none,,divinegames,1,,0,high,observed_category:idle_incremental; observed_category:idle,ready,1.0.0
www.kongregate.com/games/gazthomas/tangerine-tycoon,Tangerine Tycoon,GazThomas,https://www.kongregate.com/games/GazThomas/tangerine-tycoon,1,166,2015-01-25,2015-01-25,idle; puzzle,puzzle,idle_incremental; puzzle,high_observed_category,idle_progression,high_observed_category,not_assessed,none,,gazthomas,2,,0,high,observed_category:puzzle; observed_category:idle,ready,1.0.0
www.kongregate.com/games/preecep/desktop-tower-defense-1-5,Desktop Tower Defense 1.5,preecep,http://www.kongregate.com/games/preecep/desktop-tower-defense-1-5,1,160,2007-07-14,2007-07-14,tower-defense,tower_defense,tower_defense,high_observed_category,,none,not_assessed,none,,preecep,2,,0,high,observed_category:tower_defense,ready,1.0.0
www.kongregate.com/games/masasgames/escape-game-computer-office-escape,Escape Game - Computer Office Escape,masasgames,https://www.kongregate.com/games/masasgames/escape-game-computer-office-escape,1,159,2020-06-02,2020-05-01,puzzle,puzzle,puzzle,high_observed_category,,none,not_assessed,none,,masasgames,1,,0,high,observed_category:puzzle,ready,1.0.0
www.kongregate.com/games/player_03/run-3,Run 3,player_03,https://www.kongregate.com/games/player_03/run-3,1,154,2014-06-06,2014-06-06,action,action,action,high_observed_category,,none,not_assessed,none,,player-03,2,,0,high,observed_category:action,ready,1.0.0
www.kongregate.com/games/flyanvil/decision-2,Decision 2,FlyAnvil,https://www.kongregate.com/games/FlyAnvil/decision-2,1,146,2012-09-10,2012-09-10,shooter; strategy,shooter,shooter; strategy,high_observed_category,,none,not_assessed,none,,flyanvil,5,,0,high,observed_category:shooter,ready,1.0.0
www.kongregate.com/games/kupo707/epic-battle-fantasy-3,Epic Battle Fantasy 3,kupo707,http://www.kongregate.com/games/kupo707/epic-battle-fantasy-3,1,144,2010-09-06,2010-09-06,adventure; strategy; adventure-rpg,role_playing,adventure; role_playing; strategy,high_observed_category,,none,not_assessed,none,,kupo707,6,kupo707:epic-battle-fantasy,3,high,observed_category:role_playing; same_developer_series_stem,ready,1.0.0
www.kongregate.com/games/blockadeboss/blockade3d,Blockade3D,blockadeboss,https://www.kongregate.com/games/blockadeboss/blockade3d,1,142,2016-08-17,2016-02-10,shooter,shooter,shooter,high_observed_category,,none,not_assessed,none,,blockadeboss,1,,0,high,observed_category:shooter,ready,1.0.0
www.kongregate.com/games/weasel/endless-zombie-rampage-2,Endless Zombie Rampage 2,Weasel,http://www.kongregate.com/games/Weasel/endless-zombie-rampage-2,1,139,2010-07-29,2009-05-03,shooter,shooter,shooter,high_observed_category,,none,not_assessed,none,,weasel,8,,0,high,observed_category:shooter,ready,1.0.0
www.kongregate.com/games/iriysoft/cursed-treasure-2-remastered,Cursed Treasure 2 Remastered,IriySoft,https://www.kongregate.com/games/IriySoft/cursed-treasure-2-remastered,1,132,2019-11-17,2019-08-08,tower-defense; strategy; strategy-defense; adventure,tower_defense,adventure; strategy; tower_defense,high_observed_category,,none,not_assessed,none,,iriysoft,7,,0,high,observed_category:tower_defense,ready,1.0.0
www.kongregate.com/games/graebor/sort-the-court,Sort the Court!,graebor,https://www.kongregate.com/games/graebor/sort-the-court,1,120,2017-10-25,2017-10-25,strategy; adventure-rpg,role_playing,role_playing; strategy,high_observed_category,,none,not_assessed,none,,graebor,1,,0,high,observed_category:role_playing,ready,1.0.0
www.kongregate.com/games/jiggmin/platform-racing-2,Platform Racing 2,Jiggmin,http://www.kongregate.com/games/Jiggmin/platform-racing-2,1,109,2008-05-03,2008-05-03,sports-racing,sports_racing,sports_racing,high_observed_category,,none,not_assessed,none,,jiggmin,2,jiggmin:platform-racing,2,high,observed_category:sports_racing; same_developer_series_stem,ready,1.0.0
www.kongregate.com/games/hyperhippogames/adventure-capitalist,AdVenture Capitalist,HyperHippoGames,http://www.kongregate.com/games/HyperHippoGames/adventure-capitalist,1,107,2014-08-07,2014-08-07,idle,idle_incremental,idle_incremental,high_observed_category,idle_progression,high_observed_category,not_assessed,none,,hyperhippogames,4,,0,high,observed_category:idle_incremental; observed_category:idle,ready,1.0.0
www.kongregate.com/games/kamizoto_creator/there-is-no-game,There is no game,KaMiZoTo_Creator,https://www.kongregate.com/games/KaMiZoTo_Creator/there-is-no-game,1,99,2016-03-07,2016-03-07,puzzle,puzzle,puzzle,high_observed_category,,none,not_assessed,none,,kamizoto-creator,1,,0,high,observed_category:puzzle,ready,1.0.0
www.kongregate.com/games/berzerkstudio/frantic-frigates,Frantic Frigates,BerzerkStudio,http://www.kongregate.com/games/BerzerkStudio/frantic-frigates,1,93,2011-10-03,2011-08-26,shooter,shooter,shooter,high_observed_category,,none,not_assessed,none,,berzerkstudio,5,,0,high,observed_category:shooter,ready,1.0.0
www.kongregate.com/games/sarahnorthway/rebuild,Rebuild,sarahnorthway,http://www.kongregate.com/games/sarahnorthway/rebuild,1,92,2011-02-15,2011-02-15,strategy,strategy,strategy,high_observed_category,,none,not_assessed,none,,sarahnorthway,2,,0,high,observed_category:strategy,ready,1.0.0
www.kongregate.com/games/drnerocf/the-fancy-pants-adventures,The Fancy Pants Adventures,DrNeroCF,http://www.kongregate.com/games/DrNeroCF/the-fancy-pants-adventures,1,91,2007-01-20,2007-01-20,action,action,action,high_observed_category,,none,not_assessed,none,,drnerocf,4,,0,high,observed_category:action,ready,1.0.0
www.kongregate.com/games/reflexive/music-catch,Music Catch,Reflexive,http://www.kongregate.com/games/Reflexive/music-catch,1,90,2008-06-07,2008-05-22,action; more,action,action; other,high_observed_category,,none,not_assessed,none,,reflexive,2,reflexive:music-catch,2,high,observed_category:action; same_developer_series_stem,ready,1.0.0
www.kongregate.com/games/drnerocf/fancy-pants-adventure-world-2,Fancy Pants Adventure: World 2,DrNeroCF,http://www.kongregate.com/games/DrNeroCF/fancy-pants-adventure-world-2,1,89,2008-02-02,2008-02-02,action,action,action,high_observed_category,,none,not_assessed,none,,drnerocf,4,,0,high,observed_category:action,ready,1.0.0
www.kongregate.com/games/inxile_ent/super-stacker-2,Super Stacker 2,inXile_Ent,http://www.kongregate.com/games/inXile_Ent/super-stacker-2,1,86,2009-02-09,2009-02-07,puzzle,puzzle,puzzle,high_observed_category,,none,not_assessed,none,,inxile-ent,2,,0,high,observed_category:puzzle,ready,1.0.0
www.kongregate.com/games/lostvector/bowmaster-prelude,Bowmaster Prelude,lostvector,http://www.kongregate.com/games/lostvector/bowmaster-prelude,1,82,2007-01-20,2007-01-11,shooter,shooter,shooter,high_observed_category,,none,not_assessed,none,,lostvector,1,,0,high,observed_category:shooter,ready,1.0.0
www.kongregate.com/games/rustylake/cube-escape-the-cave,Cube Escape: The Cave,RustyLake,http://www.kongregate.com/games/RustyLake/cube-escape-the-cave,1,79,2017-04-03,2017-04-03,puzzle,puzzle,puzzle,high_observed_category,,none,not_assessed,none,,rustylake,4,,0,high,observed_category:puzzle,ready,1.0.0
www.kongregate.com/games/reflexive/music-catch-2,Music Catch 2,Reflexive,http://www.kongregate.com/games/Reflexive/music-catch-2,1,78,2009-03-13,2009-03-13,more,other,other,high_observed_category,,none,not_assessed,none,,reflexive,2,reflexive:music-catch,2,high,observed_category:other; same_developer_series_stem,ready,1.0.0
www.kongregate.com/games/gaiabyte/cosmos-quest,Cosmos Quest,GaiaByte,https://www.kongregate.com/games/GaiaByte/cosmos-quest,1,76,2017-03-04,2017-02-07,idle,idle_incremental,idle_incremental,high_observed_category,idle_progression,high_observed_category,not_assessed,none,,gaiabyte,1,,0,high,observed_category:idle_incremental; observed_category:idle,ready,1.0.0
www.kongregate.com/games/dragy/portal-the-flash-version,Portal: The Flash Version,Dragy,http://www.kongregate.com/games/Dragy/portal-the-flash-version,1,72,2007-10-18,2007-10-18,puzzle,puzzle,puzzle,high_observed_category,,none,not_assessed,none,,dragy,2,,0,high,observed_category:puzzle,ready,1.0.0
www.kongregate.com/games/rumblegames/ballistic,Ballistic,RumbleGames,http://www.kongregate.com/games/RumbleGames/ballistic,1,71,2014-05-30,2014-05-30,shooter,shooter,shooter,high_observed_category,,none,not_assessed,none,,rumblegames,2,,0,high,observed_category:shooter,ready,1.0.0
www.kongregate.com/games/5thplanetgames/dawn-of-the-dragons,Dawn of the Dragons,5thPlanetGames,http://www.kongregate.com/games/5thPlanetGames/dawn-of-the-dragons,1,68,2012-04-26,2012-04-26,,unclassified,,none,,none,publisher_portfolio_candidate,medium_curated_publisher,publisher_signal:5thplanetgames,5thplanetgames,3,,0,medium,publisher_signal:5thplanetgames,review_social_platform,1.0.0
www.kongregate.com/games/inxile_ent/fantastic-contraption,Fantastic Contraption,inXile_Ent,http://www.kongregate.com/games/inXile_Ent/fantastic-contraption,1,60,2008-09-19,2008-09-16,puzzle,puzzle,puzzle,high_observed_category,,none,not_assessed,none,,inxile-ent,2,,0,high,observed_category:puzzle,ready,1.0.0
www.kongregate.com/games/herointeractive/bubble-tanks-2,Bubble Tanks 2,HeroInteractive,http://www.kongregate.com/games/HeroInteractive/bubble-tanks-2,1,57,2008-08-13,2008-08-05,shooter,shooter,shooter,high_observed_category,,none,not_assessed,none,,herointeractive,8,herointeractive:bubble-tanks,3,high,observed_category:shooter; same_developer_series_stem,ready,1.0.0
www.kongregate.com/games/drnerocf/the-fancy-pants-adventure-world-2-demo,The Fancy Pants Adventure: World 2 demo,DrNeroCF,http://www.kongregate.com/games/DrNeroCF/the-fancy-pants-adventure-world-2-demo,1,55,2007-03-15,2007-03-15,action,action,action,high_observed_category,,none,not_assessed,none,,drnerocf,4,,0,high,observed_category:action,ready,1.0.0
www.kongregate.com/games/ninjakiwi/sas-zombie-assault-3,SAS: Zombie Assault 3,Ninjakiwi,http://www.kongregate.com/games/Ninjakiwi/sas-zombie-assault-3,1,52,2014-08-29,2014-08-29,multiplayer,multiplayer,multiplayer,high_observed_category,online_multiplayer,high_observed_category,not_assessed,none,,ninjakiwi,11,ninjakiwi:sas-zombie-assault,2,high,observed_category:multiplayer; observed_category:multiplayer; same_developer_series_stem,ready,1.0.0
www.kongregate.com/games/preecep/desktop-tower-defense,Desktop Tower Defense,preecep,http://www.kongregate.com/games/preecep/desktop-tower-defense,1,49,2007-04-06,2007-04-06,,tower_defense,tower_defense,medium_title_signal,,none,not_assessed,none,,preecep,2,,0,medium,title_signal:tower_defense,review_title_inference,1.0.0
www.kongregate.com/games/armorgames/crush-the-castle-2,Crush The Castle 2,ArmorGames,https://www.kongregate.com/games/ArmorGames/crush-the-castle-2,1,47,2014-11-19,2010-09-03,action,action,action,high_observed_category,,none,not_assessed,none,,armorgames,22,,0,high,observed_category:action,ready,1.0.0
www.kongregate.com/games/gamereclaim/death-vs-monstars,Death vs. Monstars,GameReclaim,http://www.kongregate.com/games/GameReclaim/death-vs-monstars,1,44,2009-03-08,2009-03-07,shooter,shooter,shooter,high_observed_category,,none,not_assessed,none,,gamereclaim,2,,0,high,observed_category:shooter,ready,1.0.0
www.kongregate.com/games/kekgames/unpuzzle-2,Unpuzzle 2,KekGames,https://www.kongregate.com/games/KekGames/unpuzzle-2,1,43,2018-03-10,2018-03-10,puzzle,puzzle,puzzle,high_observed_category,,none,not_assessed,none,,kekgames,6,,0,high,observed_category:puzzle,ready,1.0.0
www.kongregate.com/games/bontegames/factory-balls-2,Factory Balls 2,bontegames,http://www.kongregate.com/games/bontegames/factory-balls-2,1,40,2008-11-04,2008-11-03,puzzle,puzzle,puzzle,high_observed_category,,none,not_assessed,none,,bontegames,6,bontegames:factory-balls,2,high,observed_category:puzzle; same_developer_series_stem,ready,1.0.0
www.kongregate.com/games/funkypear/gravitee-wars-online,Gravitee Wars Online,FunkyPear,http://www.kongregate.com/games/FunkyPear/gravitee-wars-online,1,38,2014-10-03,2014-08-26,multiplayer,multiplayer,multiplayer,high_observed_category,online_multiplayer,high_observed_category,not_assessed,none,,funkypear,2,,0,high,observed_category:multiplayer; observed_category:multiplayer,ready,1.0.0
www.kongregate.com/games/terra0nova/aground,Aground,terra0nova,https://www.kongregate.com/games/terra0nova/aground,1,36,2018-03-22,2017-10-24,adventure-rpg; adventure,role_playing,adventure; role_playing,high_observed_category,,none,not_assessed,none,,terra0nova,2,,0,high,observed_category:role_playing,ready,1.0.0
www.kongregate.com/games/webcypher/siftheads-5,siftheads 5,WebCypher,https://www.kongregate.com/en/games/WebCypher/siftheads-5,1,35,2009-06-17,2009-06-16,shooter; adventure,shooter,adventure; shooter,high_observed_category,,none,not_assessed,none,,webcypher,7,,0,high,observed_category:shooter,ready,1.0.0
www.kongregate.com/games/filthsu/kuja,Kuja,filthsu,https://www.kongregate.com/en/games/filthsu/kuja,1,32,2019-02-05,2013-12-28,action,action,action,high_observed_category,,none,not_assessed,none,,filthsu,1,,0,high,observed_category:action,ready,1.0.0
www.kongregate.com/games/rokawar/rush-team-free-fps-multiplayers,Rush Team Free FPS Multiplayers,rokawar,https://www.kongregate.com/games/rokawar/rush-team-free-fps-multiplayers,1,31,2017-03-04,2012-07-14,multiplayer; shooter,shooter,multiplayer; shooter,high_observed_category,online_multiplayer,high_observed_category,not_assessed,none,,rokawar,1,,0,high,observed_category:shooter; observed_category:multiplayer,ready,1.0.0
www.kongregate.com/games/synapticon/tyrant,Tyrant,synapticon,http://www.kongregate.com/games/synapticon/tyrant,1,31,2011-07-06,2011-07-06,,unclassified,,none,,none,publisher_portfolio_candidate,medium_curated_publisher,publisher_signal:synapticon,synapticon,3,,0,medium,publisher_signal:synapticon,review_social_platform,1.0.0
www.kongregate.com/games/kixeye/backyard-monsters,Backyard Monsters,KIXEYE,http://www.kongregate.com/games/KIXEYE/backyard-monsters,1,27,2011-11-01,2011-11-01,idle,idle_incremental,idle_incremental,high_observed_category,idle_progression,high_observed_category,publisher_portfolio_candidate,medium_curated_publisher,publisher_signal:kixeye,kixeye,2,,0,high,observed_category:idle_incremental; observed_category:idle; publisher_signal:kixeye,review_social_platform,1.0.0
www.kongregate.com/games/playsaurus/poker-quest,Poker Quest RPG,Playsaurus,https://www.kongregate.com/games/Playsaurus/poker-quest,1,24,2020-10-15,2019-11-13,adventure-rpg; card,card_strategy,card_strategy; role_playing,high_observed_category,persistent_card_game,high_observed_category,not_assessed,none,,playsaurus,2,,0,high,observed_category:card_strategy; observed_category:card,ready,1.0.0
www.kongregate.com/games/ioji/warbears,Warbears,ioji,http://www.kongregate.com/games/ioji/warbears,1,24,2007-01-20,2006-11-02,,unclassified,,none,,none,not_assessed,none,,ioji,1,,0,none,,ready,1.0.0
www.kongregate.com/games/vasantj/medieval-chronicles-6,Medieval Chronicles 6,VasantJ,https://www.kongregate.com/games/VasantJ/medieval-chronicles-6,1,21,2019-09-22,2019-09-22,puzzle,puzzle,puzzle,high_observed_category,,none,not_assessed,none,,vasantj,20,vasantj:medieval-chronicles,8,high,observed_category:puzzle; same_developer_series_stem,ready,1.0.0
www.kongregate.com/games/studiocime/mu-complex-episode-one,Mu Complex : Episode One,StudioCime,http://www.kongregate.com/games/StudioCime/mu-complex-episode-one,1,20,2014-11-11,2014-11-11,puzzle,puzzle,puzzle,high_observed_category,,none,not_assessed,none,,studiocime,2,,0,high,observed_category:puzzle,ready,1.0.0
www.kongregate.com/games/vasantj/medieval-chronicles-7,Medieval Chronicles 7,VasantJ,https://www.kongregate.com/games/VasantJ/medieval-chronicles-7,1,19,2020-01-01,2020-01-01,puzzle,puzzle,puzzle,high_observed_category,,none,not_assessed,none,,vasantj,20,vasantj:medieval-chronicles,8,high,observed_category:puzzle; same_developer_series_stem,ready,1.0.0
www.kongregate.com/games/kongregate/kongai,Kongai,Kongregate,http://www.kongregate.com/games/Kongregate/kongai,1,17,2009-12-09,2007-11-15,card,card_strategy,card_strategy,high_observed_category,persistent_card_game,high_observed_category,not_assessed,none,,kongregate,3,,0,high,observed_category:card_strategy; observed_category:card,ready,1.0.0
www.kongregate.com/games/0rava/mutilate-a-doll-classic,Mutilate-a-Doll: Classic,0rava,https://www.kongregate.com/games/0rava/mutilate-a-doll-classic,1,17,2019-02-05,2011-04-06,more,other,other,high_observed_category,,none,not_assessed,none,,0rava,3,,0,high,observed_category:other,ready,1.0.0
www.kongregate.com/games/zamol/the-black-box,Plinko Idle,Zamol,https://www.kongregate.com/games/Zamol/the-black-box,1,17,2023-09-28,2023-09-28,more,other,other,high_observed_category,,none,not_assessed,none,,zamol,2,,0,high,observed_category:other,ready,1.0.0
www.kongregate.com/games/fizzd/a-dance-of-fire-and-ice,A Dance of Fire and Ice,fizzd,https://www.kongregate.com/games/fizzd/a-dance-of-fire-and-ice,1,14,2015-08-26,2015-08-26,more,other,other,high_observed_category,,none,not_assessed,none,,fizzd,2,,0,high,observed_category:other,ready,1.0.0
www.kongregate.com/games/monumental/surviv,surviv.io,,https://www.kongregate.com/en/games/Monumental/surviv,1,13,2026-04-04,2026-03-18,shooter,shooter,shooter,high_observed_category,,none,not_assessed,none,,unknown,252,,0,high,observed_category:shooter,ready,1.0.0
www.kongregate.com/games/vasantj/medieval-chronicles-4,Medieval Chronicles 4,VasantJ,https://www.kongregate.com/games/VasantJ/medieval-chronicles-4,1,11,2019-05-06,2019-04-30,puzzle,puzzle,puzzle,high_observed_category,,none,not_assessed,none,,vasantj,20,vasantj:medieval-chronicles,8,high,observed_category:puzzle; same_developer_series_stem,ready,1.0.0
www.kongregate.com/games/richpixel/crazy-climber,Crazy Climber,richpixel,http://www.kongregate.com/games/richpixel/crazy-climber,1,9,2009-11-14,2009-11-14,,unclassified,,none,,none,not_assessed,none,,richpixel,3,,0,none,,ready,1.0.0
www.kongregate.com/games/aartformgames/abyssal-depths,Abyssal Depths,,https://www.kongregate.com/en/games/AartformGames/abyssal-depths,1,5,2026-04-27,2026-04-23,action,action,action,high_observed_category,,none,not_assessed,none,,unknown,252,,0,high,observed_category:action,ready,1.0.0
www.kongregate.com/games/terrycavanagh_b/chatchat,ChatChat,TerryCavanagh_B,https://www.kongregate.com/en/games/TerryCavanagh_B/chatchat,1,5,2018-11-02,2012-01-27,more,other,other,high_observed_category,,none,not_assessed,none,,terrycavanagh-b,2,,0,high,observed_category:other,ready,1.0.0
www.kongregate.com/games/holydaystudios/firestone,Firestone Idle RPG,HolydayStudios,https://www.kongregate.com/games/HolydayStudios/firestone,1,4,2019-12-07,2019-12-07,,idle_incremental,idle_incremental,medium_title_signal,,none,not_assessed,none,,holydaystudios,4,,0,medium,title_signal:idle_incremental,review_title_inference,1.0.0
www.kongregate.com/games/studiocime/mu-complex-episode-two,Mu Complex : Episode Two,StudioCime,http://www.kongregate.com/games/StudioCime/mu-complex-episode-two,1,3,2015-05-12,2015-05-12,puzzle,puzzle,puzzle,high_observed_category,,none,not_assessed,none,,studiocime,2,,0,high,observed_category:puzzle,ready,1.0.0
www.kongregate.com/games/hamumu/robot-wants-ice-cream,Robot Wants Ice Cream,Hamumu,http://www.kongregate.com/games/Hamumu/robot-wants-ice-cream,1,3,2010-09-26,2010-09-26,action,action,action,high_observed_category,,none,not_assessed,none,,hamumu,2,,0,high,observed_category:action,ready,1.0.0
www.kongregate.com/games/mindthegrease/dear-edmund,Dear Edmund,MindTheGrease,https://www.kongregate.com/games/MindTheGrease/dear-edmund,1,2,2024-01-17,2024-01-17,strategy-defense,strategy,strategy,high_observed_category,,none,not_assessed,none,,mindthegrease,1,,0,high,observed_category:strategy,ready,1.0.0
www.kongregate.com/games/n_developer/discover,Discover,N_DEVELOPER,http://www.kongregate.com/games/N_DEVELOPER/discover,1,2,2016-01-16,2016-01-16,,unclassified,,none,,none,not_assessed,none,,n-developer,1,,0,none,,ready,1.0.0
www.kongregate.com/games/robspan/doodle-rpg-survivor,Doodle RPG Survivor,,https://www.kongregate.com/en/games/robspan/doodle-rpg-survivor,1,2,2026-05-14,2026-05-14,action,action,action,high_observed_category,,none,not_assessed,none,,unknown,252,,0,high,observed_category:action,ready,1.0.0
www.kongregate.com/games/funnymouth/just-farting,Just Farting,,http://www.kongregate.com/games/funnymouth/just-farting,1,2,2014-08-15,2014-08-15,,unclassified,,none,,none,not_assessed,none,,unknown,252,,0,none,,ready,1.0.0
www.kongregate.com/games/smokoko/robo-racing,Robo Racing,smokoko,http://www.kongregate.com/games/smokoko/robo-racing,1,2,2014-09-19,2014-09-19,,sports_racing,sports_racing,medium_title_signal,,none,not_assessed,none,,smokoko,1,,0,medium,title_signal:sports_racing,review_title_inference,1.0.0
www.kongregate.com/games/gr33ngunner007/robo-jump,Robo-Jump,gr33ngunner007,http://www.kongregate.com/games/gr33ngunner007/robo-jump,1,2,2014-10-03,2014-10-03,,unclassified,,none,,none,not_assessed,none,,gr33ngunner007,1,,0,none,,ready,1.0.0
www.kongregate.com/games/piton_/snail-bob-7-fantasy-story,Snail Bob 7: Fantasy Story,,http://www.kongregate.com/games/PITon_/snail-bob-7-fantasy-story,1,2,2014-08-08,2014-08-08,puzzle,puzzle,puzzle,high_observed_category,,none,not_assessed,none,,unknown,252,,0,high,observed_category:puzzle,ready,1.0.0
www.kongregate.com/games/gillenew/the-adventures-of-bit-and-ravh,The Adventures of Bit and Ravh,gillenew,http://www.kongregate.com/games/gillenew/the-adventures-of-bit-and-ravh,1,2,2014-10-17,2014-10-17,,unclassified,,none,,none,not_assessed,none,,gillenew,1,,0,none,,ready,1.0.0
www.kongregate.com/games/emperormason/the-gates-of-heaven,The Gates of Heaven,EmperorMason,http://www.kongregate.com/games/EmperorMason/the-gates-of-heaven,1,2,2014-09-26,2014-09-26,,unclassified,,none,,none,not_assessed,none,,emperormason,2,,0,none,,ready,1.0.0
www.kongregate.com/games/lordrobbyrob11/2d-space-game,2d space game,lordrobbyrob11,http://www.kongregate.com/games/lordrobbyrob11/2d-space-game,1,1,2011-03-29,2011-03-29,,unclassified,,none,,none,not_assessed,none,,lordrobbyrob11,1,,0,none,,ready,1.0.0
www.kongregate.com/games/juztnkarls/future-mode-the-warriors-way-0-2,[Future Mode] The Warriors Way 0.2,JuztnKarlS,http://www.kongregate.com/games/JuztnKarlS/future-mode-the-warriors-way-0-2,1,1,2016-10-24,2016-10-24,,unclassified,,none,,none,not_assessed,none,,juztnkarls,1,,0,none,,ready,1.0.0
www.kongregate.com/games/fastgames/adam-and-eve-2,Adam and Eve 2,fastgames,http://www.kongregate.com/games/fastgames/adam-and-eve-2,1,1,2016-09-17,2016-09-17,,unclassified,,none,,none,not_assessed,none,,fastgames,2,,0,none,,ready,1.0.0
www.kongregate.com/games/dmitryburlakov/age-of-wind,Age Of Wind,dmitryburlakov,http://www.kongregate.com/games/dmitryburlakov/age-of-wind,1,1,2011-02-09,2011-02-09,,unclassified,,none,,none,not_assessed,none,,dmitryburlakov,1,,0,none,,ready,1.0.0
www.kongregate.com/games/josepho/alexia-crow-and-the-pandoras-box,Alexia Crow and the pandora's box,josepho,http://www.kongregate.com/games/josepho/alexia-crow-and-the-pandoras-box,1,1,2014-09-05,2014-09-05,,unclassified,,none,,none,not_assessed,none,,josepho,1,,0,none,,ready,1.0.0
www.kongregate.com/games/tm_heartgames/alien-space-blaster-0-1,Alien Space Blaster 0.1,TM_HeartGames,http://www.kongregate.com/games/TM_HeartGames/alien-space-blaster-0-1,1,1,2015-09-03,2015-09-03,,unclassified,,none,,none,not_assessed,none,,tm-heartgames,1,,0,none,,ready,1.0.0
www.kongregate.com/games/idknewname1/alien-survival-beta-2,Alien survival Beta 2,idknewname1,http://www.kongregate.com/games/idknewname1/alien-survival-beta-2,1,1,2015-12-05,2015-12-05,,unclassified,,none,,none,not_assessed,none,,idknewname1,1,,0,none,,ready,1.0.0
www.kongregate.com/games/bengamen/aliens-hurry-home-2,Aliens Hurry Home 2,BenGAMEn,http://www.kongregate.com/games/BenGAMEn/aliens-hurry-home-2,1,1,2016-05-06,2016-05-06,,unclassified,,none,,none,not_assessed,none,,bengamen,1,,0,none,,ready,1.0.0
www.kongregate.com/games/tresensa/alpha-limit,Alpha Limit,,http://www.kongregate.com/games/TreSensa/alpha-limit,1,1,2014-07-25,2014-07-25,,unclassified,,none,,none,not_assessed,none,,unknown,252,,0,none,,ready,1.0.0
www.kongregate.com/games/w3sts1de/as3q32-gmail-com,as3q32@gmail.com,W3STS1DE,http://www.kongregate.com/games/W3STS1DE/as3q32-gmail-com,1,1,2016-07-07,2016-07-07,,unclassified,,none,,none,not_assessed,none,,w3sts1de,1,,0,none,,ready,1.0.0
www.kongregate.com/games/poetesla/asmr-universe-web,ASMR Universe(Web),PoeTesla,http://www.kongregate.com/games/PoeTesla/asmr-universe-web,1,1,2017-05-05,2017-05-05,,unclassified,,none,,none,not_assessed,none,,poetesla,1,,0,none,,ready,1.0.0
www.kongregate.com/games/allpremiumgames/atomic-supercars,Atomic Supercars,allpremiumgames,http://www.kongregate.com/games/allpremiumgames/atomic-supercars,1,1,2010-11-08,2010-11-08,,unclassified,,none,,none,not_assessed,none,,allpremiumgames,3,,0,none,,ready,1.0.0
www.kongregate.com/games/win1game/atv-mashup,Atv Mashup,win1game,http://www.kongregate.com/games/win1game/atv-mashup,1,1,2016-05-24,2016-05-24,,unclassified,,none,,none,not_assessed,none,,win1game,3,,0,none,,ready,1.0.0
www.kongregate.com/games/loludeaded/avoidr,Avoidr,LolUDeaded,http://www.kongregate.com/games/LolUDeaded/avoidr,1,1,2011-01-11,2011-01-11,,unclassified,,none,,none,not_assessed,none,,loludeaded,1,,0,none,,ready,1.0.0
www.kongregate.com/games/spacegrid/back-to-home,Back To Home,spacegrid,http://www.kongregate.com/games/spacegrid/back-to-home,1,1,2017-09-20,2017-09-20,,unclassified,,none,,none,not_assessed,none,,spacegrid,5,,0,none,,ready,1.0.0
www.kongregate.com/games/ianstokes/bakery-french-bread,Bakery French Bread,IanStokes,http://www.kongregate.com/games/IanStokes/bakery-french-bread,1,1,2014-10-04,2014-10-04,,unclassified,,none,,none,not_assessed,none,,ianstokes,2,,0,none,,ready,1.0.0
www.kongregate.com/games/andrew_nyers/battle-of-heroes,Battle Of Heroes,Andrew_Nyers,http://www.kongregate.com/games/Andrew_Nyers/battle-of-heroes,1,1,2014-08-26,2014-08-26,,unclassified,,none,,none,not_assessed,none,,andrew-nyers,1,,0,none,,ready,1.0.0
www.kongregate.com/games/bryces12/blob-kills-ball,BLOB KILLS BALL!,bryces12,http://www.kongregate.com/games/bryces12/blob-kills-ball,1,1,2010-10-18,2010-10-18,,unclassified,,none,,none,not_assessed,none,,bryces12,1,,0,none,,ready,1.0.0
www.kongregate.com/games/roboticpencil/booty-call-of-duty,Booty Call of Duty,RoboticPencil,http://www.kongregate.com/games/RoboticPencil/booty-call-of-duty,1,1,2010-12-23,2010-12-23,,unclassified,,none,,none,not_assessed,none,,roboticpencil,1,,0,none,,ready,1.0.0
www.kongregate.com/games/kilbur/braindead,Braindead,,http://www.kongregate.com/games/Kilbur/braindead,1,1,2014-08-11,2014-08-11,,unclassified,,none,,none,not_assessed,none,,unknown,252,,0,none,,ready,1.0.0
www.kongregate.com/games/lpunderground1/brakeless-trials-game-2014,Brakeless Trials Game 2014,lpunderground1,http://www.kongregate.com/games/lpunderground1/brakeless-trials-game-2014,1,1,2014-09-20,2014-09-20,,unclassified,,none,,none,not_assessed,none,,lpunderground1,1,,0,none,,ready,1.0.0
www.kongregate.com/games/dslevis/bubble-remover,Bubble Remover,dslevis,http://www.kongregate.com/games/dslevis/bubble-remover,1,1,2011-05-28,2011-05-28,,unclassified,,none,,none,not_assessed,none,,dslevis,6,,0,none,,ready,1.0.0
www.kongregate.com/games/asaber33/calculator,calculator,asaber33,http://www.kongregate.com/games/asaber33/calculator,1,1,2017-06-25,2017-06-25,,unclassified,,none,,none,not_assessed,none,,asaber33,1,,0,none,,ready,1.0.0
www.kongregate.com/games/paulhtml5/captain-reverso,Captain Reverso,PaulHTML5,http://www.kongregate.com/games/PaulHTML5/captain-reverso,1,1,2016-07-20,2016-07-20,,unclassified,,none,,none,not_assessed,none,,paulhtml5,5,,0,none,,ready,1.0.0
www.kongregate.com/games/the_red_square/change-kong-gender-to-anything-updated,Change Kong Gender to Anything *UPDATED*,,http://www.kongregate.com/games/The_Red_Square/change-kong-gender-to-anything-updated,1,1,2014-07-30,2014-07-30,,unclassified,,none,,none,not_assessed,none,,unknown,252,,0,none,,ready,1.0.0
www.kongregate.com/games/marketjs/cheese-and-mouse,Cheese and Mouse,,http://www.kongregate.com/games/marketjs/cheese-and-mouse,1,1,2013-09-30,2013-09-30,,unclassified,,none,,none,not_assessed,none,,unknown,252,,0,none,,ready,1.0.0
www.kongregate.com/games/papercup/city-runner-3d,City Runner 3D,PaperCup,http://www.kongregate.com/games/PaperCup/city-runner-3d,1,1,2011-07-17,2011-07-17,,unclassified,,none,,none,not_assessed,none,,papercup,4,,0,none,,ready,1.0.0
www.kongregate.com/games/thegames8dotcom/clash-of-the-races-5,Clash of the Races 5,thegames8dotcom,http://www.kongregate.com/games/thegames8dotcom/clash-of-the-races-5,1,1,2016-02-02,2016-02-02,,unclassified,,none,,none,not_assessed,none,,thegames8dotcom,7,,0,none,,ready,1.0.0
www.kongregate.com/games/bilinmexx/classical-snake,Classical Snake,bilinmexx,http://www.kongregate.com/games/bilinmexx/classical-snake,1,1,2014-09-19,2014-09-19,,unclassified,,none,,none,not_assessed,none,,bilinmexx,1,,0,none,,ready,1.0.0
www.kongregate.com/games/inventor_123/cool-battle,Cool battle,inventor_123,http://www.kongregate.com/games/inventor_123/cool-battle,1,1,2015-09-30,2015-09-30,,unclassified,,none,,none,not_assessed,none,,inventor-123,2,,0,none,,ready,1.0.0
www.kongregate.com/games/siegegaming/crown-jewels-puzzle-match,Crown Jewels Puzzle Match,,http://www.kongregate.com/games/siegegaming/crown-jewels-puzzle-match,1,1,2013-11-21,2013-11-21,,unclassified,,none,,none,not_assessed,none,,unknown,252,,0,none,,ready,1.0.0
www.kongregate.com/games/showgirlgames/cute-baby-girl-spring-outing,Cute Baby Girl Spring Outing,showgirlgames,http://www.kongregate.com/games/showgirlgames/cute-baby-girl-spring-outing,1,1,2015-04-01,2015-04-01,,unclassified,,none,,none,not_assessed,none,,showgirlgames,2,,0,none,,ready,1.0.0
www.kongregate.com/games/michaelup/dantdm-runner,DanTDM Runner,MichaelUP,http://www.kongregate.com/games/MichaelUP/dantdm-runner,1,1,2016-01-02,2016-01-02,,unclassified,,none,,none,not_assessed,none,,michaelup,1,,0,none,,ready,1.0.0
www.kongregate.com/games/yolkgamez/dark-scary-house-escape,Dark Scary House Escape,yolkgamez,http://www.kongregate.com/games/yolkgamez/dark-scary-house-escape,1,1,2016-06-22,2016-06-22,,escape_room,escape_room,medium_title_signal,,none,not_assessed,none,,yolkgamez,6,,0,medium,title_signal:escape_room,review_title_inference,1.0.0
www.kongregate.com/games/firkinstudios/desert-bus-3d,Desert Bus 3D,firkinstudios,http://www.kongregate.com/games/firkinstudios/desert-bus-3d,1,1,2017-08-11,2017-08-11,,unclassified,,none,,none,not_assessed,none,,firkinstudios,1,,0,none,,ready,1.0.0
www.kongregate.com/games/webcypher/desolation-the-stages-of-anxiety,Desolation : The Stages Of Anxiety,WebCypher,http://www.kongregate.com/games/WebCypher/desolation-the-stages-of-anxiety,1,1,2008-08-15,2008-08-15,action,action,action,high_observed_category,,none,not_assessed,none,,webcypher,7,,0,high,observed_category:action,ready,1.0.0
www.kongregate.com/games/qywlgame/digimon-pyramid-adventure,Digimon Pyramid Adventure,qywlgame,http://www.kongregate.com/games/qywlgame/digimon-pyramid-adventure,1,1,2016-03-16,2016-03-16,,unclassified,,none,,none,not_assessed,none,,qywlgame,4,,0,none,,ready,1.0.0
www.kongregate.com/games/kakudaf/double-winx,Double Winx,kakudaf,http://www.kongregate.com/games/kakudaf/double-winx,1,1,2009-10-14,2009-10-14,,unclassified,,none,,none,not_assessed,none,,kakudaf,1,,0,none,,ready,1.0.0
www.kongregate.com/games/nowgamez/dwooz-defense,Dwooz Defense,nowgamez,http://www.kongregate.com/games/nowgamez/dwooz-defense,1,1,2011-06-13,2011-06-13,,unclassified,,none,,none,not_assessed,none,,nowgamez,2,,0,none,,ready,1.0.0
www.kongregate.com/games/devinl/eggplant-dress-up,Eggplant Dress-up,devinl,http://www.kongregate.com/games/devinl/eggplant-dress-up,1,1,2011-03-15,2011-03-15,,unclassified,,none,,none,not_assessed,none,,devinl,2,,0,none,,ready,1.0.0
www.kongregate.com/games/purecube/electro-city,Electro City,purecube,http://www.kongregate.com/games/purecube/electro-city,1,1,2011-07-21,2011-07-20,,unclassified,,none,,none,not_assessed,none,,purecube,2,,0,none,,ready,1.0.0
www.kongregate.com/games/dohvengardegames/elevator-simulator,Elevator Simulator,,http://www.kongregate.com/games/DohvengardeGames/elevator-simulator,1,1,2014-08-04,2014-08-04,,unclassified,,none,,none,not_assessed,none,,unknown,252,,0,none,,ready,1.0.0
www.kongregate.com/games/idnetgames/energy-bay,Energy Bay,IDnetGames,http://www.kongregate.com/games/IDnetGames/energy-bay,1,1,2016-10-10,2016-10-10,,unclassified,,none,,none,not_assessed,none,,idnetgames,1,,0,none,,ready,1.0.0
www.kongregate.com/games/top10newgames/escape-from-ghost-house-3,Escape From Ghost House 3,top10newgames,http://www.kongregate.com/games/top10newgames/escape-from-ghost-house-3,1,1,2017-10-15,2017-10-15,,escape_room,escape_room,medium_title_signal,,none,not_assessed,none,,top10newgames,8,top10newgames:escape-from-ghost-house,2,medium,title_signal:escape_room; same_developer_series_stem,review_title_inference,1.0.0
www.kongregate.com/games/mateuszskutnik/escape-from-jay-is-games,Escape from Jay is Games,,http://www.kongregate.com/games/MateuszSkutnik/escape-from-jay-is-games,1,1,2014-06-06,2014-06-06,,escape_room,escape_room,medium_title_signal,,none,not_assessed,none,,unknown,252,,0,medium,title_signal:escape_room,review_title_inference,1.0.0
www.kongregate.com/games/rarkahan/escape-to-home,Escape to Home,Rarkahan,http://www.kongregate.com/games/Rarkahan/escape-to-home,1,1,2015-12-18,2015-12-18,,escape_room,escape_room,medium_title_signal,,none,not_assessed,none,,rarkahan,1,,0,medium,title_signal:escape_room,review_title_inference,1.0.0
www.kongregate.com/games/gamesarewhat/escaping-fun,Escaping Fun,,http://www.kongregate.com/games/gamesarewhat/escaping-fun,1,1,2012-11-05,2012-11-05,,unclassified,,none,,none,not_assessed,none,,unknown,252,,0,none,,ready,1.0.0
www.kongregate.com/games/mohtashams/evolve,Evolve,MohtashamS,http://www.kongregate.com/games/MohtashamS/evolve,1,1,2014-09-26,2014-09-26,,unclassified,,none,,none,not_assessed,none,,mohtashams,1,,0,none,,ready,1.0.0
www.kongregate.com/games/colenye/ez-money-all-dayyy,EZ MONEY ALL DAYYY,colenye,http://www.kongregate.com/games/colenye/ez-money-all-dayyy,1,1,2017-07-29,2017-07-29,,unclassified,,none,,none,not_assessed,none,,colenye,1,,0,none,,ready,1.0.0
www.kongregate.com/games/towski/facebook-example,facebook example,towski,http://www.kongregate.com/games/towski/facebook-example,1,1,2011-04-05,2011-04-05,,unclassified,,none,,none,title_reference_requires_review,low_title_signal,title_signal:facebook,towski,2,,0,low,title_signal:facebook,review_social_platform,1.0.0
www.kongregate.com/games/mousecity_apps/faraway-puzzle-escape,Faraway: Puzzle Escape,Mousecity_Apps,http://www.kongregate.com/games/Mousecity_Apps/faraway-puzzle-escape,1,1,2017-07-20,2017-07-20,,escape_room,escape_room,medium_title_signal,,none,not_assessed,none,,mousecity-apps,1,,0,medium,title_signal:escape_room,review_title_inference,1.0.0
www.kongregate.com/games/eurocrem/filler-snake,Filler Snake,eurocrem,http://www.kongregate.com/games/eurocrem/filler-snake,1,1,2016-10-30,2016-10-30,,unclassified,,none,,none,not_assessed,none,,eurocrem,2,,0,none,,ready,1.0.0
www.kongregate.com/games/coralcnora/football-legends-2016,Football Legends 2016,CoralCnora,http://www.kongregate.com/games/CoralCnora/football-legends-2016,1,1,2017-09-30,2017-09-30,,sports_racing,sports_racing,medium_title_signal,,none,not_assessed,none,,coralcnora,2,,0,medium,title_signal:sports_racing,review_title_inference,1.0.0
www.kongregate.com/games/codenforjesus/freeze-tag,Freeze Tag,codenforjesus,http://www.kongregate.com/games/codenforjesus/freeze-tag,1,1,2014-10-13,2014-10-13,,unclassified,,none,,none,not_assessed,none,,codenforjesus,1,,0,none,,ready,1.0.0
www.kongregate.com/games/ggfdev/funny-pets,Funny Pets,ggfdev,http://www.kongregate.com/games/ggfdev/funny-pets,1,1,2015-09-15,2015-09-15,,unclassified,,none,,none,not_assessed,none,,ggfdev,2,,0,none,,ready,1.0.0
www.kongregate.com/games/anarchiamgames/geoshape-beta,Geoshape beta,anarchiamgames,http://www.kongregate.com/games/anarchiamgames/geoshape-beta,1,1,2016-02-17,2016-02-17,,unclassified,,none,,none,not_assessed,none,,anarchiamgames,1,,0,none,,ready,1.0.0
www.kongregate.com/games/stewardhklarlove/good-apprentice-pelo-2021,Good Apprentice Pelo 2021,stewardhklarlove,http://www.kongregate.com/games/stewardhklarlove/good-apprentice-pelo-2021,1,1,2017-09-04,2017-09-04,,unclassified,,none,,none,not_assessed,none,,stewardhklarlove,3,,0,none,,ready,1.0.0
www.kongregate.com/games/sandrakim/guess-the-city2,Guess the city2,SandraKim,http://www.kongregate.com/games/SandraKim/guess-the-city2,1,1,2014-12-17,2014-12-17,,unclassified,,none,,none,not_assessed,none,,sandrakim,31,,0,none,,ready,1.0.0
www.kongregate.com/games/vitalitygames/halloween-spooky-motocross,Halloween Spooky Motocross,vitalitygames,http://www.kongregate.com/games/vitalitygames/halloween-spooky-motocross,1,1,2016-10-17,2016-10-17,,unclassified,,none,,none,not_assessed,none,,vitalitygames,9,,0,none,,ready,1.0.0
www.kongregate.com/games/games2rule/hidden-animals-cute-dogs,Hidden Animals-Cute Dogs,games2rule,http://www.kongregate.com/games/games2rule/hidden-animals-cute-dogs,1,1,2011-08-01,2011-08-01,,unclassified,,none,,none,not_assessed,none,,games2rule,21,,0,none,,ready,1.0.0
www.kongregate.com/games/games2rule/hidden-bee,Hidden Bee,games2rule,http://www.kongregate.com/games/games2rule/hidden-bee,1,1,2011-04-12,2011-04-12,,unclassified,,none,,none,not_assessed,none,,games2rule,21,,0,none,,ready,1.0.0
www.kongregate.com/games/games2rule/hidden-deer,Hidden Deer,games2rule,http://www.kongregate.com/games/games2rule/hidden-deer,1,1,2011-03-08,2011-03-08,,unclassified,,none,,none,not_assessed,none,,games2rule,21,,0,none,,ready,1.0.0
www.kongregate.com/games/games2rule/hidden-objects-messy-house,Hidden Objects-Messy H...,games2rule,http://www.kongregate.com/games/games2rule/hidden-objects-messy-house,1,1,2011-03-19,2011-03-19,,unclassified,,none,,none,not_assessed,none,,games2rule,21,,0,none,,ready,1.0.0
www.kongregate.com/games/annikaa/hobo-dress-up,Hobo Dress Up,AnnikaA,http://www.kongregate.com/games/AnnikaA/hobo-dress-up,1,1,2011-08-05,2011-08-05,,unclassified,,none,,none,not_assessed,none,,annikaa,1,,0,none,,ready,1.0.0
www.kongregate.com/games/gamer70008000/hurdle-jump,Hurdle Jump,gamer70008000,http://www.kongregate.com/games/gamer70008000/hurdle-jump,1,1,2016-05-15,2016-05-15,,unclassified,,none,,none,not_assessed,none,,gamer70008000,8,,0,none,,ready,1.0.0
www.kongregate.com/games/oyunlar1com/hurry-and-escape-the-roof,Hurry and Escape: The Roof,,http://www.kongregate.com/games/oyunlar1com/hurry-and-escape-the-roof,1,1,2014-04-11,2014-04-11,,escape_room,escape_room,medium_title_signal,,none,not_assessed,none,,unknown,252,,0,medium,title_signal:escape_room,review_title_inference,1.0.0
www.kongregate.com/games/lord2008/idle-game-dev,Idle Game Dev,,http://www.kongregate.com/games/Lord2008/idle-game-dev,1,1,2014-07-21,2014-07-21,,idle_incremental,idle_incremental,medium_title_signal,,none,not_assessed,none,,unknown,252,,0,medium,title_signal:idle_incremental,review_title_inference,1.0.0
www.kongregate.com/games/rufusguy/idle-spinner,Idle Spinner,RufusGuy,http://www.kongregate.com/games/RufusGuy/idle-spinner,1,1,2017-07-03,2017-07-03,,idle_incremental,idle_incremental,medium_title_signal,,none,not_assessed,none,,rufusguy,1,,0,medium,title_signal:idle_incremental,review_title_inference,1.0.0
www.kongregate.com/games/joshua140/indestructocopter,IndestructoCopter,Joshua140,http://www.kongregate.com/games/Joshua140/indestructocopter,1,1,2008-05-09,2008-05-09,shooter,shooter,shooter,high_observed_category,,none,not_assessed,none,,joshua140,1,,0,high,observed_category:shooter,ready,1.0.0
www.kongregate.com/games/piton_/jellydad-hero,Jellydad Hero,PITon_,http://www.kongregate.com/games/PITon_/jellydad-hero,1,1,2014-08-29,2014-08-29,,unclassified,,none,,none,not_assessed,none,,piton,1,,0,none,,ready,1.0.0
www.kongregate.com/games/fbmgames/journey-through-wind-and-fire-i,Journey through Wind and Fire I,FBMGames,http://www.kongregate.com/games/FBMGames/journey-through-wind-and-fire-i,1,1,2016-03-20,2016-03-20,,unclassified,,none,,none,not_assessed,none,,fbmgames,1,,0,none,,ready,1.0.0
www.kongregate.com/games/trueazn926/jumping-head-unfinished,Jumping Head {Unfinished},trueazn926,http://www.kongregate.com/games/trueazn926/jumping-head-unfinished,1,1,2011-07-13,2011-07-13,,unclassified,,none,,none,not_assessed,none,,trueazn926,1,,0,none,,ready,1.0.0
www.kongregate.com/games/kingstar22/jupiter-ogame,Jupiter OGame,,http://www.kongregate.com/games/KingStar22/jupiter-ogame,1,1,2014-07-26,2014-07-26,,unclassified,,none,,none,not_assessed,none,,unknown,252,,0,none,,ready,1.0.0
www.kongregate.com/games/samuelvenable/key-to-success,Key to Success,SamuelVenable,http://www.kongregate.com/games/SamuelVenable/key-to-success,1,1,2017-05-25,2017-05-25,,unclassified,,none,,none,not_assessed,none,,samuelvenable,1,,0,none,,ready,1.0.0
www.kongregate.com/games/simpleicarus/kindness-and-pai,Kindness and PAI,simpleicarus,http://www.kongregate.com/games/simpleicarus/kindness-and-pai,1,1,2016-06-04,2016-06-04,,unclassified,,none,,none,not_assessed,none,,simpleicarus,1,,0,none,,ready,1.0.0
www.kongregate.com/games/xnamex_eu/kongregate-api-test,Kongregate Api Test,xnamex_eu,http://www.kongregate.com/games/xnamex_eu/kongregate-api-test,1,1,2011-06-01,2011-06-01,,unclassified,,none,,none,not_assessed,none,,xnamex-eu,1,,0,none,,ready,1.0.0
www.kongregate.com/games/sstudioss/last-warrior,Last Warrior,sstudioss,http://www.kongregate.com/games/sstudioss/last-warrior,1,1,2014-09-02,2014-09-02,,unclassified,,none,,none,not_assessed,none,,sstudioss,1,,0,none,,ready,1.0.0
www.kongregate.com/games/buenozair/learn,learn,buenozair,http://www.kongregate.com/games/buenozair/learn,1,1,2011-04-16,2011-04-16,,unclassified,,none,,none,not_assessed,none,,buenozair,1,,0,none,,ready,1.0.0
www.kongregate.com/games/dumytru/lerpzs-jump,Lerpz's Jump,dumytru,http://www.kongregate.com/games/dumytru/lerpzs-jump,1,1,2011-03-11,2011-03-11,,unclassified,,none,,none,not_assessed,none,,dumytru,1,,0,none,,ready,1.0.0
www.kongregate.com/games/partybug/little-bitty-byte,Little Bitty Byte,PartyBug,http://www.kongregate.com/games/PartyBug/little-bitty-byte,1,1,2017-07-28,2017-07-28,,unclassified,,none,,none,not_assessed,none,,partybug,2,,0,none,,ready,1.0.0
www.kongregate.com/games/xraymonx2/lost-viking,Lost Viking,xraymonx2,http://www.kongregate.com/games/xraymonx2/lost-viking,1,1,2015-09-23,2015-09-23,,unclassified,,none,,none,not_assessed,none,,xraymonx2,1,,0,none,,ready,1.0.0
www.kongregate.com/games/sandmanza/lt-breakout,LT-Breakout,SandmanZA,http://www.kongregate.com/games/SandmanZA/lt-breakout,1,1,2017-10-24,2017-10-24,,unclassified,,none,,none,not_assessed,none,,sandmanza,1,,0,none,,ready,1.0.0
www.kongregate.com/games/darthpeanut113/maddening-foolishness,Maddening Foolishness,darthpeanut113,http://www.kongregate.com/games/darthpeanut113/maddening-foolishness,1,1,2011-12-31,2011-12-31,,unclassified,,none,,none,not_assessed,none,,darthpeanut113,1,,0,none,,ready,1.0.0
www.kongregate.com/games/gigaxd/make-it-fly-2-0,Make It Fly 2.0,gigaXD,http://www.kongregate.com/games/gigaXD/make-it-fly-2-0,1,1,2016-06-05,2016-06-05,,unclassified,,none,,none,not_assessed,none,,gigaxd,2,,0,none,,ready,1.0.0
www.kongregate.com/games/linhvo1611/make-me-10,Make Me 10,LinhVo1611,http://www.kongregate.com/games/LinhVo1611/make-me-10,1,1,2017-05-16,2017-05-16,,unclassified,,none,,none,not_assessed,none,,linhvo1611,2,,0,none,,ready,1.0.0
www.kongregate.com/games/rhittzer/making-a-batch-file,Making a Batch File,rhittzer,http://www.kongregate.com/games/rhittzer/making-a-batch-file,1,1,2017-06-04,2017-06-04,,unclassified,,none,,none,not_assessed,none,,rhittzer,1,,0,none,,ready,1.0.0
www.kongregate.com/games/unclebig2d/march,March,UncleBig2D,http://www.kongregate.com/games/UncleBig2D/march,1,1,2014-10-18,2014-10-18,,unclassified,,none,,none,not_assessed,none,,unclebig2d,1,,0,none,,ready,1.0.0
www.kongregate.com/games/walrusslayer44/melon-madness,Melon Madness,WalrusSlayer44,http://www.kongregate.com/games/WalrusSlayer44/melon-madness,1,1,2016-08-20,2016-08-20,,unclassified,,none,,none,not_assessed,none,,walrusslayer44,1,,0,none,,ready,1.0.0
www.kongregate.com/games/wayak/minions-bejeweled,Minions Bejeweled,wayak,http://www.kongregate.com/games/wayak/minions-bejeweled,1,1,2014-11-11,2014-11-11,,unclassified,,none,,none,not_assessed,none,,wayak,1,,0,none,,ready,1.0.0
www.kongregate.com/games/mafagames/missiles-again,Missiles Again,mafagames,http://www.kongregate.com/games/mafagames/missiles-again,1,1,2017-05-26,2017-05-26,,unclassified,,none,,none,not_assessed,none,,mafagames,41,,0,none,,ready,1.0.0
www.kongregate.com/games/esthetix/monster-love,Monster Love,esthetix,http://www.kongregate.com/games/esthetix/monster-love,1,1,2015-12-26,2015-12-26,,unclassified,,none,,none,not_assessed,none,,esthetix,3,,0,none,,ready,1.0.0
www.kongregate.com/games/monsterplay999/monster-war-zone-3,Monster War Zone 3,monsterplay999,http://www.kongregate.com/games/monsterplay999/monster-war-zone-3,1,1,2015-09-09,2015-09-09,,unclassified,,none,,none,not_assessed,none,,monsterplay999,3,monsterplay999:monster-war-zone,2,low,same_developer_series_stem,ready,1.0.0
www.kongregate.com/games/worldapartgames/mr-strange-and-the-core,Mr. Strange And The Core,WorldApartGames,http://www.kongregate.com/games/WorldApartGames/mr-strange-and-the-core,1,1,2011-07-05,2011-07-05,,unclassified,,none,,none,not_assessed,none,,worldapartgames,1,,0,none,,ready,1.0.0
www.kongregate.com/games/momennemrat/myfly,myFly,,http://www.kongregate.com/games/MomenNemrat/myfly,1,1,2014-07-04,2014-07-04,,unclassified,,none,,none,not_assessed,none,,unknown,252,,0,none,,ready,1.0.0
www.kongregate.com/games/kooxpi/nature-hidden-objects,Nature Hidden Objects,Kooxpi,http://www.kongregate.com/games/Kooxpi/nature-hidden-objects,1,1,2016-08-05,2016-08-05,,unclassified,,none,,none,not_assessed,none,,kooxpi,1,,0,none,,ready,1.0.0
www.kongregate.com/games/vitalitygames/new-traffic-jam-city,New Traffic Jam City,vitalitygames,http://www.kongregate.com/games/vitalitygames/new-traffic-jam-city,1,1,2016-01-25,2016-01-25,,unclassified,,none,,none,not_assessed,none,,vitalitygames,9,,0,none,,ready,1.0.0
www.kongregate.com/games/devwil/on-and-on-music-creation-in-3-dimensions,On and On: Music Creat...,devwil,http://www.kongregate.com/games/devwil/on-and-on-music-creation-in-3-dimensions,1,1,2011-06-10,2011-06-10,,unclassified,,none,,none,not_assessed,none,,devwil,1,,0,none,,ready,1.0.0
www.kongregate.com/games/stewardhklarlove/opulent-sunflappiness-3,Opulent Sunflappiness 3,stewardhklarlove,http://www.kongregate.com/games/stewardhklarlove/opulent-sunflappiness-3,1,1,2014-10-09,2014-10-09,,unclassified,,none,,none,not_assessed,none,,stewardhklarlove,3,,0,none,,ready,1.0.0
www.kongregate.com/games/manogyaacharya/orangelandia,OrangeLandia,manogyaacharya,http://www.kongregate.com/games/manogyaacharya/orangelandia,1,1,2016-06-13,2016-06-13,,unclassified,,none,,none,not_assessed,none,,manogyaacharya,1,,0,none,,ready,1.0.0
www.kongregate.com/games/bigmonkeyfactory/out-of-order,Out Of Order,bigmonkeyfactory,http://www.kongregate.com/games/bigmonkeyfactory/out-of-order,1,1,2014-10-31,2014-10-31,,unclassified,,none,,none,not_assessed,none,,bigmonkeyfactory,1,,0,none,,ready,1.0.0
www.kongregate.com/games/shunkazami/penguin-heroes,Penguin Heroes,ShunKazami,http://www.kongregate.com/games/ShunKazami/penguin-heroes,1,1,2012-01-01,2012-01-01,adventure,adventure,adventure,high_observed_category,,none,not_assessed,none,,shunkazami,1,,0,high,observed_category:adventure,ready,1.0.0
www.kongregate.com/games/dystraleuphorie/pieces-nightmare-4,Pieces Nightmare 4,DystralEuphorie,http://www.kongregate.com/games/DystralEuphorie/pieces-nightmare-4,1,1,2011-08-13,2011-08-13,,unclassified,,none,,none,not_assessed,none,,dystraleuphorie,4,dystraleuphorie:pieces-nightmare,2,low,same_developer_series_stem,ready,1.0.0
www.kongregate.com/games/calzac4/pong,pong,calzac4,http://www.kongregate.com/games/calzac4/pong,1,1,2011-07-28,2011-07-28,,unclassified,,none,,none,not_assessed,none,,calzac4,1,,0,none,,ready,1.0.0
www.kongregate.com/games/botsgames/pou-popper,Pou Popper,,http://www.kongregate.com/games/botsgames/pou-popper,1,1,2014-08-08,2014-08-08,,unclassified,,none,,none,not_assessed,none,,unknown,252,,0,none,,ready,1.0.0
www.kongregate.com/games/loogames/pretty-girl-dress-up,Pretty Girl Dress Up,,http://www.kongregate.com/games/loogames/pretty-girl-dress-up,1,1,2014-06-27,2014-06-27,,unclassified,,none,,none,not_assessed,none,,unknown,252,,0,none,,ready,1.0.0
www.kongregate.com/games/popgals/professional-catwalk-dress-up,professional catwalk D...,popgals,http://www.kongregate.com/games/popgals/professional-catwalk-dress-up,1,1,2010-11-13,2010-11-13,,unclassified,,none,,none,not_assessed,none,,popgals,3,,0,none,,ready,1.0.0
www.kongregate.com/games/hurgle/r3volution,R3volution,hurgle,http://www.kongregate.com/games/hurgle/r3volution,1,1,2011-02-27,2011-02-27,,unclassified,,none,,none,not_assessed,none,,hurgle,1,,0,none,,ready,1.0.0
www.kongregate.com/games/unbur/rage-of-war,Rage of War,,http://www.kongregate.com/games/unbur/rage-of-war,1,1,2014-08-01,2014-08-01,,unclassified,,none,,none,not_assessed,none,,unknown,252,,0,none,,ready,1.0.0
www.kongregate.com/games/bobermen1/refreshing,Refreshing,bobermen1,http://www.kongregate.com/games/bobermen1/refreshing,1,1,2011-08-09,2011-08-09,,unclassified,,none,,none,not_assessed,none,,bobermen1,1,,0,none,,ready,1.0.0
www.kongregate.com/games/minininja956/retro-shuriken,Retro Shuriken,minininja956,http://www.kongregate.com/games/minininja956/retro-shuriken,1,1,2016-09-23,2016-09-23,,unclassified,,none,,none,not_assessed,none,,minininja956,6,,0,none,,ready,1.0.0
www.kongregate.com/games/william_/revenge-on-anders-behring-breivik,Revenge on Anders Behr...,william_,http://www.kongregate.com/games/william_/revenge-on-anders-behring-breivik,1,1,2011-07-24,2011-07-24,,unclassified,,none,,none,not_assessed,none,,william,2,,0,none,,ready,1.0.0
www.kongregate.com/games/ramsoos/road-rockets,Road Rockets,,http://www.kongregate.com/games/ramsoos/road-rockets,1,1,2014-08-15,2014-08-15,,unclassified,,none,,none,not_assessed,none,,unknown,252,,0,none,,ready,1.0.0
www.kongregate.com/games/paulp_ws/robo-jump,Robo Jump,paulp_ws,http://www.kongregate.com/games/paulp_ws/robo-jump,1,1,2014-12-30,2014-12-30,,unclassified,,none,,none,not_assessed,none,,paulp-ws,1,,0,none,,ready,1.0.0
www.kongregate.com/games/cyberdrax/roller-ball-plat,Roller Ball Plat,Cyberdrax,http://www.kongregate.com/games/Cyberdrax/roller-ball-plat,1,1,2016-03-05,2016-03-05,,unclassified,,none,,none,not_assessed,none,,cyberdrax,1,,0,none,,ready,1.0.0
www.kongregate.com/games/mafagames/run-bird-run-online,Run Bird Run Online,mafagames,http://www.kongregate.com/games/mafagames/run-bird-run-online,1,1,2017-08-25,2017-08-25,,unclassified,,none,,none,not_assessed,none,,mafagames,41,,0,none,,ready,1.0.0
www.kongregate.com/games/mrpikmin3/run-bombchu-run,run bombchu run,,http://www.kongregate.com/games/mrpikmin3/run-bombchu-run,1,1,2014-06-25,2014-06-25,,unclassified,,none,,none,not_assessed,none,,unknown,252,,0,none,,ready,1.0.0
www.kongregate.com/games/gpush_games/salads-by-chef-merge-sraft,Salads by Chef: Merge Сraft,gpush_games,https://www.kongregate.com/games/gpush_games/salads-by-chef-merge-sraft,1,1,2024-01-17,2024-01-17,puzzle,puzzle,puzzle,high_observed_category,,none,not_assessed,none,,gpush-games,1,,0,high,observed_category:puzzle,ready,1.0.0
www.kongregate.com/games/devheronatio/scp-079,SCP 079,DevHeroNatio,https://www.kongregate.com/games/DevHeroNatio/scp-079,1,1,2019-08-25,2019-08-25,,unclassified,,none,,none,not_assessed,none,,devheronatio,1,,0,none,,ready,1.0.0
www.kongregate.com/games/keybol/shadow-adventure,Shadow Adventure,keybol,http://www.kongregate.com/games/keybol/shadow-adventure,1,1,2016-08-13,2016-08-13,,unclassified,,none,,none,not_assessed,none,,keybol,1,,0,none,,ready,1.0.0
www.kongregate.com/games/youugames/shieldshooting,shieldshooting,youugames,http://www.kongregate.com/games/youugames/shieldshooting,1,1,2014-10-29,2014-10-29,,unclassified,,none,,none,not_assessed,none,,youugames,1,,0,none,,ready,1.0.0
www.kongregate.com/games/brenetcomics/shooter-jet-crystal,Shooter Jet Crystal,BrenetComics,http://www.kongregate.com/games/BrenetComics/shooter-jet-crystal,1,1,2014-12-28,2014-12-28,,unclassified,,none,,none,not_assessed,none,,brenetcomics,1,,0,none,,ready,1.0.0
www.kongregate.com/games/zuvaygame/shootrio,Shootrio,ZuvayGame,http://www.kongregate.com/games/ZuvayGame/shootrio,1,1,2017-08-05,2017-08-05,,unclassified,,none,,none,not_assessed,none,,zuvaygame,2,,0,none,,ready,1.0.0
www.kongregate.com/games/aosoj/shootyship,Shootyship,AOSOJ,http://www.kongregate.com/games/AOSOJ/shootyship,1,1,2017-06-15,2017-06-15,,unclassified,,none,,none,not_assessed,none,,aosoj,1,,0,none,,ready,1.0.0
www.kongregate.com/games/jopimpas/simple-factory-idle-game,Simple factory idle game,jopimpas,http://www.kongregate.com/games/jopimpas/simple-factory-idle-game,1,1,2016-10-18,2016-10-18,,idle_incremental,idle_incremental,medium_title_signal,,none,not_assessed,none,,jopimpas,1,,0,medium,title_signal:idle_incremental,review_title_inference,1.0.0
www.kongregate.com/games/conceptis/slitherlink-light-vol-1,Slitherlink Light Vol 1,Conceptis,http://www.kongregate.com/games/Conceptis/slitherlink-light-vol-1,1,1,2011-06-29,2011-06-29,,unclassified,,none,,none,not_assessed,none,,conceptis,2,,0,none,,ready,1.0.0
www.kongregate.com/games/jkon2011/smileys,Smileys,jkon2011,http://www.kongregate.com/games/jkon2011/smileys,1,1,2011-06-18,2011-06-18,,unclassified,,none,,none,not_assessed,none,,jkon2011,1,,0,none,,ready,1.0.0
www.kongregate.com/games/johnnyk022181/snappy-shark,Snappy Shark,johnnyk022181,http://www.kongregate.com/games/johnnyk022181/snappy-shark,1,1,2017-06-16,2017-06-16,,unclassified,,none,,none,not_assessed,none,,johnnyk022181,2,,0,none,,ready,1.0.0
www.kongregate.com/games/minininja956/soul-shadows,Soul Shadows,minininja956,http://www.kongregate.com/games/minininja956/soul-shadows,1,1,2016-10-04,2016-10-04,,unclassified,,none,,none,not_assessed,none,,minininja956,6,,0,none,,ready,1.0.0
www.kongregate.com/games/mintteacup/space-breakout,Space Breakout!,mintteacup,http://www.kongregate.com/games/mintteacup/space-breakout,1,1,2016-02-28,2016-02-28,,unclassified,,none,,none,not_assessed,none,,mintteacup,1,,0,none,,ready,1.0.0
www.kongregate.com/games/yellowmen_kit/space-defender-ym,Space Defender YM,Yellowmen_Kit,http://www.kongregate.com/games/Yellowmen_Kit/space-defender-ym,1,1,2016-07-14,2016-07-14,,unclassified,,none,,none,not_assessed,none,,yellowmen-kit,1,,0,none,,ready,1.0.0
www.kongregate.com/games/george2222teodor/space-hero,Space Hero,george2222teodor,http://www.kongregate.com/games/george2222teodor/space-hero,1,1,2016-07-27,2016-07-27,,unclassified,,none,,none,not_assessed,none,,george2222teodor,1,,0,none,,ready,1.0.0
www.kongregate.com/games/listenme02/spacewarrior,SpaceWarrior,listenme02,http://www.kongregate.com/games/listenme02/spacewarrior,1,1,2014-09-12,2014-09-12,,unclassified,,none,,none,not_assessed,none,,listenme02,1,,0,none,,ready,1.0.0
www.kongregate.com/games/314owen/spell-sorter,Spell Sorter,314owen,http://www.kongregate.com/games/314owen/spell-sorter,1,1,2016-08-28,2016-08-28,,unclassified,,none,,none,not_assessed,none,,314owen,1,,0,none,,ready,1.0.0
www.kongregate.com/games/vodier/spookytest,SpookyTest,,http://www.kongregate.com/games/Vodier/spookytest,1,1,2012-11-01,2012-11-01,,unclassified,,none,,none,not_assessed,none,,unknown,252,,0,none,,ready,1.0.0
www.kongregate.com/games/marek123061/square-jump-revision-of-the-icy-tower,Square Jump: Revision of the Icy Tower,marek123061,http://www.kongregate.com/games/marek123061/square-jump-revision-of-the-icy-tower,1,1,2016-09-03,2016-09-03,,unclassified,,none,,none,not_assessed,none,,marek123061,1,,0,none,,ready,1.0.0
www.kongregate.com/games/stafforb_pokemon/stafforbs-worst-pokemon-battle,Stafforb's Worst Pokemon Battle,,http://www.kongregate.com/games/Stafforb_Pokemon/stafforbs-worst-pokemon-battle,1,1,2013-04-11,2013-04-11,,unclassified,,none,,none,not_assessed,none,,unknown,252,,0,none,,ready,1.0.0
www.kongregate.com/games/groady/sucka-swing,Sucka Swing,Groady,http://www.kongregate.com/games/Groady/sucka-swing,1,1,2011-03-23,2011-03-23,,unclassified,,none,,none,not_assessed,none,,groady,1,,0,none,,ready,1.0.0
www.kongregate.com/games/games2win/super-geek-magnet,Super Geek Magnet,Games2win,http://www.kongregate.com/games/Games2win/super-geek-magnet,1,1,2010-10-22,2010-10-22,,unclassified,,none,,none,not_assessed,none,,games2win,1,,0,none,,ready,1.0.0
www.kongregate.com/games/joao8991/superball-idle,SuperBall Idle,joao8991,http://www.kongregate.com/games/joao8991/superball-idle,1,1,2016-03-24,2016-03-24,,idle_incremental,idle_incremental,medium_title_signal,,none,not_assessed,none,,joao8991,2,,0,medium,title_signal:idle_incremental,review_title_inference,1.0.0
www.kongregate.com/games/adry_fab/supervivencia-en-la-selva,Supervivencia en la Selva,adry_fab,http://www.kongregate.com/games/adry_fab/supervivencia-en-la-selva,1,1,2017-10-08,2017-10-08,,unclassified,,none,,none,not_assessed,none,,adry-fab,1,,0,none,,ready,1.0.0
www.kongregate.com/games/jasonnumberxiii/surrounded,Surrounded,JasonNumberXIII,https://www.kongregate.com/games/JasonNumberXIII/surrounded,1,1,2021-11-12,2021-11-12,,unclassified,,none,,none,not_assessed,none,,jasonnumberxiii,2,,0,none,,ready,1.0.0
www.kongregate.com/games/popgals/sweet-doll-makeup,Sweet Doll Makeup,popgals,http://www.kongregate.com/games/popgals/sweet-doll-makeup,1,1,2011-04-09,2011-04-09,,unclassified,,none,,none,not_assessed,none,,popgals,3,,0,none,,ready,1.0.0
www.kongregate.com/games/dasius/tactical-anomaly,Tactical Anomaly,Dasius,http://www.kongregate.com/games/Dasius/tactical-anomaly,1,1,2016-03-07,2016-03-07,,unclassified,,none,,none,not_assessed,none,,dasius,1,,0,none,,ready,1.0.0
www.kongregate.com/games/mymoog/target-practice,Target Practice,mymoog,http://www.kongregate.com/games/mymoog/target-practice,1,1,2010-11-23,2010-11-23,,unclassified,,none,,none,not_assessed,none,,mymoog,1,,0,none,,ready,1.0.0
www.kongregate.com/games/eyewars/test,test,eyewars,https://www.kongregate.com/games/eyewars/test,1,1,2021-01-25,2021-01-25,,unclassified,,none,,none,not_assessed,none,,eyewars,1,,0,none,,ready,1.0.0
www.kongregate.com/games/sandrakim/the-black-envelope,The Black Envelope,,http://www.kongregate.com/games/SandraKim/the-black-envelope,1,1,2014-06-13,2014-06-13,,unclassified,,none,,none,not_assessed,none,,unknown,252,,0,none,,ready,1.0.0
www.kongregate.com/games/silvermediapro/the-experimental-platformer-v1-2b7,The Experimental Platformer (v1.2b7),SilverMediaPro,http://www.kongregate.com/games/SilverMediaPro/the-experimental-platformer-v1-2b7,1,1,2014-11-25,2014-11-25,,unclassified,,none,,none,not_assessed,none,,silvermediapro,1,,0,none,,ready,1.0.0
www.kongregate.com/games/creeptasticman/the-funniest-game-ever,The Funniest Game Ever,Creeptasticman,http://www.kongregate.com/games/Creeptasticman/the-funniest-game-ever,1,1,2014-10-24,2014-10-24,,unclassified,,none,,none,not_assessed,none,,creeptasticman,1,,0,none,,ready,1.0.0
www.kongregate.com/games/drakebrown987/the-monster-dash,The Monster Dash,drakebrown987,http://www.kongregate.com/games/drakebrown987/the-monster-dash,1,1,2014-12-02,2014-12-02,,unclassified,,none,,none,not_assessed,none,,drakebrown987,1,,0,none,,ready,1.0.0
www.kongregate.com/games/sandrakim/the-mysterious-visitor,The Mysterious Visitor,,http://www.kongregate.com/games/SandraKim/the-mysterious-visitor,1,1,2014-06-20,2014-06-20,,unclassified,,none,,none,not_assessed,none,,unknown,252,,0,none,,ready,1.0.0
www.kongregate.com/games/ghostthefi/the-saga-of-the-wind-mobiles,The Saga Of The Wind Mobiles,GhostTheFi,http://www.kongregate.com/games/GhostTheFi/the-saga-of-the-wind-mobiles,1,1,2016-06-29,2016-06-29,,unclassified,,none,,none,not_assessed,none,,ghostthefi,2,,0,none,,ready,1.0.0
www.kongregate.com/games/eternal_vanguard/the-space-commando,The Space Commando,Eternal_Vanguard,http://www.kongregate.com/games/Eternal_Vanguard/the-space-commando,1,1,2017-08-17,2017-08-17,,unclassified,,none,,none,not_assessed,none,,eternal-vanguard,1,,0,none,,ready,1.0.0
www.kongregate.com/games/ernanir/the-world-most-bugged-game,The world most bugged game,ErnaniR,http://www.kongregate.com/games/ErnaniR/the-world-most-bugged-game,1,1,2014-09-14,2014-09-14,,unclassified,,none,,none,not_assessed,none,,ernanir,1,,0,none,,ready,1.0.0
www.kongregate.com/games/deepfriedapple/the-worlds-easiest-maze,The World's Easiest Maze,deepfriedapple,http://www.kongregate.com/games/deepfriedapple/the-worlds-easiest-maze,1,1,2010-10-13,2010-10-13,,unclassified,,none,,none,not_assessed,none,,deepfriedapple,2,,0,none,,ready,1.0.0
www.kongregate.com/games/idaniel95/toeter-shooter,Toeter Shooter,idaniel95,http://www.kongregate.com/games/idaniel95/toeter-shooter,1,1,2014-12-10,2014-12-10,,unclassified,,none,,none,not_assessed,none,,idaniel95,1,,0,none,,ready,1.0.0
www.kongregate.com/games/nevolane/tracesoccer,Tracesoccer,Nevolane,https://www.kongregate.com/games/Nevolane/tracesoccer,1,1,2024-01-17,2024-01-17,strategy-defense,strategy,strategy,high_observed_category,,none,not_assessed,none,,nevolane,1,,0,high,observed_category:strategy,ready,1.0.0
www.kongregate.com/games/fireycoldfc/trance-snake,TrAnCe Snake...,FireyColdFC,http://www.kongregate.com/games/FireyColdFC/trance-snake,1,1,2011-06-26,2011-06-26,,unclassified,,none,,none,not_assessed,none,,fireycoldfc,1,,0,none,,ready,1.0.0
www.kongregate.com/games/enagamess/tricoloma-home,Tricoloma Home,Enagamess,http://www.kongregate.com/games/Enagamess/tricoloma-home,1,1,2017-07-12,2017-07-12,,unclassified,,none,,none,not_assessed,none,,enagamess,68,,0,none,,ready,1.0.0
www.kongregate.com/games/vel_1828/ujet-jetpack-controller-demonstration,uJet - Jetpack Controller Demonstration,Vel_1828,http://www.kongregate.com/games/Vel_1828/ujet-jetpack-controller-demonstration,1,1,2015-09-14,2015-09-14,,unclassified,,none,,none,not_assessed,none,,vel-1828,1,,0,none,,ready,1.0.0
www.kongregate.com/games/dingjun/umbrella-revolution,Umbrella Revolution,dingjun,http://www.kongregate.com/games/dingjun/umbrella-revolution,1,1,2014-10-10,2014-10-10,,unclassified,,none,,none,not_assessed,none,,dingjun,1,,0,none,,ready,1.0.0
www.kongregate.com/games/zeeshahmad/unlock-prototype,Unlock prototype,zeeshahmad,http://www.kongregate.com/games/zeeshahmad/unlock-prototype,1,1,2016-09-16,2016-09-16,,unclassified,,none,,none,not_assessed,none,,zeeshahmad,1,,0,none,,ready,1.0.0
www.kongregate.com/games/wiseguyy/vault-platform,Vault Platform,wiseguyy,http://www.kongregate.com/games/wiseguyy/vault-platform,1,1,2011-07-10,2011-07-10,,unclassified,,none,,none,not_assessed,none,,wiseguyy,1,,0,none,,ready,1.0.0
www.kongregate.com/games/warscrap/warscrap,Warscrap,warscrap,http://www.kongregate.com/games/warscrap/warscrap,1,1,2017-11-06,2017-11-06,,unclassified,,none,,none,not_assessed,none,,warscrap,1,,0,none,,ready,1.0.0
www.kongregate.com/games/bontegames/whats-inside-the-box,What's inside the box?,bontegames,http://www.kongregate.com/games/bontegames/whats-inside-the-box,1,1,2016-05-23,2016-05-23,,unclassified,,none,,none,not_assessed,none,,bontegames,6,,0,none,,ready,1.0.0
www.kongregate.com/games/colburt187/wheelie-legend,Wheelie Legend,colburt187,http://www.kongregate.com/games/colburt187/wheelie-legend,1,1,2014-08-22,2014-08-22,,unclassified,,none,,none,not_assessed,none,,colburt187,2,,0,none,,ready,1.0.0
www.kongregate.com/games/rubblegames/zombie-cannon-attack,Zombie Cannon Attack!,RubbleGames,http://www.kongregate.com/games/RubbleGames/zombie-cannon-attack,1,1,2017-08-23,2017-08-23,,unclassified,,none,,none,not_assessed,none,,rubblegames,1,,0,none,,ready,1.0.0
www.kongregate.com/games/brvasil/zombie-derby-2,Zombie Derby 2,brvasil,http://www.kongregate.com/games/brvasil/zombie-derby-2,1,1,2017-09-13,2017-09-13,,unclassified,,none,,none,not_assessed,none,,brvasil,9,,0,none,,ready,1.0.0
www.kongregate.com/games/pania/zoomer-shoot-the-stars,Zoomer - Shoot the Stars,pania,http://www.kongregate.com/games/pania/zoomer-shoot-the-stars,1,1,2011-06-05,2011-06-05,,unclassified,,none,,none,not_assessed,none,,pania,1,,0,none,,ready,1.0.0
www.kongregate.com/games/ironhidegames/kingdom-rush-frontiers,Kingdom Rush Frontiers,Ironhidegames,http://www.kongregate.com/games/Ironhidegames/kingdom-rush-frontiers,2,1184,2014-01-22,2014-01-22,tower-defense; strategy; strategy-defense,tower_defense,strategy; tower_defense,high_observed_category,,none,not_assessed,none,,ironhidegames,2,,0,high,observed_category:tower_defense,ready,1.0.0
www.kongregate.com/games/greyhavens/spiral-knights,Spiral Knights,GreyHavens,http://www.kongregate.com/games/SpiralKnights/spiral-knights,2,444,2012-03-21,2012-03-21,adventure,adventure,adventure,high_observed_category,,none,not_assessed,none,,greyhavens,1,,0,high,observed_category:adventure,ready,1.0.0
www.kongregate.com/games/tacticsoft/supermechs,Supermechs,Tacticsoft,http://www.kongregate.com/games/Tacticsoft/supermechs,2,391,2016-06-05,2016-06-05,shooter; strategy,shooter,shooter; strategy,high_observed_category,,none,not_assessed,none,,tacticsoft,1,,0,high,observed_category:shooter,ready,1.0.0
www.kongregate.com/games/iriysoft/cursed-treasure-level-pack,Cursed Treasure: Level Pack!,IriySoft,http://www.kongregate.com/games/IriySoft/cursed-treasure-level-pack,2,375,2011-05-13,2011-05-06,tower-defense; strategy; strategy-defense,tower_defense,strategy; tower_defense,high_observed_category,,none,not_assessed,none,,iriysoft,7,,0,high,observed_category:tower_defense,ready,1.0.0
www.kongregate.com/games/ninjakiwi/bloons-tower-defense-4,Bloons Tower Defense 4,Ninjakiwi,http://www.kongregate.com/games/Ninjakiwi/bloons-tower-defense-4,2,364,2010-03-16,2010-03-16,tower-defense; strategy; strategy-defense,tower_defense,strategy; tower_defense,high_observed_category,,none,not_assessed,none,,ninjakiwi,11,ninjakiwi:bloons-tower-defense,3,high,observed_category:tower_defense; same_developer_series_stem,ready,1.0.0
www.kongregate.com/games/criticalforceet/counter-strike-web-browser-based-port-v2,CS Portable,CriticalForceEt,http://www.kongregate.com/games/CriticalForceEt/counter-strike-web-browser-based-port-v2,2,297,2012-11-04,2011-12-06,shooter,shooter,shooter,high_observed_category,,none,not_assessed,none,,criticalforceet,1,,0,high,observed_category:shooter,ready,1.0.0
www.kongregate.com/games/xmmmx99/the-perfect-tower,The Perfect Tower,XmmmX99,https://www.kongregate.com/games/XmmmX99/the-perfect-tower,2,279,2016-03-30,2016-03-10,idle; tower-defense; strategy,tower_defense,idle_incremental; strategy; tower_defense,high_observed_category,idle_progression,high_observed_category,not_assessed,none,,xmmmx99,1,,0,high,observed_category:tower_defense; observed_category:idle,ready,1.0.0
www.kongregate.com/games/armorgames/balloon-in-a-wasteland,Balloon in a Wasteland,ArmorGames,http://www.kongregate.com/games/ArmorGames/balloon-in-a-wasteland,2,230,2010-07-29,2010-02-11,shooter,shooter,shooter,high_observed_category,,none,not_assessed,none,,armorgames,22,,0,high,observed_category:shooter,ready,1.0.0
www.kongregate.com/games/addisonr/raze,Raze,Addisonr,http://www.kongregate.com/games/Addisonr/raze,2,209,2011-04-24,2011-04-24,shooter,shooter,shooter,high_observed_category,,none,not_assessed,none,,addisonr,1,,0,high,observed_category:shooter,ready,1.0.0
www.kongregate.com/games/armorgames/upgrade-complete-2,Upgrade Complete 2,ArmorGames,http://www.kongregate.com/games/ArmorGames/upgrade-complete-2,2,205,2011-04-24,2011-04-24,shooter,shooter,shooter,high_observed_category,,none,not_assessed,none,,armorgames,22,armorgames:upgrade-complete,2,high,observed_category:shooter; same_developer_series_stem,ready,1.0.0
www.kongregate.com/games/juicetin/strike-force-heroes,Strike Force Heroes,JuiceTin,https://www.kongregate.com/games/JuiceTin/strike-force-heroes,2,149,2013-02-26,2013-02-26,shooter,shooter,shooter,high_observed_category,,none,not_assessed,none,,juicetin,2,juicetin:strike-force-heroes,2,high,observed_category:shooter; same_developer_series_stem,ready,1.0.0
www.kongregate.com/games/twinklestargames/electric-box-2,Electric Box 2,TwinkleStarGames,http://www.kongregate.com/games/TwinkleStarGames/electric-box-2,2,137,2010-10-07,2010-10-07,puzzle,puzzle,puzzle,high_observed_category,,none,not_assessed,none,,twinklestargames,2,twinklestargames:electric-box,2,high,observed_category:puzzle; same_developer_series_stem,ready,1.0.0
www.kongregate.com/games/thegamehomepage/red-remover,Red Remover,TheGameHomepage,http://www.kongregate.com/games/TheGameHomepage/red-remover,2,134,2010-05-29,2010-05-29,puzzle,puzzle,puzzle,high_observed_category,,none,not_assessed,none,,thegamehomepage,3,,0,high,observed_category:puzzle,ready,1.0.0
www.kongregate.com/games/iriysoft/cursed-treasure,Cursed Treasure,IriySoft,https://www.kongregate.com/games/IriySoft/cursed-treasure,2,130,2019-09-28,2019-07-29,tower-defense; strategy; strategy-defense,tower_defense,strategy; tower_defense,high_observed_category,,none,not_assessed,none,,iriysoft,7,iriysoft:cursed-treasure,2,high,observed_category:tower_defense; same_developer_series_stem,ready,1.0.0
www.kongregate.com/games/arawkins/dolphin-olympics-2,Dolphin Olympics 2,arawkins,http://www.kongregate.com/games/arawkins/dolphin-olympics-2,2,128,2007-12-08,2007-11-01,sports-racing,sports_racing,sports_racing,high_observed_category,,none,not_assessed,none,,arawkins,1,,0,high,observed_category:sports_racing,ready,1.0.0
www.kongregate.com/games/sarahnorthway/rebuild-2,Rebuild 2,sarahnorthway,http://www.kongregate.com/games/sarahnorthway/rebuild-2,2,91,2011-10-16,2011-10-16,strategy,strategy,strategy,high_observed_category,,none,not_assessed,none,,sarahnorthway,2,,0,high,observed_category:strategy,ready,1.0.0
www.kongregate.com/games/conartists/the-last-stand,The Last Stand,ConArtists,http://www.kongregate.com/games/ConArtists/the-last-stand,2,86,2007-05-15,2007-05-15,action,action,action,high_observed_category,,none,not_assessed,none,,conartists,4,conartists:the-last-stand,2,high,observed_category:action; same_developer_series_stem,ready,1.0.0
www.kongregate.com/games/undefined/protector,Protector,undefined,http://www.kongregate.com/games/undefined/protector,2,80,2008-03-02,2008-02-04,tower-defense,tower_defense,tower_defense,high_observed_category,,none,not_assessed,none,,undefined,4,,0,high,observed_category:tower_defense,ready,1.0.0
www.kongregate.com/games/flyanvil/decision,Decision,FlyAnvil,https://www.kongregate.com/en/games/FlyAnvil/decision,2,68,2012-03-21,2012-03-15,shooter; strategy,shooter,shooter; strategy,high_observed_category,,none,not_assessed,none,,flyanvil,5,,0,high,observed_category:shooter,ready,1.0.0
www.kongregate.com/games/conartists/the-last-stand-dead-zone,The Last Stand: Dead Zone,ConArtists,http://www.kongregate.com/games/ConArtists/the-last-stand-dead-zone,2,66,2013-01-16,2013-01-16,strategy,strategy,strategy,high_observed_category,,none,not_assessed,none,,conartists,4,,0,high,observed_category:strategy,ready,1.0.0
www.kongregate.com/games/locos/youkongregate,YouKongregate,locos,http://www.kongregate.com/games/locos/youkongregate,2,62,2011-02-09,2009-08-17,idle; more,idle_incremental,idle_incremental; other,high_observed_category,idle_progression,high_observed_category,not_assessed,none,,locos,2,,0,high,observed_category:idle_incremental; observed_category:idle,ready,1.0.0
www.kongregate.com/games/kchamp/shellshock-live-2,ShellShock Live 2,kChamp,http://www.kongregate.com/games/kChamp/shellshock-live-2,2,60,2012-12-02,2012-12-02,strategy; multiplayer,strategy,multiplayer; strategy,high_observed_category,online_multiplayer,high_observed_category,not_assessed,none,,kchamp,2,,0,high,observed_category:strategy; observed_category:multiplayer,ready,1.0.0
www.kongregate.com/games/master_machines/music-quest,Music Quest,master_machines,http://www.kongregate.com/games/master_machines/music-quest,2,57,2011-08-04,2011-02-10,idle; more,idle_incremental,idle_incremental; other,high_observed_category,idle_progression,high_observed_category,not_assessed,none,,master-machines,2,,0,high,observed_category:idle_incremental; observed_category:idle,ready,1.0.0
www.kongregate.com/games/synapticon/tyrant-unleashed-web,Tyrant Unleashed,synapticon,https://www.kongregate.com/games/synapticon/tyrant-unleashed-web,2,54,2014-12-17,2014-04-30,multiplayer; card; mmo,card_strategy,card_strategy; multiplayer; role_playing,high_observed_category,massively_multiplayer; online_multiplayer; persistent_card_game,high_observed_category,publisher_portfolio_candidate,medium_curated_publisher,publisher_signal:synapticon,synapticon,3,,0,high,observed_category:card_strategy; observed_category:mmo; observed_category:multiplayer; observed_category:card; publisher_signal:synapticon,review_social_platform,1.0.0
www.kongregate.com/games/aquiris/ballistic,Ballistic,aquiris,http://www.kongregate.com/games/aquiris/ballistic,2,51,2015-05-27,2015-05-27,shooter,shooter,shooter,high_observed_category,,none,not_assessed,none,,aquiris,1,,0,high,observed_category:shooter,ready,1.0.0
www.kongregate.com/games/bontegames/factory-balls-forever,Factory Balls forever,bontegames,https://www.kongregate.com/games/bontegames/factory-balls-forever,2,51,2020-01-02,2019-12-11,puzzle,puzzle,puzzle,high_observed_category,,none,not_assessed,none,,bontegames,6,,0,high,observed_category:puzzle,ready,1.0.0
www.kongregate.com/games/senekis93/badge-master,Badge Master,Senekis93,http://www.kongregate.com/games/Senekis93/badge-master,2,50,2011-10-20,2011-10-20,more,other,other,high_observed_category,,none,not_assessed,none,,senekis93,1,,0,high,observed_category:other,ready,1.0.0
www.kongregate.com/games/conartists/the-last-stand-union-city,The Last Stand: Union City,ConArtists,http://www.kongregate.com/games/ConArtists/the-last-stand-union-city,2,48,2011-10-01,2011-10-01,adventure; adventure-rpg,role_playing,adventure; role_playing,high_observed_category,,none,not_assessed,none,,conartists,4,,0,high,observed_category:role_playing,ready,1.0.0
www.kongregate.com/games/alexmatveev/3d-logic-2-stronghold-of-sage,3D Logic 2: Stronghold of Sage,AlexMatveev,http://www.kongregate.com/games/AlexMatveev/3d-logic-2-stronghold-of-sage,2,47,2007-11-05,2007-11-05,puzzle,puzzle,puzzle,high_observed_category,,none,not_assessed,none,,alexmatveev,2,,0,high,observed_category:puzzle,ready,1.0.0
www.kongregate.com/games/icylime/multitask,Multitask,IcyLime,https://www.kongregate.com/games/IcyLime/multitask,2,47,2019-09-28,2009-08-06,action,action,action,high_observed_category,,none,not_assessed,none,,icylime,1,,0,high,observed_category:action,ready,1.0.0
www.kongregate.com/games/raius_/the-journey-home,The Journey Home,Raius_,https://www.kongregate.com/games/Raius_/the-journey-home,2,44,2021-06-20,2016-06-08,action,action,action,high_observed_category,,none,not_assessed,none,,raius,1,,0,high,observed_category:action,ready,1.0.0
www.kongregate.com/games/armorgames/shift-2,SHIFT 2,ArmorGames,http://www.kongregate.com/games/ArmorGames/shift-2,2,43,2008-04-21,2008-04-21,puzzle,puzzle,puzzle,high_observed_category,,none,not_assessed,none,,armorgames,22,,0,high,observed_category:puzzle,ready,1.0.0
www.kongregate.com/games/armorgames/epic-combo,Epic Combo!,ArmorGames,http://www.kongregate.com/games/ArmorGames/epic-combo,2,41,2011-08-04,2010-10-21,idle; more,idle_incremental,idle_incremental; other,high_observed_category,idle_progression,high_observed_category,not_assessed,none,,armorgames,22,,0,high,observed_category:idle_incremental; observed_category:idle,ready,1.0.0
www.kongregate.com/games/asriel343/madnes-project-nexus-party-mod-iii,Madnes Project Nexus Party mod III,Asriel343,https://www.kongregate.com/en/games/Asriel343/madnes-project-nexus-party-mod-iii,2,41,2023-09-11,2018-09-06,shooter,shooter,shooter,high_observed_category,,none,not_assessed,none,,asriel343,1,,0,high,observed_category:shooter,ready,1.0.0
www.kongregate.com/games/berzerkstudio/the-peacekeeper,The Peacekeeper,BerzerkStudio,https://www.kongregate.com/en/games/BerzerkStudio/the-peacekeeper,2,41,2020-11-07,2013-07-10,shooter,shooter,shooter,high_observed_category,,none,not_assessed,none,,berzerkstudio,5,,0,high,observed_category:shooter,ready,1.0.0
www.kongregate.com/games/rete/villainous,Villainous,Rete,http://www.kongregate.com/games/Rete/villainous,2,41,2011-06-30,2011-06-30,adventure; strategy,strategy,adventure; strategy,high_observed_category,,none,not_assessed,none,,rete,1,,0,high,observed_category:strategy,ready,1.0.0
www.kongregate.com/games/djstatika/warlords-call-to-arms,Warlords: Call to Arms,DJStatika,http://www.kongregate.com/games/DJStatika/warlords-call-to-arms,2,39,2008-04-21,2008-04-01,strategy-defense,strategy,strategy,high_observed_category,,none,not_assessed,none,,djstatika,2,,0,high,observed_category:strategy,ready,1.0.0
www.kongregate.com/games/simonhason/tactical-assassin-2,Tactical Assassin 2,simonhason,http://www.kongregate.com/games/simonhason/tactical-assassin-2,2,34,2008-06-06,2008-06-06,shooter,shooter,shooter,high_observed_category,,none,not_assessed,none,,simonhason,3,simonhason:tactical-assassin,2,high,observed_category:shooter; same_developer_series_stem,ready,1.0.0
www.kongregate.com/games/dampgnat/wonderputt,Wonderputt,dampgnat,https://www.kongregate.com/games/dampgnat/wonderputt,2,22,2018-02-08,2011-08-10,sports-racing,sports_racing,sports_racing,high_observed_category,,none,not_assessed,none,,dampgnat,1,,0,high,observed_category:sports_racing,ready,1.0.0
www.kongregate.com/games/dragonsofthevoid/dragons-of-the-void,Dragons of the Void,DragonsOfTheVoid,https://www.kongregate.com/games/DragonsOfTheVoid/dragons-of-the-void,2,21,2024-01-17,2023-02-22,multiplayer,multiplayer,multiplayer,high_observed_category,online_multiplayer,high_observed_category,not_assessed,none,,dragonsofthevoid,1,,0,high,observed_category:multiplayer; observed_category:multiplayer,ready,1.0.0
www.kongregate.com/games/pixeljamgames/gamma-bros,Gamma Bros,pixeljamgames,http://www.kongregate.com/games/pixeljamgames/gamma-bros,2,19,2007-01-20,2007-01-20,,unclassified,,none,,none,not_assessed,none,,pixeljamgames,3,,0,none,,ready,1.0.0
www.kongregate.com/games/badim/musaic-box,Musaic Box,Badim,http://www.kongregate.com/games/Badim/musaic-box,2,19,2012-02-11,2012-02-11,puzzle,puzzle,puzzle,high_observed_category,,none,not_assessed,none,,badim,2,,0,high,observed_category:puzzle,ready,1.0.0
www.kongregate.com/games/richpixel/micro-siege,Micro Siege,richpixel,http://www.kongregate.com/games/richpixel/micro-siege,2,17,2007-01-20,2007-01-20,,unclassified,,none,,none,not_assessed,none,,richpixel,3,,0,none,,ready,1.0.0
www.kongregate.com/games/silengames/mushroom-madness-3,Mushroom Madness 3,SilenGames,http://www.kongregate.com/games/SilenGames/mushroom-madness-3,2,12,2011-11-11,2011-11-04,shooter,shooter,shooter,high_observed_category,,none,not_assessed,none,,silengames,3,,0,high,observed_category:shooter,ready,1.0.0
www.kongregate.com/games/robotogames/age-of-rivals,Age of Rivals,RobotoGames,https://www.kongregate.com/en/games/RobotoGames/age-of-rivals,2,11,2019-10-17,2016-10-13,multiplayer; card,card_strategy,card_strategy; multiplayer,high_observed_category,online_multiplayer; persistent_card_game,high_observed_category,not_assessed,none,,robotogames,1,,0,high,observed_category:card_strategy; observed_category:multiplayer; observed_category:card,ready,1.0.0
www.kongregate.com/games/siread/new-star-soccer,New Star Soccer,siread,http://www.kongregate.com/games/siread/new-star-soccer,2,11,2012-04-19,2012-04-19,sports-racing,sports_racing,sports_racing,high_observed_category,,none,not_assessed,none,,siread,2,,0,high,observed_category:sports_racing,ready,1.0.0
www.kongregate.com/games/vasantj/medieval-cop-9-song-silence-part-2,Medieval Cop 9 -Song & Silence- (Part 2),VasantJ,https://www.kongregate.com/games/VasantJ/medieval-cop-9-song-silence-part-2,2,10,2019-11-07,2019-11-07,puzzle,puzzle,puzzle,high_observed_category,,none,not_assessed,none,,vasantj,20,vasantj:medieval-cop-9-song-silence,2,high,observed_category:puzzle; same_developer_series_stem,ready,1.0.0
www.kongregate.com/games/armorgames/shift-3,SHIFT 3,ArmorGames,http://www.kongregate.com/games/ArmorGames/shift-3,2,10,2008-11-02,2008-11-02,puzzle,puzzle,puzzle,high_observed_category,,none,not_assessed,none,,armorgames,22,,0,high,observed_category:puzzle,ready,1.0.0
www.kongregate.com/games/ferx_zero/paper-knight-quest,Paper Knight Quest,ferx_zero,https://www.kongregate.com/en/games/ferx_zero/paper-knight-quest,2,9,2026-01-03,2017-03-23,multiplayer; mmo,role_playing,multiplayer; role_playing,high_observed_category,massively_multiplayer; online_multiplayer,high_observed_category,not_assessed,none,,ferx-zero,1,,0,high,observed_category:role_playing; observed_category:mmo; observed_category:multiplayer,ready,1.0.0
www.kongregate.com/games/marcperspective/daft-punk-soundboard,Daft Punk Soundboard,marcperspective,https://www.kongregate.com/games/marcperspective/daft-punk-soundboard,2,6,2023-04-25,2023-04-25,more,other,other,high_observed_category,,none,not_assessed,none,,marcperspective,1,,0,high,observed_category:other,ready,1.0.0
www.kongregate.com/games/armorgames/achievement-unlocked-2,Achievement Unlocked 2,ArmorGames,https://www.kongregate.com/en/games/ArmorGames/achievement-unlocked-2,2,5,2018-02-02,2010-08-19,more,other,other,high_observed_category,,none,not_assessed,none,,armorgames,22,armorgames:achievement-unlocked,3,high,observed_category:other; same_developer_series_stem,ready,1.0.0
www.kongregate.com/games/lionga/kongregate-avatar-creator-contest,Kongregate Avatar Creator CONTEST,,https://www.kongregate.com/en/games/Lionga/kongregate-avatar-creator-contest,2,4,2026-02-21,2010-01-01,more,other,other,high_observed_category,,none,not_assessed,none,,unknown,252,,0,high,observed_category:other,ready,1.0.0
www.kongregate.com/games/vasantj/medieval-chronicles-8,Medieval Chronicles 8,VasantJ,https://www.kongregate.com/games/VasantJ/medieval-chronicles-8,2,4,2020-03-02,2020-03-02,puzzle,puzzle,puzzle,high_observed_category,,none,not_assessed,none,,vasantj,20,vasantj:medieval-chronicles,8,high,observed_category:puzzle; same_developer_series_stem,ready,1.0.0
www.kongregate.com/games/szrylmz/3d-zombie-hell,3D Zombie Hell,szrylmz,http://www.kongregate.com/games/szrylmz/3d-zombie-hell,2,2,2014-09-19,2014-09-19,,unclassified,,none,,none,not_assessed,none,,szrylmz,1,,0,none,,ready,1.0.0
www.kongregate.com/games/armorgames/achievement-unlocked-3,Achievement Unlocked 3,ArmorGames,http://www.kongregate.com/games/ArmorGames/achievement-unlocked-3,2,2,2012-06-06,2012-06-06,puzzle,puzzle,puzzle,high_observed_category,,none,not_assessed,none,,armorgames,22,armorgames:achievement-unlocked,3,high,observed_category:puzzle; same_developer_series_stem,ready,1.0.0
www.kongregate.com/games/hundredhands/colorize,Colorize,HundredHands,http://www.kongregate.com/games/HundredHands/colorize,2,2,2014-09-14,2014-09-14,,unclassified,,none,,none,not_assessed,none,,hundredhands,1,,0,none,,ready,1.0.0
www.kongregate.com/games/tresensa/fruit-frenzy,Fruit Frenzy,TreSensa,http://www.kongregate.com/games/TreSensa/fruit-frenzy,2,2,2014-10-17,2014-10-17,,unclassified,,none,,none,not_assessed,none,,tresensa,4,,0,none,,ready,1.0.0
www.kongregate.com/games/unclebadges/i-hate-you-all,I hate you all. :),UncleBadges,http://www.kongregate.com/games/UncleBadges/i-hate-you-all,2,2,2014-08-08,2014-08-08,,unclassified,,none,,none,not_assessed,none,,unclebadges,1,,0,none,,ready,1.0.0
www.kongregate.com/games/unmediocre/murloc-rpg-stranglethorn-fever,Murloc RPG: Strangleth...,GamerDisclaimer,http://www.kongregate.com/games/unmediocre/murloc-rpg-stranglethorn-fever,2,2,2011-02-09,2011-02-09,,role_playing,role_playing,medium_title_signal,,none,not_assessed,none,,gamerdisclaimer,1,,0,medium,title_signal:role_playing,review_title_inference,1.0.0
www.kongregate.com/games/qwertybeef/the-game-chat,"""The Game"" Chat",Qwertybeef,http://www.kongregate.com/games/Qwertybeef/the-game-chat,2,1,2011-08-05,2011-08-05,,unclassified,,none,,none,not_assessed,none,,qwertybeef,1,,0,none,,ready,1.0.0
www.kongregate.com/games/mateuszskutnik/10-gnomes-in-liege,10 Gnomes in Liege,MateuszSkutnik,http://www.kongregate.com/games/MateuszSkutnik/10-gnomes-in-liege,2,1,2011-06-01,2011-06-01,,unclassified,,none,,none,not_assessed,none,,mateuszskutnik,4,,0,none,,ready,1.0.0
www.kongregate.com/games/davodavo360/100-balls-online,100 balls online,,http://www.kongregate.com/games/davodavo360/100-balls-online,2,1,2014-06-13,2014-06-13,,unclassified,,none,,none,not_assessed,none,,unknown,252,,0,none,,ready,1.0.0
www.kongregate.com/games/hrishi29x/a-pirate-adventure,A Pirate Adventure,hrishi29x,http://www.kongregate.com/games/hrishi29x/a-pirate-adventure,2,1,2014-10-31,2014-10-31,,unclassified,,none,,none,not_assessed,none,,hrishi29x,1,,0,none,,ready,1.0.0
www.kongregate.com/games/darkknight749/alien-guard-2,Alien Guard 2,darkknight749,http://www.kongregate.com/games/darkknight749/alien-guard-2,2,1,2010-12-23,2010-12-23,,unclassified,,none,,none,not_assessed,none,,darkknight749,1,,0,none,,ready,1.0.0
www.kongregate.com/games/chrisjmarino/ancient-greece-the-impossible-task,Ancient Greece: The Impossible Task,chrisjmarino,http://www.kongregate.com/games/chrisjmarino/ancient-greece-the-impossible-task,2,1,2016-02-28,2016-02-28,,unclassified,,none,,none,not_assessed,none,,chrisjmarino,1,,0,none,,ready,1.0.0
www.kongregate.com/games/vladua/angry-animals,Angry Animals,VladUA,http://www.kongregate.com/games/VladUA/angry-animals,2,1,2011-03-29,2011-03-29,,unclassified,,none,,none,not_assessed,none,,vladua,1,,0,none,,ready,1.0.0
www.kongregate.com/games/mylittle1/animator-vs-animation-beta,Animator Vs Animation (BETA),MyLittle1,http://www.kongregate.com/games/MyLittle1/animator-vs-animation-beta,2,1,2015-09-09,2015-09-09,,unclassified,,none,,none,not_assessed,none,,mylittle1,1,,0,none,,ready,1.0.0
www.kongregate.com/games/stafforb_pokemon/another-of-stafforbs-pokemon-battles,Another of Stafforb's Pokemon Battles.,,http://www.kongregate.com/games/Stafforb_Pokemon/another-of-stafforbs-pokemon-battles,2,1,2013-04-11,2013-04-11,,unclassified,,none,,none,not_assessed,none,,unknown,252,,0,none,,ready,1.0.0
www.kongregate.com/games/playhardstudios/another-platform-game,Another Platform Game,PlayHardStudios,http://www.kongregate.com/games/PlayHardStudios/another-platform-game,2,1,2016-10-30,2016-10-30,,unclassified,,none,,none,not_assessed,none,,playhardstudios,1,,0,none,,ready,1.0.0
www.kongregate.com/games/vitalitygames/army-parking-mania,Army Parking Mania,vitalitygames,http://www.kongregate.com/games/vitalitygames/army-parking-mania,2,1,2016-05-23,2016-05-23,,unclassified,,none,,none,not_assessed,none,,vitalitygames,9,,0,none,,ready,1.0.0
www.kongregate.com/games/allpremiumgames/army-speeder,Army Speeder,allpremiumgames,http://www.kongregate.com/games/allpremiumgames/army-speeder,2,1,2010-11-08,2010-11-08,,unclassified,,none,,none,not_assessed,none,,allpremiumgames,3,,0,none,,ready,1.0.0
www.kongregate.com/games/dserrano3/arrows,Arrows,dserrano3,http://www.kongregate.com/games/dserrano3/arrows,2,1,2011-03-15,2011-03-15,,unclassified,,none,,none,not_assessed,none,,dserrano3,1,,0,none,,ready,1.0.0
www.kongregate.com/games/natalibt/aston-martin-hidden-wheels,Aston Martin Hidden Wheels,natalibt,http://www.kongregate.com/games/natalibt/aston-martin-hidden-wheels,2,1,2016-05-24,2016-05-24,,unclassified,,none,,none,not_assessed,none,,natalibt,15,,0,none,,ready,1.0.0
www.kongregate.com/games/wowsomegames/baby-talking-tom-bathing,Baby Talking Tom Bathing,wowsomegames,http://www.kongregate.com/games/wowsomegames/baby-talking-tom-bathing,2,1,2014-09-12,2014-09-12,,unclassified,,none,,none,not_assessed,none,,wowsomegames,4,,0,none,,ready,1.0.0
www.kongregate.com/games/harprasadbharti/ball-impact,Ball Impact,,http://www.kongregate.com/games/harprasadbharti/ball-impact,2,1,2014-08-01,2014-08-01,,unclassified,,none,,none,not_assessed,none,,unknown,252,,0,none,,ready,1.0.0
www.kongregate.com/games/sherondale13/ballamos,Ballamos,SherOnDale13,http://www.kongregate.com/games/SherOnDale13/ballamos,2,1,2016-09-23,2016-09-23,,unclassified,,none,,none,not_assessed,none,,sherondale13,1,,0,none,,ready,1.0.0
www.kongregate.com/games/jaime2310/battle-for-gondor,Battle For Gondor,jaime2310,http://www.kongregate.com/games/jaime2310/battle-for-gondor,2,1,2011-04-09,2011-04-08,,unclassified,,none,,none,not_assessed,none,,jaime2310,2,,0,none,,ready,1.0.0
www.kongregate.com/games/israelmaiden6/billy-jump,Billy jump,israelmaiden6,http://www.kongregate.com/games/israelmaiden6/billy-jump,2,1,2015-12-05,2015-12-05,,unclassified,,none,,none,not_assessed,none,,israelmaiden6,1,,0,none,,ready,1.0.0
www.kongregate.com/games/runvsgamedev/binary-switcher,Binary Switcher,runvsgamedev,http://www.kongregate.com/games/runvsgamedev/binary-switcher,2,1,2017-06-04,2017-06-04,,unclassified,,none,,none,not_assessed,none,,runvsgamedev,1,,0,none,,ready,1.0.0
www.kongregate.com/games/uramin/blobs-temple-adventure,Blobs Temple Adventure!,Uramin,http://www.kongregate.com/games/Uramin/blobs-temple-adventure,2,1,2014-11-25,2014-11-25,,unclassified,,none,,none,not_assessed,none,,uramin,1,,0,none,,ready,1.0.0
www.kongregate.com/games/ashcrimsonel/booga,Booga,AshCrimsonEL,http://www.kongregate.com/games/AshCrimsonEL/booga,2,1,2017-10-24,2017-10-24,,unclassified,,none,,none,not_assessed,none,,ashcrimsonel,1,,0,none,,ready,1.0.0
www.kongregate.com/games/linziogame/bottle-crash-deluxe,Bottle Crash Deluxe,LinzioGame,http://www.kongregate.com/games/LinzioGame/bottle-crash-deluxe,2,1,2016-08-28,2016-08-28,,unclassified,,none,,none,not_assessed,none,,linziogame,1,,0,none,,ready,1.0.0
www.kongregate.com/games/thales00/bot-o-portugues,Botão(Portugues),thales00,http://www.kongregate.com/games/thales00/bot-o-portugues,2,1,2011-03-11,2011-03-11,,unclassified,,none,,none,not_assessed,none,,thales00,1,,0,none,,ready,1.0.0
www.kongregate.com/games/games2rule/brainy-bricks,Brainy Bricks,games2rule,http://www.kongregate.com/games/games2rule/brainy-bricks,2,1,2011-08-13,2011-08-13,,unclassified,,none,,none,not_assessed,none,,games2rule,21,,0,none,,ready,1.0.0
www.kongregate.com/games/supercooldev/britains-best-brain,Britain's Best Brain,SupercoolDev,http://www.kongregate.com/games/SupercoolDev/britains-best-brain,2,1,2009-10-14,2009-10-14,,unclassified,,none,,none,not_assessed,none,,supercooldev,1,,0,none,,ready,1.0.0
www.kongregate.com/games/thunderstorm38/britney-spears-vs-child-servisous,Britney Spears vs Child Servisous,thunderstorm38,http://www.kongregate.com/games/thunderstorm38/britney-spears-vs-child-servisous,2,1,2017-07-20,2017-07-20,,unclassified,,none,,none,not_assessed,none,,thunderstorm38,6,,0,none,,ready,1.0.0
www.kongregate.com/games/warstrider/bullfrogs,Bullfrogs,Warstrider,http://www.kongregate.com/games/Warstrider/bullfrogs,2,1,2021-01-25,2021-01-25,,unclassified,,none,,none,not_assessed,none,,warstrider,2,,0,none,,ready,1.0.0
www.kongregate.com/games/loogames/butterscotch-cookies,Butterscotch Cookies,,http://www.kongregate.com/games/loogames/butterscotch-cookies,2,1,2014-06-06,2014-06-06,,unclassified,,none,,none,not_assessed,none,,unknown,252,,0,none,,ready,1.0.0
www.kongregate.com/games/swipefaststudios/button-game-adventure,Button Game Adventure,swipefaststudios,http://www.kongregate.com/games/swipefaststudios/button-game-adventure,2,1,2015-09-03,2015-09-03,,unclassified,,none,,none,not_assessed,none,,swipefaststudios,1,,0,none,,ready,1.0.0
www.kongregate.com/games/vitalitygames/car-drift-racers,Car Drift Racers,vitalitygames,http://www.kongregate.com/games/vitalitygames/car-drift-racers,2,1,2017-06-15,2017-06-15,,unclassified,,none,,none,not_assessed,none,,vitalitygames,9,,0,none,,ready,1.0.0
www.kongregate.com/games/maxwell06/caralhinhos-voadores-age-of-delicia,Caralhinhos Voadores - Age Of Delicia,maxwell06,http://www.kongregate.com/games/maxwell06/caralhinhos-voadores-age-of-delicia,2,1,2014-10-03,2014-10-03,,unclassified,,none,,none,not_assessed,none,,maxwell06,1,,0,none,,ready,1.0.0
www.kongregate.com/games/myplayyard/cat-around-the-world-alipne-lakes,Cat around the world - Alipne Lakes,myplayyard,http://www.kongregate.com/games/myplayyard/cat-around-the-world-alipne-lakes,2,1,2016-03-24,2016-03-24,,unclassified,,none,,none,not_assessed,none,,myplayyard,3,,0,none,,ready,1.0.0
www.kongregate.com/games/outgg/cat-drop,Cat Drop,OutGG,http://www.kongregate.com/games/OutGG/cat-drop,2,1,2016-09-03,2016-09-03,,unclassified,,none,,none,not_assessed,none,,outgg,1,,0,none,,ready,1.0.0
www.kongregate.com/games/tresensa/cat-vs-granny,Cat vs Granny,,http://www.kongregate.com/games/TreSensa/cat-vs-granny,2,1,2014-07-25,2014-07-25,,unclassified,,none,,none,not_assessed,none,,unknown,252,,0,none,,ready,1.0.0
www.kongregate.com/games/inventor_123/changetype,changetype(),inventor_123,http://www.kongregate.com/games/inventor_123/changetype,2,1,2015-09-30,2015-09-30,,unclassified,,none,,none,not_assessed,none,,inventor-123,2,,0,none,,ready,1.0.0
www.kongregate.com/games/nic233/checkers-5000,Checkers 5000,,http://www.kongregate.com/games/nic233/checkers-5000,2,1,2012-11-05,2012-11-05,,unclassified,,none,,none,not_assessed,none,,unknown,252,,0,none,,ready,1.0.0
www.kongregate.com/games/mafagames/cherrie-new-spring-trends,Cherrie New Spring Trends,mafagames,http://www.kongregate.com/games/mafagames/cherrie-new-spring-trends,2,1,2017-08-25,2017-08-25,,unclassified,,none,,none,not_assessed,none,,mafagames,41,,0,none,,ready,1.0.0
www.kongregate.com/games/natalibt/chevrolet-cruze-puzzle,Chevrolet Cruze Puzzle,natalibt,http://www.kongregate.com/games/natalibt/chevrolet-cruze-puzzle,2,1,2016-10-10,2016-10-10,,unclassified,,none,,none,not_assessed,none,,natalibt,15,,0,none,,ready,1.0.0
www.kongregate.com/games/papercup/chuck-norris-mmorpg,Chuck Norris MMORPG,PaperCup,http://www.kongregate.com/games/PaperCup/chuck-norris-mmorpg,2,1,2011-07-17,2011-07-17,,unclassified,,none,massively_multiplayer_title_signal,medium_title_signal,not_assessed,none,,papercup,4,,0,medium,title_signal:mmo,review_title_inference,1.0.0
www.kongregate.com/games/jumpo102006/class-roompuzzle,Class RoomPuzzle,jumpo102006,http://www.kongregate.com/games/jumpo102006/class-roompuzzle,2,1,2016-01-25,2016-01-25,,unclassified,,none,,none,not_assessed,none,,jumpo102006,1,,0,none,,ready,1.0.0
www.kongregate.com/games/jumesb/classical-pong,Classical Pong,JumesB,http://www.kongregate.com/games/JumesB/classical-pong,2,1,2016-03-20,2016-03-20,,unclassified,,none,,none,not_assessed,none,,jumesb,1,,0,none,,ready,1.0.0
www.kongregate.com/games/nicolewatterson/countryballs-4,CountryBalls 4,NicoleWatterson,http://www.kongregate.com/games/NicoleWatterson/countryballs-4,2,1,2016-03-05,2016-03-05,,unclassified,,none,,none,not_assessed,none,,nicolewatterson,1,,0,none,,ready,1.0.0
www.kongregate.com/games/danibellido/crystal-galaxia,Crystal Galaxia,Danibellido,http://www.kongregate.com/games/Danibellido/crystal-galaxia,2,1,2014-12-30,2014-12-30,,unclassified,,none,,none,not_assessed,none,,danibellido,1,,0,none,,ready,1.0.0
www.kongregate.com/games/dmarcy/cuube,cuube,dmarcy,http://www.kongregate.com/games/dmarcy/cuube,2,1,2014-09-26,2014-09-26,,unclassified,,none,,none,not_assessed,none,,dmarcy,2,,0,none,,ready,1.0.0
www.kongregate.com/games/newgamess/dacia-taxi-jigsaw,Dacia Taxi Jigsaw,newgamess,http://www.kongregate.com/games/newgamess/dacia-taxi-jigsaw,2,1,2016-02-17,2016-02-17,,unclassified,,none,,none,not_assessed,none,,newgamess,37,,0,none,,ready,1.0.0
www.kongregate.com/games/regone/dat-boi,dat boi,Regone,http://www.kongregate.com/games/Regone/dat-boi,2,1,2016-05-15,2016-05-15,,unclassified,,none,,none,not_assessed,none,,regone,1,,0,none,,ready,1.0.0
www.kongregate.com/games/panrobercik/dead-frontier,Dead Frontier,PanRobercik,http://www.kongregate.com/games/PanRobercik/dead-frontier,2,1,2016-08-05,2016-08-05,,unclassified,,none,,none,not_assessed,none,,panrobercik,1,,0,none,,ready,1.0.0
www.kongregate.com/games/alex3698/dead-ops,Dead Ops,alex3698,http://www.kongregate.com/games/alex3698/dead-ops,2,1,2014-09-26,2014-09-26,,unclassified,,none,,none,not_assessed,none,,alex3698,1,,0,none,,ready,1.0.0
www.kongregate.com/games/tresensa/demonition,Demonition,,http://www.kongregate.com/games/TreSensa/demonition,2,1,2014-08-04,2014-08-04,,unclassified,,none,,none,not_assessed,none,,unknown,252,,0,none,,ready,1.0.0
www.kongregate.com/games/orange01/destruct-a-nation,Destruct-a-nation,orange01,http://www.kongregate.com/games/orange01/destruct-a-nation,2,1,2011-12-31,2011-12-31,,unclassified,,none,,none,not_assessed,none,,orange01,1,,0,none,,ready,1.0.0
www.kongregate.com/games/dan62/dodge-em,Dodge Em,dan62,http://www.kongregate.com/games/dan62/dodge-em,2,1,2010-11-13,2010-11-13,,unclassified,,none,,none,not_assessed,none,,dan62,1,,0,none,,ready,1.0.0
www.kongregate.com/games/9pacstudios/dot,DOT.,9PacStudios,http://www.kongregate.com/games/9PacStudios/dot,2,1,2017-08-11,2017-08-11,,unclassified,,none,,none,not_assessed,none,,9pacstudios,1,,0,none,,ready,1.0.0
www.kongregate.com/games/8bgames/duck-witch-escape,Duck Witch Escape,8bgames,http://www.kongregate.com/games/8bgames/duck-witch-escape,2,1,2017-09-20,2017-09-20,,escape_room,escape_room,medium_title_signal,,none,not_assessed,none,,8bgames,2,,0,medium,title_signal:escape_room,review_title_inference,1.0.0
www.kongregate.com/games/totalcooky/earth-defence,Earth Defence,TOTALCOOKY,http://www.kongregate.com/games/TOTALCOOKY/earth-defence,2,1,2010-10-18,2010-10-18,,unclassified,,none,,none,not_assessed,none,,totalcooky,1,,0,none,,ready,1.0.0
www.kongregate.com/games/brainstormer/eggdrop,EggDrop,BrainStormer,http://www.kongregate.com/games/BrainStormer/eggdrop,2,1,2014-08-26,2014-08-26,,unclassified,,none,,none,not_assessed,none,,brainstormer,1,,0,none,,ready,1.0.0
www.kongregate.com/games/peaceful8/elephant-multi-task,Elephant Multi-task,Peaceful8,http://www.kongregate.com/games/Peaceful8/elephant-multi-task,2,1,2016-07-14,2016-07-14,,unclassified,,none,,none,not_assessed,none,,peaceful8,1,,0,none,,ready,1.0.0
www.kongregate.com/games/game4joy/elsa-and-anna-chinese-dress-up,Elsa And Anna Chinese Dress Up,game4joy,http://www.kongregate.com/games/game4joy/elsa-and-anna-chinese-dress-up,2,1,2015-04-01,2015-04-01,,unclassified,,none,,none,not_assessed,none,,game4joy,2,,0,none,,ready,1.0.0
www.kongregate.com/games/vermillion_gd/ensemble,Ensemble,Vermillion_gd,http://www.kongregate.com/games/Vermillion_gd/ensemble,2,1,2017-08-17,2017-08-17,,unclassified,,none,,none,not_assessed,none,,vermillion-gd,2,,0,none,,ready,1.0.0
www.kongregate.com/games/nikolais179/eve-quest,Eve quest,NikolaiS179,http://www.kongregate.com/games/NikolaiS179/eve-quest,2,1,2016-09-17,2016-09-17,,unclassified,,none,,none,not_assessed,none,,nikolais179,1,,0,none,,ready,1.0.0
www.kongregate.com/games/minilimostudio/far-away-home-alpha-gameplay,Far Away Home - Alpha gameplay,MiniLimoStudio,http://www.kongregate.com/games/MiniLimoStudio/far-away-home-alpha-gameplay,2,1,2014-12-17,2014-12-17,,unclassified,,none,,none,not_assessed,none,,minilimostudio,2,,0,none,,ready,1.0.0
www.kongregate.com/games/hectorfv/fast-and-chairious-beta,Fast and Chairious BETA,HectorFV,http://www.kongregate.com/games/HectorFV/fast-and-chairious-beta,2,1,2017-05-05,2017-05-05,,unclassified,,none,,none,not_assessed,none,,hectorfv,1,,0,none,,ready,1.0.0
www.kongregate.com/games/gamer70008000/fastest-lap,Fastest Lap,gamer70008000,http://www.kongregate.com/games/gamer70008000/fastest-lap,2,1,2014-10-04,2014-10-04,,unclassified,,none,,none,not_assessed,none,,gamer70008000,8,,0,none,,ready,1.0.0
www.kongregate.com/games/mafagames/finger-spinner-online,Finger Spinner Online,mafagames,http://www.kongregate.com/games/mafagames/finger-spinner-online,2,1,2017-06-16,2017-06-16,,unclassified,,none,,none,not_assessed,none,,mafagames,41,,0,none,,ready,1.0.0
www.kongregate.com/games/slixmedia/first-date,First Date,slixmedia,http://www.kongregate.com/games/slixmedia/first-date,2,1,2010-10-13,2010-10-12,,unclassified,,none,,none,not_assessed,none,,slixmedia,2,,0,none,,ready,1.0.0
www.kongregate.com/games/sega42596/floof-v1-00,Floof V1.00,sega42596,http://www.kongregate.com/games/sega42596/floof-v1-00,2,1,2014-11-11,2014-11-11,,unclassified,,none,,none,not_assessed,none,,sega42596,1,,0,none,,ready,1.0.0
www.kongregate.com/games/proassasinxd/football2016,Football2016,ProAssasinXD,http://www.kongregate.com/games/ProAssasinXD/football2016,2,1,2016-01-16,2016-01-16,,unclassified,,none,,none,not_assessed,none,,proassasinxd,1,,0,none,,ready,1.0.0
www.kongregate.com/games/yasdar/for-usa,For USA,yasdar,http://www.kongregate.com/games/yasdar/for-usa,2,1,2016-06-05,2016-06-05,,unclassified,,none,,none,not_assessed,none,,yasdar,1,,0,none,,ready,1.0.0
www.kongregate.com/games/pacoswifty/fpsnake,FPSnake,PacoSwifty,http://www.kongregate.com/games/PacoSwifty/fpsnake,2,1,2014-12-02,2014-12-02,,unclassified,,none,,none,not_assessed,none,,pacoswifty,1,,0,none,,ready,1.0.0
www.kongregate.com/games/pio6/funbox,FunBox,Pio6,http://www.kongregate.com/games/Pio6/funbox,2,1,2016-06-04,2016-06-04,,unclassified,,none,,none,not_assessed,none,,pio6,1,,0,none,,ready,1.0.0
www.kongregate.com/games/2pgcom/ghost-climb,Ghost Climb,2pgcom,http://www.kongregate.com/games/2pgcom/ghost-climb,2,1,2014-08-22,2014-08-22,,unclassified,,none,,none,not_assessed,none,,2pgcom,1,,0,none,,ready,1.0.0
www.kongregate.com/games/gamekb/gingerbread-mens-carnival-escape,Gingerbread Men's Carnival Escape,GameKB,http://www.kongregate.com/games/GameKB/gingerbread-mens-carnival-escape,2,1,2015-12-26,2015-12-26,,escape_room,escape_room,medium_title_signal,,none,not_assessed,none,,gamekb,1,,0,medium,title_signal:escape_room,review_title_inference,1.0.0
www.kongregate.com/games/enagamess/halloween-creepy-cemetry,Halloween Creepy Cemetry,Enagamess,http://www.kongregate.com/games/Enagamess/halloween-creepy-cemetry,2,1,2016-10-24,2016-10-24,,unclassified,,none,,none,not_assessed,none,,enagamess,68,,0,none,,ready,1.0.0
www.kongregate.com/games/archbob/halloween-parking,Halloween Parking,,http://www.kongregate.com/games/Archbob/halloween-parking,2,1,2013-11-21,2013-11-21,,unclassified,,none,,none,not_assessed,none,,unknown,252,,0,none,,ready,1.0.0
www.kongregate.com/games/enagamess/halloween-search-for-history,Halloween Search For History,Enagamess,http://www.kongregate.com/games/Enagamess/halloween-search-for-history,2,1,2016-10-04,2016-10-04,,unclassified,,none,,none,not_assessed,none,,enagamess,68,,0,none,,ready,1.0.0
www.kongregate.com/games/oktar/harry-potter-eagle-eyes,Harry potter Eagle eyes,oktar,http://www.kongregate.com/games/oktar/harry-potter-eagle-eyes,2,1,2016-06-22,2016-06-22,,unclassified,,none,,none,not_assessed,none,,oktar,1,,0,none,,ready,1.0.0
www.kongregate.com/games/zephybite/hi-no-homo,hi no homo,zephybite,http://www.kongregate.com/games/zephybite/hi-no-homo,2,1,2017-10-15,2017-10-11,,unclassified,,none,,none,not_assessed,none,,zephybite,2,,0,none,,ready,1.0.0
www.kongregate.com/games/games2rule/hidden-stars-mermaid,Hidden Stars-Mermaid,games2rule,http://www.kongregate.com/games/games2rule/hidden-stars-mermaid,2,1,2011-03-23,2011-03-23,,unclassified,,none,,none,not_assessed,none,,games2rule,21,,0,none,,ready,1.0.0
www.kongregate.com/games/zawazuki/hiomaze,Hiomaze,Zawazuki,http://www.kongregate.com/games/Zawazuki/hiomaze,2,1,2011-08-01,2011-08-01,,unclassified,,none,,none,not_assessed,none,,zawazuki,1,,0,none,,ready,1.0.0
www.kongregate.com/games/formationfacile/hires-golf,Hires Golf,FormationFacile,http://www.kongregate.com/games/FormationFacile/hires-golf,2,1,2011-02-27,2011-02-27,,unclassified,,none,,none,not_assessed,none,,formationfacile,1,,0,none,,ready,1.0.0
www.kongregate.com/games/vche/horse-kingdom,Horse Kingdom,,http://www.kongregate.com/games/Vche/horse-kingdom,2,1,2014-06-27,2014-06-27,,unclassified,,none,,none,not_assessed,none,,unknown,252,,0,none,,ready,1.0.0
www.kongregate.com/games/mafagames/horse-racing,Horse Racing,mafagames,http://www.kongregate.com/games/mafagames/horse-racing,2,1,2017-05-26,2017-05-26,,sports_racing,sports_racing,medium_title_signal,,none,not_assessed,none,,mafagames,41,,0,medium,title_signal:sports_racing,review_title_inference,1.0.0
www.kongregate.com/games/maxglockling/how-to-be-a-gent,How To Be A Gent,maxglockling,http://www.kongregate.com/games/maxglockling/how-to-be-a-gent,2,1,2015-09-14,2015-09-14,,unclassified,,none,,none,not_assessed,none,,maxglockling,1,,0,none,,ready,1.0.0
www.kongregate.com/games/tukkorauta/humans-vs-golems-soccer,Humans vs. Golems: Soccer,TukkoRauta,http://www.kongregate.com/games/TukkoRauta/humans-vs-golems-soccer,2,1,2014-10-10,2014-10-10,,sports_racing,sports_racing,medium_title_signal,,none,not_assessed,none,,tukkorauta,1,,0,medium,title_signal:sports_racing,review_title_inference,1.0.0
www.kongregate.com/games/dxinteractive/i-dont-even-know,I Don't Even Know,DXInteractive,http://www.kongregate.com/games/DXInteractive/i-dont-even-know,2,1,2011-07-24,2011-07-24,,unclassified,,none,,none,not_assessed,none,,dxinteractive,2,,0,none,,ready,1.0.0
www.kongregate.com/games/kekgames/iceberg,ICEBERG,KekGames,http://www.kongregate.com/games/KekGames/iceberg,2,1,2016-09-16,2016-09-16,,unclassified,,none,,none,not_assessed,none,,kekgames,6,,0,none,,ready,1.0.0
www.kongregate.com/games/paroxysm2000/interstellar-velocity-beta-0-9,Interstellar Velocity. Beta 0.9,paroxysm2000,http://www.kongregate.com/games/paroxysm2000/interstellar-velocity-beta-0-9,2,1,2015-12-18,2015-12-18,,unclassified,,none,,none,not_assessed,none,,paroxysm2000,1,,0,none,,ready,1.0.0
www.kongregate.com/games/21axes999/jamproject-classic-rock-skin,Jamproject Classic Roc...,21Axes999,http://www.kongregate.com/games/21Axes999/jamproject-classic-rock-skin,2,1,2011-06-29,2011-06-29,,unclassified,,none,,none,not_assessed,none,,21axes999,1,,0,none,,ready,1.0.0
www.kongregate.com/games/ladybugluver/jhghj,jhghj,Ladybugluver,http://www.kongregate.com/games/Ladybugluver/jhghj,2,1,2016-07-07,2016-07-07,,unclassified,,none,,none,not_assessed,none,,ladybugluver,1,,0,none,,ready,1.0.0
www.kongregate.com/games/games2rule/jigsaw-killer-escape-4,Jigsaw Killer Escape-4,games2rule,http://www.kongregate.com/games/games2rule/jigsaw-killer-escape-4,2,1,2010-10-22,2010-10-22,,escape_room,escape_room,medium_title_signal,,none,not_assessed,none,,games2rule,21,,0,medium,title_signal:escape_room,review_title_inference,1.0.0
www.kongregate.com/games/frees/jumpocat,Jumpocat,FreeS,http://www.kongregate.com/games/FreeS/jumpocat,2,1,2016-10-17,2016-10-17,,unclassified,,none,,none,not_assessed,none,,frees,1,,0,none,,ready,1.0.0
www.kongregate.com/games/knfescapegame/knf-hotel-escape,Knf Hotel Escape,knfescapegame,http://www.kongregate.com/games/knfescapegame/knf-hotel-escape,2,1,2017-07-03,2017-07-03,,escape_room,escape_room,medium_title_signal,,none,not_assessed,none,,knfescapegame,9,knfescapegame:knf-hotel-escape,2,medium,title_signal:escape_room; same_developer_series_stem,review_title_inference,1.0.0
www.kongregate.com/games/knfgame1/knf-sightglass-cuppa-restaurant-escape,KNF Sightglass Cuppa Restaurant Escape,knfgame1,http://www.kongregate.com/games/knfgame1/knf-sightglass-cuppa-restaurant-escape,2,1,2016-07-27,2016-07-27,,escape_room,escape_room,medium_title_signal,,none,not_assessed,none,,knfgame1,2,,0,medium,title_signal:escape_room,review_title_inference,1.0.0
www.kongregate.com/games/hikkigamer/kns-run,Kns run,hikkigamer,http://www.kongregate.com/games/hikkigamer/kns-run,2,1,2014-09-20,2014-09-20,,unclassified,,none,,none,not_assessed,none,,hikkigamer,1,,0,none,,ready,1.0.0
www.kongregate.com/games/supericonrich/life-of-pixel,Life of Pixel,,http://www.kongregate.com/games/supericonrich/life-of-pixel,2,1,2014-08-15,2014-08-15,,unclassified,,none,,none,not_assessed,none,,unknown,252,,0,none,,ready,1.0.0
www.kongregate.com/games/alia2013/make-butter-waffles,Make Butter Waffles,,http://www.kongregate.com/games/alia2013/make-butter-waffles,2,1,2014-04-11,2014-04-11,,unclassified,,none,,none,not_assessed,none,,unknown,252,,0,none,,ready,1.0.0
www.kongregate.com/games/gameygamestudios/maple-tower-into-the-darkness-demo,Maple Tower Into The D...,GameyGameStudios,http://www.kongregate.com/games/GameyGameStudios/maple-tower-into-the-darkness-demo,2,1,2011-06-18,2011-06-18,,unclassified,,none,,none,not_assessed,none,,gameygamestudios,1,,0,none,,ready,1.0.0
www.kongregate.com/games/warstrider/massive-singleplayer-online,Massive Singleplayer Online,Warstrider,http://www.kongregate.com/games/Warstrider/massive-singleplayer-online,2,1,2015-09-15,2015-09-15,,unclassified,,none,,none,not_assessed,none,,warstrider,2,,0,none,,ready,1.0.0
www.kongregate.com/games/deeepgames/mega-blobber,Mega Blobber,Deeepgames,http://www.kongregate.com/games/Deeepgames/mega-blobber,2,1,2014-12-10,2014-12-10,,unclassified,,none,,none,not_assessed,none,,deeepgames,1,,0,none,,ready,1.0.0
www.kongregate.com/games/menkargame/menkar,Menkar,MenkarGame,http://www.kongregate.com/games/MenkarGame/menkar,2,1,2011-04-05,2011-04-05,,unclassified,,none,,none,not_assessed,none,,menkargame,1,,0,none,,ready,1.0.0
www.kongregate.com/games/mafagames/mini-jumper,Mini Jumper,mafagames,http://www.kongregate.com/games/mafagames/mini-jumper,2,1,2016-03-16,2016-03-16,,unclassified,,none,,none,not_assessed,none,,mafagames,41,,0,none,,ready,1.0.0
www.kongregate.com/games/petee/mini-ninja-coloring,Mini Ninja Coloring,petee,http://www.kongregate.com/games/petee/mini-ninja-coloring,2,1,2011-07-28,2011-07-28,,unclassified,,none,,none,not_assessed,none,,petee,2,,0,none,,ready,1.0.0
www.kongregate.com/games/miscritsquest/mission-balrog-002,Mission Balrog 002,,http://www.kongregate.com/games/MiscritsQuest/mission-balrog-002,2,1,2014-06-25,2014-06-25,,unclassified,,none,,none,not_assessed,none,,unknown,252,,0,none,,ready,1.0.0
www.kongregate.com/games/ilikecrabs/motivational-chatroom-drinking-game,Motivational Chatroom ...,Ilikecrabs,http://www.kongregate.com/games/Ilikecrabs/motivational-chatroom-drinking-game,2,1,2011-08-09,2011-08-09,,unclassified,,none,,none,not_assessed,none,,ilikecrabs,1,,0,none,,ready,1.0.0
www.kongregate.com/games/mpandanda/mpandanda,mPandanda,mpandanda,http://www.kongregate.com/games/mpandanda/mpandanda,2,1,2017-07-12,2017-07-12,,unclassified,,none,,none,not_assessed,none,,mpandanda,1,,0,none,,ready,1.0.0
www.kongregate.com/games/bulemichippo/multimaze,MultiMaze,,http://www.kongregate.com/games/BulemicHippo/multimaze,2,1,2013-09-30,2013-09-30,,unclassified,,none,,none,not_assessed,none,,unknown,252,,0,none,,ready,1.0.0
www.kongregate.com/games/experagamestudio/necromancers-quest-beta,Necromancer's Quest Beta,ExperaGameStudio,http://www.kongregate.com/games/ExperaGameStudio/necromancers-quest-beta,2,1,2015-09-23,2015-09-23,,unclassified,,none,,none,not_assessed,none,,experagamestudio,1,,0,none,,ready,1.0.0
www.kongregate.com/games/janachumi/nidiarde,Nidiarde,JanaChumi,http://www.kongregate.com/games/JanaChumi/nidiarde,2,1,2017-05-25,2017-05-25,,unclassified,,none,,none,not_assessed,none,,janachumi,1,,0,none,,ready,1.0.0
www.kongregate.com/games/lexz1/nowere-safe-3,Nowere Safe 3,LexZ1,http://www.kongregate.com/games/LexZ1/nowere-safe-3,2,1,2014-10-29,2014-10-29,,unclassified,,none,,none,not_assessed,none,,lexz1,1,,0,none,,ready,1.0.0
www.kongregate.com/games/draugiemlauris/oceania,Oceania,draugiemlauris,https://www.kongregate.com/games/draugiemlauris/oceania,2,1,2023-07-31,2023-07-31,,unclassified,,none,,none,not_assessed,none,,draugiemlauris,1,,0,none,,ready,1.0.0
www.kongregate.com/games/kaekaze/openetg,openEtG,kaekaze,http://www.kongregate.com/games/kaekaze/openetg,2,1,2016-01-02,2016-01-02,,unclassified,,none,,none,not_assessed,none,,kaekaze,1,,0,none,,ready,1.0.0
www.kongregate.com/games/qkygames/paint-box,Paint Box,qkygames,http://www.kongregate.com/games/qkygames/paint-box,2,1,2016-05-06,2016-05-06,,unclassified,,none,,none,not_assessed,none,,qkygames,1,,0,none,,ready,1.0.0
www.kongregate.com/games/quicksailor/pair-my-alphabets,Pair My Alphabets,quicksailor,http://www.kongregate.com/games/quicksailor/pair-my-alphabets,2,1,2014-09-02,2014-09-02,,unclassified,,none,,none,not_assessed,none,,quicksailor,7,,0,none,,ready,1.0.0
www.kongregate.com/games/robertwgames/parkour-legends,Parkour Legends,RobertWGames,http://www.kongregate.com/games/RobertWGames/parkour-legends,2,1,2016-08-20,2016-08-20,,unclassified,,none,,none,not_assessed,none,,robertwgames,1,,0,none,,ready,1.0.0
www.kongregate.com/games/populygames/paskal-path,Paskal Path,,http://www.kongregate.com/games/Populygames/paskal-path,2,1,2012-11-01,2012-11-01,,unclassified,,none,,none,not_assessed,none,,unknown,252,,0,none,,ready,1.0.0
www.kongregate.com/games/fckn/path-of-the-wingman,path of the wingman,fckn,http://www.kongregate.com/games/fckn/path-of-the-wingman,2,1,2014-10-24,2014-10-24,,unclassified,,none,,none,not_assessed,none,,fckn,2,,0,none,,ready,1.0.0
www.kongregate.com/games/lvckrolentstudio/planequests,PlaneQuests,LvCKrolentStudio,http://www.kongregate.com/games/LvCKrolentStudio/planequests,2,1,2017-10-08,2017-10-08,,unclassified,,none,,none,not_assessed,none,,lvckrolentstudio,1,,0,none,,ready,1.0.0
www.kongregate.com/games/clarusvictoria/pre-civilization-bronze-age,Pre-Civilization Bronze Age,clarusvictoria,http://www.kongregate.com/games/clarusvictoria/pre-civilization-bronze-age,2,1,2014-12-17,2014-12-17,,unclassified,,none,,none,not_assessed,none,,clarusvictoria,1,,0,none,,ready,1.0.0
www.kongregate.com/games/leronir/quester-joe,Quester Joe,leronir,http://www.kongregate.com/games/leronir/quester-joe,2,1,2016-02-02,2016-02-02,,unclassified,,none,,none,not_assessed,none,,leronir,1,,0,none,,ready,1.0.0
www.kongregate.com/games/coralcnora/raze-3,Raze 3,CoralCnora,http://www.kongregate.com/games/CoralCnora/raze-3,2,1,2017-09-30,2017-09-30,,unclassified,,none,,none,not_assessed,none,,coralcnora,2,,0,none,,ready,1.0.0
www.kongregate.com/games/benjaminsantiago/rectangle-based-tennis-metaphor,Rectangle Based Tennis...,BenjaminSantiago,http://www.kongregate.com/games/BenjaminSantiago/rectangle-based-tennis-metaphor,2,1,2011-07-21,2011-07-21,,sports_racing,sports_racing,medium_title_signal,,none,not_assessed,none,,benjaminsantiago,1,,0,medium,title_signal:sports_racing,review_title_inference,1.0.0
www.kongregate.com/games/ysoliman2010/revenge-of-the-birds,Revenge of The Birds,ysoliman2010,http://www.kongregate.com/games/ysoliman2010/revenge-of-the-birds,2,1,2011-05-28,2011-05-28,,unclassified,,none,,none,not_assessed,none,,ysoliman2010,1,,0,none,,ready,1.0.0
www.kongregate.com/games/coolbuddy/rolling-tires-2,Rolling Tires 2,coolbuddy,http://www.kongregate.com/games/coolbuddy/rolling-tires-2,2,1,2011-04-16,2011-04-16,,unclassified,,none,,none,not_assessed,none,,coolbuddy,1,,0,none,,ready,1.0.0
www.kongregate.com/games/sergiog482/royal-thief,ROYAL THIEF,SergioG482,http://www.kongregate.com/games/SergioG482/royal-thief,2,1,2016-06-29,2016-06-29,,unclassified,,none,,none,not_assessed,none,,sergiog482,1,,0,none,,ready,1.0.0
www.kongregate.com/games/powerpoler/rpg-shooter,RPG Shooter,powerpoler,http://www.kongregate.com/games/powerpoler/rpg-shooter,2,1,2011-06-10,2011-06-09,,role_playing,role_playing,medium_title_signal,,none,not_assessed,none,,powerpoler,2,,0,medium,title_signal:role_playing,review_title_inference,1.0.0
www.kongregate.com/games/arckaon/rpgcorp,RPGCorp,Arckaon,https://www.kongregate.com/games/Arckaon/rpgcorp,2,1,2021-11-12,2021-11-12,,unclassified,,none,,none,not_assessed,none,,arckaon,1,,0,none,,ready,1.0.0
www.kongregate.com/games/mrfunnyguy1/scary-shooter,Scary Shooter,mrfunnyguy1,http://www.kongregate.com/games/mrfunnyguy1/scary-shooter,2,1,2011-07-05,2011-07-05,,unclassified,,none,,none,not_assessed,none,,mrfunnyguy1,1,,0,none,,ready,1.0.0
www.kongregate.com/games/turbonuke/score-the-goal,Score The Goal,,http://www.kongregate.com/games/turboNuke/score-the-goal,2,1,2014-06-20,2014-06-20,,unclassified,,none,,none,not_assessed,none,,unknown,252,,0,none,,ready,1.0.0
www.kongregate.com/games/tictox/sheep-dash,Sheep Dash,tictox,http://www.kongregate.com/games/tictox/sheep-dash,2,1,2011-07-13,2011-07-13,,unclassified,,none,,none,not_assessed,none,,tictox,1,,0,none,,ready,1.0.0
www.kongregate.com/games/dha456/shoot-em-up,Shoot em up,dha456,http://www.kongregate.com/games/dha456/shoot-em-up,2,1,2010-11-23,2010-11-23,,unclassified,,none,,none,not_assessed,none,,dha456,1,,0,none,,ready,1.0.0
www.kongregate.com/games/ergomesmart/shoot-a-story,Shoot-a Story,,http://www.kongregate.com/games/ErgoMeSmart/shoot-a-story,2,1,2014-07-30,2014-07-30,,unclassified,,none,,none,not_assessed,none,,unknown,252,,0,none,,ready,1.0.0
www.kongregate.com/games/mafagames/sky-knight,Sky Knight,mafagames,http://www.kongregate.com/games/mafagames/sky-knight,2,1,2017-05-16,2017-05-16,,unclassified,,none,,none,not_assessed,none,,mafagames,41,,0,none,,ready,1.0.0
www.kongregate.com/games/itachiu99/slenderman-must-die,Slenderman must die,,http://www.kongregate.com/games/ItachiU99/slenderman-must-die,2,1,2014-07-26,2014-07-26,,unclassified,,none,,none,not_assessed,none,,unknown,252,,0,none,,ready,1.0.0
www.kongregate.com/games/doodler_101/snake,Snake,Doodler_101,https://www.kongregate.com/games/Doodler_101/snake,2,1,2019-08-25,2019-08-25,,unclassified,,none,,none,not_assessed,none,,doodler-101,1,,0,none,,ready,1.0.0
www.kongregate.com/games/game4joy1/spongebob-save-crab,SpongeBob Save Crab,game4joy1,http://www.kongregate.com/games/game4joy1/spongebob-save-crab,2,1,2014-10-09,2014-10-09,,unclassified,,none,,none,not_assessed,none,,game4joy1,7,,0,none,,ready,1.0.0
www.kongregate.com/games/lionel_ict/ss17-swallala-elena,SS17 Swallala Elena,lionel_ict,http://www.kongregate.com/games/lionel_ict/ss17-swallala-elena,2,1,2017-09-13,2017-09-13,,unclassified,,none,,none,not_assessed,none,,lionel-ict,3,,0,none,,ready,1.0.0
www.kongregate.com/games/123bee/stationery-shop-escape,Stationery Shop Escape,123bee,http://www.kongregate.com/games/123bee/stationery-shop-escape,2,1,2011-03-08,2011-03-08,,escape_room,escape_room,medium_title_signal,,none,not_assessed,none,,123bee,2,,0,medium,title_signal:escape_room,review_title_inference,1.0.0
www.kongregate.com/games/playman2/stormfall,StormFall,playman2,http://www.kongregate.com/games/playman2/stormfall,2,1,2014-09-05,2014-09-05,,unclassified,,none,,none,not_assessed,none,,playman2,1,,0,none,,ready,1.0.0
www.kongregate.com/games/quizze/super-ball,Super Ball,,http://www.kongregate.com/games/Quizze/super-ball,2,1,2014-07-04,2014-07-04,,unclassified,,none,,none,not_assessed,none,,unknown,252,,0,none,,ready,1.0.0
www.kongregate.com/games/ghost375/supra-mayro-bross-lergend-of-the-mayro,Supra Mayro Bross Lergend of the Mayro,,http://www.kongregate.com/games/ghost375/supra-mayro-bross-lergend-of-the-mayro,2,1,2014-08-16,2014-08-16,,unclassified,,none,,none,not_assessed,none,,unknown,252,,0,none,,ready,1.0.0
www.kongregate.com/games/games2rule/swappers-halle-berry,Swappers-Halle Berry,games2rule,http://www.kongregate.com/games/games2rule/swappers-halle-berry,2,1,2011-03-19,2011-03-19,,unclassified,,none,,none,not_assessed,none,,games2rule,21,,0,none,,ready,1.0.0
www.kongregate.com/games/digmdrexel/switch-blade,Switch Blade,digmDrexel,http://www.kongregate.com/games/digmDrexel/switch-blade,2,1,2011-04-12,2011-04-12,,unclassified,,none,,none,not_assessed,none,,digmdrexel,4,,0,none,,ready,1.0.0
www.kongregate.com/games/cinder000/swords-and-stuff-invinsible,swords and stuff(invin...,cinder000,http://www.kongregate.com/games/cinder000/swords-and-stuff-invinsible,2,1,2011-07-10,2011-07-10,,unclassified,,none,,none,not_assessed,none,,cinder000,1,,0,none,,ready,1.0.0
www.kongregate.com/games/leonylyner/swordz-io,Swordz.io,Leonylyner,http://www.kongregate.com/games/Leonylyner/swordz-io,2,1,2017-08-23,2017-08-23,,unclassified,,none,,none,not_assessed,none,,leonylyner,1,,0,none,,ready,1.0.0
www.kongregate.com/games/wowsomegames/talking-ginger-paw-caring,Talking Ginger Paw Caring,wowsomegames,http://www.kongregate.com/games/wowsomegames/talking-ginger-paw-caring,2,1,2014-08-29,2014-08-29,,unclassified,,none,,none,not_assessed,none,,wowsomegames,4,,0,none,,ready,1.0.0
www.kongregate.com/games/fudo2010/terrace-multiplayer,Terrace Multiplayer,fudo2010,http://www.kongregate.com/games/fudo2010/terrace-multiplayer,2,1,2011-01-11,2011-01-11,,unclassified,,none,online_multiplayer_title_signal,medium_title_signal,not_assessed,none,,fudo2010,1,,0,medium,title_signal:multiplayer,review_title_inference,1.0.0
www.kongregate.com/games/jimmydelaney19/testgame5334,TestGame5334,jimmydelaney19,http://www.kongregate.com/games/jimmydelaney19/testgame5334,2,1,2014-10-13,2014-10-13,,unclassified,,none,,none,not_assessed,none,,jimmydelaney19,1,,0,none,,ready,1.0.0
www.kongregate.com/games/top10newgames/thanksgiving-friend-rescue-1,Thanksgiving Friend Rescue 1,top10newgames,http://www.kongregate.com/games/top10newgames/thanksgiving-friend-rescue-1,2,1,2017-11-06,2017-11-06,,unclassified,,none,,none,not_assessed,none,,top10newgames,8,,0,none,,ready,1.0.0
www.kongregate.com/games/darkensoft/the-epic-gang,The Epic Gang,DarkenSoft,http://www.kongregate.com/games/DarkenSoft/the-epic-gang,2,1,2016-07-20,2016-07-20,,unclassified,,none,,none,not_assessed,none,,darkensoft,1,,0,none,,ready,1.0.0
www.kongregate.com/games/alt_games/the-meat-the-game-adventure,The Meat - The Game Adventure,ALT_Games,http://www.kongregate.com/games/ALT_Games/the-meat-the-game-adventure,2,1,2017-09-04,2017-09-04,,unclassified,,none,,none,not_assessed,none,,alt-games,1,,0,none,,ready,1.0.0
www.kongregate.com/games/paala/the-worlds-hardest-platformer,The World's Hardest Pl...,paala,http://www.kongregate.com/games/paala/the-worlds-hardest-platformer,2,1,2011-06-26,2011-06-26,,unclassified,,none,,none,not_assessed,none,,paala,1,,0,none,,ready,1.0.0
www.kongregate.com/games/gazogames/tilted,Tilted,gazogames,http://www.kongregate.com/games/gazogames/tilted,2,1,2011-06-13,2011-06-13,,unclassified,,none,,none,not_assessed,none,,gazogames,1,,0,none,,ready,1.0.0
www.kongregate.com/games/enagamess/tittu-and-annie-16,Tittu And Annie 16,Enagamess,http://www.kongregate.com/games/Enagamess/tittu-and-annie-16,2,1,2016-08-13,2016-08-13,,unclassified,,none,,none,not_assessed,none,,enagamess,68,enagamess:tittu-and-annie,2,low,same_developer_series_stem,ready,1.0.0
www.kongregate.com/games/darkmoonfire/toy-drop,Toy Drop,Darkmoonfire,http://www.kongregate.com/games/Darkmoonfire/toy-drop,2,1,2017-08-05,2017-08-05,,unclassified,,none,,none,not_assessed,none,,darkmoonfire,1,,0,none,,ready,1.0.0
www.kongregate.com/games/starvingstudios/triangle-hero,Triangle Hero,StarvingStudios,http://www.kongregate.com/games/StarvingStudios/triangle-hero,2,1,2016-10-18,2016-10-18,,unclassified,,none,,none,not_assessed,none,,starvingstudios,2,,0,none,,ready,1.0.0
www.kongregate.com/games/junkeiragrecco/tutti-the-skater-capybara,Tutti - The Skater Capybara,JunkeiraGrecco,http://www.kongregate.com/games/JunkeiraGrecco/tutti-the-skater-capybara,2,1,2014-09-19,2014-09-19,,unclassified,,none,,none,not_assessed,none,,junkeiragrecco,1,,0,none,,ready,1.0.0
www.kongregate.com/games/partybug/twisted-cooking-mama,Twisted Cooking Mama,PartyBug,http://www.kongregate.com/games/PartyBug/twisted-cooking-mama,2,1,2017-07-28,2017-07-28,,unclassified,,none,,none,not_assessed,none,,partybug,2,,0,none,,ready,1.0.0
www.kongregate.com/games/herointeractive/vector-boom,Vector Boom,HeroInteractive,http://www.kongregate.com/games/HeroInteractive/vector-boom,2,1,2009-06-17,2009-06-17,,unclassified,,none,,none,not_assessed,none,,herointeractive,8,,0,none,,ready,1.0.0
www.kongregate.com/games/hotcupgames/vikingland,VikingLand,,http://www.kongregate.com/games/hotcupgames/vikingland,2,1,2014-08-11,2014-08-11,,unclassified,,none,,none,not_assessed,none,,unknown,252,,0,none,,ready,1.0.0
www.kongregate.com/games/granitegear/warp-game,Warp Game,GraniteGear,http://www.kongregate.com/games/GraniteGear/warp-game,2,1,2011-06-05,2011-06-05,,unclassified,,none,,none,not_assessed,none,,granitegear,1,,0,none,,ready,1.0.0
www.kongregate.com/games/gogameskiff/wearing-flowers,Wearing Flowers,gogameskiff,http://www.kongregate.com/games/gogameskiff/wearing-flowers,2,1,2014-10-18,2014-10-18,,unclassified,,none,,none,not_assessed,none,,gogameskiff,1,,0,none,,ready,1.0.0
www.kongregate.com/games/glebaster/wigwigwig,WigWigWig,Glebaster,http://www.kongregate.com/games/Glebaster/wigwigwig,2,1,2016-06-13,2016-06-13,,unclassified,,none,,none,not_assessed,none,,glebaster,1,,0,none,,ready,1.0.0
www.kongregate.com/games/minininja956/zombie-cave,Zombie Cave,minininja956,http://www.kongregate.com/games/minininja956/zombie-cave,2,1,2017-07-29,2017-07-29,,unclassified,,none,,none,not_assessed,none,,minininja956,6,,0,none,,ready,1.0.0
www.kongregate.com/games/smoluss/zombie-defense,Zombie defense,smoluss,http://www.kongregate.com/games/smoluss/zombie-defense,2,1,2017-06-25,2017-06-25,,unclassified,,none,,none,not_assessed,none,,smoluss,1,,0,none,,ready,1.0.0
www.kongregate.com/games/drmikey/zombie-hearts-chicken,Zombie Hearts Chicken,,http://www.kongregate.com/games/drMikey/zombie-hearts-chicken,2,1,2014-07-21,2014-07-21,,unclassified,,none,,none,not_assessed,none,,unknown,252,,0,none,,ready,1.0.0
www.kongregate.com/games/xxdarkworldxx/zombie-payback,Zombie Payback,XxDarkWorldxX,http://www.kongregate.com/games/XxDarkWorldxX/zombie-payback,2,1,2014-12-28,2014-12-28,,unclassified,,none,,none,not_assessed,none,,xxdarkworldxx,1,,0,none,,ready,1.0.0
www.kongregate.com/games/ninjakiwi/bloons-tower-defense-3,Bloons Tower Defense 3,Ninjakiwi,http://www.kongregate.com/games/Ninjakiwi/bloons-tower-defense-3,3,323,2008-11-02,2008-11-02,tower-defense,tower_defense,tower_defense,high_observed_category,,none,not_assessed,none,,ninjakiwi,11,ninjakiwi:bloons-tower-defense,3,high,observed_category:tower_defense; same_developer_series_stem,ready,1.0.0
www.kongregate.com/games/light_bringer777/learn-to-fly-3,Learn to Fly 3,light_bringer777,http://www.kongregate.com/games/light_bringer777/learn-to-fly-3,3,257,2015-04-21,2015-04-21,sports-racing,sports_racing,sports_racing,high_observed_category,,none,not_assessed,none,,light-bringer777,4,light-bringer777:learn-to-fly,3,high,observed_category:sports_racing; same_developer_series_stem,ready,1.0.0
www.kongregate.com/games/gameinabottle/gemcraft-labyrinth,GemCraft Labyrinth,gameinabottle,http://www.kongregate.com/games/gameinabottle/gemcraft-labyrinth,3,223,2011-04-28,2011-04-28,tower-defense; strategy,tower_defense,strategy; tower_defense,high_observed_category,,none,not_assessed,none,,gameinabottle,5,,0,high,observed_category:tower_defense,ready,1.0.0
www.kongregate.com/games/greensatellite/trimps,Trimps,GreenSatellite,https://www.kongregate.com/games/GreenSatellite/trimps,3,213,2015-07-26,2015-07-12,idle; strategy,idle_incremental,idle_incremental; strategy,high_observed_category,idle_progression,high_observed_category,not_assessed,none,,greensatellite,2,,0,high,observed_category:idle_incremental; observed_category:idle,ready,1.0.0
www.kongregate.com/games/juicybeast/knightmare-tower,Knightmare Tower,JuicyBeast,https://www.kongregate.com/games/JuicyBeast/knightmare-tower,3,174,2012-09-03,2012-09-03,action,action,action,high_observed_category,,none,not_assessed,none,,juicybeast,4,,0,high,observed_category:action,ready,1.0.0
www.kongregate.com/games/glimajr/continuity,Continuity,glimajr,http://www.kongregate.com/games/glimajr/continuity,3,166,2010-05-29,2010-03-05,puzzle,puzzle,puzzle,high_observed_category,,none,not_assessed,none,,glimajr,1,,0,high,observed_category:puzzle,ready,1.0.0
www.kongregate.com/games/berzerkstudio/sands-of-the-coliseum,Sands of the Coliseum,BerzerkStudio,https://www.kongregate.com/games/BerzerkStudio/sands-of-the-coliseum,3,149,2015-04-14,2015-04-14,action; strategy,strategy,action; strategy,high_observed_category,,none,not_assessed,none,,berzerkstudio,5,,0,high,observed_category:strategy,ready,1.0.0
www.kongregate.com/games/light_bringer777/learn-to-fly-idle,Learn to Fly Idle,light_bringer777,https://www.kongregate.com/games/light_bringer777/learn-to-fly-idle,3,140,2014-08-07,2014-08-07,idle,idle_incremental,idle_incremental,high_observed_category,idle_progression,high_observed_category,not_assessed,none,,light-bringer777,4,,0,high,observed_category:idle_incremental; observed_category:idle,ready,1.0.0
www.kongregate.com/games/badim/doodle-god,Doodle God,Badim,http://www.kongregate.com/games/Badim/doodle-god,3,137,2010-07-29,2010-07-29,puzzle,puzzle,puzzle,high_observed_category,,none,not_assessed,none,,badim,2,,0,high,observed_category:puzzle,ready,1.0.0
www.kongregate.com/games/theswain/mastermind-world-conquerer,Mastermind: World Conquerer,theswain,http://www.kongregate.com/games/theswain/mastermind-world-conquerer,3,133,2009-02-20,2009-02-20,strategy; tower-defense,tower_defense,strategy; tower_defense,high_observed_category,,none,not_assessed,none,,theswain,1,,0,high,observed_category:tower_defense,ready,1.0.0
www.kongregate.com/games/webcypher/sift-heads-world-act-1,Sift Heads World Act 1,WebCypher,https://www.kongregate.com/games/WebCypher/sift-heads-world-act-1,3,123,2016-04-08,2010-03-24,shooter; adventure,shooter,adventure; shooter,high_observed_category,,none,not_assessed,none,,webcypher,7,webcypher:sift-heads-world,2,high,observed_category:shooter; same_developer_series_stem,ready,1.0.0
www.kongregate.com/games/vasantj/medieval-chronicles-8-part-2,Medieval Chronicles 8 (Part 2),VasantJ,https://www.kongregate.com/games/VasantJ/medieval-chronicles-8-part-2,3,84,2020-07-02,2020-06-30,puzzle,puzzle,puzzle,high_observed_category,,none,not_assessed,none,,vasantj,20,vasantj:medieval-chronicles,8,high,observed_category:puzzle; same_developer_series_stem,ready,1.0.0
www.kongregate.com/games/alexmatveev/3d-logic,3D Logic,AlexMatveev,http://www.kongregate.com/games/AlexMatveev/3d-logic,3,79,2007-02-02,2007-01-29,puzzle,puzzle,puzzle,high_observed_category,,none,not_assessed,none,,alexmatveev,2,,0,high,observed_category:puzzle,ready,1.0.0
www.kongregate.com/games/innocuousgames/amorphous,Amorphous+,innocuousGames,http://www.kongregate.com/games/innocuousGames/amorphous,3,66,2008-08-05,2008-08-05,action,action,action,high_observed_category,,none,not_assessed,none,,innocuousgames,1,,0,high,observed_category:action,ready,1.0.0
www.kongregate.com/games/seancooper/boxhead-more-rooms,Boxhead: More Rooms,SeanCooper,http://www.kongregate.com/games/SeanCooper/boxhead-more-rooms,3,62,2007-02-24,2007-02-12,shooter,shooter,shooter,high_observed_category,,none,not_assessed,none,,seancooper,4,,0,high,observed_category:shooter,ready,1.0.0
www.kongregate.com/games/throwdown/animation-throwdown,Animation Throwdown,Throwdown,http://www.kongregate.com/games/Throwdown/animation-throwdown,3,52,2017-02-15,2016-11-02,strategy-defense; card,card_strategy,card_strategy; strategy,high_observed_category,persistent_card_game,high_observed_category,not_assessed,none,,throwdown,1,,0,high,observed_category:card_strategy; observed_category:card,ready,1.0.0
www.kongregate.com/games/rob_almighty/bad-eggs-online-2,Bad Eggs Online 2,Rob_Almighty,http://www.kongregate.com/games/Rob_Almighty/bad-eggs-online-2,3,51,2015-04-03,2015-04-03,strategy; multiplayer,strategy,multiplayer; strategy,high_observed_category,online_multiplayer,high_observed_category,not_assessed,none,,rob-almighty,3,rob-almighty:bad-eggs-online,2,high,observed_category:strategy; observed_category:multiplayer; same_developer_series_stem,ready,1.0.0
www.kongregate.com/games/vasantj/medieval-chronicles-9-part-2,Medieval Chronicles 9 (Part 2),VasantJ,https://www.kongregate.com/games/VasantJ/medieval-chronicles-9-part-2,3,50,2020-06-07,2020-04-30,puzzle,puzzle,puzzle,high_observed_category,,none,not_assessed,none,,vasantj,20,vasantj:medieval-chronicles,8,high,observed_category:puzzle; same_developer_series_stem,ready,1.0.0
www.kongregate.com/games/tenebrousp/accelerator,Accelerator,TenebrousP,https://www.kongregate.com/games/TenebrousP/accelerator,3,47,2018-03-12,2011-09-03,action,action,action,high_observed_category,,none,not_assessed,none,,tenebrousp,1,,0,high,observed_category:action,ready,1.0.0
www.kongregate.com/games/xgenstudios/pillage-the-village,Pillage the Village,XGenStudios,http://www.kongregate.com/games/XGenStudios/pillage-the-village,3,47,2008-02-22,2008-02-22,action,action,action,high_observed_category,,none,not_assessed,none,,xgenstudios,1,,0,high,observed_category:action,ready,1.0.0
www.kongregate.com/games/freeworldgroup/electricman2hs,Electricman2HS,FreeWorldGroup,http://www.kongregate.com/games/FreeWorldGroup/electricman2hs,3,44,2007-03-15,2007-03-15,action,action,action,high_observed_category,,none,not_assessed,none,,freeworldgroup,6,,0,high,observed_category:action,ready,1.0.0
www.kongregate.com/games/armorgames/shift,SHIFT,ArmorGames,http://www.kongregate.com/games/ArmorGames/shift,3,44,2008-03-16,2008-03-16,puzzle,puzzle,puzzle,high_observed_category,,none,not_assessed,none,,armorgames,22,,0,high,observed_category:puzzle,ready,1.0.0
www.kongregate.com/games/kekgames/unpuzzle,Unpuzzle,KekGames,https://www.kongregate.com/games/KekGames/unpuzzle,3,40,2019-02-01,2019-02-01,puzzle,puzzle,puzzle,high_observed_category,,none,not_assessed,none,,kekgames,6,,0,high,observed_category:puzzle,ready,1.0.0
www.kongregate.com/games/weasel/thing-thing-3,Thing-Thing 3,Weasel,http://www.kongregate.com/games/Weasel/thing-thing-3,3,35,2007-01-31,2007-01-31,shooter,shooter,shooter,high_observed_category,,none,not_assessed,none,,weasel,8,weasel:thing-thing,2,high,observed_category:shooter; same_developer_series_stem,ready,1.0.0
www.kongregate.com/games/seancooper/boxhead-the-zombie-wars,Boxhead: The Zombie Wars,SeanCooper,http://www.kongregate.com/games/SeanCooper/boxhead-the-zombie-wars,3,31,2008-04-05,2008-03-13,shooter; action,shooter,action; shooter,high_observed_category,,none,not_assessed,none,,seancooper,4,,0,high,observed_category:shooter,ready,1.0.0
www.kongregate.com/games/everguild_games/drakenlords-ccg-cards-duels,Drakenlords: CCG Cards Duels,Everguild_Games,https://www.kongregate.com/games/Everguild_Games/drakenlords-ccg-cards-duels,3,29,2022-11-14,2017-04-10,multiplayer; card,card_strategy,card_strategy; multiplayer,high_observed_category,online_multiplayer; persistent_card_game,high_observed_category,not_assessed,none,,everguild-games,1,,0,high,observed_category:card_strategy; observed_category:multiplayer; observed_category:card,ready,1.0.0
www.kongregate.com/games/bubblebox/extreme-heli-boarding,Extreme Heli Boarding,BubbleBox,http://www.kongregate.com/games/BubbleBox/extreme-heli-boarding,3,18,2007-01-22,2007-01-22,,unclassified,,none,,none,not_assessed,none,,bubblebox,1,,0,none,,ready,1.0.0
www.kongregate.com/games/polymerrabbit/frantic,Frantic,polymerrabbit,http://www.kongregate.com/games/polymerrabbit/frantic,3,18,2008-11-02,2008-11-01,shooter,shooter,shooter,high_observed_category,,none,not_assessed,none,,polymerrabbit,1,,0,high,observed_category:shooter,ready,1.0.0
www.kongregate.com/games/mousebreaker/sports-heads-football-championship,Sports Heads: Football Championship,Mousebreaker,https://www.kongregate.com/games/Mousebreaker/sports-heads-football-championship,3,18,2024-04-01,2012-02-22,sports-racing,sports_racing,sports_racing,high_observed_category,,none,not_assessed,none,,mousebreaker,1,,0,high,observed_category:sports_racing,ready,1.0.0
www.kongregate.com/games/vasantj/medieval-cop-the-princess-and-the-grump,Medieval Cop - The Princess and The Grump,VasantJ,https://www.kongregate.com/en/games/VasantJ/medieval-cop-the-princess-and-the-grump,3,17,2019-10-22,2016-05-02,adventure; adventure-rpg,role_playing,adventure; role_playing,high_observed_category,,none,not_assessed,none,,vasantj,20,,0,high,observed_category:role_playing,ready,1.0.0
www.kongregate.com/games/wixgames/ducklife3-evolution,DuckLife3: Evolution,WixGames,https://www.kongregate.com/games/WixGames/ducklife3-evolution,3,16,2018-05-09,2011-05-07,sports-racing,sports_racing,sports_racing,high_observed_category,,none,not_assessed,none,,wixgames,1,,0,high,observed_category:sports_racing,ready,1.0.0
www.kongregate.com/games/zephybite/missed-messages,missed messages.,zephybite,https://www.kongregate.com/games/zephybite/missed-messages,3,15,2021-09-03,2019-06-16,adventure-rpg,role_playing,role_playing,high_observed_category,,none,not_assessed,none,,zephybite,2,,0,high,observed_category:role_playing,ready,1.0.0
www.kongregate.com/games/5thplanetgames/clash-of-the-dragons,Clash of the Dragons,5thPlanetGames,http://www.kongregate.com/games/5thPlanetGames/clash-of-the-dragons,3,14,2012-01-15,2012-01-15,,unclassified,,none,,none,publisher_portfolio_candidate,medium_curated_publisher,publisher_signal:5thplanetgames,5thplanetgames,3,,0,medium,publisher_signal:5thplanetgames,review_social_platform,1.0.0
www.kongregate.com/games/dimofan/hunters-and-props,Hunters and Props,Dimofan,https://www.kongregate.com/en/games/Dimofan/hunters-and-props,3,14,2016-03-11,2014-07-30,shooter; multiplayer,shooter,multiplayer; shooter,high_observed_category,online_multiplayer,high_observed_category,not_assessed,none,,dimofan,1,,0,high,observed_category:shooter; observed_category:multiplayer,ready,1.0.0
www.kongregate.com/games/vasantj/medieval-cop-8-deathwish-part-3,Medieval Cop 8 -DeathWish- (Part 3),VasantJ,http://www.kongregate.com/games/VasantJ/medieval-cop-8-deathwish-part-3,3,12,2017-08-25,2017-08-25,,unclassified,,none,,none,not_assessed,none,,vasantj,20,vasantj:medieval-cop-8-deathwish,2,low,same_developer_series_stem,ready,1.0.0
www.kongregate.com/games/randomnine/cardinal-quest-2,Cardinal Quest 2,randomnine,https://www.kongregate.com/en/games/randomnine/cardinal-quest-2,3,11,2016-09-21,2013-06-25,multiplayer,multiplayer,multiplayer,high_observed_category,online_multiplayer,high_observed_category,not_assessed,none,,randomnine,1,,0,high,observed_category:multiplayer; observed_category:multiplayer,ready,1.0.0
www.kongregate.com/games/richpixel/diaper-dash,Diaper Dash,richpixel,http://www.kongregate.com/games/richpixel/diaper-dash,3,10,2007-02-12,2007-02-09,,unclassified,,none,,none,not_assessed,none,,richpixel,3,,0,none,,ready,1.0.0
www.kongregate.com/games/frozentorch/rise-of-champions,Rise of Champions,FrozenTorch,https://www.kongregate.com/en/games/FrozenTorch/rise-of-champions,3,9,2025-11-22,2014-05-11,multiplayer; mmo,role_playing,multiplayer; role_playing,high_observed_category,massively_multiplayer; online_multiplayer,high_observed_category,not_assessed,none,,frozentorch,1,,0,high,observed_category:role_playing; observed_category:mmo; observed_category:multiplayer,ready,1.0.0
www.kongregate.com/games/kaffeen/food-chain,Food Chain,Kaffeen,http://www.kongregate.com/games/Kaffeen/food-chain,3,8,2011-08-11,2011-08-11,,unclassified,,none,,none,not_assessed,none,,kaffeen,1,,0,none,,ready,1.0.0
www.kongregate.com/games/zeebarf/the-several-journeys-of-reemus-chapter-2,The Several Journeys of Reemus: Chapter 2,zeebarf,https://www.kongregate.com/en/games/zeebarf/the-several-journeys-of-reemus-chapter-2,3,7,2008-12-01,2008-11-30,adventure-rpg,role_playing,role_playing,high_observed_category,,none,not_assessed,none,,zeebarf,2,zeebarf:the-several-journeys-of-reemus,2,high,observed_category:role_playing; same_developer_series_stem,ready,1.0.0
www.kongregate.com/games/brokenbulb/miscrits,Miscrits,BrokenBulb,http://www.kongregate.com/games/BrokenBulb/miscrits,3,6,2013-03-30,2013-03-30,adventure,adventure,adventure,high_observed_category,,none,not_assessed,none,,brokenbulb,1,,0,high,observed_category:adventure,ready,1.0.0
www.kongregate.com/games/onimatrix/sandtest,SandTest,onimatrix,https://www.kongregate.com/en/games/onimatrix/sandtest,3,5,2021-01-12,2010-12-19,more,other,other,high_observed_category,,none,not_assessed,none,,onimatrix,2,,0,high,observed_category:other,ready,1.0.0
www.kongregate.com/games/draftentropy/around-the-core,Around The Core,,https://www.kongregate.com/en/games/draftentropy/around-the-core,3,4,2026-05-21,2026-05-06,shooter,shooter,shooter,high_observed_category,,none,not_assessed,none,,unknown,252,,0,high,observed_category:shooter,ready,1.0.0
www.kongregate.com/games/drnerocf/fancy-pants-adventure-world-3,Fancy Pants Adventure:...,DrNeroCF,http://www.kongregate.com/games/DrNeroCF/fancy-pants-adventure-world-3,3,3,2012-04-07,2012-04-07,action,action,action,high_observed_category,,none,not_assessed,none,,drnerocf,4,,0,high,observed_category:action,ready,1.0.0
www.kongregate.com/games/struma/gateway-ii,Gateway II,struma,http://www.kongregate.com/games/struma/gateway-ii,3,3,2008-11-02,2008-11-02,puzzle,puzzle,puzzle,high_observed_category,,none,not_assessed,none,,struma,1,,0,high,observed_category:puzzle,ready,1.0.0
www.kongregate.com/games/tukkun/kana-warrior,Kana Warrior / かなウォリアー,Tukkun,https://www.kongregate.com/games/Tukkun/kana-warrior,3,3,2020-03-24,2020-03-24,more,other,other,high_observed_category,,none,not_assessed,none,,tukkun,2,,0,high,observed_category:other,ready,1.0.0
www.kongregate.com/games/lolz666/house-idle-pro,House Idle PRO,lolz666,http://www.kongregate.com/games/lolz666/house-idle-pro,3,2,2011-02-09,2011-02-09,idle,idle_incremental,idle_incremental,high_observed_category,idle_progression,high_observed_category,not_assessed,none,,lolz666,2,,0,high,observed_category:idle_incremental; observed_category:idle,ready,1.0.0
www.kongregate.com/games/newgamess/old-taxi-jigsaw,Old Taxi Jigsaw,newgamess,http://www.kongregate.com/games/newgamess/old-taxi-jigsaw,3,2,2014-09-19,2014-09-19,,unclassified,,none,,none,not_assessed,none,,newgamess,37,,0,none,,ready,1.0.0
www.kongregate.com/games/ftmftm/qsplit,qsplit,FtMFtM,http://www.kongregate.com/games/FtMFtM/qsplit,3,2,2014-10-17,2014-10-17,,unclassified,,none,,none,not_assessed,none,,ftmftm,1,,0,none,,ready,1.0.0
www.kongregate.com/games/box10guys/1-will-survive,1 Will Survive,box10Guys,http://www.kongregate.com/games/box10Guys/1-will-survive,3,1,2009-06-17,2009-06-17,,unclassified,,none,,none,not_assessed,none,,box10guys,4,box10guys:1-will-survive,2,low,same_developer_series_stem,ready,1.0.0
www.kongregate.com/games/teemukorh/10-shot-soccer,10 Shot Soccer,teemukorh,http://www.kongregate.com/games/teemukorh/10-shot-soccer,3,1,2017-05-26,2017-05-26,,sports_racing,sports_racing,medium_title_signal,,none,not_assessed,none,,teemukorh,1,,0,medium,title_signal:sports_racing,review_title_inference,1.0.0
www.kongregate.com/games/geckoo1337/2048,2048,Geckoo1337,http://www.kongregate.com/games/Geckoo1337/2048,3,1,2014-10-24,2014-10-24,,unclassified,,none,,none,not_assessed,none,,geckoo1337,1,,0,none,,ready,1.0.0
www.kongregate.com/games/swaglordius/2k14-flash,2k14 Flash!,,http://www.kongregate.com/games/Swaglordius/2k14-flash,3,1,2014-06-25,2014-06-25,,unclassified,,none,,none,not_assessed,none,,unknown,252,,0,none,,ready,1.0.0
www.kongregate.com/games/steve009096/3dsteve009096-1,3Dsteve009096-1,steve009096,http://www.kongregate.com/games/steve009096/3dsteve009096-1,3,1,2017-11-06,2017-11-06,,unclassified,,none,,none,not_assessed,none,,steve009096,1,,0,none,,ready,1.0.0
www.kongregate.com/games/galaxymika/test-avengerheroworld,[TEST] AvengerHeroWorld,galaxymika,http://www.kongregate.com/games/galaxymika/test-avengerheroworld,3,1,2014-11-25,2014-11-25,,unclassified,,none,,none,not_assessed,none,,galaxymika,2,,0,none,,ready,1.0.0
www.kongregate.com/games/nickj66/a-kongergate-special,A Kongergate Special,NickJ66,http://www.kongregate.com/games/NickJ66/a-kongergate-special,3,1,2014-10-03,2014-10-03,,unclassified,,none,,none,not_assessed,none,,nickj66,3,,0,none,,ready,1.0.0
www.kongregate.com/games/frederik77/a-to-k,A to K,,http://www.kongregate.com/games/Frederik77/a-to-k,3,1,2014-06-20,2014-06-20,,unclassified,,none,,none,not_assessed,none,,unknown,252,,0,none,,ready,1.0.0
www.kongregate.com/games/gamesofgamers/amentis-kingdom-of-blobs,"Amentis, Kingdom of BloBs",,http://www.kongregate.com/games/gamesofgamers/amentis-kingdom-of-blobs,3,1,2014-08-16,2014-08-16,,unclassified,,none,,none,not_assessed,none,,unknown,252,,0,none,,ready,1.0.0
www.kongregate.com/games/jairusscott/anonymoushotel,AnonymousHotel,JairusScott,http://www.kongregate.com/games/JairusScott/anonymoushotel,3,1,2015-09-03,2015-09-03,,unclassified,,none,,none,not_assessed,none,,jairusscott,1,,0,none,,ready,1.0.0
www.kongregate.com/games/calinutz05/anti-plane,Anti-Plane,calinutz05,http://www.kongregate.com/games/calinutz05/anti-plane,3,1,2016-03-07,2016-03-07,,unclassified,,none,,none,not_assessed,none,,calinutz05,1,,0,none,,ready,1.0.0
www.kongregate.com/games/quicksailor/archaeologist-office-escape,Archaeologist Office Escape,quicksailor,http://www.kongregate.com/games/quicksailor/archaeologist-office-escape,3,1,2014-09-02,2014-09-02,,escape_room,escape_room,medium_title_signal,,none,not_assessed,none,,quicksailor,7,,0,medium,title_signal:escape_room,review_title_inference,1.0.0
www.kongregate.com/games/max_raze/as3-shootorial-1,as3 Shootorial #1,Max_Raze,http://www.kongregate.com/games/Max_Raze/as3-shootorial-1,3,1,2017-08-25,2017-08-25,,unclassified,,none,,none,not_assessed,none,,max-raze,1,,0,none,,ready,1.0.0
www.kongregate.com/games/rub_en02/astrolords,AstroLords,rub_en02,http://www.kongregate.com/games/rub_en02/astrolords,3,1,2014-09-05,2014-09-05,,unclassified,,none,,none,not_assessed,none,,rub-en02,1,,0,none,,ready,1.0.0
www.kongregate.com/games/devinbeggs1214/astronaut-a12-a12,Astronaut A12 (A12_),DevinBeggs1214,http://www.kongregate.com/games/DevinBeggs1214/astronaut-a12-a12,3,1,2015-04-01,2015-04-01,,unclassified,,none,,none,not_assessed,none,,devinbeggs1214,1,,0,none,,ready,1.0.0
www.kongregate.com/games/jewelsgames/atlantis-jewels,Atlantis Jewels,,http://www.kongregate.com/games/jewelsgames/atlantis-jewels,3,1,2014-06-13,2014-06-13,,unclassified,,none,,none,not_assessed,none,,unknown,252,,0,none,,ready,1.0.0
www.kongregate.com/games/aldrinsalazar/attraction,Attraction,Aldrinsalazar,http://www.kongregate.com/games/Aldrinsalazar/attraction,3,1,2016-06-04,2016-06-04,,unclassified,,none,,none,not_assessed,none,,aldrinsalazar,1,,0,none,,ready,1.0.0
www.kongregate.com/games/rheyank/atv-ride-2016,ATV Ride 2016,rheyank,http://www.kongregate.com/games/rheyank/atv-ride-2016,3,1,2016-08-20,2016-08-20,,unclassified,,none,,none,not_assessed,none,,rheyank,2,,0,none,,ready,1.0.0
www.kongregate.com/games/asheer/az-tank-game,AZ Tank Game,,http://www.kongregate.com/games/Asheer/az-tank-game,3,1,2014-07-26,2014-07-26,,unclassified,,none,,none,not_assessed,none,,unknown,252,,0,none,,ready,1.0.0
www.kongregate.com/games/avishaymizrav/bad-pad-demo,Bad Pad - DEMO,AvishayMizrav,http://www.kongregate.com/games/AvishayMizrav/bad-pad-demo,3,1,2016-09-03,2016-09-03,,unclassified,,none,,none,not_assessed,none,,avishaymizrav,1,,0,none,,ready,1.0.0
www.kongregate.com/games/maty733/baloon-rush-2,Baloon Rush 2,Maty733,https://www.kongregate.com/games/Maty733/baloon-rush-2,3,1,2019-08-25,2019-08-25,,unclassified,,none,,none,not_assessed,none,,maty733,1,,0,none,,ready,1.0.0
www.kongregate.com/games/popgals/beauty-rush-marys,Beauty Rush-Mary's,popgals,http://www.kongregate.com/games/popgals/beauty-rush-marys,3,1,2011-06-10,2011-06-10,,unclassified,,none,,none,not_assessed,none,,popgals,3,,0,none,,ready,1.0.0
www.kongregate.com/games/win1game/ben-10-train-champ,Ben 10 Train Champ,,http://www.kongregate.com/games/win1game/ben-10-train-champ,3,1,2014-07-30,2014-07-30,,unclassified,,none,,none,not_assessed,none,,unknown,252,,0,none,,ready,1.0.0
www.kongregate.com/games/pillow9192/berby-derby,Berby Derby,pillow9192,http://www.kongregate.com/games/pillow9192/berby-derby,3,1,2011-06-26,2011-06-26,,unclassified,,none,,none,not_assessed,none,,pillow9192,1,,0,none,,ready,1.0.0
www.kongregate.com/games/laspinko/bisectors-with-different-distance-functions,Bisectors with different distance functions,laspinko,http://www.kongregate.com/games/laspinko/bisectors-with-different-distance-functions,3,1,2016-10-18,2016-10-18,,unclassified,,none,,none,not_assessed,none,,laspinko,3,,0,none,,ready,1.0.0
www.kongregate.com/games/ainarsa/black-cats-house-escape,Black Cats House Escape,ainarsa,http://www.kongregate.com/games/ainarsa/black-cats-house-escape,3,1,2015-09-23,2015-09-23,,escape_room,escape_room,medium_title_signal,,none,not_assessed,none,,ainarsa,7,,0,medium,title_signal:escape_room,review_title_inference,1.0.0
www.kongregate.com/games/blazejuegos/blaze-hidden-stars,Blaze Hidden Stars,blazejuegos,http://www.kongregate.com/games/blazejuegos/blaze-hidden-stars,3,1,2016-09-17,2016-09-17,,unclassified,,none,,none,not_assessed,none,,blazejuegos,2,,0,none,,ready,1.0.0
www.kongregate.com/games/tinkan11/blozorz-hacked,Blozorz Hacked,tinkan11,http://www.kongregate.com/games/tinkan11/blozorz-hacked,3,1,2011-04-05,2011-04-05,,unclassified,,none,,none,not_assessed,none,,tinkan11,1,,0,none,,ready,1.0.0
www.kongregate.com/games/mafagames/boat-rush,Boat Rush,mafagames,http://www.kongregate.com/games/mafagames/boat-rush,3,1,2017-05-16,2017-05-16,,unclassified,,none,,none,not_assessed,none,,mafagames,41,,0,none,,ready,1.0.0
www.kongregate.com/games/yolkgamez/bobcat-theft-escape,Bobcat Theft Escape,yolkgamez,http://www.kongregate.com/games/yolkgamez/bobcat-theft-escape,3,1,2016-08-13,2016-08-13,,escape_room,escape_room,medium_title_signal,,none,not_assessed,none,,yolkgamez,6,,0,medium,title_signal:escape_room,review_title_inference,1.0.0
www.kongregate.com/games/polloron/bonehead,Bonehead,PoLlOrOn,http://www.kongregate.com/games/PoLlOrOn/bonehead,3,1,2016-06-29,2016-06-29,,unclassified,,none,,none,not_assessed,none,,polloron,1,,0,none,,ready,1.0.0
www.kongregate.com/games/lich2king/bowling-master,Bowling Master,,http://www.kongregate.com/games/lich2king/bowling-master,3,1,2014-08-11,2014-08-11,,unclassified,,none,,none,not_assessed,none,,unknown,252,,0,none,,ready,1.0.0
www.kongregate.com/games/avelinom/breakout,breakout,AvelinoM,http://www.kongregate.com/games/AvelinoM/breakout,3,1,2017-05-25,2017-05-25,,unclassified,,none,,none,not_assessed,none,,avelinom,1,,0,none,,ready,1.0.0
www.kongregate.com/games/jacktrades/broken-world-wip,Broken World WIP,JackTrades,http://www.kongregate.com/games/JackTrades/broken-world-wip,3,1,2011-01-11,2011-01-11,,unclassified,,none,,none,not_assessed,none,,jacktrades,1,,0,none,,ready,1.0.0
www.kongregate.com/games/pomelogames/bullet-boy,Bullet Boy,PomeloGames,http://www.kongregate.com/games/PomeloGames/bullet-boy,3,1,2015-12-18,2015-12-18,,unclassified,,none,,none,not_assessed,none,,pomelogames,1,,0,none,,ready,1.0.0
www.kongregate.com/games/corralezd/burro-bandito,Burro Bandito,corralezd,http://www.kongregate.com/games/corralezd/burro-bandito,3,1,2014-12-02,2014-12-02,,unclassified,,none,,none,not_assessed,none,,corralezd,1,,0,none,,ready,1.0.0
www.kongregate.com/games/chibixi/can-you-escape-love-an-escape-the-room-game-inspired-by-undertale,Can You Escape Love? An Escape the Room Game Inspired by Undertale,chibixi,http://www.kongregate.com/games/chibixi/can-you-escape-love-an-escape-the-room-game-inspired-by-undertale,3,1,2016-02-28,2016-02-28,,escape_room,escape_room,medium_title_signal,,none,not_assessed,none,,chibixi,1,,0,medium,title_signal:escape_room,review_title_inference,1.0.0
www.kongregate.com/games/wayak/captain-america-hidden-stars,Captain America Hidden Stars,,http://www.kongregate.com/games/wayak/captain-america-hidden-stars,3,1,2013-04-11,2013-04-11,,unclassified,,none,,none,not_assessed,none,,unknown,252,,0,none,,ready,1.0.0
www.kongregate.com/games/badfitz100/card-game,Card game,badfitz100,http://www.kongregate.com/games/badfitz100/card-game,3,1,2016-03-24,2016-03-24,,unclassified,,none,,none,not_assessed,none,,badfitz100,2,,0,none,,ready,1.0.0
www.kongregate.com/games/games2rule/castle-bedroom-escape,Castle Bedroom Escape,games2rule,http://www.kongregate.com/games/games2rule/castle-bedroom-escape,3,1,2011-08-01,2011-08-01,,escape_room,escape_room,medium_title_signal,,none,not_assessed,none,,games2rule,21,,0,medium,title_signal:escape_room,review_title_inference,1.0.0
www.kongregate.com/games/bballtman2694/catch-a-fruit,Catch a FRUIT!!!!!,bballtman2694,http://www.kongregate.com/games/bballtman2694/catch-a-fruit,3,1,2010-10-13,2010-10-13,,unclassified,,none,,none,not_assessed,none,,bballtman2694,1,,0,none,,ready,1.0.0
www.kongregate.com/games/cfreak19/cbs-escape-from-the-mall,CBS:Escape from the Mall,cFreak19,http://www.kongregate.com/games/cFreak19/cbs-escape-from-the-mall,3,1,2021-11-12,2021-11-12,,escape_room,escape_room,medium_title_signal,,none,not_assessed,none,,cfreak19,1,,0,medium,title_signal:escape_room,review_title_inference,1.0.0
www.kongregate.com/games/shi_thead/chocolate-rain-tay-zonday,Chocolate Rain TAY ZONDAY,Shi_Thead,http://www.kongregate.com/games/Shi_Thead/chocolate-rain-tay-zonday,3,1,2011-03-19,2011-03-18,,unclassified,,none,,none,not_assessed,none,,shi-thead,1,,0,none,,ready,1.0.0
www.kongregate.com/games/chopperu123/classic-pong,Classic Pong,chopperu123,http://www.kongregate.com/games/chopperu123/classic-pong,3,1,2016-02-02,2016-02-02,,unclassified,,none,,none,not_assessed,none,,chopperu123,1,,0,none,,ready,1.0.0
www.kongregate.com/games/bigkev711/click-the-monkey,Click the Monkey,bigkev711,http://www.kongregate.com/games/bigkev711/click-the-monkey,3,1,2014-10-10,2014-10-10,,unclassified,,none,,none,not_assessed,none,,bigkev711,1,,0,none,,ready,1.0.0
www.kongregate.com/games/dev9k/conspiracy-rise-of-a-new-leader,Conspiracy! - Rise of a New Leader,,http://www.kongregate.com/games/Dev9K/conspiracy-rise-of-a-new-leader,3,1,2014-08-04,2014-08-04,,unclassified,,none,,none,not_assessed,none,,unknown,252,,0,none,,ready,1.0.0
www.kongregate.com/games/thegames8dotcom/construction-sabotage-war-3,Construction Sabotage War 3,thegames8dotcom,http://www.kongregate.com/games/thegames8dotcom/construction-sabotage-war-3,3,1,2016-01-02,2016-01-02,,unclassified,,none,,none,not_assessed,none,,thegames8dotcom,7,,0,none,,ready,1.0.0
www.kongregate.com/games/enagamess/coppice,Coppice,Enagamess,http://www.kongregate.com/games/Enagamess/coppice,3,1,2017-07-12,2017-07-12,,unclassified,,none,,none,not_assessed,none,,enagamess,68,,0,none,,ready,1.0.0
www.kongregate.com/games/salcha00/create-a-wrestler,Create A Wrestler,salcha00,http://www.kongregate.com/games/salcha00/create-a-wrestler,3,1,2017-07-28,2017-07-28,,unclassified,,none,,none,not_assessed,none,,salcha00,1,,0,none,,ready,1.0.0
www.kongregate.com/games/mafagames/defense-math,Defense Math,mafagames,http://www.kongregate.com/games/mafagames/defense-math,3,1,2017-06-16,2017-06-16,,unclassified,,none,,none,not_assessed,none,,mafagames,41,,0,none,,ready,1.0.0
www.kongregate.com/games/mikhog/defense-prototype-3,Defense Prototype 3,mikhog,http://www.kongregate.com/games/mikhog/defense-prototype-3,3,1,2017-07-20,2017-07-20,,unclassified,,none,,none,not_assessed,none,,mikhog,1,,0,none,,ready,1.0.0
www.kongregate.com/games/fiab/dj-hero-2-mix2gether,DJ HERO 2 MIX2GETHER,fiab,http://www.kongregate.com/games/fiab/dj-hero-2-mix2gether,3,1,2010-10-18,2010-10-18,,unclassified,,none,,none,not_assessed,none,,fiab,1,,0,none,,ready,1.0.0
www.kongregate.com/games/babydora/dora-goes-to-school,Dora Goes To School,,http://www.kongregate.com/games/babydora/dora-goes-to-school,3,1,2014-07-04,2014-07-04,,unclassified,,none,,none,not_assessed,none,,unknown,252,,0,none,,ready,1.0.0
www.kongregate.com/games/odiusfly/dot-snap-battle,Dot Snap Battle,odiusfly,http://www.kongregate.com/games/odiusfly/dot-snap-battle,3,1,2017-09-20,2017-09-20,,unclassified,,none,,none,not_assessed,none,,odiusfly,1,,0,none,,ready,1.0.0
www.kongregate.com/games/stewardhklarlove/dr-steward-75ks-intergalactic-darryl-naturam-2021,Dr. Steward 75K's Intergalactic Darryl Naturam 2021,stewardhklarlove,http://www.kongregate.com/games/stewardhklarlove/dr-steward-75ks-intergalactic-darryl-naturam-2021,3,1,2017-10-08,2017-10-08,,unclassified,,none,,none,not_assessed,none,,stewardhklarlove,3,,0,none,,ready,1.0.0
www.kongregate.com/games/sandrakim/easter-with-family,Easter with Family,SandraKim,http://www.kongregate.com/games/SandraKim/easter-with-family,3,1,2016-05-23,2016-05-23,,unclassified,,none,,none,not_assessed,none,,sandrakim,31,,0,none,,ready,1.0.0
www.kongregate.com/games/newshield_ent/enter-into-darkness-3,Enter into Darkness 3,Newshield_Ent,http://www.kongregate.com/games/Newshield_Ent/enter-into-darkness-3,3,1,2015-12-05,2015-12-05,,unclassified,,none,,none,not_assessed,none,,newshield-ent,3,newshield-ent:enter-into-darkness,3,low,same_developer_series_stem,ready,1.0.0
www.kongregate.com/games/rahchel321/escape-rooms-3,Escape Rooms 3,rahchel321,http://www.kongregate.com/games/rahchel321/escape-rooms-3,3,1,2016-09-16,2016-09-16,,escape_room,escape_room,medium_title_signal,,none,not_assessed,none,,rahchel321,10,rahchel321:escape-rooms,4,medium,title_signal:escape_room; same_developer_series_stem,review_title_inference,1.0.0
www.kongregate.com/games/mohammadaqib07/eternal-red,Eternal-Red,,http://www.kongregate.com/games/MohammadAqib07/eternal-red,3,1,2014-07-21,2014-07-21,,unclassified,,none,,none,not_assessed,none,,unknown,252,,0,none,,ready,1.0.0
www.kongregate.com/games/rirara/fantasy-gems-action,Fantasy Gems Action!,rirara,http://www.kongregate.com/games/rirara/fantasy-gems-action,3,1,2010-10-22,2010-10-22,,unclassified,,none,,none,not_assessed,none,,rirara,1,,0,none,,ready,1.0.0
www.kongregate.com/games/minixgame/farm-life,Farm Life,MinixGame,http://www.kongregate.com/games/MinixGame/farm-life,3,1,2024-01-17,2024-01-17,,unclassified,,none,,none,not_assessed,none,,minixgame,2,,0,none,,ready,1.0.0
www.kongregate.com/games/freegames1234/find-tounterfeit-money,Find Tounterfeit Money,freegames1234,http://www.kongregate.com/games/freegames1234/find-tounterfeit-money,3,1,2011-03-08,2011-03-08,,unclassified,,none,,none,not_assessed,none,,freegames1234,6,,0,none,,ready,1.0.0
www.kongregate.com/games/gameallblack/flappyturkey,flappyturkey,gameallblack,http://www.kongregate.com/games/gameallblack/flappyturkey,3,1,2017-07-29,2017-07-29,,unclassified,,none,,none,not_assessed,none,,gameallblack,2,,0,none,,ready,1.0.0
www.kongregate.com/games/kwakagames/flying-bot,Flying Bot,,http://www.kongregate.com/games/kwakagames/flying-bot,3,1,2014-06-27,2014-06-27,,unclassified,,none,,none,not_assessed,none,,unknown,252,,0,none,,ready,1.0.0
www.kongregate.com/games/digmdrexel/for-the-motherland,For The Motherland,digmDrexel,http://www.kongregate.com/games/digmDrexel/for-the-motherland,3,1,2011-04-12,2011-04-12,,unclassified,,none,,none,not_assessed,none,,digmdrexel,4,,0,none,,ready,1.0.0
www.kongregate.com/games/gamesforgirlz/fried-chicken,Fried Chicken,,http://www.kongregate.com/games/gamesforgirlz/fried-chicken,3,1,2013-11-21,2013-11-21,,unclassified,,none,,none,not_assessed,none,,unknown,252,,0,none,,ready,1.0.0
www.kongregate.com/games/otterteej/frip-and-froops-logical-labyrinth,Frip and Froop's Logical Labyrinth,OtterTeej,http://www.kongregate.com/games/OtterTeej/frip-and-froops-logical-labyrinth,3,1,2014-09-19,2014-09-19,,unclassified,,none,,none,not_assessed,none,,otterteej,1,,0,none,,ready,1.0.0
www.kongregate.com/games/alia2013/fruit-connect,Fruit connect,,http://www.kongregate.com/games/alia2013/fruit-connect,3,1,2014-04-11,2014-04-11,,unclassified,,none,,none,not_assessed,none,,unknown,252,,0,none,,ready,1.0.0
www.kongregate.com/games/towski/fuel-the-fire,Fuel the Fire!,towski,http://www.kongregate.com/games/towski/fuel-the-fire,3,1,2011-03-11,2011-03-11,,unclassified,,none,,none,not_assessed,none,,towski,2,,0,none,,ready,1.0.0
www.kongregate.com/games/jonathansario/fuzzy-things,Fuzzy Things,jonathansario,http://www.kongregate.com/games/jonathansario/fuzzy-things,3,1,2010-11-13,2010-11-13,,unclassified,,none,,none,not_assessed,none,,jonathansario,1,,0,none,,ready,1.0.0
www.kongregate.com/games/robscherer123/ghosts-and-grenades,Ghosts and Grenades,robscherer123,http://www.kongregate.com/games/robscherer123/ghosts-and-grenades,3,1,2011-06-13,2011-06-13,,unclassified,,none,,none,not_assessed,none,,robscherer123,2,,0,none,,ready,1.0.0
www.kongregate.com/games/gigasun/giga-sun-rising-04,Giga Sun Rising 04,gigasun,http://www.kongregate.com/games/gigasun/giga-sun-rising-04,3,1,2016-09-23,2016-09-23,,unclassified,,none,,none,not_assessed,none,,gigasun,3,,0,none,,ready,1.0.0
www.kongregate.com/games/nutter666/gitd-66-gameplay-demo,GiTD#66 Gameplay Demo,nutter666,http://www.kongregate.com/games/nutter666/gitd-66-gameplay-demo,3,1,2017-05-05,2017-05-05,,unclassified,,none,,none,not_assessed,none,,nutter666,1,,0,none,,ready,1.0.0
www.kongregate.com/games/firekez/gta-portable,GTA Portable,,http://www.kongregate.com/games/firekez/gta-portable,3,1,2012-11-01,2012-11-01,,unclassified,,none,,none,not_assessed,none,,unknown,252,,0,none,,ready,1.0.0
www.kongregate.com/games/enagamess/halloween-brightness-paves-the-path,Halloween Brightness Paves The Path,Enagamess,http://www.kongregate.com/games/Enagamess/halloween-brightness-paves-the-path,3,1,2016-10-24,2016-10-24,,unclassified,,none,,none,not_assessed,none,,enagamess,68,,0,none,,ready,1.0.0
www.kongregate.com/games/glowingeyegames/halloween-tripeaks,Halloween Tripeaks,glowingeyegames,http://www.kongregate.com/games/glowingeyegames/halloween-tripeaks,3,1,2009-10-14,2009-10-14,,unclassified,,none,,none,not_assessed,none,,glowingeyegames,2,,0,none,,ready,1.0.0
www.kongregate.com/games/enagamess/hallowwen-escape-games-10-turnips,Hallowwen Escape Games - 10 Turnips,Enagamess,http://www.kongregate.com/games/Enagamess/hallowwen-escape-games-10-turnips,3,1,2016-10-17,2016-10-17,,escape_room,escape_room,medium_title_signal,,none,not_assessed,none,,enagamess,68,,0,medium,title_signal:escape_room,review_title_inference,1.0.0
www.kongregate.com/games/zumwaltwood/herb-garden,Herb Garden,ZumwaltWood,http://www.kongregate.com/games/ZumwaltWood/herb-garden,3,1,2017-06-04,2017-06-04,,unclassified,,none,,none,not_assessed,none,,zumwaltwood,1,,0,none,,ready,1.0.0
www.kongregate.com/games/husenicar/heroes-vs-devil,Heroes vs Devil,Husenicar,http://www.kongregate.com/games/Husenicar/heroes-vs-devil,3,1,2016-10-30,2016-10-30,,unclassified,,none,,none,not_assessed,none,,husenicar,1,,0,none,,ready,1.0.0
www.kongregate.com/games/papercup/how-to-make-an-mmorpg,How to make an MMORPG,PaperCup,http://www.kongregate.com/games/PaperCup/how-to-make-an-mmorpg,3,1,2011-07-17,2011-07-17,,unclassified,,none,massively_multiplayer_title_signal,medium_title_signal,not_assessed,none,,papercup,4,,0,medium,title_signal:mmo,review_title_inference,1.0.0
www.kongregate.com/games/mr_ferrado/jogo-de-explora-o,Jogo de Exploração,Mr_Ferrado,http://www.kongregate.com/games/Mr_Ferrado/jogo-de-explora-o,3,1,2014-08-29,2014-08-29,,unclassified,,none,,none,not_assessed,none,,mr-ferrado,1,,0,none,,ready,1.0.0
www.kongregate.com/games/newgamess/juggernaut-jigsaw,Juggernaut Jigsaw,newgamess,http://www.kongregate.com/games/newgamess/juggernaut-jigsaw,3,1,2016-05-24,2016-05-24,,unclassified,,none,,none,not_assessed,none,,newgamess,37,,0,none,,ready,1.0.0
www.kongregate.com/games/gamesrishti/jumbo-adventure,Jumbo Adventure,gamesrishti,http://www.kongregate.com/games/gamesrishti/jumbo-adventure,3,1,2011-04-16,2011-04-16,,unclassified,,none,,none,not_assessed,none,,gamesrishti,5,,0,none,,ready,1.0.0
www.kongregate.com/games/hidrasoin/kiss-the-duck,Kiss the duck,hidrasoin,http://www.kongregate.com/games/hidrasoin/kiss-the-duck,3,1,2014-09-14,2014-09-14,,unclassified,,none,,none,not_assessed,none,,hidrasoin,1,,0,none,,ready,1.0.0
www.kongregate.com/games/knfescapegame/knf-chalet-bungalow-escape,Knf Chalet Bungalow Escape,knfescapegame,http://www.kongregate.com/games/knfescapegame/knf-chalet-bungalow-escape,3,1,2017-08-23,2017-08-23,,escape_room,escape_room,medium_title_signal,,none,not_assessed,none,,knfescapegame,9,,0,medium,title_signal:escape_room,review_title_inference,1.0.0
www.kongregate.com/games/knfgame1/knf-mysterious-snow-forest-escape,KNF mysterious snow forest escape,knfgame1,http://www.kongregate.com/games/knfgame1/knf-mysterious-snow-forest-escape,3,1,2016-07-27,2016-07-27,,escape_room,escape_room,medium_title_signal,,none,not_assessed,none,,knfgame1,2,,0,medium,title_signal:escape_room,review_title_inference,1.0.0
www.kongregate.com/games/sevelina/kristen-stewart-dress-up,Kristen Stewart dress up,sevelina,http://www.kongregate.com/games/sevelina/kristen-stewart-dress-up,3,1,2011-08-05,2011-08-05,,unclassified,,none,,none,not_assessed,none,,sevelina,1,,0,none,,ready,1.0.0
www.kongregate.com/games/storm_howard/last-man-alive,Last Man Alive,storm_howard,http://www.kongregate.com/games/storm_howard/last-man-alive,3,1,2017-09-30,2017-09-30,,unclassified,,none,,none,not_assessed,none,,storm-howard,1,,0,none,,ready,1.0.0
www.kongregate.com/games/box10guys/lethal-racing-2,Lethal Racing 2,box10Guys,http://www.kongregate.com/games/box10Guys/lethal-racing-2,3,1,2011-06-29,2011-06-29,,sports_racing,sports_racing,medium_title_signal,,none,not_assessed,none,,box10guys,4,,0,medium,title_signal:sports_racing,review_title_inference,1.0.0
www.kongregate.com/games/7lvdan/loomi-beta,Loomi beta,7lvdan,http://www.kongregate.com/games/7lvdan/loomi-beta,3,1,2011-03-29,2011-03-29,,unclassified,,none,,none,not_assessed,none,,7lvdan,1,,0,none,,ready,1.0.0
www.kongregate.com/games/toxikb/mafia-roulette-local-test,Mafia Roulette (Local Test),toxikb,http://www.kongregate.com/games/toxikb/mafia-roulette-local-test,3,1,2017-06-15,2017-06-15,,unclassified,,none,,none,not_assessed,none,,toxikb,1,,0,none,,ready,1.0.0
www.kongregate.com/games/vinila/making-words-ii,Making Words II,vinila,http://www.kongregate.com/games/vinila/making-words-ii,3,1,2011-03-15,2011-03-15,,unclassified,,none,,none,not_assessed,none,,vinila,1,,0,none,,ready,1.0.0
www.kongregate.com/games/herocraft_games/marble-duel-old-school-match-3-blasting,Marble Duel: Old-school match 3 blasting,HeroCraft_Games,http://www.kongregate.com/games/HeroCraft_Games/marble-duel-old-school-match-3-blasting,3,1,2017-10-24,2017-10-24,,unclassified,,none,,none,not_assessed,none,,herocraft-games,1,,0,none,,ready,1.0.0
www.kongregate.com/games/danieo6/match-it-rgb,Match It RGB,Danieo6,http://www.kongregate.com/games/Danieo6/match-it-rgb,3,1,2014-11-11,2014-11-11,,unclassified,,none,,none,not_assessed,none,,danieo6,1,,0,none,,ready,1.0.0
www.kongregate.com/games/megancitu/max-dificult-z,max dificult z,megancitu,http://www.kongregate.com/games/megancitu/max-dificult-z,3,1,2014-08-22,2014-08-22,,unclassified,,none,,none,not_assessed,none,,megancitu,1,,0,none,,ready,1.0.0
www.kongregate.com/games/bella500/memory-talktalk,Memory - Talktalk,Bella500,http://www.kongregate.com/games/Bella500/memory-talktalk,3,1,2016-01-25,2016-01-25,,unclassified,,none,,none,not_assessed,none,,bella500,1,,0,none,,ready,1.0.0
www.kongregate.com/games/glowingeyegames/milo-physics,Milo Physics,glowingeyegames,http://www.kongregate.com/games/glowingeyegames/milo-physics,3,1,2010-11-23,2010-11-23,,unclassified,,none,,none,not_assessed,none,,glowingeyegames,2,,0,none,,ready,1.0.0
www.kongregate.com/games/7seas/missionosama,MissionOsama,7Seas,http://www.kongregate.com/games/7Seas/missionosama,3,1,2011-05-28,2011-05-28,,unclassified,,none,,none,not_assessed,none,,7seas,1,,0,none,,ready,1.0.0
www.kongregate.com/games/iceninecz/monkey-freak,Monkey Freak,IceNineCZ,http://www.kongregate.com/games/IceNineCZ/monkey-freak,3,1,2010-12-23,2010-12-23,,unclassified,,none,,none,not_assessed,none,,iceninecz,1,,0,none,,ready,1.0.0
www.kongregate.com/games/master56565/moon-fairy,Moon fairy,master56565,http://www.kongregate.com/games/master56565/moon-fairy,3,1,2011-06-05,2011-06-05,,unclassified,,none,,none,not_assessed,none,,master56565,1,,0,none,,ready,1.0.0
www.kongregate.com/games/goodgodlygod/musical-keyboard,Musical keyboard,GoodGodlyGod,http://www.kongregate.com/games/GoodGodlyGod/musical-keyboard,3,1,2015-09-09,2015-09-09,,unclassified,,none,,none,not_assessed,none,,goodgodlygod,1,,0,none,,ready,1.0.0
www.kongregate.com/games/games2rule/my-home-2,My Home-2,games2rule,http://www.kongregate.com/games/games2rule/my-home-2,3,1,2011-08-13,2011-08-13,,unclassified,,none,,none,not_assessed,none,,games2rule,21,,0,none,,ready,1.0.0
www.kongregate.com/games/sandrakim/new-year-surprise,New Year Surprise,SandraKim,http://www.kongregate.com/games/SandraKim/new-year-surprise,3,1,2014-12-30,2014-12-30,,unclassified,,none,,none,not_assessed,none,,sandrakim,31,,0,none,,ready,1.0.0
www.kongregate.com/games/nsrgames/nsr-prison-escape,NSR Prison Escape,Nsrgames,http://www.kongregate.com/games/Nsrgames/nsr-prison-escape,3,1,2017-07-03,2017-07-03,,escape_room,escape_room,medium_title_signal,,none,not_assessed,none,,nsrgames,10,,0,medium,title_signal:escape_room,review_title_inference,1.0.0
www.kongregate.com/games/deesus/office-supply-team,Office Supply Team!,deesus,http://www.kongregate.com/games/deesus/office-supply-team,3,1,2011-03-23,2011-03-23,,unclassified,,none,,none,not_assessed,none,,deesus,3,,0,none,,ready,1.0.0
www.kongregate.com/games/gamesdeveloper/pacman-star-adventure-2,Pacman Star Adventure 2,Gamesdeveloper,http://www.kongregate.com/games/Gamesdeveloper/pacman-star-adventure-2,3,1,2016-05-06,2016-05-06,,unclassified,,none,,none,not_assessed,none,,gamesdeveloper,7,,0,none,,ready,1.0.0
www.kongregate.com/games/game4joy/paper-doors-escape,Paper Doors Escape,,http://www.kongregate.com/games/game4joy/paper-doors-escape,3,1,2014-06-06,2014-06-06,,escape_room,escape_room,medium_title_signal,,none,not_assessed,none,,unknown,252,,0,medium,title_signal:escape_room,review_title_inference,1.0.0
www.kongregate.com/games/jawgames/parking-lot-smashball,Parking Lot Smashball,JawGames,http://www.kongregate.com/games/JawGames/parking-lot-smashball,3,1,2014-08-26,2014-08-26,,unclassified,,none,,none,not_assessed,none,,jawgames,2,,0,none,,ready,1.0.0
www.kongregate.com/games/greatz/patih-araya-demo,Patih Araya Demo,greatz,http://www.kongregate.com/games/greatz/patih-araya-demo,3,1,2014-12-28,2014-12-28,,unclassified,,none,,none,not_assessed,none,,greatz,1,,0,none,,ready,1.0.0
www.kongregate.com/games/tima291199/pekaface,PekaFace,tima291199,http://www.kongregate.com/games/tima291199/pekaface,3,1,2014-10-13,2014-10-13,,unclassified,,none,,none,not_assessed,none,,tima291199,1,,0,none,,ready,1.0.0
www.kongregate.com/games/friuns/physicswars,PhysicsWars,friuns,http://www.kongregate.com/games/friuns/physicswars,3,1,2011-02-09,2011-02-09,,unclassified,,none,,none,not_assessed,none,,friuns,1,,0,none,,ready,1.0.0
www.kongregate.com/games/llwolf/pizza-guy,Pizza guy,llwolf,http://www.kongregate.com/games/llwolf/pizza-guy,3,1,2016-02-17,2016-02-17,,unclassified,,none,,none,not_assessed,none,,llwolf,1,,0,none,,ready,1.0.0
www.kongregate.com/games/chigbi/plat-jump-demo,Plat Jump Demo,chigbi,http://www.kongregate.com/games/chigbi/plat-jump-demo,3,1,2014-12-10,2014-12-10,,unclassified,,none,,none,not_assessed,none,,chigbi,1,,0,none,,ready,1.0.0
www.kongregate.com/games/nigelboydmartin/pokemon-kill-4,Pokemon Kill 4,NigelBoydMartin,http://www.kongregate.com/games/NigelBoydMartin/pokemon-kill-4,3,1,2014-10-09,2014-10-09,,unclassified,,none,,none,not_assessed,none,,nigelboydmartin,1,,0,none,,ready,1.0.0
www.kongregate.com/games/bivision/pong,Pong,BiVision,http://www.kongregate.com/games/BiVision/pong,3,1,2015-09-30,2015-09-30,,unclassified,,none,,none,not_assessed,none,,bivision,1,,0,none,,ready,1.0.0
www.kongregate.com/games/sorenof/potato-pirate,Potato Pirate,sorenof,http://www.kongregate.com/games/sorenof/potato-pirate,3,1,2014-10-31,2014-10-31,,unclassified,,none,,none,not_assessed,none,,sorenof,3,,0,none,,ready,1.0.0
www.kongregate.com/games/rezoner/qbqbqb,QbQbQb,,http://www.kongregate.com/games/rezoner/qbqbqb,3,1,2013-09-30,2013-09-30,,unclassified,,none,,none,not_assessed,none,,unknown,252,,0,none,,ready,1.0.0
www.kongregate.com/games/newgamess/racing-porsche-jigsaw,Racing Porsche Jigsaw,newgamess,http://www.kongregate.com/games/newgamess/racing-porsche-jigsaw,3,1,2014-09-12,2014-09-12,,sports_racing,sports_racing,medium_title_signal,,none,not_assessed,none,,newgamess,37,,0,medium,title_signal:sports_racing,review_title_inference,1.0.0
www.kongregate.com/games/sadistfairy/rango,Rango,sadistfairy,http://www.kongregate.com/games/sadistfairy/rango,3,1,2017-08-17,2017-08-17,,unclassified,,none,,none,not_assessed,none,,sadistfairy,1,,0,none,,ready,1.0.0
www.kongregate.com/games/clipwiregames/redshift,Redshift,ClipwireGames,http://www.kongregate.com/games/ClipwireGames/redshift,3,1,2014-09-26,2014-09-26,,unclassified,,none,,none,not_assessed,none,,clipwiregames,1,,0,none,,ready,1.0.0
www.kongregate.com/games/cheffplayer2/register-simulator,Register Simulator,cheffplayer2,http://www.kongregate.com/games/cheffplayer2/register-simulator,3,1,2014-09-20,2014-09-20,,unclassified,,none,,none,not_assessed,none,,cheffplayer2,1,,0,none,,ready,1.0.0
www.kongregate.com/games/nr2md/relaxing-flash-game,Relaxing Flash Game,nr2md,http://www.kongregate.com/games/nr2md/relaxing-flash-game,3,1,2011-07-28,2011-07-28,,unclassified,,none,,none,not_assessed,none,,nr2md,1,,0,none,,ready,1.0.0
www.kongregate.com/games/coconutloverrr/rock-sweeper,Rock Sweeper,coconutloverrr,http://www.kongregate.com/games/coconutloverrr/rock-sweeper,3,1,2016-05-15,2016-05-15,,unclassified,,none,,none,not_assessed,none,,coconutloverrr,1,,0,none,,ready,1.0.0
www.kongregate.com/games/stefan4024/rotator,Rotator,Stefan4024,http://www.kongregate.com/games/Stefan4024/rotator,3,1,2017-06-25,2017-06-25,,unclassified,,none,,none,not_assessed,none,,stefan4024,1,,0,none,,ready,1.0.0
www.kongregate.com/games/rc88_/run-and-monetize,Run And Monetize,rc88_,http://www.kongregate.com/games/rc88_/run-and-monetize,3,1,2011-02-27,2011-02-26,,unclassified,,none,,none,not_assessed,none,,rc88,1,,0,none,,ready,1.0.0
www.kongregate.com/games/vascogames/secret-mission,Secret Mission,VascoGames,http://www.kongregate.com/games/VascoGames/secret-mission,3,1,2011-06-01,2011-06-01,,unclassified,,none,,none,not_assessed,none,,vascogames,1,,0,none,,ready,1.0.0
www.kongregate.com/games/123kenny10/seize-the-saucers,Seize the Saucers!,123kenny10,http://www.kongregate.com/games/123kenny10/seize-the-saucers,3,1,2016-10-04,2016-10-04,,unclassified,,none,,none,not_assessed,none,,123kenny10,1,,0,none,,ready,1.0.0
www.kongregate.com/games/disposableernst/session-key-viewer,Session Key Viewer,disposableernst,http://www.kongregate.com/games/disposableernst/session-key-viewer,3,1,2015-09-15,2015-09-15,,unclassified,,none,,none,not_assessed,none,,disposableernst,1,,0,none,,ready,1.0.0
www.kongregate.com/games/xelu3banh/smash-duel,Smash duel,xelu3banh,http://www.kongregate.com/games/xelu3banh/smash-duel,3,1,2016-07-07,2016-07-07,,unclassified,,none,,none,not_assessed,none,,xelu3banh,1,,0,none,,ready,1.0.0
www.kongregate.com/games/adgard/sokob,Sokob,adgard,http://www.kongregate.com/games/adgard/sokob,3,1,2021-01-25,2021-01-25,,unclassified,,none,,none,not_assessed,none,,adgard,1,,0,none,,ready,1.0.0
www.kongregate.com/games/juegosluna/soy-luna-pac-man,Soy Luna Pac-Man,juegosluna,http://www.kongregate.com/games/juegosluna/soy-luna-pac-man,3,1,2016-08-28,2016-08-28,,unclassified,,none,,none,not_assessed,none,,juegosluna,1,,0,none,,ready,1.0.0
www.kongregate.com/games/tete94/space-assault,Space Assault,tete94,http://www.kongregate.com/games/tete94/space-assault,3,1,2016-07-14,2016-07-14,,unclassified,,none,,none,not_assessed,none,,tete94,1,,0,none,,ready,1.0.0
www.kongregate.com/games/latypovkamil/space-stranger,Space Stranger,LatypovKamil,http://www.kongregate.com/games/LatypovKamil/space-stranger,3,1,2017-10-15,2017-10-15,,unclassified,,none,,none,not_assessed,none,,latypovkamil,1,,0,none,,ready,1.0.0
www.kongregate.com/games/qsqd3c2a1/spacewar,SpaceWar,qsqd3c2a1,http://www.kongregate.com/games/qsqd3c2a1/spacewar,3,1,2016-01-16,2016-01-16,,unclassified,,none,,none,not_assessed,none,,qsqd3c2a1,1,,0,none,,ready,1.0.0
www.kongregate.com/games/omgnoob191/spell-idle-2,Spell idle 2,omgnoob191,http://www.kongregate.com/games/omgnoob191/spell-idle-2,3,1,2016-03-20,2016-03-20,,idle_incremental,idle_incremental,medium_title_signal,,none,not_assessed,none,,omgnoob191,4,,0,medium,title_signal:idle_incremental,review_title_inference,1.0.0
www.kongregate.com/games/keenblaze/square-survival-guide,Square Survival Guide,,http://www.kongregate.com/games/keenblaze/square-survival-guide,3,1,2012-11-05,2012-11-05,,unclassified,,none,,none,not_assessed,none,,unknown,252,,0,none,,ready,1.0.0
www.kongregate.com/games/lionel_ict/ss17-supercarla,SS17 SuperCarla,lionel_ict,http://www.kongregate.com/games/lionel_ict/ss17-supercarla,3,1,2017-09-13,2017-09-13,,unclassified,,none,,none,not_assessed,none,,lionel-ict,3,,0,none,,ready,1.0.0
www.kongregate.com/games/voidexec/stardust,Stardust,voidExec,http://www.kongregate.com/games/voidExec/stardust,3,1,2017-09-04,2017-09-04,,unclassified,,none,,none,not_assessed,none,,voidexec,1,,0,none,,ready,1.0.0
www.kongregate.com/games/powerpoler/stickman-adventure,Stickman Adventure,powerpoler,http://www.kongregate.com/games/powerpoler/stickman-adventure,3,1,2011-06-18,2011-06-18,,unclassified,,none,,none,not_assessed,none,,powerpoler,2,,0,none,,ready,1.0.0
www.kongregate.com/games/allpremiumgames/stone-age-runner-new-tilty-truck-game,Stone Age Runner - New...,allpremiumgames,http://www.kongregate.com/games/allpremiumgames/stone-age-runner-new-tilty-truck-game,3,1,2010-11-08,2010-11-08,,unclassified,,none,,none,not_assessed,none,,allpremiumgames,3,,0,none,,ready,1.0.0
www.kongregate.com/games/mohamed_negm/summoners-tale-in-developing,Summoner's Tale (in developing),Mohamed_Negm,http://www.kongregate.com/games/Mohamed_Negm/summoners-tale-in-developing,3,1,2017-08-05,2017-08-05,,unclassified,,none,,none,not_assessed,none,,mohamed-negm,1,,0,none,,ready,1.0.0
www.kongregate.com/games/docooking/super-fancy-cupcake,Super Fancy Cupcake,docooking,http://www.kongregate.com/games/docooking/super-fancy-cupcake,3,1,2011-08-09,2011-08-09,,unclassified,,none,,none,not_assessed,none,,docooking,1,,0,none,,ready,1.0.0
www.kongregate.com/games/natalibt/suv-car-cartoon-puzzle,SUV Car Cartoon Puzzle,natalibt,http://www.kongregate.com/games/natalibt/suv-car-cartoon-puzzle,3,1,2016-10-10,2016-10-10,,unclassified,,none,,none,not_assessed,none,,natalibt,15,,0,none,,ready,1.0.0
www.kongregate.com/games/nyantoaster/tanks,TANKS!,nyantoaster,http://www.kongregate.com/games/nyantoaster/tanks,3,1,2016-03-16,2016-03-16,,unclassified,,none,,none,not_assessed,none,,nyantoaster,1,,0,none,,ready,1.0.0
www.kongregate.com/games/bier919/tantalus,Tantalus,bier919,http://www.kongregate.com/games/bier919/tantalus,3,1,2017-08-11,2017-08-11,,unclassified,,none,,none,not_assessed,none,,bier919,1,,0,none,,ready,1.0.0
www.kongregate.com/games/guilhermeg5/tap-it-tap-the-red-button,Tap It! - Tap the red button!,GuilhermeG5,http://www.kongregate.com/games/GuilhermeG5/tap-it-tap-the-red-button,3,1,2014-10-04,2014-10-04,,unclassified,,none,,none,not_assessed,none,,guilhermeg5,1,,0,none,,ready,1.0.0
www.kongregate.com/games/chasles/terroir-studio,Terroir Studio,chasles,http://www.kongregate.com/games/chasles/terroir-studio,3,1,2016-06-22,2016-06-22,,unclassified,,none,,none,not_assessed,none,,chasles,1,,0,none,,ready,1.0.0
www.kongregate.com/games/del9901705_39278/the-mansion-tour,The Mansion Tour!!,del9901705_39278,http://www.kongregate.com/games/del9901705_39278/the-mansion-tour,3,1,2016-06-13,2016-06-13,,unclassified,,none,,none,not_assessed,none,,del9901705-39278,2,,0,none,,ready,1.0.0
www.kongregate.com/games/girlsgames/the-mermaid-princess-dress-up,The Mermaid Princess D...,girlsgames,http://www.kongregate.com/games/girlsgames/the-mermaid-princess-dress-up,3,1,2011-04-09,2011-04-09,,unclassified,,none,,none,not_assessed,none,,girlsgames,1,,0,none,,ready,1.0.0
www.kongregate.com/games/sandrakim/the-secret-lab,The Secret Lab,SandraKim,http://www.kongregate.com/games/SandraKim/the-secret-lab,3,1,2016-07-20,2016-07-20,,unclassified,,none,,none,not_assessed,none,,sandrakim,31,,0,none,,ready,1.0.0
www.kongregate.com/games/kerbogames/thelastsurvivor,TheLastSurvivor,KERBOGAMES,http://www.kongregate.com/games/KERBOGAMES/thelastsurvivor,3,1,2015-12-26,2015-12-26,,unclassified,,none,,none,not_assessed,none,,kerbogames,2,,0,none,,ready,1.0.0
www.kongregate.com/games/enagamess/tittu-and-annie-11,Tittu And Annie 11,Enagamess,http://www.kongregate.com/games/Enagamess/tittu-and-annie-11,3,1,2016-08-05,2016-08-05,,unclassified,,none,,none,not_assessed,none,,enagamess,68,enagamess:tittu-and-annie,2,low,same_developer_series_stem,ready,1.0.0
www.kongregate.com/games/bullybee/touch-me-now,Touch me NOW!,bullybee,http://www.kongregate.com/games/bullybee/touch-me-now,3,1,2011-07-13,2011-07-13,,unclassified,,none,,none,not_assessed,none,,bullybee,2,,0,none,,ready,1.0.0
www.kongregate.com/games/crunchtimestudio/tower,Tower,,http://www.kongregate.com/games/CrunchTimeStudio/tower,3,1,2014-08-01,2014-08-01,,unclassified,,none,,none,not_assessed,none,,unknown,252,,0,none,,ready,1.0.0
www.kongregate.com/games/tresensa/tresensa-marbles,TreSenSa Marbles,,http://www.kongregate.com/games/TreSensa/tresensa-marbles,3,1,2014-07-25,2014-07-25,,unclassified,,none,,none,not_assessed,none,,unknown,252,,0,none,,ready,1.0.0
www.kongregate.com/games/life_glug/vape-naysh-vs-the-memes-beta1,Vape Naysh Vs The Memes Beta1,Life_Glug,http://www.kongregate.com/games/Life_Glug/vape-naysh-vs-the-memes-beta1,3,1,2016-06-05,2016-06-05,,unclassified,,none,,none,not_assessed,none,,life-glug,1,,0,none,,ready,1.0.0
www.kongregate.com/games/myplayyard/wandering-eyes,Wandering Eyes,myplayyard,http://www.kongregate.com/games/myplayyard/wandering-eyes,3,1,2014-10-29,2014-10-29,,unclassified,,none,,none,not_assessed,none,,myplayyard,3,,0,none,,ready,1.0.0
www.kongregate.com/games/freeworldgroup/war-on-iraq,War on Iraq,FreeWorldGroup,http://www.kongregate.com/games/FreeWorldGroup/war-on-iraq,3,1,2014-09-26,2014-09-26,,unclassified,,none,,none,not_assessed,none,,freeworldgroup,6,,0,none,,ready,1.0.0
www.kongregate.com/games/skaren/watch-fat-kid-dance,Watch Fat Kid Dance,skaren,http://www.kongregate.com/games/skaren/watch-fat-kid-dance,3,1,2011-12-31,2011-12-31,,unclassified,,none,,none,not_assessed,none,,skaren,1,,0,none,,ready,1.0.0
www.kongregate.com/games/wcgd/were-dropping-christmas,We're Dropping Christmas,WCGD,http://www.kongregate.com/games/WCGD/were-dropping-christmas,3,1,2014-12-17,2014-12-17,,unclassified,,none,,none,not_assessed,none,,wcgd,1,,0,none,,ready,1.0.0
www.kongregate.com/games/bluesn0w/wipo,Wipo,BlueSn0w,http://www.kongregate.com/games/BlueSn0w/wipo,3,1,2016-03-05,2016-03-05,,unclassified,,none,,none,not_assessed,none,,bluesn0w,1,,0,none,,ready,1.0.0
www.kongregate.com/games/khalidklevar/xo2-game,xo2 game,,http://www.kongregate.com/games/khalidklevar/xo2-game,3,1,2014-08-08,2014-08-08,,unclassified,,none,,none,not_assessed,none,,unknown,252,,0,none,,ready,1.0.0
www.kongregate.com/games/fordjr/yaba-v0-1,Yaba V0.1,FordJr,http://www.kongregate.com/games/FordJr/yaba-v0-1,3,1,2014-10-18,2014-10-18,,unclassified,,none,,none,not_assessed,none,,fordjr,1,,0,none,,ready,1.0.0
www.kongregate.com/games/terryrust/you-da-fly,You da Fly,TerryRust,http://www.kongregate.com/games/TerryRust/you-da-fly,3,1,2011-07-21,2011-07-21,,unclassified,,none,,none,not_assessed,none,,terryrust,2,,0,none,,ready,1.0.0
www.kongregate.com/games/slade0s/you-will-hate-this-game,You will hate this game,slade0s,http://www.kongregate.com/games/slade0s/you-will-hate-this-game,3,1,2011-07-10,2011-07-10,,unclassified,,none,,none,not_assessed,none,,slade0s,1,,0,none,,ready,1.0.0
www.kongregate.com/games/abcgames2015/zombie-ace,Zombie Ace,abcgames2015,http://www.kongregate.com/games/abcgames2015/zombie-ace,3,1,2015-09-14,2015-09-14,,unclassified,,none,,none,not_assessed,none,,abcgames2015,1,,0,none,,ready,1.0.0
www.kongregate.com/games/starmeiko/zombie-dolls,zombie dolls,starmeiko,http://www.kongregate.com/games/starmeiko/zombie-dolls,3,1,2011-07-24,2011-07-24,,unclassified,,none,,none,not_assessed,none,,starmeiko,1,,0,none,,ready,1.0.0
www.kongregate.com/games/ninjakiwi/bloons-monkey-city,Bloons Monkey City,Ninjakiwi,https://www.kongregate.com/games/Ninjakiwi/bloons-monkey-city,4,1109,2014-11-25,2014-11-25,tower-defense; strategy; strategy-defense,tower_defense,strategy; tower_defense,high_observed_category,,none,not_assessed,none,,ninjakiwi,11,,0,high,observed_category:tower_defense,ready,1.0.0
www.kongregate.com/games/wild_shadow/realm-of-the-mad-god,Realm of the Mad God,Wild_Shadow,http://www.kongregate.com/games/Wild_Shadow/realm-of-the-mad-god,4,253,2012-04-19,2012-04-19,,unclassified,,none,,none,not_assessed,none,,wild-shadow,1,,0,none,,ready,1.0.0
www.kongregate.com/games/armorgames/flight,Flight,ArmorGames,http://www.kongregate.com/games/ArmorGames/flight,4,239,2011-02-06,2011-02-06,action; adventure,adventure,action; adventure,high_observed_category,,none,not_assessed,none,,armorgames,22,,0,high,observed_category:adventure,ready,1.0.0
www.kongregate.com/games/juicybeast/burrito-bison,Burrito Bison,JuicyBeast,http://www.kongregate.com/games/JuicyBeast/burrito-bison,4,233,2011-04-23,2011-04-23,action,action,action,high_observed_category,,none,not_assessed,none,,juicybeast,4,,0,high,observed_category:action,ready,1.0.0
www.kongregate.com/games/iriysoft/cursed-treasure-2,Cursed Treasure 2,IriySoft,https://www.kongregate.com/games/IriySoft/cursed-treasure-2,4,194,2014-02-10,2014-02-10,tower-defense; strategy; strategy-defense,tower_defense,strategy; tower_defense,high_observed_category,,none,not_assessed,none,,iriysoft,7,iriysoft:cursed-treasure,2,high,observed_category:tower_defense; same_developer_series_stem,ready,1.0.0
www.kongregate.com/games/baldurans/reactor-idle,Reactor idle,Baldurans,https://www.kongregate.com/games/Baldurans/reactor-idle,4,193,2015-11-12,2015-08-23,idle; strategy,idle_incremental,idle_incremental; strategy,high_observed_category,idle_progression,high_observed_category,not_assessed,none,,baldurans,2,,0,high,observed_category:idle_incremental; observed_category:idle,ready,1.0.0
www.kongregate.com/games/light_bringer777/learn-to-fly,Learn to Fly,light_bringer777,http://www.kongregate.com/games/light_bringer777/learn-to-fly,4,94,2009-07-06,2009-07-06,sports-racing,sports_racing,sports_racing,high_observed_category,,none,not_assessed,none,,light-bringer777,4,light-bringer777:learn-to-fly,3,high,observed_category:sports_racing; same_developer_series_stem,ready,1.0.0
www.kongregate.com/games/targaciej/klocki,klocki,targaciej,https://www.kongregate.com/games/targaciej/klocki,4,83,2016-08-26,2016-07-14,puzzle,puzzle,puzzle,high_observed_category,,none,not_assessed,none,,targaciej,1,,0,high,observed_category:puzzle,ready,1.0.0
www.kongregate.com/games/xdanond/rpg-shooter-starwish,RPG Shooter: Starwish,xdanond,http://www.kongregate.com/games/xdanond/rpg-shooter-starwish,4,82,2011-07-02,2011-06-07,shooter,shooter,shooter,high_observed_category,,none,not_assessed,none,,xdanond,1,,0,high,observed_category:shooter,ready,1.0.0
www.kongregate.com/games/mythicowl/hexologic,Hexologic,mythicowl,https://www.kongregate.com/games/mythicowl/hexologic,4,75,2019-02-01,2018-10-15,puzzle,puzzle,puzzle,high_observed_category,,none,not_assessed,none,,mythicowl,1,,0,high,observed_category:puzzle,ready,1.0.0
www.kongregate.com/games/booblyccom/incursion-2-the-artifact,Incursion 2: The Artifact,booblycCom,http://www.kongregate.com/games/booblycCom/incursion-2-the-artifact,4,75,2013-07-02,2013-07-02,tower-defense,tower_defense,tower_defense,high_observed_category,,none,not_assessed,none,,booblyccom,2,,0,high,observed_category:tower_defense,ready,1.0.0
www.kongregate.com/games/vasantj/medieval-cop-9-song-silence-part-1,Medieval Cop 9 -Song & Silence- (Part 1),VasantJ,https://www.kongregate.com/games/VasantJ/medieval-cop-9-song-silence-part-1,4,73,2019-05-06,2019-02-09,puzzle; adventure,puzzle,adventure; puzzle,high_observed_category,,none,not_assessed,none,,vasantj,20,vasantj:medieval-cop-9-song-silence,2,high,observed_category:puzzle; same_developer_series_stem,ready,1.0.0
www.kongregate.com/games/flyanvil/insectonator-zombie-mode,Insectonator: Zombie mode,FlyAnvil,http://www.kongregate.com/games/FlyAnvil/insectonator-zombie-mode,4,72,2011-06-01,2011-05-31,shooter,shooter,shooter,high_observed_category,,none,not_assessed,none,,flyanvil,5,,0,high,observed_category:shooter,ready,1.0.0
www.kongregate.com/games/casualcollective/the-space-game,The Space Game,CasualCollective,http://www.kongregate.com/games/CasualCollective/the-space-game,4,69,2009-02-20,2009-02-20,,unclassified,,none,,none,not_assessed,none,,casualcollective,3,,0,none,,ready,1.0.0
www.kongregate.com/games/ninjakiwi/bloons-super-monkey,Bloons Super Monkey,Ninjakiwi,http://www.kongregate.com/games/Ninjakiwi/bloons-super-monkey,4,68,2012-04-04,2010-02-22,shooter,shooter,shooter,high_observed_category,,none,not_assessed,none,,ninjakiwi,11,,0,high,observed_category:shooter,ready,1.0.0
www.kongregate.com/games/tobeglad/evo-explores,Evo Explores,tobeglad,https://www.kongregate.com/games/tobeglad/evo-explores,4,68,2016-09-05,2016-03-26,puzzle,puzzle,puzzle,high_observed_category,,none,not_assessed,none,,tobeglad,1,,0,high,observed_category:puzzle,ready,1.0.0
www.kongregate.com/games/saybox/pingy-the-ping-idle-rpg,Pingy the Ping Idle RPG,saybox,http://www.kongregate.com/games/saybox/pingy-the-ping-idle-rpg,4,63,2011-11-01,2011-10-08,idle,idle_incremental,idle_incremental,high_observed_category,idle_progression,high_observed_category,not_assessed,none,,saybox,1,,0,high,observed_category:idle_incremental; observed_category:idle,ready,1.0.0
www.kongregate.com/games/juicybeast/burrito-bison-launcha-libre,Burrito Bison: Launcha Libre,JuicyBeast,https://www.kongregate.com/games/JuicyBeast/burrito-bison-launcha-libre,4,51,2017-03-04,2013-03-05,action,action,action,high_observed_category,,none,not_assessed,none,,juicybeast,4,,0,high,observed_category:action,ready,1.0.0
www.kongregate.com/games/awesomepixels/gun-mayhem-2-more-mayhem,Gun Mayhem 2:More Mayhem,AwesomePixels,https://www.kongregate.com/en/games/AwesomePixels/gun-mayhem-2-more-mayhem,4,48,2019-01-08,2013-11-07,shooter,shooter,shooter,high_observed_category,,none,not_assessed,none,,awesomepixels,1,,0,high,observed_category:shooter,ready,1.0.0
www.kongregate.com/games/locos/kongretube,KongreTube,locos,http://www.kongregate.com/games/locos/kongretube,4,47,2012-02-14,2011-09-19,idle,idle_incremental,idle_incremental,high_observed_category,idle_progression,high_observed_category,not_assessed,none,,locos,2,,0,high,observed_category:idle_incremental; observed_category:idle,ready,1.0.0
www.kongregate.com/games/epgstudios/n-step-steve-part-1,N Step Steve: Part 1,EPGstudios,https://www.kongregate.com/games/EPGstudios/n-step-steve-part-1,4,45,2024-01-17,2023-11-22,puzzle,puzzle,puzzle,high_observed_category,,none,not_assessed,none,,epgstudios,1,,0,high,observed_category:puzzle,ready,1.0.0
www.kongregate.com/games/ivory/5-differences,5 Differences,Ivory,http://www.kongregate.com/games/Ivory/5-differences,4,44,2007-10-16,2007-10-16,puzzle,puzzle,puzzle,high_observed_category,,none,not_assessed,none,,ivory,5,,0,high,observed_category:puzzle,ready,1.0.0
www.kongregate.com/games/casualcollective/desktop-td-pro,Desktop TD Pro,CasualCollective,http://www.kongregate.com/games/CasualCollective/desktop-td-pro,4,40,2009-05-06,2009-04-27,tower-defense,tower_defense,tower_defense,high_observed_category,,none,not_assessed,none,,casualcollective,3,,0,high,observed_category:tower_defense,ready,1.0.0
www.kongregate.com/games/simonhason/tactical-assassin,Tactical Assassin,simonhason,http://www.kongregate.com/games/simonhason/tactical-assassin,4,39,2007-04-06,2007-03-17,shooter,shooter,shooter,high_observed_category,,none,not_assessed,none,,simonhason,3,simonhason:tactical-assassin,2,high,observed_category:shooter; same_developer_series_stem,ready,1.0.0
www.kongregate.com/games/simianlogic/filler,filler,SimianLogic,http://www.kongregate.com/games/SimianLogic/filler,4,38,2008-02-22,2008-02-22,puzzle,puzzle,puzzle,high_observed_category,,none,not_assessed,none,,simianlogic,1,,0,high,observed_category:puzzle,ready,1.0.0
www.kongregate.com/games/weasel/the-endless-zombie-rampage,The Endless Zombie Rampage,Weasel,http://www.kongregate.com/games/Weasel/the-endless-zombie-rampage,4,35,2007-05-15,2007-05-15,shooter,shooter,shooter,high_observed_category,,none,not_assessed,none,,weasel,8,,0,high,observed_category:shooter,ready,1.0.0
www.kongregate.com/games/gurt01/superfighters,Superfighters,Gurt01,http://www.kongregate.com/games/Gurt01/superfighters,4,32,2014-08-01,2014-08-01,shooter,shooter,shooter,high_observed_category,,none,not_assessed,none,,gurt01,1,,0,high,observed_category:shooter,ready,1.0.0
www.kongregate.com/games/kekgames/unpuzzler,UnpuzzleR,KekGames,https://www.kongregate.com/games/KekGames/unpuzzler,4,29,2019-12-07,2019-12-07,puzzle,puzzle,puzzle,high_observed_category,,none,not_assessed,none,,kekgames,6,,0,high,observed_category:puzzle,ready,1.0.0
www.kongregate.com/games/kingk/dream-world,Dream World,kingk,http://www.kongregate.com/games/kingk/dream-world,4,27,2011-07-06,2010-01-04,mmo,role_playing,role_playing,high_observed_category,massively_multiplayer,high_observed_category,not_assessed,none,,kingk,1,,0,high,observed_category:role_playing; observed_category:mmo,ready,1.0.0
www.kongregate.com/games/rumblegames/kingsroad,KingsRoad,RumbleGames,http://www.kongregate.com/games/RumbleGames/kingsroad,4,27,2014-12-27,2014-12-27,adventure,adventure,adventure,high_observed_category,,none,not_assessed,none,,rumblegames,2,,0,high,observed_category:adventure,ready,1.0.0
www.kongregate.com/games/adventale/three-goblets,Three Goblets,adventale,https://www.kongregate.com/games/adventale/three-goblets,4,27,2021-02-08,2018-05-16,adventure-rpg; adventure,role_playing,adventure; role_playing,high_observed_category,,none,not_assessed,none,,adventale,2,,0,high,observed_category:role_playing,ready,1.0.0
www.kongregate.com/games/abra24/grindquest-expansion,GrindQuest Expansion,Abra24,http://www.kongregate.com/games/Abra24/grindquest-expansion,4,25,2012-04-16,2012-04-16,idle,idle_incremental,idle_incremental,high_observed_category,idle_progression,high_observed_category,not_assessed,none,,abra24,3,,0,high,observed_category:idle_incremental; observed_category:idle,ready,1.0.0
www.kongregate.com/games/rocketeergames/red-crucible-firestorm,Red Crucible: Firestorm,rocketeergames,http://www.kongregate.com/games/rocketeergames/red-crucible-firestorm,4,24,2015-10-27,2015-10-27,shooter,shooter,shooter,high_observed_category,,none,not_assessed,none,,rocketeergames,3,,0,high,observed_category:shooter,ready,1.0.0
www.kongregate.com/games/gun_safety/when-he-jump-he-go-up-like-this,"When he jump, he go up like this",Gun_Safety,https://www.kongregate.com/games/Gun_Safety/when-he-jump-he-go-up-like-this,4,23,2021-07-25,2018-11-09,multiplayer,multiplayer,multiplayer,high_observed_category,online_multiplayer,high_observed_category,not_assessed,none,,gun-safety,1,,0,high,observed_category:multiplayer; observed_category:multiplayer,ready,1.0.0
www.kongregate.com/games/snowroadgames/gragyriss-captor-of-princesses,"Gragyriss, Captor of Princesses",snowroadgames,https://www.kongregate.com/games/snowroadgames/gragyriss-captor-of-princesses,4,19,2019-03-30,2018-10-09,strategy-defense; idle,idle_incremental,idle_incremental; strategy,high_observed_category,idle_progression,high_observed_category,not_assessed,none,,snowroadgames,1,,0,high,observed_category:idle_incremental; observed_category:idle,ready,1.0.0
www.kongregate.com/games/player_03/run,Run,player_03,http://www.kongregate.com/games/player_03/run,4,17,2009-12-15,2009-12-15,,unclassified,,none,,none,not_assessed,none,,player-03,2,,0,none,,ready,1.0.0
www.kongregate.com/games/chazsan/the-gun-game-2,The Gun Game 2,Chazsan,https://www.kongregate.com/games/Chazsan/the-gun-game-2,4,17,2014-09-24,2010-07-02,shooter,shooter,shooter,high_observed_category,,none,not_assessed,none,,chazsan,1,,0,high,observed_category:shooter,ready,1.0.0
www.kongregate.com/games/roman8/drift-race-in-the-open-world,Drift Race in the open world,roman8,https://www.kongregate.com/games/roman8/drift-race-in-the-open-world,4,15,2024-01-21,2024-01-21,sports-racing,sports_racing,sports_racing,high_observed_category,,none,not_assessed,none,,roman8,1,,0,high,observed_category:sports_racing,ready,1.0.0
www.kongregate.com/games/kingdotcom/mushroom-madness-2,Mushroom Madness 2,KingDotCom,http://www.kongregate.com/games/KingDotCom/mushroom-madness-2,4,15,2010-06-21,2010-06-21,action; tower-defense,tower_defense,action; tower_defense,high_observed_category,,none,not_assessed,none,,kingdotcom,1,,0,high,observed_category:tower_defense,ready,1.0.0
www.kongregate.com/games/peoplefun/race-time,Race Time,PeopleFun,https://www.kongregate.com/games/PeopleFun/race-time,4,15,2019-11-17,2019-11-17,sports-racing,sports_racing,sports_racing,high_observed_category,,none,not_assessed,none,,peoplefun,1,,0,high,observed_category:sports_racing,ready,1.0.0
www.kongregate.com/games/ayumilove/ayumilove-hackerstory-v1,Ayumilove HackerStory V1,ayumilove,http://www.kongregate.com/games/ayumilove/ayumilove-hackerstory-v1,4,12,2011-02-09,2011-02-09,idle,idle_incremental,idle_incremental,high_observed_category,idle_progression,high_observed_category,not_assessed,none,,ayumilove,1,,0,high,observed_category:idle_incremental; observed_category:idle,ready,1.0.0
www.kongregate.com/games/snailgame/heroes-of-gaia,Heroes of Gaia,SnailGame,http://www.kongregate.com/games/SnailGame/heroes-of-gaia,4,11,2010-06-13,2009-10-16,mmo,role_playing,role_playing,high_observed_category,massively_multiplayer,high_observed_category,not_assessed,none,,snailgame,1,,0,high,observed_category:role_playing; observed_category:mmo,ready,1.0.0
www.kongregate.com/games/arseniy/warp-forest,Warp Forest,Arseniy,http://www.kongregate.com/games/Arseniy/warp-forest,4,10,2007-01-20,2007-01-20,,unclassified,,none,,none,not_assessed,none,,arseniy,3,,0,none,,ready,1.0.0
www.kongregate.com/games/suttree/balloon-go-pop,Balloon Go Pop!,suttree,http://www.kongregate.com/games/suttree/balloon-go-pop,4,8,2011-08-11,2011-08-11,,unclassified,,none,,none,not_assessed,none,,suttree,2,,0,none,,ready,1.0.0
www.kongregate.com/games/vasantj/medieval-cop-dregg-me-to-hell,Medieval Cop - Dregg Me To Hell,VasantJ,http://www.kongregate.com/games/VasantJ/medieval-cop-dregg-me-to-hell,4,8,2016-11-18,2016-11-18,adventure,adventure,adventure,high_observed_category,,none,not_assessed,none,,vasantj,20,,0,high,observed_category:adventure,ready,1.0.0
www.kongregate.com/games/megalamb/everybody-edits,Everybody Edits,MegaLamb,https://www.kongregate.com/en/games/MegaLamb/everybody-edits,4,7,2020-10-15,2018-04-25,multiplayer,multiplayer,multiplayer,high_observed_category,online_multiplayer,high_observed_category,not_assessed,none,,megalamb,1,,0,high,observed_category:multiplayer; observed_category:multiplayer,ready,1.0.0
www.kongregate.com/games/emst/idaft,iDaft,Emst,https://www.kongregate.com/games/Emst/idaft,4,7,2022-11-05,2022-11-05,more,other,other,high_observed_category,,none,not_assessed,none,,emst,1,,0,high,observed_category:other,ready,1.0.0
www.kongregate.com/games/almostidle/idle-bouncer,Idle Bouncer,almostidle,http://www.kongregate.com/games/almostidle/idle-bouncer,4,7,2017-02-15,2017-01-15,,idle_incremental,idle_incremental,medium_title_signal,,none,not_assessed,none,,almostidle,1,,0,medium,title_signal:idle_incremental,review_title_inference,1.0.0
www.kongregate.com/games/splitscreengames/steel-legions,Steel Legions,,https://www.kongregate.com/en/games/SplitscreenGames/steel-legions,4,4,2026-07-01,2011-09-27,mmo,role_playing,role_playing,high_observed_category,massively_multiplayer,high_observed_category,not_assessed,none,,unknown,252,,0,high,observed_category:role_playing; observed_category:mmo,ready,1.0.0
www.kongregate.com/games/soulkey/trackracing-online-tro,TrackRacing Online TRO,,https://www.kongregate.com/en/games/SoulKey/trackracing-online-tro,4,4,2026-02-21,2014-01-19,sports-racing,sports_racing,sports_racing,high_observed_category,,none,not_assessed,none,,unknown,252,,0,high,observed_category:sports_racing,ready,1.0.0
www.kongregate.com/games/fighter106/bubble-shooter-exclusive,Bubble Shooter Exclusive,,http://www.kongregate.com/games/fighter106/bubble-shooter-exclusive,4,2,2014-06-20,2014-06-20,,unclassified,,none,,none,not_assessed,none,,unknown,252,,0,none,,ready,1.0.0
www.kongregate.com/games/kupo707/bullet-heaven-2,Bullet Heaven 2,kupo707,http://www.kongregate.com/games/kupo707/bullet-heaven-2,4,2,2015-11-08,2015-11-08,shooter,shooter,shooter,high_observed_category,,none,not_assessed,none,,kupo707,6,kupo707:bullet-heaven,2,high,observed_category:shooter; same_developer_series_stem,ready,1.0.0
www.kongregate.com/games/cwpobs/matchtron,Matchtron,cwpobs,http://www.kongregate.com/games/cwpobs/matchtron,4,2,2014-10-17,2014-10-17,,unclassified,,none,,none,not_assessed,none,,cwpobs,1,,0,none,,ready,1.0.0
www.kongregate.com/games/fizzd/rhythm-doctor-demo,Rhythm Doctor (Demo),fizzd,https://www.kongregate.com/games/fizzd/rhythm-doctor-demo,4,2,2023-05-08,2013-01-02,more,other,other,high_observed_category,,none,not_assessed,none,,fizzd,2,,0,high,observed_category:other,ready,1.0.0
www.kongregate.com/games/onimatrix/the-sandbox,The Sandbox,onimatrix,https://www.kongregate.com/games/onimatrix/the-sandbox,4,2,2014-09-30,2014-09-30,more,other,other,high_observed_category,,none,not_assessed,none,,onimatrix,2,,0,high,observed_category:other,ready,1.0.0
www.kongregate.com/games/thegamecreatorx/the-troll-face-quiz-demo,The Troll Face Quiz Demo,TheGameCreatorX,http://www.kongregate.com/games/TheGameCreatorX/the-troll-face-quiz-demo,4,2,2016-01-16,2016-01-16,,unclassified,,none,,none,not_assessed,none,,thegamecreatorx,1,,0,none,,ready,1.0.0
www.kongregate.com/games/xpxilomm/wave1,Wave1,Xpxilomm,http://www.kongregate.com/games/Xpxilomm/wave1,4,2,2014-10-03,2014-10-03,,unclassified,,none,,none,not_assessed,none,,xpxilomm,1,,0,none,,ready,1.0.0
www.kongregate.com/games/box10guys/1-will-survive-2,1 Will Survive 2,box10Guys,http://www.kongregate.com/games/box10Guys/1-will-survive-2,4,1,2010-10-18,2010-10-18,,unclassified,,none,,none,not_assessed,none,,box10guys,4,box10guys:1-will-survive,2,low,same_developer_series_stem,ready,1.0.0
www.kongregate.com/games/newgamess/18-wheeler-trucks-differences,18 Wheeler Trucks Differences,newgamess,http://www.kongregate.com/games/newgamess/18-wheeler-trucks-differences,4,1,2017-10-24,2017-10-24,,unclassified,,none,,none,not_assessed,none,,newgamess,37,,0,none,,ready,1.0.0
www.kongregate.com/games/isketchworks/1p-story-death,1p.Story: Death,isketchworks,http://www.kongregate.com/games/isketchworks/1p-story-death,4,1,2016-03-16,2016-03-16,,unclassified,,none,,none,not_assessed,none,,isketchworks,1,,0,none,,ready,1.0.0
www.kongregate.com/games/nicomay99/3-bit-zombies,3-bit Zombies,nicomay99,http://www.kongregate.com/games/nicomay99/3-bit-zombies,4,1,2014-10-09,2014-10-09,,unclassified,,none,,none,not_assessed,none,,nicomay99,1,,0,none,,ready,1.0.0
www.kongregate.com/games/jaredtimpson/3d-snake,3D Snake!,JaredTimpson,http://www.kongregate.com/games/JaredTimpson/3d-snake,4,1,2014-09-05,2014-09-05,,unclassified,,none,,none,not_assessed,none,,jaredtimpson,1,,0,none,,ready,1.0.0
www.kongregate.com/games/quakmultimedia/active-ashfields-conversion-challenge,Active Ashfield's Conversion Challenge,QuakMultimedia,http://www.kongregate.com/games/QuakMultimedia/active-ashfields-conversion-challenge,4,1,2009-10-14,2009-10-14,,unclassified,,none,,none,not_assessed,none,,quakmultimedia,1,,0,none,,ready,1.0.0
www.kongregate.com/games/darknight000/adventures-of-a-flying-red-slime,Adventures of a flying...,darknight000,http://www.kongregate.com/games/darknight000/adventures-of-a-flying-red-slime,4,1,2011-07-10,2011-07-10,,unclassified,,none,,none,not_assessed,none,,darknight000,1,,0,none,,ready,1.0.0
www.kongregate.com/games/zerodevider/afterburner,Afterburner,zerodevider,http://www.kongregate.com/games/zerodevider/afterburner,4,1,2017-07-29,2017-07-29,,unclassified,,none,,none,not_assessed,none,,zerodevider,1,,0,none,,ready,1.0.0
www.kongregate.com/games/funnychasegames/airport-minibus-parking,Airport Minibus Parking,funnychasegames,http://www.kongregate.com/games/funnychasegames/airport-minibus-parking,4,1,2014-09-12,2014-09-12,,unclassified,,none,,none,not_assessed,none,,funnychasegames,2,,0,none,,ready,1.0.0
www.kongregate.com/games/top10newgames/ancient-palace,Ancient palace,top10newgames,http://www.kongregate.com/games/top10newgames/ancient-palace,4,1,2017-08-05,2017-08-05,,unclassified,,none,,none,not_assessed,none,,top10newgames,8,,0,none,,ready,1.0.0
www.kongregate.com/games/wanghailong__9/arch-diagram,arch_diagram,WangHailong__9,http://www.kongregate.com/games/WangHailong__9/arch-diagram,4,1,2011-06-05,2011-06-05,,unclassified,,none,,none,not_assessed,none,,wanghailong-9,1,,0,none,,ready,1.0.0
www.kongregate.com/games/alexiar2/arkansas,Arkansas,Alexiar2,http://www.kongregate.com/games/Alexiar2/arkansas,4,1,2017-06-15,2017-06-15,,unclassified,,none,,none,not_assessed,none,,alexiar2,1,,0,none,,ready,1.0.0
www.kongregate.com/games/zinkzonkstudios/assault-universe-asteroid-runner,Assault Universe Asteroid Runner,ZinkZonkStudios,http://www.kongregate.com/games/ZinkZonkStudios/assault-universe-asteroid-runner,4,1,2016-07-07,2016-07-07,,unclassified,,none,,none,not_assessed,none,,zinkzonkstudios,1,,0,none,,ready,1.0.0
www.kongregate.com/games/igamersbox/astro-destroyer,Astro Destroyer,iGamersbox,http://www.kongregate.com/games/iGamersbox/astro-destroyer,4,1,2014-08-29,2014-08-29,,unclassified,,none,,none,not_assessed,none,,igamersbox,1,,0,none,,ready,1.0.0
www.kongregate.com/games/crazyescapegames/asylum-murder-house,Asylum Murder House,CrazyEscapeGames,http://www.kongregate.com/games/CrazyEscapeGames/asylum-murder-house,4,1,2016-08-28,2016-08-28,,unclassified,,none,,none,not_assessed,none,,crazyescapegames,6,,0,none,,ready,1.0.0
www.kongregate.com/games/enagamess/atlas-designer,Atlas Designer,Enagamess,http://www.kongregate.com/games/Enagamess/atlas-designer,4,1,2017-07-03,2017-07-03,,unclassified,,none,,none,not_assessed,none,,enagamess,68,,0,none,,ready,1.0.0
www.kongregate.com/games/nolina/atomic-level,Atomic Level,nolina,http://www.kongregate.com/games/nolina/atomic-level,4,1,2016-05-24,2016-05-24,,unclassified,,none,,none,not_assessed,none,,nolina,1,,0,none,,ready,1.0.0
www.kongregate.com/games/newgamess/audi-r8-differences,Audi R8 Differences,newgamess,http://www.kongregate.com/games/newgamess/audi-r8-differences,4,1,2014-10-29,2014-10-29,,unclassified,,none,,none,not_assessed,none,,newgamess,37,,0,none,,ready,1.0.0
www.kongregate.com/games/tackypoop111/ball-roller,Ball Roller,tackypoop111,http://www.kongregate.com/games/tackypoop111/ball-roller,4,1,2016-03-07,2016-03-07,,unclassified,,none,,none,not_assessed,none,,tackypoop111,2,,0,none,,ready,1.0.0
www.kongregate.com/games/mafagames/balls-vs-blocks-online,Balls Vs Blocks Online,mafagames,http://www.kongregate.com/games/mafagames/balls-vs-blocks-online,4,1,2017-06-16,2017-06-16,,unclassified,,none,,none,not_assessed,none,,mafagames,41,,0,none,,ready,1.0.0
www.kongregate.com/games/mirchis/bank-adventure,Bank adventure,MirchiS,http://www.kongregate.com/games/MirchiS/bank-adventure,4,1,2017-05-26,2017-05-26,,unclassified,,none,,none,not_assessed,none,,mirchis,3,,0,none,,ready,1.0.0
www.kongregate.com/games/terryrust/beer-dude,Beer Dude,TerryRust,http://www.kongregate.com/games/TerryRust/beer-dude,4,1,2011-07-21,2011-07-21,,unclassified,,none,,none,not_assessed,none,,terryrust,2,,0,none,,ready,1.0.0
www.kongregate.com/games/imsec/berinjela-snowball,Berinjela & SnowBall,imsec,http://www.kongregate.com/games/imsec/berinjela-snowball,4,1,2017-11-06,2017-11-06,,unclassified,,none,,none,not_assessed,none,,imsec,2,,0,none,,ready,1.0.0
www.kongregate.com/games/freegames1234/black-knife-hunter,Black Knife Hunter,freegames1234,http://www.kongregate.com/games/freegames1234/black-knife-hunter,4,1,2011-12-31,2011-12-31,,unclassified,,none,,none,not_assessed,none,,freegames1234,6,,0,none,,ready,1.0.0
www.kongregate.com/games/bgamessite/blinkz-2,Blinkz 2,,http://www.kongregate.com/games/BGamesSite/blinkz-2,4,1,2012-11-05,2012-11-05,,unclassified,,none,,none,not_assessed,none,,unknown,252,,0,none,,ready,1.0.0
www.kongregate.com/games/rigbymark653/block-tower,Block Tower,rigbymark653,http://www.kongregate.com/games/rigbymark653/block-tower,4,1,2017-10-08,2017-10-08,,unclassified,,none,,none,not_assessed,none,,rigbymark653,1,,0,none,,ready,1.0.0
www.kongregate.com/games/natalibt/bmw-m5-e34,BMW M5 E34,natalibt,http://www.kongregate.com/games/natalibt/bmw-m5-e34,4,1,2016-05-06,2016-05-06,,unclassified,,none,,none,not_assessed,none,,natalibt,15,,0,none,,ready,1.0.0
www.kongregate.com/games/micgamer254/box-mans-dreams,Box Man's Dreams,micGAMER254,http://www.kongregate.com/games/micGAMER254/box-mans-dreams,4,1,2014-10-31,2014-10-31,,unclassified,,none,,none,not_assessed,none,,micgamer254,1,,0,none,,ready,1.0.0
www.kongregate.com/games/higatsu/brick-trip-runner,Brick Trip Runner,higatsu,http://www.kongregate.com/games/higatsu/brick-trip-runner,4,1,2016-10-24,2016-10-24,,unclassified,,none,,none,not_assessed,none,,higatsu,1,,0,none,,ready,1.0.0
www.kongregate.com/games/uninspiredstudio/buzz-i-saw-my-friends,Buzz - I saw my friends,UninspiredStudio,http://www.kongregate.com/games/UninspiredStudio/buzz-i-saw-my-friends,4,1,2014-12-02,2014-12-02,,unclassified,,none,,none,not_assessed,none,,uninspiredstudio,1,,0,none,,ready,1.0.0
www.kongregate.com/games/ookpalm/candy-breaker,Candy Breaker,ookpalm,http://www.kongregate.com/games/ookpalm/candy-breaker,4,1,2010-10-22,2010-10-22,,unclassified,,none,,none,not_assessed,none,,ookpalm,1,,0,none,,ready,1.0.0
www.kongregate.com/games/123burp365/car-coloring-game,Car coloring game,123burp365,http://www.kongregate.com/games/123burp365/car-coloring-game,4,1,2011-03-15,2011-03-15,,unclassified,,none,,none,not_assessed,none,,123burp365,1,,0,none,,ready,1.0.0
www.kongregate.com/games/sublevelgames/castle-defence,Castle Defence,sublevelgames,http://www.kongregate.com/games/sublevelgames/castle-defence,4,1,2016-01-25,2016-01-25,,unclassified,,none,,none,not_assessed,none,,sublevelgames,1,,0,none,,ready,1.0.0
www.kongregate.com/games/games2rule/chick-pose-dress-up,Chick Pose Dress Up,games2rule,http://www.kongregate.com/games/games2rule/chick-pose-dress-up,4,1,2010-11-08,2010-11-08,,unclassified,,none,,none,not_assessed,none,,games2rule,21,,0,none,,ready,1.0.0
www.kongregate.com/games/coolflow/classic-jon,Classic Jon,CoolFlow,http://www.kongregate.com/games/CoolFlow/classic-jon,4,1,2015-04-01,2015-04-01,,unclassified,,none,,none,not_assessed,none,,coolflow,1,,0,none,,ready,1.0.0
www.kongregate.com/games/dpflashes/clear-vision-elite,Clear Vision Elite,dpflashes,http://www.kongregate.com/games/dpflashes/clear-vision-elite,4,1,2008-08-13,2008-08-13,shooter,shooter,shooter,high_observed_category,,none,not_assessed,none,,dpflashes,2,,0,high,observed_category:shooter,ready,1.0.0
www.kongregate.com/games/espnarcade/club-300-bowling,Club 300 Bowling,ESPNarcade,http://www.kongregate.com/games/ESPNarcade/club-300-bowling,4,1,2011-07-13,2011-07-13,,unclassified,,none,,none,not_assessed,none,,espnarcade,3,,0,none,,ready,1.0.0
www.kongregate.com/games/mtldstrbd/congo-the-game,Congo: The Game,MtlDstrbd,http://www.kongregate.com/games/MtlDstrbd/congo-the-game,4,1,2011-05-28,2011-05-28,,unclassified,,none,,none,not_assessed,none,,mtldstrbd,1,,0,none,,ready,1.0.0
www.kongregate.com/games/anna54/countdown-striker,Countdown Striker,,http://www.kongregate.com/games/anna54/countdown-striker,4,1,2014-07-30,2014-07-30,,unclassified,,none,,none,not_assessed,none,,unknown,252,,0,none,,ready,1.0.0
www.kongregate.com/games/inkagames/courage-saw-game,Courage Saw Game,,http://www.kongregate.com/games/inkagames/courage-saw-game,4,1,2014-06-25,2014-06-25,,unclassified,,none,,none,not_assessed,none,,unknown,252,,0,none,,ready,1.0.0
www.kongregate.com/games/grantjo/crazy-chaotic-chicken-chase,Crazy Chaotic Chicken Chase,,http://www.kongregate.com/games/GrantJO/crazy-chaotic-chicken-chase,4,1,2014-08-15,2014-08-15,,unclassified,,none,,none,not_assessed,none,,unknown,252,,0,none,,ready,1.0.0
www.kongregate.com/games/katoplay/crazy-frencho,Crazy Frencho,katoplay,http://www.kongregate.com/games/katoplay/crazy-frencho,4,1,2011-06-13,2011-06-13,,unclassified,,none,,none,not_assessed,none,,katoplay,1,,0,none,,ready,1.0.0
www.kongregate.com/games/ggmagenta/cursor-cloned,Cursor Cloned,GGMagenta,http://www.kongregate.com/games/GGMagenta/cursor-cloned,4,1,2014-11-25,2014-11-25,,unclassified,,none,,none,not_assessed,none,,ggmagenta,1,,0,none,,ready,1.0.0
www.kongregate.com/games/xcogames/dance-dodge-robot-dance,"DANCE, DODGE, ROBOT, DANCE",,http://www.kongregate.com/games/XCOGAMES/dance-dodge-robot-dance,4,1,2013-09-30,2013-09-30,,unclassified,,none,,none,not_assessed,none,,unknown,252,,0,none,,ready,1.0.0
www.kongregate.com/games/bobito229/demooo,demooo,,http://www.kongregate.com/games/bobito229/demooo,4,1,2013-04-11,2013-04-11,,unclassified,,none,,none,not_assessed,none,,unknown,252,,0,none,,ready,1.0.0
www.kongregate.com/games/geraldf/disc-golf-road-trip,Disc Golf Road Trip,GeraldF,http://www.kongregate.com/games/GeraldF/disc-golf-road-trip,4,1,2011-06-18,2011-06-18,,unclassified,,none,,none,not_assessed,none,,geraldf,1,,0,none,,ready,1.0.0
www.kongregate.com/games/donm83/dolidon,Dolidon,DonM83,http://www.kongregate.com/games/DonM83/dolidon,4,1,2016-06-04,2016-06-04,,unclassified,,none,,none,not_assessed,none,,donm83,1,,0,none,,ready,1.0.0
www.kongregate.com/games/feicaigames/doodiaman-find-wife,DoodiaMan Find Wife,feicaigames,http://www.kongregate.com/games/feicaigames/doodiaman-find-wife,4,1,2016-01-02,2016-01-02,,unclassified,,none,,none,not_assessed,none,,feicaigames,2,,0,none,,ready,1.0.0
www.kongregate.com/games/predbannik/doom-ii-hell-on-earth,Doom II: Hell on Earth,predbannik,http://www.kongregate.com/games/predbannik/doom-ii-hell-on-earth,4,1,2015-09-09,2015-09-09,,unclassified,,none,,none,not_assessed,none,,predbannik,1,,0,none,,ready,1.0.0
www.kongregate.com/games/danimalstcgyt/dragon-clicker-0-2,Dragon Clicker 0.2,DanimalsTCGYT,https://www.kongregate.com/games/DanimalsTCGYT/dragon-clicker-0-2,4,1,2021-11-12,2021-11-12,,idle_incremental,idle_incremental,medium_title_signal,,none,not_assessed,none,,danimalstcgyt,1,,0,medium,title_signal:idle_incremental,review_title_inference,1.0.0
www.kongregate.com/games/dragy/echoes-operation-stranglehold,Echoes: Operation Stra...,Dragy,http://www.kongregate.com/games/Dragy/echoes-operation-stranglehold,4,1,2011-02-09,2011-02-09,,unclassified,,none,,none,not_assessed,none,,dragy,2,,0,none,,ready,1.0.0
www.kongregate.com/games/indiejump/egg-in-the-air,Egg in the Air,indiejump,http://www.kongregate.com/games/indiejump/egg-in-the-air,4,1,2014-12-28,2014-12-28,,unclassified,,none,,none,not_assessed,none,,indiejump,1,,0,none,,ready,1.0.0
www.kongregate.com/games/newshield_ent/enter-into-darkness-2,Enter into Darkness 2,Newshield_Ent,http://www.kongregate.com/games/Newshield_Ent/enter-into-darkness-2,4,1,2015-12-05,2015-12-05,,unclassified,,none,,none,not_assessed,none,,newshield-ent,3,newshield-ent:enter-into-darkness,3,low,same_developer_series_stem,ready,1.0.0
www.kongregate.com/games/enagamess/escape-from-forbidden-forest,Escape From Forbidden Forest,Enagamess,http://www.kongregate.com/games/Enagamess/escape-from-forbidden-forest,4,1,2014-09-02,2014-09-02,,escape_room,escape_room,medium_title_signal,,none,not_assessed,none,,enagamess,68,,0,medium,title_signal:escape_room,review_title_inference,1.0.0
www.kongregate.com/games/speedychris/escape-the-ship,Escape the Ship,Speedychris,http://www.kongregate.com/games/Speedychris/escape-the-ship,4,1,2011-06-29,2011-06-29,,escape_room,escape_room,medium_title_signal,,none,not_assessed,none,,speedychris,1,,0,medium,title_signal:escape_room,review_title_inference,1.0.0
www.kongregate.com/games/alexlarioza/expelliarmus,Expelliarmus,alexlarioza,http://www.kongregate.com/games/alexlarioza/expelliarmus,4,1,2011-07-24,2011-07-24,,unclassified,,none,,none,not_assessed,none,,alexlarioza,1,,0,none,,ready,1.0.0
www.kongregate.com/games/vitalitygames/extreme-offroad-cars,Extreme OffRoad Cars,vitalitygames,http://www.kongregate.com/games/vitalitygames/extreme-offroad-cars,4,1,2017-07-12,2017-07-12,,unclassified,,none,,none,not_assessed,none,,vitalitygames,9,,0,none,,ready,1.0.0
www.kongregate.com/games/bakuriu4/facility-escape,Facility Escape,bakuriu4,http://www.kongregate.com/games/bakuriu4/facility-escape,4,1,2016-09-16,2016-09-16,,escape_room,escape_room,medium_title_signal,,none,not_assessed,none,,bakuriu4,1,,0,medium,title_signal:escape_room,review_title_inference,1.0.0
www.kongregate.com/games/1swifthawk/fadious-dragon,Fadious Dragon,1SwiftHawk,http://www.kongregate.com/games/1SwiftHawk/fadious-dragon,4,1,2011-03-11,2011-03-11,,unclassified,,none,,none,not_assessed,none,,1swifthawk,1,,0,none,,ready,1.0.0
www.kongregate.com/games/gamesrishti/fantasy-warriors,Fantasy Warriors,gamesrishti,http://www.kongregate.com/games/gamesrishti/fantasy-warriors,4,1,2011-04-16,2011-04-16,,unclassified,,none,,none,not_assessed,none,,gamesrishti,5,,0,none,,ready,1.0.0
www.kongregate.com/games/minilimostudio/far-away-home-alpha-gameplay-planet-sidon,Far Away Home - Alpha gameplay planet Sidon,MiniLimoStudio,http://www.kongregate.com/games/MiniLimoStudio/far-away-home-alpha-gameplay-planet-sidon,4,1,2014-12-17,2014-12-17,,unclassified,,none,,none,not_assessed,none,,minilimostudio,2,,0,none,,ready,1.0.0
www.kongregate.com/games/analt_ver3/feed-the-d-christian-friendly,Feed The D (Christian-Friendly),AnAlt_Ver3,http://www.kongregate.com/games/AnAlt_Ver3/feed-the-d-christian-friendly,4,1,2016-07-14,2016-07-14,,unclassified,,none,,none,not_assessed,none,,analt-ver3,1,,0,none,,ready,1.0.0
www.kongregate.com/games/natalibt/fiat-puzzle,Fiat Puzzle,,http://www.kongregate.com/games/natalibt/fiat-puzzle,4,1,2014-08-11,2014-08-11,,unclassified,,none,,none,not_assessed,none,,unknown,252,,0,none,,ready,1.0.0
www.kongregate.com/games/enclize/flappy-tolki,Flappy Tolki,,http://www.kongregate.com/games/enclize/flappy-tolki,4,1,2014-08-01,2014-08-01,,unclassified,,none,,none,not_assessed,none,,unknown,252,,0,none,,ready,1.0.0
www.kongregate.com/games/neal867/flash-vs-arrow-vs-supergirl,Flash vs Arrow vs Supergirl,neal867,http://www.kongregate.com/games/neal867/flash-vs-arrow-vs-supergirl,4,1,2016-06-05,2016-06-05,,unclassified,,none,,none,not_assessed,none,,neal867,3,,0,none,,ready,1.0.0
www.kongregate.com/games/born2drill/flieger,Flieger,born2drill,http://www.kongregate.com/games/born2drill/flieger,4,1,2016-05-23,2016-05-23,,unclassified,,none,,none,not_assessed,none,,born2drill,1,,0,none,,ready,1.0.0
www.kongregate.com/games/nofatenet/forbidden-trace-the-cliffs,Forbidden Trace - The Cliffs,NoFateNet,http://www.kongregate.com/games/NoFateNet/forbidden-trace-the-cliffs,4,1,2017-08-17,2017-08-17,,unclassified,,none,,none,not_assessed,none,,nofatenet,1,,0,none,,ready,1.0.0
www.kongregate.com/games/laspinko/fractals-kinda-math-stuff,Fractals [kinda math stuff?],laspinko,http://www.kongregate.com/games/laspinko/fractals-kinda-math-stuff,4,1,2016-10-18,2016-10-18,,unclassified,,none,,none,not_assessed,none,,laspinko,3,,0,none,,ready,1.0.0
www.kongregate.com/games/2bsocial/fruit-smash-beta,Fruit Smash Beta,2bsocial,http://www.kongregate.com/games/2bsocial/fruit-smash-beta,4,1,2014-10-10,2014-10-10,,unclassified,,none,,none,not_assessed,none,,2bsocial,1,,0,none,,ready,1.0.0
www.kongregate.com/games/plexuspuzzles/fun-to-boot,Fun to Boot,PlexusPuzzles,http://www.kongregate.com/games/PlexusPuzzles/fun-to-boot,4,1,2014-09-14,2014-09-14,,unclassified,,none,,none,not_assessed,none,,plexuspuzzles,1,,0,none,,ready,1.0.0
www.kongregate.com/games/shaanbhaya/game-escape,Game Escape,,http://www.kongregate.com/games/SHAANBHAYA/game-escape,4,1,2014-07-25,2014-07-25,,escape_room,escape_room,medium_title_signal,,none,not_assessed,none,,unknown,252,,0,medium,title_signal:escape_room,review_title_inference,1.0.0
www.kongregate.com/games/digmdrexel/get-reel-fly-fishing,Get Reel! Fly Fishing,digmDrexel,http://www.kongregate.com/games/digmDrexel/get-reel-fly-fishing,4,1,2011-04-12,2011-04-12,,unclassified,,none,,none,not_assessed,none,,digmdrexel,4,,0,none,,ready,1.0.0
www.kongregate.com/games/123peppy/girl-in-the-snow-dressup,Girl in the Snow Dressup,123peppy,http://www.kongregate.com/games/123peppy/girl-in-the-snow-dressup,4,1,2010-12-23,2010-12-23,,unclassified,,none,,none,not_assessed,none,,123peppy,3,,0,none,,ready,1.0.0
www.kongregate.com/games/dressupsense/glamor-girl-party,Glamor Girl Party,dressupsense,http://www.kongregate.com/games/dressupsense/glamor-girl-party,4,1,2011-03-19,2011-03-19,,unclassified,,none,,none,not_assessed,none,,dressupsense,1,,0,none,,ready,1.0.0
www.kongregate.com/games/bullersweety/godclicker,GodClicker,BullerSweety,http://www.kongregate.com/games/BullerSweety/godclicker,4,1,2017-08-23,2017-08-23,,unclassified,,none,,none,not_assessed,none,,bullersweety,2,,0,none,,ready,1.0.0
www.kongregate.com/games/bradbittner0/grim-and-slamrock,Grim And Slamrock,bradbittner0,http://www.kongregate.com/games/bradbittner0/grim-and-slamrock,4,1,2015-12-18,2015-12-18,,unclassified,,none,,none,not_assessed,none,,bradbittner0,1,,0,none,,ready,1.0.0
www.kongregate.com/games/vkt1381981/heavy-metal-rider-bamboo-shoot-design,Heavy Metal Rider (Bam...,vkt1381981,http://www.kongregate.com/games/vkt1381981/heavy-metal-rider-bamboo-shoot-design,4,1,2011-04-09,2011-04-09,,unclassified,,none,,none,not_assessed,none,,vkt1381981,1,,0,none,,ready,1.0.0
www.kongregate.com/games/manchebt/hidden-car-keys,Hidden Car Keys,,http://www.kongregate.com/games/manchebt/hidden-car-keys,4,1,2012-11-01,2012-11-01,,unclassified,,none,,none,not_assessed,none,,unknown,252,,0,none,,ready,1.0.0
www.kongregate.com/games/papercup/hidden-dungeons-mmorpg,Hidden Dungeons MMORPG,PaperCup,http://www.kongregate.com/games/PaperCup/hidden-dungeons-mmorpg,4,1,2011-07-17,2011-07-17,,unclassified,,none,massively_multiplayer_title_signal,medium_title_signal,not_assessed,none,,papercup,4,,0,medium,title_signal:mmo,review_title_inference,1.0.0
www.kongregate.com/games/nsrgames/hunter-house-escape,Hunter House Escape,Nsrgames,http://www.kongregate.com/games/Nsrgames/hunter-house-escape,4,1,2017-09-04,2017-09-04,,escape_room,escape_room,medium_title_signal,,none,not_assessed,none,,nsrgames,10,,0,medium,title_signal:escape_room,review_title_inference,1.0.0
www.kongregate.com/games/del9265494_55149/i-d-k-interplanetary-demolition-knights,I.D.K (interplanetary demolition knights),del9265494_55149,http://www.kongregate.com/games/del9265494_55149/i-d-k-interplanetary-demolition-knights,4,1,2015-09-23,2015-09-23,,unclassified,,none,,none,not_assessed,none,,del9265494-55149,1,,0,none,,ready,1.0.0
www.kongregate.com/games/andrei9900/idlepixelgemminer,IdlePixelGemMiner,Andrei9900,http://www.kongregate.com/games/Andrei9900/idlepixelgemminer,4,1,2016-10-30,2016-10-30,,unclassified,,none,,none,not_assessed,none,,andrei9900,1,,0,none,,ready,1.0.0
www.kongregate.com/games/spacegrid/indian-forest,Indian Forest,spacegrid,http://www.kongregate.com/games/spacegrid/indian-forest,4,1,2017-09-20,2017-09-20,,unclassified,,none,,none,not_assessed,none,,spacegrid,5,,0,none,,ready,1.0.0
www.kongregate.com/games/bullybee/is-it-possible,Is it possible?,bullybee,http://www.kongregate.com/games/bullybee/is-it-possible,4,1,2011-06-26,2011-06-26,,unclassified,,none,,none,not_assessed,none,,bullybee,2,,0,none,,ready,1.0.0
www.kongregate.com/games/potatoslapper/japanese-kana-practice,Japanese Kana Practice,PotatoSlapper,http://www.kongregate.com/games/PotatoSlapper/japanese-kana-practice,4,1,2016-09-03,2016-09-03,,unclassified,,none,,none,not_assessed,none,,potatoslapper,1,,0,none,,ready,1.0.0
www.kongregate.com/games/jenninexus/jenni-styles-dress-up,Jenni Styles Dress Up,,http://www.kongregate.com/games/jenninexus/jenni-styles-dress-up,4,1,2014-06-06,2014-06-06,,unclassified,,none,,none,not_assessed,none,,unknown,252,,0,none,,ready,1.0.0
www.kongregate.com/games/kaizen101/juan-tamad-vs-alien,Juan Tamad Vs Alien,,http://www.kongregate.com/games/kaizen101/juan-tamad-vs-alien,4,1,2014-06-27,2014-06-27,,unclassified,,none,,none,not_assessed,none,,unknown,252,,0,none,,ready,1.0.0
www.kongregate.com/games/tanzimhsn972/jump-to-perfection,Jump To Perfection,tanzimhsn972,http://www.kongregate.com/games/tanzimhsn972/jump-to-perfection,4,1,2016-02-17,2016-02-17,,unclassified,,none,,none,not_assessed,none,,tanzimhsn972,1,,0,none,,ready,1.0.0
www.kongregate.com/games/guvigo2/king-slime-2,King Slime 2,guvigo2,http://www.kongregate.com/games/guvigo2/king-slime-2,4,1,2015-09-03,2015-09-03,,unclassified,,none,,none,not_assessed,none,,guvigo2,1,,0,none,,ready,1.0.0
www.kongregate.com/games/knfescapegame/knf-deluxe-house-escape,Knf Deluxe House Escape,knfescapegame,http://www.kongregate.com/games/knfescapegame/knf-deluxe-house-escape,4,1,2017-07-20,2017-07-20,,escape_room,escape_room,medium_title_signal,,none,not_assessed,none,,knfescapegame,9,,0,medium,title_signal:escape_room,review_title_inference,1.0.0
www.kongregate.com/games/thunderstorm38/kung-fu-adventure,Kung Fu Adventure,thunderstorm38,http://www.kongregate.com/games/thunderstorm38/kung-fu-adventure,4,1,2017-07-28,2017-07-28,,unclassified,,none,,none,not_assessed,none,,thunderstorm38,6,,0,none,,ready,1.0.0
www.kongregate.com/games/maddcast/linez,Linez,maddcast,http://www.kongregate.com/games/maddcast/linez,4,1,2011-07-28,2011-07-28,,unclassified,,none,,none,not_assessed,none,,maddcast,1,,0,none,,ready,1.0.0
www.kongregate.com/games/carloconetwork/little-goku-fight-the-red-ribbon,Little Goku Fight the Red Ribbon,carloconetwork,http://www.kongregate.com/games/carloconetwork/little-goku-fight-the-red-ribbon,4,1,2016-03-24,2016-03-24,,unclassified,,none,,none,not_assessed,none,,carloconetwork,1,,0,none,,ready,1.0.0
www.kongregate.com/games/knfescapegame/little-johny-house-escape,Little Johny House Escape,knfescapegame,http://www.kongregate.com/games/knfescapegame/little-johny-house-escape,4,1,2016-10-17,2016-10-17,,escape_room,escape_room,medium_title_signal,,none,not_assessed,none,,knfescapegame,9,,0,medium,title_signal:escape_room,review_title_inference,1.0.0
www.kongregate.com/games/thelucre/lost-ethereal,Lost Ethereal,theLucre,http://www.kongregate.com/games/theLucre/lost-ethereal,4,1,2016-05-15,2016-05-15,,unclassified,,none,,none,not_assessed,none,,thelucre,1,,0,none,,ready,1.0.0
www.kongregate.com/games/123peppy/majestic-couple-dressup,Majestic Couple Dressup,123peppy,http://www.kongregate.com/games/123peppy/majestic-couple-dressup,4,1,2011-03-08,2011-03-08,,unclassified,,none,,none,not_assessed,none,,123peppy,3,,0,none,,ready,1.0.0
www.kongregate.com/games/cubenom/maximum-damage,Maximum Damage,cubenom,http://www.kongregate.com/games/cubenom/maximum-damage,4,1,2017-06-25,2017-06-25,,unclassified,,none,,none,not_assessed,none,,cubenom,1,,0,none,,ready,1.0.0
www.kongregate.com/games/netzeus/mean-mining-machine-iii,MEAN MINING MACHINE III,netzeus,http://www.kongregate.com/games/netzeus/mean-mining-machine-iii,4,1,2016-03-05,2016-03-05,,unclassified,,none,,none,not_assessed,none,,netzeus,1,,0,none,,ready,1.0.0
www.kongregate.com/games/comcdaniels/medieval-murder,Medieval Murder,comcdaniels,http://www.kongregate.com/games/comcdaniels/medieval-murder,4,1,2011-03-29,2011-03-29,,unclassified,,none,,none,not_assessed,none,,comcdaniels,1,,0,none,,ready,1.0.0
www.kongregate.com/games/andeancoyote/mine-rush,Mine Rush,AndeanCoyote,http://www.kongregate.com/games/AndeanCoyote/mine-rush,4,1,2016-06-22,2016-06-22,,unclassified,,none,,none,not_assessed,none,,andeancoyote,1,,0,none,,ready,1.0.0
www.kongregate.com/games/mpcds/mino-war,Mino-War,MPCDS,http://www.kongregate.com/games/MPCDS/mino-war,4,1,2016-07-20,2016-07-20,,unclassified,,none,,none,not_assessed,none,,mpcds,1,,0,none,,ready,1.0.0
www.kongregate.com/games/xiatiandaole/modern-war,Modern War,,http://www.kongregate.com/games/xiatiandaole/modern-war,4,1,2014-07-26,2014-07-26,,unclassified,,none,,none,not_assessed,none,,unknown,252,,0,none,,ready,1.0.0
www.kongregate.com/games/inkagames/mordecai-saw-game,Mordecai Saw Game,inkagames,http://www.kongregate.com/games/inkagames/mordecai-saw-game,4,1,2014-10-24,2014-10-24,,unclassified,,none,,none,not_assessed,none,,inkagames,1,,0,none,,ready,1.0.0
www.kongregate.com/games/linhvo1611/mr-miner,Mr.Miner,LinhVo1611,http://www.kongregate.com/games/LinhVo1611/mr-miner,4,1,2017-05-16,2017-05-16,,unclassified,,none,,none,not_assessed,none,,linhvo1611,2,,0,none,,ready,1.0.0
www.kongregate.com/games/soultakerrulez/my-awesome-game,My Awesome Game,,http://www.kongregate.com/games/SoulTakerRulez/my-awesome-game,4,1,2014-07-04,2014-07-04,,unclassified,,none,,none,not_assessed,none,,unknown,252,,0,none,,ready,1.0.0
www.kongregate.com/games/legenderyhero24/n,n,Legenderyhero24,http://www.kongregate.com/games/Legenderyhero24/n,4,1,2021-01-25,2021-01-25,,unclassified,,none,,none,not_assessed,none,,legenderyhero24,1,,0,none,,ready,1.0.0
www.kongregate.com/games/tchilla/ninja-spark,Ninja Spark,tchilla,http://www.kongregate.com/games/tchilla/ninja-spark,4,1,2016-06-13,2016-06-13,,unclassified,,none,,none,not_assessed,none,,tchilla,1,,0,none,,ready,1.0.0
www.kongregate.com/games/scotts249/officer-dan-saves-the-day,Officer Dan Saves the Day,,http://www.kongregate.com/games/ScottS249/officer-dan-saves-the-day,4,1,2014-04-11,2014-04-11,,unclassified,,none,,none,not_assessed,none,,unknown,252,,0,none,,ready,1.0.0
www.kongregate.com/games/nathanielmilburn/photogrounds,Photogrounds,nathanielmilburn,http://www.kongregate.com/games/nathanielmilburn/photogrounds,4,1,2010-10-13,2010-10-12,,unclassified,,none,,none,not_assessed,none,,nathanielmilburn,1,,0,none,,ready,1.0.0
www.kongregate.com/games/mentolatux/pixel-modern-swat-vs-mercenary,Pixel Modern SWAT VS Mercenary,mentolatux,http://www.kongregate.com/games/mentolatux/pixel-modern-swat-vs-mercenary,4,1,2016-03-20,2016-03-20,,unclassified,,none,,none,not_assessed,none,,mentolatux,1,,0,none,,ready,1.0.0
www.kongregate.com/games/shortcuthome/platform-game-v-1-1,Platform Game V.1.1,ShortCutHome,http://www.kongregate.com/games/ShortCutHome/platform-game-v-1-1,4,1,2011-08-09,2011-08-09,,unclassified,,none,,none,not_assessed,none,,shortcuthome,1,,0,none,,ready,1.0.0
www.kongregate.com/games/zygomaticgames/plushy-animals,Plushy Animals,zygomaticgames,http://www.kongregate.com/games/zygomaticgames/plushy-animals,4,1,2016-07-27,2016-07-27,,unclassified,,none,,none,not_assessed,none,,zygomaticgames,7,,0,none,,ready,1.0.0
www.kongregate.com/games/pontusmaska/pontus,Pontus,pontusmaska,http://www.kongregate.com/games/pontusmaska/pontus,4,1,2014-09-26,2014-09-26,,unclassified,,none,,none,not_assessed,none,,pontusmaska,1,,0,none,,ready,1.0.0
www.kongregate.com/games/playitonline/princess-lilly-dark-forest-escape,Princess Lilly Dark Forest Escape,playitonline,http://www.kongregate.com/games/playitonline/princess-lilly-dark-forest-escape,4,1,2016-10-10,2016-10-10,,escape_room,escape_room,medium_title_signal,,none,not_assessed,none,,playitonline,2,,0,medium,title_signal:escape_room,review_title_inference,1.0.0
www.kongregate.com/games/gamesforgirlz/princesses-grill-party,Princesses Grill Party,gamesforgirlz,http://www.kongregate.com/games/gamesforgirlz/princesses-grill-party,4,1,2016-10-04,2016-10-04,,unclassified,,none,,none,not_assessed,none,,gamesforgirlz,10,,0,none,,ready,1.0.0
www.kongregate.com/games/eskombro/push-it,Push it,eskombro,http://www.kongregate.com/games/eskombro/push-it,4,1,2011-03-23,2011-03-23,,unclassified,,none,,none,not_assessed,none,,eskombro,1,,0,none,,ready,1.0.0
www.kongregate.com/games/gameonade/rc-cars,RC Cars,gameonade,http://www.kongregate.com/games/gameonade/rc-cars,4,1,2011-01-11,2011-01-11,,unclassified,,none,,none,not_assessed,none,,gameonade,1,,0,none,,ready,1.0.0
www.kongregate.com/games/themortalworld/right-hand-commando-the-game-beta,RIGHT HAND COMMANDO TH...,TheMortalWorld,http://www.kongregate.com/games/TheMortalWorld/right-hand-commando-the-game-beta,4,1,2011-08-13,2011-08-13,,unclassified,,none,,none,not_assessed,none,,themortalworld,1,,0,none,,ready,1.0.0
www.kongregate.com/games/evrybody_02/rise-of-mythos,Rise of Mythos,evrybody_02,http://www.kongregate.com/games/evrybody_02/rise-of-mythos,4,1,2014-09-19,2014-09-19,,unclassified,,none,,none,not_assessed,none,,evrybody-02,2,,0,none,,ready,1.0.0
www.kongregate.com/games/flying_chairs/rocket-vs-cars,Rocket vs. Cars,flying_chairs,http://www.kongregate.com/games/flying_chairs/rocket-vs-cars,4,1,2016-09-17,2016-09-17,,unclassified,,none,,none,not_assessed,none,,flying-chairs,1,,0,none,,ready,1.0.0
www.kongregate.com/games/freegames1234/rocketman-go-go-go,Rocketman GO GO GO,freegames1234,http://www.kongregate.com/games/freegames1234/rocketman-go-go-go,4,1,2011-06-10,2011-06-10,,unclassified,,none,,none,not_assessed,none,,freegames1234,6,,0,none,,ready,1.0.0
www.kongregate.com/games/jonty9999/roll-a-ball-test,Roll a Ball Test,Jonty9999,http://www.kongregate.com/games/Jonty9999/roll-a-ball-test,4,1,2017-05-05,2017-05-05,,unclassified,,none,,none,not_assessed,none,,jonty9999,1,,0,none,,ready,1.0.0
www.kongregate.com/games/nsrgames/room-escape-18,Room Escape 18,Nsrgames,http://www.kongregate.com/games/Nsrgames/room-escape-18,4,1,2017-10-15,2017-10-15,,escape_room,escape_room,medium_title_signal,,none,not_assessed,none,,nsrgames,10,,0,medium,title_signal:escape_room,review_title_inference,1.0.0
www.kongregate.com/games/firstescapegames/santas-christmas-gifts-venture,Santas Christmas Gifts Venture,firstescapegames,http://www.kongregate.com/games/firstescapegames/santas-christmas-gifts-venture,4,1,2015-12-26,2015-12-26,,unclassified,,none,,none,not_assessed,none,,firstescapegames,1,,0,none,,ready,1.0.0
www.kongregate.com/games/abhinav_kun/sea-is-below,Sea Is Below,Abhinav_kun,https://www.kongregate.com/games/Abhinav_kun/sea-is-below,4,1,2019-08-25,2019-08-25,,unclassified,,none,,none,not_assessed,none,,abhinav-kun,1,,0,none,,ready,1.0.0
www.kongregate.com/games/cherrycoke123/sexy-girl-game-4-hq,Sexy Girl Game 4 HQ,CherryCoke123,http://www.kongregate.com/games/CherryCoke123/sexy-girl-game-4-hq,4,1,2011-07-05,2011-07-05,,unclassified,,none,,none,not_assessed,none,,cherrycoke123,1,,0,none,,ready,1.0.0
www.kongregate.com/games/c00mzy/simple-platformer,Simple Platformer,C00MZY,http://www.kongregate.com/games/C00MZY/simple-platformer,4,1,2014-11-11,2014-11-11,,unclassified,,none,,none,not_assessed,none,,c00mzy,1,,0,none,,ready,1.0.0
www.kongregate.com/games/netgrind/sleep-harder,Sleep Harder,netgrind,http://www.kongregate.com/games/netgrind/sleep-harder,4,1,2010-11-23,2010-11-23,,unclassified,,none,,none,not_assessed,none,,netgrind,1,,0,none,,ready,1.0.0
www.kongregate.com/games/jaime2310/snow-fight-3-0,Snow Fight 3.0,jaime2310,http://www.kongregate.com/games/jaime2310/snow-fight-3-0,4,1,2011-04-05,2011-04-04,,unclassified,,none,,none,not_assessed,none,,jaime2310,2,,0,none,,ready,1.0.0
www.kongregate.com/games/jawgames/soccer-free-kick-challenge,Soccer Free Kick Challenge,JawGames,http://www.kongregate.com/games/JawGames/soccer-free-kick-challenge,4,1,2014-08-26,2014-08-26,,sports_racing,sports_racing,medium_title_signal,,none,not_assessed,none,,jawgames,2,,0,medium,title_signal:sports_racing,review_title_inference,1.0.0
www.kongregate.com/games/bobbiejim/sound-recorder,Sound Recorder,Bobbiejim,http://www.kongregate.com/games/Bobbiejim/sound-recorder,4,1,2010-11-13,2010-11-13,,unclassified,,none,,none,not_assessed,none,,bobbiejim,1,,0,none,,ready,1.0.0
www.kongregate.com/games/m4ld0/space-invaders-mini,Space Invaders Mini,M4LD0,http://www.kongregate.com/games/M4LD0/space-invaders-mini,4,1,2016-06-29,2016-06-29,,unclassified,,none,,none,not_assessed,none,,m4ld0,1,,0,none,,ready,1.0.0
www.kongregate.com/games/lucascs91274/space-wings-beta,Space Wings Beta,LucasCs91274,http://www.kongregate.com/games/LucasCs91274/space-wings-beta,4,1,2016-08-20,2016-08-20,,unclassified,,none,,none,not_assessed,none,,lucascs91274,1,,0,none,,ready,1.0.0
www.kongregate.com/games/sashmackinnon/spacetacular-voyage,Spacetacular Voyage,sashmackinnon,http://www.kongregate.com/games/sashmackinnon/spacetacular-voyage,4,1,2009-06-17,2009-06-17,,unclassified,,none,,none,not_assessed,none,,sashmackinnon,1,,0,none,,ready,1.0.0
www.kongregate.com/games/s_schreiber/spongebob-vs-larry-version-2,Spongebob VS. Larry Ve...,S_Schreiber,http://www.kongregate.com/games/S_Schreiber/spongebob-vs-larry-version-2,4,1,2011-02-27,2011-02-27,,unclassified,,none,,none,not_assessed,none,,s-schreiber,1,,0,none,,ready,1.0.0
www.kongregate.com/games/lionel_ict/ss17-marta-pons,SS17 Marta Pons,lionel_ict,http://www.kongregate.com/games/lionel_ict/ss17-marta-pons,4,1,2017-09-13,2017-09-13,,unclassified,,none,,none,not_assessed,none,,lionel-ict,3,,0,none,,ready,1.0.0
www.kongregate.com/games/happywhippings/starbomb,Starbomb,HappyWhippings,http://www.kongregate.com/games/HappyWhippings/starbomb,4,1,2016-08-13,2016-08-13,,unclassified,,none,,none,not_assessed,none,,happywhippings,1,,0,none,,ready,1.0.0
www.kongregate.com/games/lakotasdad/stop-the-fan-on-the-fly,Stop the Fan on the Fly!,lakotasdad,http://www.kongregate.com/games/lakotasdad/stop-the-fan-on-the-fly,4,1,2015-09-30,2015-09-30,,unclassified,,none,,none,not_assessed,none,,lakotasdad,1,,0,none,,ready,1.0.0
www.kongregate.com/games/dystraleuphorie/sugary-land-2,Sugary Land 2,DystralEuphorie,http://www.kongregate.com/games/DystralEuphorie/sugary-land-2,4,1,2011-08-01,2011-08-01,,unclassified,,none,,none,not_assessed,none,,dystraleuphorie,4,,0,none,,ready,1.0.0
www.kongregate.com/games/lucifiphic_rias/super-demolisher-dev,Super Demolisher Dev.,Lucifiphic_Rias,http://www.kongregate.com/games/Lucifiphic_Rias/super-demolisher-dev,4,1,2016-02-02,2016-02-02,,unclassified,,none,,none,not_assessed,none,,lucifiphic-rias,1,,0,none,,ready,1.0.0
www.kongregate.com/games/yvolcano4/super-mario-worlds-ep-1-the-dark-world-smb-fan-made-game,Super Mario Worlds Ep.1: The Dark World (SMB Fan-made Game),yvolcano4,http://www.kongregate.com/games/yvolcano4/super-mario-worlds-ep-1-the-dark-world-smb-fan-made-game,4,1,2016-09-23,2016-09-23,,unclassified,,none,,none,not_assessed,none,,yvolcano4,4,,0,none,,ready,1.0.0
www.kongregate.com/games/jbarraza745/survive-the-flight-airlane,Survive The Flight: Airlane,,http://www.kongregate.com/games/jbarraza745/survive-the-flight-airlane,4,1,2014-08-16,2014-08-16,,unclassified,,none,,none,not_assessed,none,,unknown,252,,0,none,,ready,1.0.0
www.kongregate.com/games/lollidepp/swag-space-puzzle-shooter,Swag & Space: Puzzle Shooter,,http://www.kongregate.com/games/LolliDepp/swag-space-puzzle-shooter,4,1,2014-08-04,2014-08-04,,unclassified,,none,,none,not_assessed,none,,unknown,252,,0,none,,ready,1.0.0
www.kongregate.com/games/madscs/sweggy-burd-420-mlg,Sweggy Burd 420 MLG,madscs,http://www.kongregate.com/games/madscs/sweggy-burd-420-mlg,4,1,2014-10-18,2014-10-18,,unclassified,,none,,none,not_assessed,none,,madscs,1,,0,none,,ready,1.0.0
www.kongregate.com/games/mirakus/switch,SWITCH,Mirakus,http://www.kongregate.com/games/Mirakus/switch,4,1,2017-06-04,2017-06-04,,unclassified,,none,,none,not_assessed,none,,mirakus,2,,0,none,,ready,1.0.0
www.kongregate.com/games/octobunny/switcheroo-2,Switcheroo 2,OctoBunny,http://www.kongregate.com/games/OctoBunny/switcheroo-2,4,1,2024-01-17,2024-01-17,,unclassified,,none,,none,not_assessed,none,,octobunny,1,,0,none,,ready,1.0.0
www.kongregate.com/games/jscotty/the-departing-horse,The Departing Horse,,http://www.kongregate.com/games/jscotty/the-departing-horse,4,1,2014-06-13,2014-06-13,,unclassified,,none,,none,not_assessed,none,,unknown,252,,0,none,,ready,1.0.0
www.kongregate.com/games/stav_s/the-forgotten-art,The Forgotten Art,Stav_S,http://www.kongregate.com/games/Stav_S/the-forgotten-art,4,1,2017-08-25,2017-08-25,,unclassified,,none,,none,not_assessed,none,,stav-s,1,,0,none,,ready,1.0.0
www.kongregate.com/games/poopeegames/the-poop-machine,The poop machine,poopeegames,http://www.kongregate.com/games/poopeegames/the-poop-machine,4,1,2014-09-26,2014-09-26,,unclassified,,none,,none,not_assessed,none,,poopeegames,1,,0,none,,ready,1.0.0
www.kongregate.com/games/sandrakim/the-river-cabin,The River Cabin,SandraKim,http://www.kongregate.com/games/SandraKim/the-river-cabin,4,1,2014-08-22,2014-08-22,,unclassified,,none,,none,not_assessed,none,,sandrakim,31,,0,none,,ready,1.0.0
www.kongregate.com/games/jaykalabs417/thumbi,Thumbi,,http://www.kongregate.com/games/jaykalabs417/thumbi,4,1,2013-11-21,2013-11-21,,unclassified,,none,,none,not_assessed,none,,unknown,252,,0,none,,ready,1.0.0
www.kongregate.com/games/emperormason/tic-tac-toe,Tic Tac Toe,EmperorMason,http://www.kongregate.com/games/EmperorMason/tic-tac-toe,4,1,2014-09-19,2014-09-19,,unclassified,,none,,none,not_assessed,none,,emperormason,2,,0,none,,ready,1.0.0
www.kongregate.com/games/webgamess/time-to-park,Time To Park,,http://www.kongregate.com/games/webgamess/time-to-park,4,1,2014-07-21,2014-07-21,,unclassified,,none,,none,not_assessed,none,,unknown,252,,0,none,,ready,1.0.0
www.kongregate.com/games/game4joy1/tom-and-jerry-jigsaw,Tom and Jerry Jigsaw,game4joy1,http://www.kongregate.com/games/game4joy1/tom-and-jerry-jigsaw,4,1,2014-12-30,2014-12-30,,unclassified,,none,,none,not_assessed,none,,game4joy1,7,,0,none,,ready,1.0.0
www.kongregate.com/games/phasko/topdown-shooter,Topdown Shooter,Phasko,http://www.kongregate.com/games/Phasko/topdown-shooter,4,1,2014-10-13,2014-10-13,,unclassified,,none,,none,not_assessed,none,,phasko,1,,0,none,,ready,1.0.0
www.kongregate.com/games/trailersimulator/trailer-simulator-2015,Trailer Simulator 2015,trailersimulator,http://www.kongregate.com/games/trailersimulator/trailer-simulator-2015,4,1,2014-12-10,2014-12-10,,unclassified,,none,,none,not_assessed,none,,trailersimulator,1,,0,none,,ready,1.0.0
www.kongregate.com/games/donislaw/tree-tap-money-idle-clicker,Tree Tap - Money Idle Clicker,Donislaw,http://www.kongregate.com/games/Donislaw/tree-tap-money-idle-clicker,4,1,2017-05-25,2017-05-25,,idle_incremental,idle_incremental,medium_title_signal,,none,not_assessed,none,,donislaw,1,,0,medium,title_signal:idle_incremental,review_title_inference,1.0.0
www.kongregate.com/games/frederik77/triangular-2048,Triangular 2048,,http://www.kongregate.com/games/Frederik77/triangular-2048,4,1,2014-06-20,2014-06-20,,unclassified,,none,,none,not_assessed,none,,unknown,252,,0,none,,ready,1.0.0
www.kongregate.com/games/101cargames/truck-racers,Truck Racers,101cargames,http://www.kongregate.com/games/101cargames/truck-racers,4,1,2011-08-05,2011-08-05,,unclassified,,none,,none,not_assessed,none,,101cargames,1,,0,none,,ready,1.0.0
www.kongregate.com/games/jarofed/turtle-dreams-to-fly,Turtle Dreams to Fly,jarofed,http://www.kongregate.com/games/jarofed/turtle-dreams-to-fly,4,1,2011-06-01,2011-06-01,,unclassified,,none,,none,not_assessed,none,,jarofed,1,,0,none,,ready,1.0.0
www.kongregate.com/games/ainarsa/unlimited-bunker,Unlimited Bunker,ainarsa,http://www.kongregate.com/games/ainarsa/unlimited-bunker,4,1,2015-09-14,2015-09-14,,unclassified,,none,,none,not_assessed,none,,ainarsa,7,,0,none,,ready,1.0.0
www.kongregate.com/games/cockibo/walk-box-deluxe,Walk Box Deluxe,cockibo,http://www.kongregate.com/games/cockibo/walk-box-deluxe,4,1,2017-08-11,2017-08-11,,unclassified,,none,,none,not_assessed,none,,cockibo,1,,0,none,,ready,1.0.0
www.kongregate.com/games/charlest35/wheelz,WHEELZ!,,http://www.kongregate.com/games/CharlesT35/wheelz,4,1,2014-08-08,2014-08-08,,unclassified,,none,,none,not_assessed,none,,unknown,252,,0,none,,ready,1.0.0
www.kongregate.com/games/rahchel321/who-can-escape-the-fortress,Who Can Escape The Fortress,rahchel321,http://www.kongregate.com/games/rahchel321/who-can-escape-the-fortress,4,1,2016-08-05,2016-08-05,,escape_room,escape_room,medium_title_signal,,none,not_assessed,none,,rahchel321,10,,0,medium,title_signal:escape_room,review_title_inference,1.0.0
www.kongregate.com/games/ainarsa/wooden-basement-escape,Wooden Basement Escape,ainarsa,http://www.kongregate.com/games/ainarsa/wooden-basement-escape,4,1,2015-09-15,2015-09-15,,escape_room,escape_room,medium_title_signal,,none,not_assessed,none,,ainarsa,7,,0,medium,title_signal:escape_room,review_title_inference,1.0.0
www.kongregate.com/games/xbeta/xrunning,Xrunning,Xbeta,http://www.kongregate.com/games/Xbeta/xrunning,4,1,2016-02-28,2016-02-28,,unclassified,,none,,none,not_assessed,none,,xbeta,1,,0,none,,ready,1.0.0
www.kongregate.com/games/yell/zombie-siege,Zombie Siege,yell,http://www.kongregate.com/games/yell/zombie-siege,4,1,2014-10-04,2014-10-04,,unclassified,,none,,none,not_assessed,none,,yell,2,,0,none,,ready,1.0.0
www.kongregate.com/games/neal867/amv-god-of-the-new-world,クールカツ AMV God Of The New World,neal867,http://www.kongregate.com/games/neal867/amv-god-of-the-new-world,4,1,2017-09-30,2017-09-30,,unclassified,,none,,none,not_assessed,none,,neal867,3,,0,none,,ready,1.0.0
www.kongregate.com/games/puffballs_united/fleeing-the-complex,Fleeing the Complex,Puffballs_United,https://www.kongregate.com/games/Puffballs_United/fleeing-the-complex,5,724,2016-03-05,2016-03-05,adventure-rpg,role_playing,role_playing,high_observed_category,,none,not_assessed,none,,puffballs-united,1,,0,high,observed_category:role_playing,ready,1.0.0
www.kongregate.com/games/baldurans/factory-idle,Factory idle,Baldurans,https://www.kongregate.com/games/Baldurans/factory-idle,5,186,2016-11-06,2016-04-04,idle; strategy,idle_incremental,idle_incremental; strategy,high_observed_category,idle_progression,high_observed_category,not_assessed,none,,baldurans,2,,0,high,observed_category:idle_incremental; observed_category:idle,ready,1.0.0
www.kongregate.com/games/whiteboardwar/creeper-world-3-abraxis,Creeper World 3: Abraxis,whiteboardwar,https://www.kongregate.com/games/whiteboardwar/creeper-world-3-abraxis,5,182,2014-06-26,2014-05-14,tower-defense; strategy; strategy-defense,tower_defense,strategy; tower_defense,high_observed_category,,none,not_assessed,none,,whiteboardwar,2,,0,high,observed_category:tower_defense,ready,1.0.0
www.kongregate.com/games/silengames/icy-gifts,Icy Gifts,SilenGames,http://www.kongregate.com/games/SilenGames/icy-gifts,5,85,2011-04-24,2011-02-01,puzzle; shooter,shooter,puzzle; shooter,high_observed_category,,none,not_assessed,none,,silengames,3,,0,high,observed_category:shooter,ready,1.0.0
www.kongregate.com/games/arcan3artist/the-very-organized-thief,The Very Organized Thief,arcan3artist,http://www.kongregate.com/games/arcan3artist/the-very-organized-thief,5,62,2014-11-01,2013-11-09,puzzle,puzzle,puzzle,high_observed_category,,none,not_assessed,none,,arcan3artist,1,,0,high,observed_category:puzzle,ready,1.0.0
www.kongregate.com/games/fastgames/little-wheel,Little Wheel,fastgames,http://www.kongregate.com/games/fastgames/little-wheel,5,57,2009-06-17,2009-06-11,puzzle,puzzle,puzzle,high_observed_category,,none,not_assessed,none,,fastgames,2,,0,high,observed_category:puzzle,ready,1.0.0
www.kongregate.com/games/avaloid/tap-adventure,Tap Adventure,Avaloid,https://www.kongregate.com/games/Avaloid/tap-adventure,5,56,2015-10-21,2015-10-21,idle,idle_incremental,idle_incremental,high_observed_category,idle_progression,high_observed_category,not_assessed,none,,avaloid,1,,0,high,observed_category:idle_incremental; observed_category:idle,ready,1.0.0
www.kongregate.com/games/vasantj/medieval-cop-the-true-monster,Medieval Cop - The True Monster,VasantJ,https://www.kongregate.com/games/VasantJ/medieval-cop-the-true-monster,5,46,2016-03-05,2016-02-29,puzzle; adventure,puzzle,adventure; puzzle,high_observed_category,,none,not_assessed,none,,vasantj,20,,0,high,observed_category:puzzle,ready,1.0.0
www.kongregate.com/games/scarybug/chronotron,Chronotron,Scarybug,http://www.kongregate.com/games/Scarybug/chronotron,5,39,2008-05-13,2008-05-13,puzzle,puzzle,puzzle,high_observed_category,,none,not_assessed,none,,scarybug,1,,0,high,observed_category:puzzle,ready,1.0.0
www.kongregate.com/games/thetisgames/flight-simulator-flywings-2016,Flight Simulator - FlyWings 2016,ThetisGames,https://www.kongregate.com/games/ThetisGames/flight-simulator-flywings-2016,5,27,2019-01-26,2016-03-22,action,action,action,high_observed_category,,none,not_assessed,none,,thetisgames,1,,0,high,observed_category:action,ready,1.0.0
www.kongregate.com/games/mrudi/trader-of-stories-chapter-3,Trader of Stories - Chapter 3,mrudi,https://www.kongregate.com/games/mrudi/trader-of-stories-chapter-3,5,26,2024-04-01,2023-11-09,adventure-rpg; adventure,role_playing,adventure; role_playing,high_observed_category,,none,not_assessed,none,,mrudi,1,,0,high,observed_category:role_playing,ready,1.0.0
www.kongregate.com/games/revanaii/hero-simulator,Hero Simulator,revanaii,http://www.kongregate.com/games/revanaii/hero-simulator,5,25,2015-07-26,2015-07-13,idle,idle_incremental,idle_incremental,high_observed_category,idle_progression,high_observed_category,not_assessed,none,,revanaii,1,,0,high,observed_category:idle_incremental; observed_category:idle,ready,1.0.0
www.kongregate.com/games/berzerkstudio/zombidle,Zombidle,BerzerkStudio,http://www.kongregate.com/games/BerzerkStudio/zombidle,5,22,2016-03-21,2016-03-21,,unclassified,,none,,none,not_assessed,none,,berzerkstudio,5,,0,none,,ready,1.0.0
www.kongregate.com/games/arseniy/orbox-b,Orbox B,Arseniy,http://www.kongregate.com/games/Arseniy/orbox-b,5,21,2007-01-20,2006-12-06,puzzle,puzzle,puzzle,high_observed_category,,none,not_assessed,none,,arseniy,3,,0,high,observed_category:puzzle,ready,1.0.0
www.kongregate.com/games/bytro/supremacy-1914,Supremacy 1914,bytro,https://www.kongregate.com/games/bytro/supremacy-1914,5,19,2020-12-14,2020-12-14,multiplayer,multiplayer,multiplayer,high_observed_category,online_multiplayer,high_observed_category,not_assessed,none,,bytro,1,,0,high,observed_category:multiplayer; observed_category:multiplayer,ready,1.0.0
www.kongregate.com/games/herointeractive/bubble-tanks-3,Bubble Tanks 3,HeroInteractive,https://www.kongregate.com/games/HeroInteractive/bubble-tanks-3,5,18,2011-02-06,2011-02-01,shooter; adventure,shooter,adventure; shooter,high_observed_category,,none,not_assessed,none,,herointeractive,8,herointeractive:bubble-tanks,3,high,observed_category:shooter; same_developer_series_stem,ready,1.0.0
www.kongregate.com/games/fliplinestudios/papa-louie-when-pizzas-attack,Papa Louie: When Pizzas Attack!,FliplineStudios,http://www.kongregate.com/games/FliplineStudios/papa-louie-when-pizzas-attack,5,16,2007-01-27,2006-12-14,,unclassified,,none,,none,not_assessed,none,,fliplinestudios,5,,0,none,,ready,1.0.0
www.kongregate.com/games/oogzyent/footie-fight,Footie Fight,oogzyent,https://www.kongregate.com/games/oogzyent/footie-fight,5,15,2024-04-01,2023-06-15,sports-racing,sports_racing,sports_racing,high_observed_category,,none,not_assessed,none,,oogzyent,1,,0,high,observed_category:sports_racing,ready,1.0.0
www.kongregate.com/games/5thplanetgames/legacy-of-a-thousand-suns,Legacy of a Thousand Suns,5thPlanetGames,http://www.kongregate.com/games/5thPlanetGames/legacy-of-a-thousand-suns,5,14,2012-02-29,2012-02-29,,unclassified,,none,,none,publisher_portfolio_candidate,medium_curated_publisher,publisher_signal:5thplanetgames,5thplanetgames,3,,0,medium,publisher_signal:5thplanetgames,review_social_platform,1.0.0
www.kongregate.com/games/r2games/wartune,Wartune,R2Games,http://www.kongregate.com/games/R2Games/wartune,5,14,2013-01-16,2013-01-16,,unclassified,,none,,none,publisher_portfolio_candidate,medium_curated_publisher,publisher_signal:r2games,r2games,2,,0,medium,publisher_signal:r2games,review_social_platform,1.0.0
www.kongregate.com/games/seancooper/boxhead-the-nightmare-full,Boxhead: The Nightmare,SeanCooper,http://www.kongregate.com/games/SeanCooper/boxhead-the-nightmare-full,5,12,2014-04-04,2014-04-04,shooter,shooter,shooter,high_observed_category,,none,not_assessed,none,,seancooper,4,,0,high,observed_category:shooter,ready,1.0.0
www.kongregate.com/games/holydaystudios/holyday-city,Holyday City,HolydayStudios,http://www.kongregate.com/games/HolydayStudios/holyday-city,5,12,2015-05-06,2015-05-06,,unclassified,,none,,none,not_assessed,none,,holydaystudios,4,,0,none,,ready,1.0.0
www.kongregate.com/games/happinesssam/alpha-force,Alpha Force,Happinesssam,http://www.kongregate.com/games/Happinesssam/alpha-force,5,11,2007-02-10,2007-02-08,,unclassified,,none,,none,not_assessed,none,,happinesssam,1,,0,none,,ready,1.0.0
www.kongregate.com/games/armorgames/coinbox-hero,Coinbox Hero,ArmorGames,http://www.kongregate.com/games/ArmorGames/coinbox-hero,5,9,2011-11-01,2011-11-01,idle; more,idle_incremental,idle_incremental; other,high_observed_category,idle_progression,high_observed_category,not_assessed,none,,armorgames,22,,0,high,observed_category:idle_incremental; observed_category:idle,ready,1.0.0
www.kongregate.com/games/robscherer123/helmet-heroes,Helmet Heroes,robscherer123,https://www.kongregate.com/en/games/robscherer123/helmet-heroes,5,9,2019-09-17,2013-04-30,multiplayer; mmo,role_playing,multiplayer; role_playing,high_observed_category,massively_multiplayer; online_multiplayer,high_observed_category,not_assessed,none,,robscherer123,2,,0,high,observed_category:role_playing; observed_category:mmo; observed_category:multiplayer,ready,1.0.0
www.kongregate.com/games/roko0/dream-car-racing-evo,Dream Car Racing Evo,RoKo0,https://www.kongregate.com/games/RoKo0/dream-car-racing-evo,5,8,2020-11-27,2020-11-27,sports-racing,sports_racing,sports_racing,high_observed_category,,none,not_assessed,none,,roko0,1,,0,high,observed_category:sports_racing,ready,1.0.0
www.kongregate.com/games/fliplinestudios/guppy-guard-express,Guppy Guard Express,FliplineStudios,http://www.kongregate.com/games/FliplineStudios/guppy-guard-express,5,8,2011-08-11,2011-08-11,,unclassified,,none,,none,not_assessed,none,,fliplinestudios,5,,0,none,,ready,1.0.0
www.kongregate.com/games/kixeye/battle-pirates,Battle Pirates,KIXEYE,https://www.kongregate.com/en/games/KIXEYE/battle-pirates,5,6,2014-10-17,2014-09-10,mmo,role_playing,role_playing,high_observed_category,massively_multiplayer,high_observed_category,publisher_portfolio_candidate,medium_curated_publisher,publisher_signal:kixeye,kixeye,2,,0,high,observed_category:role_playing; observed_category:mmo; publisher_signal:kixeye,review_social_platform,1.0.0
www.kongregate.com/games/bhattarai333/bob-the-button-three,Bob the button three!,bhattarai333,http://www.kongregate.com/games/bhattarai333/bob-the-button-three,5,5,2011-08-04,2010-03-21,idle,idle_incremental,idle_incremental,high_observed_category,idle_progression,high_observed_category,not_assessed,none,,bhattarai333,1,,0,high,observed_category:idle_incremental; observed_category:idle,ready,1.0.0
www.kongregate.com/games/panoramik/mighty-party,Mighty Party,Panoramik,https://www.kongregate.com/games/Panoramik/mighty-party,5,5,2018-12-22,2018-12-22,,unclassified,,none,,none,not_assessed,none,,panoramik,1,,0,none,,ready,1.0.0
www.kongregate.com/games/thegrandestine/chess-evolved-online,Chess Evolved Online,TheGrandestine,https://www.kongregate.com/games/TheGrandestine/chess-evolved-online,5,4,2016-06-01,2016-06-01,multiplayer,multiplayer,multiplayer,high_observed_category,online_multiplayer,high_observed_category,not_assessed,none,,thegrandestine,1,,0,high,observed_category:multiplayer; observed_category:multiplayer,ready,1.0.0
www.kongregate.com/games/holydaystudios/holyday-city-reloaded,Holyday City Reloaded,HolydayStudios,http://www.kongregate.com/games/HolydayStudios/holyday-city-reloaded,5,4,2017-11-01,2017-11-01,,unclassified,,none,,none,not_assessed,none,,holydaystudios,4,,0,none,,ready,1.0.0
www.kongregate.com/games/mikengreg/solipskier,Solipskier,,https://www.kongregate.com/en/games/Mikengreg/solipskier,5,4,2026-02-21,2010-05-15,sports-racing,sports_racing,sports_racing,high_observed_category,,none,not_assessed,none,,unknown,252,,0,high,observed_category:sports_racing,ready,1.0.0
www.kongregate.com/games/fighter106/spectromancer-gamers-pack,Spectromancer: Gamer's Pack,,https://www.kongregate.com/en/games/fighter106/spectromancer-gamers-pack,5,4,2026-07-01,2011-09-03,card,card_strategy,card_strategy,high_observed_category,persistent_card_game,high_observed_category,not_assessed,none,,unknown,252,,0,high,observed_category:card_strategy; observed_category:card,ready,1.0.0
www.kongregate.com/games/xenaogames/doom-forge,Doom Forge,XenaoGames,http://www.kongregate.com/games/XenaoGames/doom-forge,5,3,2011-12-02,2011-12-02,idle,idle_incremental,idle_incremental,high_observed_category,idle_progression,high_observed_category,not_assessed,none,,xenaogames,1,,0,high,observed_category:idle_incremental; observed_category:idle,ready,1.0.0
www.kongregate.com/games/cliffhangerdev/jagged-alliance-online,Jagged Alliance Online,,http://www.kongregate.com/games/CliffhangerDev/jagged-alliance-online,5,3,2013-01-12,2013-01-12,,unclassified,,none,,none,not_assessed,none,,unknown,252,,0,none,,ready,1.0.0
www.kongregate.com/games/ymar2011/cage-bird,Cage Bird,Ymar2011,http://www.kongregate.com/games/Ymar2011/cage-bird,5,2,2014-10-03,2014-10-03,,unclassified,,none,,none,not_assessed,none,,ymar2011,1,,0,none,,ready,1.0.0
www.kongregate.com/games/0rava/mutilate-a-doll,Mutilate-a-doll,0rava,https://www.kongregate.com/games/0rava/mutilate-a-doll,5,2,2015-02-12,2015-02-12,more,other,other,high_observed_category,,none,not_assessed,none,,0rava,3,0rava:mutilate-a-doll,2,high,observed_category:other; same_developer_series_stem,ready,1.0.0
www.kongregate.com/games/lobstershow/stick-hero-idle-2,Stick Hero Idle 2,lobstershow,http://www.kongregate.com/games/lobstershow/stick-hero-idle-2,5,2,2011-02-09,2011-02-09,idle,idle_incremental,idle_incremental,high_observed_category,idle_progression,high_observed_category,not_assessed,none,,lobstershow,1,,0,high,observed_category:idle_incremental; observed_category:idle,ready,1.0.0
www.kongregate.com/games/e_cha/underworld-idle,Underworld Idle,e_cha,https://www.kongregate.com/games/e_cha/underworld-idle,5,2,2023-12-21,2023-12-21,,idle_incremental,idle_incremental,medium_title_signal,,none,not_assessed,none,,e-cha,1,,0,medium,title_signal:idle_incremental,review_title_inference,1.0.0
www.kongregate.com/games/zygomaticgames/1010-hex-html5,1010 Hex (HTML5),zygomaticgames,http://www.kongregate.com/games/zygomaticgames/1010-hex-html5,5,1,2017-08-23,2017-08-23,,unclassified,,none,,none,not_assessed,none,,zygomaticgames,7,,0,none,,ready,1.0.0
www.kongregate.com/games/kebabs91/3d-ghost-maze,3D Ghost Maze,kebabs91,http://www.kongregate.com/games/kebabs91/3d-ghost-maze,5,1,2014-09-20,2014-09-20,,unclassified,,none,,none,not_assessed,none,,kebabs91,1,,0,none,,ready,1.0.0
www.kongregate.com/games/enagamess/aid-the-santa,Aid The Santa,Enagamess,http://www.kongregate.com/games/Enagamess/aid-the-santa,5,1,2015-12-26,2015-12-26,,unclassified,,none,,none,not_assessed,none,,enagamess,68,,0,none,,ready,1.0.0
www.kongregate.com/games/top10newgames/ancient-temple-escape,Ancient Temple Escape,top10newgames,http://www.kongregate.com/games/top10newgames/ancient-temple-escape,5,1,2017-08-05,2017-08-05,,escape_room,escape_room,medium_title_signal,,none,not_assessed,none,,top10newgames,8,,0,medium,title_signal:escape_room,review_title_inference,1.0.0
www.kongregate.com/games/reid_myles/asteroid-attack,Asteroid Attack!,reid_myles,http://www.kongregate.com/games/reid_myles/asteroid-attack,5,1,2017-10-15,2017-10-15,,unclassified,,none,,none,not_assessed,none,,reid-myles,1,,0,none,,ready,1.0.0
www.kongregate.com/games/swaglordius/asteroids,Asteroids!,,http://www.kongregate.com/games/Swaglordius/asteroids,5,1,2014-06-25,2014-06-25,,unclassified,,none,,none,not_assessed,none,,unknown,252,,0,none,,ready,1.0.0
www.kongregate.com/games/wabala/back-to-future-the-game,Back To Future-The Game,wabala,http://www.kongregate.com/games/wabala/back-to-future-the-game,5,1,2011-06-05,2011-06-05,,unclassified,,none,,none,not_assessed,none,,wabala,2,,0,none,,ready,1.0.0
www.kongregate.com/games/miancky/ball-temere,Ball Temere,Miancky,http://www.kongregate.com/games/Miancky/ball-temere,5,1,2017-09-20,2017-09-20,,unclassified,,none,,none,not_assessed,none,,miancky,1,,0,none,,ready,1.0.0
www.kongregate.com/games/123peppy/bar-refaeli-makeover,Bar Refaeli Makeover,123peppy,http://www.kongregate.com/games/123peppy/bar-refaeli-makeover,5,1,2010-12-23,2010-12-23,,unclassified,,none,,none,not_assessed,none,,123peppy,3,,0,none,,ready,1.0.0
www.kongregate.com/games/klassemia19/be-fast-or-die,Be fast or die,KlasseMia19,http://www.kongregate.com/games/KlasseMia19/be-fast-or-die,5,1,2017-07-12,2017-07-12,,unclassified,,none,,none,not_assessed,none,,klassemia19,2,,0,none,,ready,1.0.0
www.kongregate.com/games/runeworks/beach-rush-k,Beach Rush K,Runeworks,http://www.kongregate.com/games/Runeworks/beach-rush-k,5,1,2016-01-02,2016-01-02,,unclassified,,none,,none,not_assessed,none,,runeworks,1,,0,none,,ready,1.0.0
www.kongregate.com/games/alillm/blue-knight,Blue Knight,alillm,http://www.kongregate.com/games/alillm/blue-knight,5,1,2010-11-23,2010-11-23,,unclassified,,none,,none,not_assessed,none,,alillm,1,,0,none,,ready,1.0.0
www.kongregate.com/games/gamesforgirlz/boho-chic-spring-shopping,Boho Chic Spring Shopping,gamesforgirlz,http://www.kongregate.com/games/gamesforgirlz/boho-chic-spring-shopping,5,1,2017-05-25,2017-05-25,,unclassified,,none,,none,not_assessed,none,,gamesforgirlz,10,,0,none,,ready,1.0.0
www.kongregate.com/games/theraynoan/breakerino,Breakerino,TheRaynoan,http://www.kongregate.com/games/TheRaynoan/breakerino,5,1,2015-09-09,2015-09-09,,unclassified,,none,,none,not_assessed,none,,theraynoan,1,,0,none,,ready,1.0.0
www.kongregate.com/games/miafuck/brick-blast,Brick blast,Miafuck,http://www.kongregate.com/games/Miafuck/brick-blast,5,1,2016-08-05,2016-08-05,,unclassified,,none,,none,not_assessed,none,,miafuck,1,,0,none,,ready,1.0.0
www.kongregate.com/games/gabrielepower86/brock-the-broccoli-beta-1-3,"Brock, the Broccoli BETA 1.3",Gabrielepower86,http://www.kongregate.com/games/Gabrielepower86/brock-the-broccoli-beta-1-3,5,1,2016-03-07,2016-03-07,,unclassified,,none,,none,not_assessed,none,,gabrielepower86,1,,0,none,,ready,1.0.0
www.kongregate.com/games/aizat216777/bunnyland,Bunnyland,,http://www.kongregate.com/games/Aizat216777/bunnyland,5,1,2014-04-11,2014-04-11,,unclassified,,none,,none,not_assessed,none,,unknown,252,,0,none,,ready,1.0.0
www.kongregate.com/games/courador/burnt-plate,Burnt Plate,Courador,http://www.kongregate.com/games/Courador/burnt-plate,5,1,2014-10-04,2014-10-04,,unclassified,,none,,none,not_assessed,none,,courador,1,,0,none,,ready,1.0.0
www.kongregate.com/games/captainglasgow/captain-glasgows-game,Captain Glasgow's Game,CaptainGlasgow,http://www.kongregate.com/games/CaptainGlasgow/captain-glasgows-game,5,1,2014-12-28,2014-12-28,,unclassified,,none,,none,not_assessed,none,,captainglasgow,1,,0,none,,ready,1.0.0
www.kongregate.com/games/newgamess/car-transporter-jigsaw,Car Transporter Jigsaw,newgamess,http://www.kongregate.com/games/newgamess/car-transporter-jigsaw,5,1,2016-05-24,2016-05-24,,unclassified,,none,,none,not_assessed,none,,newgamess,37,,0,none,,ready,1.0.0
www.kongregate.com/games/vitalitygames/cargostone,Cargostone,vitalitygames,http://www.kongregate.com/games/vitalitygames/cargostone,5,1,2016-10-10,2016-10-10,,unclassified,,none,,none,not_assessed,none,,vitalitygames,9,,0,none,,ready,1.0.0
www.kongregate.com/games/freegamepick/celebrity-gunslingers,Celebrity Gunslingers,freegamepick,http://www.kongregate.com/games/freegamepick/celebrity-gunslingers,5,1,2016-07-07,2016-07-07,,unclassified,,none,,none,not_assessed,none,,freegamepick,1,,0,none,,ready,1.0.0
www.kongregate.com/games/xxxmalexxx/chaos-faction-2,Chaos Faction 2,XxXMaleXxX,http://www.kongregate.com/games/XxXMaleXxX/chaos-faction-2,5,1,2011-06-13,2011-06-13,,unclassified,,none,,none,not_assessed,none,,xxxmalexxx,1,,0,none,,ready,1.0.0
www.kongregate.com/games/joaot41/christmas-missions,Christmas Missions!,,http://www.kongregate.com/games/JoaoT41/christmas-missions,5,1,2014-08-11,2014-08-11,,unclassified,,none,,none,not_assessed,none,,unknown,252,,0,none,,ready,1.0.0
www.kongregate.com/games/trsa973/citywaronline,CityWarOnline,,http://www.kongregate.com/games/trsa973/citywaronline,5,1,2013-11-21,2013-11-21,,unclassified,,none,,none,not_assessed,none,,unknown,252,,0,none,,ready,1.0.0
www.kongregate.com/games/hailsatanmeth420/click-the-squirrel,Click the Squirrel,,http://www.kongregate.com/games/HailSatanMeth420/click-the-squirrel,5,1,2014-07-30,2014-07-30,,unclassified,,none,,none,not_assessed,none,,unknown,252,,0,none,,ready,1.0.0
www.kongregate.com/games/dustonpc/color-bubbles,Color Bubbles,dustOnPc,http://www.kongregate.com/games/dustOnPc/color-bubbles,5,1,2011-03-23,2011-03-23,,unclassified,,none,,none,not_assessed,none,,dustonpc,1,,0,none,,ready,1.0.0
www.kongregate.com/games/gamedev408/color-cube-clicker,Color Cube Clicker,GameDev408,http://www.kongregate.com/games/GameDev408/color-cube-clicker,5,1,2014-08-26,2014-08-26,,idle_incremental,idle_incremental,medium_title_signal,,none,not_assessed,none,,gamedev408,1,,0,medium,title_signal:idle_incremental,review_title_inference,1.0.0
www.kongregate.com/games/peterlauris/color-picker,Color Picker,PeterLauris,http://www.kongregate.com/games/PeterLauris/color-picker,5,1,2014-10-24,2014-10-24,,unclassified,,none,,none,not_assessed,none,,peterlauris,1,,0,none,,ready,1.0.0
www.kongregate.com/games/megafatboy/consume,Consume,MEGAFATBOY,http://www.kongregate.com/games/MEGAFATBOY/consume,5,1,2011-12-31,2011-12-31,,unclassified,,none,,none,not_assessed,none,,megafatboy,1,,0,none,,ready,1.0.0
www.kongregate.com/games/s2hago/crazycicle,CrazyCicle,s2hago,http://www.kongregate.com/games/s2hago/crazycicle,5,1,2014-11-11,2014-11-11,,unclassified,,none,,none,not_assessed,none,,s2hago,1,,0,none,,ready,1.0.0
www.kongregate.com/games/danwon67/create-your-face-with-this-stupid-game,Create your face with this stupid game,danwon67,http://www.kongregate.com/games/danwon67/create-your-face-with-this-stupid-game,5,1,2016-07-27,2016-07-27,,unclassified,,none,,none,not_assessed,none,,danwon67,2,,0,none,,ready,1.0.0
www.kongregate.com/games/shohouku/crusader-war,Crusader War,shohouku,http://www.kongregate.com/games/shohouku/crusader-war,5,1,2011-07-17,2011-07-17,,unclassified,,none,,none,not_assessed,none,,shohouku,1,,0,none,,ready,1.0.0
www.kongregate.com/games/gamesforgirlz/cute-bear-caring,Cute Bear Caring,gamesforgirlz,http://www.kongregate.com/games/gamesforgirlz/cute-bear-caring,5,1,2017-09-13,2017-09-13,,unclassified,,none,,none,not_assessed,none,,gamesforgirlz,10,,0,none,,ready,1.0.0
www.kongregate.com/games/mamaugames/december-problems,December Problems,MamauGames,http://www.kongregate.com/games/MamauGames/december-problems,5,1,2014-12-10,2014-12-10,,unclassified,,none,,none,not_assessed,none,,mamaugames,1,,0,none,,ready,1.0.0
www.kongregate.com/games/mofdna/decrepitos-the-game,Decrepitos The Game,mofdna,http://www.kongregate.com/games/mofdna/decrepitos-the-game,5,1,2017-10-24,2017-10-24,,unclassified,,none,,none,not_assessed,none,,mofdna,1,,0,none,,ready,1.0.0
www.kongregate.com/games/pixeljamgames/dino-run-marathon-of-doom,Dino Run : Marathon of...,pixeljamgames,http://www.kongregate.com/games/pixeljamgames/dino-run-marathon-of-doom,5,1,2011-04-05,2011-04-05,,unclassified,,none,,none,not_assessed,none,,pixeljamgames,3,,0,none,,ready,1.0.0
www.kongregate.com/games/turbonuke/dirt-bike-racing,Dirt Bike Racing,,http://www.kongregate.com/games/turboNuke/dirt-bike-racing,5,1,2014-06-13,2014-06-13,,sports_racing,sports_racing,medium_title_signal,,none,not_assessed,none,,unknown,252,,0,medium,title_signal:sports_racing,review_title_inference,1.0.0
www.kongregate.com/games/encoreteam/dodger-demo-short-1-1,Dodger Demo (Short) 1.1,EncoreTeam,http://www.kongregate.com/games/EncoreTeam/dodger-demo-short-1-1,5,1,2011-06-26,2011-06-26,,unclassified,,none,,none,not_assessed,none,,encoreteam,1,,0,none,,ready,1.0.0
www.kongregate.com/games/caioweber42/doge-defense,Doge Defense,,http://www.kongregate.com/games/caioweber42/doge-defense,5,1,2014-07-21,2014-07-21,,unclassified,,none,,none,not_assessed,none,,unknown,252,,0,none,,ready,1.0.0
www.kongregate.com/games/calamay/dropper-dodger,Dropper Dodger,Calamay,http://www.kongregate.com/games/Calamay/dropper-dodger,5,1,2011-06-18,2011-06-18,,unclassified,,none,,none,not_assessed,none,,calamay,1,,0,none,,ready,1.0.0
www.kongregate.com/games/g2rgames/dry-skin-natural-care,Dry Skin Natural Care,,http://www.kongregate.com/games/g2rgames/dry-skin-natural-care,5,1,2013-09-30,2013-09-30,,unclassified,,none,,none,not_assessed,none,,unknown,252,,0,none,,ready,1.0.0
www.kongregate.com/games/evrybody_02/e-sim,E-Sim,evrybody_02,http://www.kongregate.com/games/evrybody_02/e-sim,5,1,2014-09-19,2014-09-19,,unclassified,,none,,none,not_assessed,none,,evrybody-02,2,,0,none,,ready,1.0.0
www.kongregate.com/games/heroikcom/earth-typing-defense,Earth Typing Defense,heroikcom,http://www.kongregate.com/games/heroikcom/earth-typing-defense,5,1,2015-09-23,2015-09-23,,unclassified,,none,,none,not_assessed,none,,heroikcom,2,,0,none,,ready,1.0.0
www.kongregate.com/games/dxinteractive/electric-man-2hs,Electric Man 2Hs,DXInteractive,http://www.kongregate.com/games/DXInteractive/electric-man-2hs,5,1,2011-07-24,2011-07-24,,unclassified,,none,,none,not_assessed,none,,dxinteractive,2,,0,none,,ready,1.0.0
www.kongregate.com/games/espnarcade/electric-qb,Electric QB,ESPNarcade,http://www.kongregate.com/games/ESPNarcade/electric-qb,5,1,2011-07-13,2011-07-13,,unclassified,,none,,none,not_assessed,none,,espnarcade,3,,0,none,,ready,1.0.0
www.kongregate.com/games/sandrakim/escape-from-edoras-castle,Escape from Edoras Castle,,http://www.kongregate.com/games/SandraKim/escape-from-edoras-castle,5,1,2014-07-04,2014-07-04,,escape_room,escape_room,medium_title_signal,,none,not_assessed,none,,unknown,252,,0,medium,title_signal:escape_room,review_title_inference,1.0.0
www.kongregate.com/games/rahchel321/escape-rooms-4,Escape Rooms 4,rahchel321,http://www.kongregate.com/games/rahchel321/escape-rooms-4,5,1,2016-10-04,2016-10-04,,escape_room,escape_room,medium_title_signal,,none,not_assessed,none,,rahchel321,10,rahchel321:escape-rooms,4,medium,title_signal:escape_room; same_developer_series_stem,review_title_inference,1.0.0
www.kongregate.com/games/boredallnight/escape-the-study,Escape the Study,BoredAllNight,http://www.kongregate.com/games/BoredAllNight/escape-the-study,5,1,2016-06-29,2016-06-29,,escape_room,escape_room,medium_title_signal,,none,not_assessed,none,,boredallnight,1,,0,medium,title_signal:escape_room,review_title_inference,1.0.0
www.kongregate.com/games/igirlsgames/fancy-dress-party,Fancy Dress Party,igirlsgames,http://www.kongregate.com/games/igirlsgames/fancy-dress-party,5,1,2011-08-01,2011-08-01,,unclassified,,none,,none,not_assessed,none,,igirlsgames,1,,0,none,,ready,1.0.0
www.kongregate.com/games/vegarius/fantasy-pyramid-solitaire,Fantasy Pyramid Solitaire,Vegarius,http://www.kongregate.com/games/Vegarius/fantasy-pyramid-solitaire,5,1,2017-07-20,2017-07-20,,unclassified,,none,,none,not_assessed,none,,vegarius,1,,0,none,,ready,1.0.0
www.kongregate.com/games/trebleartgames/fat-red-circle,Fat Red Circle,,http://www.kongregate.com/games/trebleartgames/fat-red-circle,5,1,2012-11-05,2012-11-05,,unclassified,,none,,none,not_assessed,none,,unknown,252,,0,none,,ready,1.0.0
www.kongregate.com/games/nunesbarbosa/feed-the-spider,Feed the Spider,nunesbarbosa,http://www.kongregate.com/games/nunesbarbosa/feed-the-spider,5,1,2017-06-04,2017-06-04,,unclassified,,none,,none,not_assessed,none,,nunesbarbosa,1,,0,none,,ready,1.0.0
www.kongregate.com/games/everydayarcade/find-that-animal,Find That animal,everydayarcade,http://www.kongregate.com/games/everydayarcade/find-that-animal,5,1,2011-02-27,2011-02-27,,unclassified,,none,,none,not_assessed,none,,everydayarcade,1,,0,none,,ready,1.0.0
www.kongregate.com/games/lisanti/first-person-in-real-life-4,First Person In Real Life 4,lisanti,http://www.kongregate.com/games/lisanti/first-person-in-real-life-4,5,1,2016-09-17,2016-09-17,,unclassified,,none,,none,not_assessed,none,,lisanti,1,,0,none,,ready,1.0.0
www.kongregate.com/games/angrysnorlax/fishy-uprising,Fishy Uprising,AngrySnorlax,http://www.kongregate.com/games/AngrySnorlax/fishy-uprising,5,1,2016-09-16,2016-09-16,,unclassified,,none,,none,not_assessed,none,,angrysnorlax,1,,0,none,,ready,1.0.0
www.kongregate.com/games/digmdrexel/flash-game,Flash Game,digmDrexel,http://www.kongregate.com/games/digmDrexel/flash-game,5,1,2011-04-12,2011-04-12,,unclassified,,none,,none,not_assessed,none,,digmdrexel,4,,0,none,,ready,1.0.0
www.kongregate.com/games/gazogames/fly-kitty-fly,Fly Kitty Fly,,http://www.kongregate.com/games/gazogames/fly-kitty-fly,5,1,2014-08-08,2014-08-08,,unclassified,,none,,none,not_assessed,none,,unknown,252,,0,none,,ready,1.0.0
www.kongregate.com/games/delicouscokiecat/flying-infinite-bird,Flying infinite bird,,http://www.kongregate.com/games/delicouscokiecat/flying-infinite-bird,5,1,2014-07-25,2014-07-25,,unclassified,,none,,none,not_assessed,none,,unknown,252,,0,none,,ready,1.0.0
www.kongregate.com/games/udder/foempies,Foempies,Udder,http://www.kongregate.com/games/Udder/foempies,5,1,2017-10-08,2017-10-08,,unclassified,,none,,none,not_assessed,none,,udder,1,,0,none,,ready,1.0.0
www.kongregate.com/games/sandrudarius/following-zombie-horror,Following Zombie (horror),sandrudarius,http://www.kongregate.com/games/sandrudarius/following-zombie-horror,5,1,2016-06-13,2016-06-13,,unclassified,,none,,none,not_assessed,none,,sandrudarius,2,,0,none,,ready,1.0.0
www.kongregate.com/games/tedsanders11/fox-runner-adventures,Fox Runner Adventures,tedsanders11,http://www.kongregate.com/games/tedsanders11/fox-runner-adventures,5,1,2017-08-11,2017-08-11,,unclassified,,none,,none,not_assessed,none,,tedsanders11,1,,0,none,,ready,1.0.0
www.kongregate.com/games/freeworldgroup/fwg-flight,FWG Flight,FreeWorldGroup,http://www.kongregate.com/games/FreeWorldGroup/fwg-flight,5,1,2017-08-25,2017-08-25,,unclassified,,none,,none,not_assessed,none,,freeworldgroup,6,,0,none,,ready,1.0.0
www.kongregate.com/games/popelyshev/game-of-bombs,Game of Bombs,popelyshev,http://www.kongregate.com/games/popelyshev/game-of-bombs,5,1,2014-12-02,2014-12-02,,unclassified,,none,,none,not_assessed,none,,popelyshev,1,,0,none,,ready,1.0.0
www.kongregate.com/games/games2girls/get-ready-for-the-horse-show,Get Ready for the Horse Show,,http://www.kongregate.com/games/games2girls/get-ready-for-the-horse-show,5,1,2014-06-06,2014-06-06,,unclassified,,none,,none,not_assessed,none,,unknown,252,,0,none,,ready,1.0.0
www.kongregate.com/games/phoenixsong75/ghoul-be-gone-demo,Ghoul be Gone Demo,PhoenixSong75,http://www.kongregate.com/games/PhoenixSong75/ghoul-be-gone-demo,5,1,2016-03-20,2016-03-20,,unclassified,,none,,none,not_assessed,none,,phoenixsong75,1,,0,none,,ready,1.0.0
www.kongregate.com/games/petee/giraffe-coloring,Giraffe Coloring,petee,http://www.kongregate.com/games/petee/giraffe-coloring,5,1,2011-07-10,2011-07-10,,unclassified,,none,,none,not_assessed,none,,petee,2,,0,none,,ready,1.0.0
www.kongregate.com/games/pixeljamgames/glorkian-warrior-the-trials-of-glork,Glorkian Warrior: The Trials Of Glork,pixeljamgames,http://www.kongregate.com/games/pixeljamgames/glorkian-warrior-the-trials-of-glork,5,1,2014-11-25,2014-11-25,,unclassified,,none,,none,not_assessed,none,,pixeljamgames,3,,0,none,,ready,1.0.0
www.kongregate.com/games/zoolumonkey/gold-panic,gold panic,zoolumonkey,http://www.kongregate.com/games/zoolumonkey/gold-panic,5,1,2011-01-11,2011-01-11,,unclassified,,none,,none,not_assessed,none,,zoolumonkey,1,,0,none,,ready,1.0.0
www.kongregate.com/games/chesster415/gravitational-attraction,Gravitational Attraction.,chesster415,http://www.kongregate.com/games/chesster415/gravitational-attraction,5,1,2016-06-04,2016-06-04,,unclassified,,none,,none,not_assessed,none,,chesster415,1,,0,none,,ready,1.0.0
www.kongregate.com/games/primagin/gravity,GRAVITY,Primagin,http://www.kongregate.com/games/Primagin/gravity,5,1,2015-04-01,2015-04-01,,unclassified,,none,,none,not_assessed,none,,primagin,1,,0,none,,ready,1.0.0
www.kongregate.com/games/kipperdigital/gunfox-vs-monsterboss,GunFox vs. MonsterBoss,,http://www.kongregate.com/games/KipperDigital/gunfox-vs-monsterboss,5,1,2014-06-27,2014-06-27,,unclassified,,none,,none,not_assessed,none,,unknown,252,,0,none,,ready,1.0.0
www.kongregate.com/games/flazm/headless-zombie-2,Headless Zombie 2,flazm,http://www.kongregate.com/games/flazm/headless-zombie-2,5,1,2014-12-30,2014-12-30,,unclassified,,none,,none,not_assessed,none,,flazm,1,,0,none,,ready,1.0.0
www.kongregate.com/games/apple0726/helixteus,Helixteus,,http://www.kongregate.com/games/Apple0726/helixteus,5,1,2014-07-26,2014-07-26,,unclassified,,none,,none,not_assessed,none,,unknown,252,,0,none,,ready,1.0.0
www.kongregate.com/games/diggidy27/heroic-escape,Heroic Escape,diggidy27,http://www.kongregate.com/games/diggidy27/heroic-escape,5,1,2014-09-19,2014-09-19,,escape_room,escape_room,medium_title_signal,,none,not_assessed,none,,diggidy27,1,,0,medium,title_signal:escape_room,review_title_inference,1.0.0
www.kongregate.com/games/munimshaikh932/hired-ops-new-dynamic-online-shooter,Hired Ops — New Dynamic Online Shooter,MunimShaikh932,http://www.kongregate.com/games/MunimShaikh932/hired-ops-new-dynamic-online-shooter,5,1,2016-10-30,2016-10-30,,unclassified,,none,,none,not_assessed,none,,munimshaikh932,1,,0,none,,ready,1.0.0
www.kongregate.com/games/edobyte/its-a-lamp,I'ts a lamp?,EdoByte,http://www.kongregate.com/games/EdoByte/its-a-lamp,5,1,2014-10-29,2014-10-29,,unclassified,,none,,none,not_assessed,none,,edobyte,1,,0,none,,ready,1.0.0
www.kongregate.com/games/dakota1324/idk,idk,dakota1324,http://www.kongregate.com/games/dakota1324/idk,5,1,2016-02-17,2016-02-17,,unclassified,,none,,none,not_assessed,none,,dakota1324,1,,0,none,,ready,1.0.0
www.kongregate.com/games/squiddymccloud/idle-wizards-walk,Idle Wizards Walk,squiddymccloud,http://www.kongregate.com/games/squiddymccloud/idle-wizards-walk,5,1,2017-05-05,2017-05-05,,idle_incremental,idle_incremental,medium_title_signal,,none,not_assessed,none,,squiddymccloud,2,,0,medium,title_signal:idle_incremental,review_title_inference,1.0.0
www.kongregate.com/games/minixgame/idle-zoo,Idle Zoo,MinixGame,http://www.kongregate.com/games/MinixGame/idle-zoo,5,1,2024-01-13,2024-01-13,,idle_incremental,idle_incremental,medium_title_signal,,none,not_assessed,none,,minixgame,2,,0,medium,title_signal:idle_incremental,review_title_inference,1.0.0
www.kongregate.com/games/asiansensation3/is-your-brother-evil,Is your brother EVIL?!?,AsianSensation3,http://www.kongregate.com/games/AsianSensation3/is-your-brother-evil,5,1,2010-10-22,2010-10-22,,unclassified,,none,,none,not_assessed,none,,asiansensation3,1,,0,none,,ready,1.0.0
www.kongregate.com/games/pidroh/japanese-language-hiragana-katakana-exceed,Japanese Language - Hiragana & Katakana Exceed,Pidroh,http://www.kongregate.com/games/Pidroh/japanese-language-hiragana-katakana-exceed,5,1,2015-09-30,2015-09-30,,unclassified,,none,,none,not_assessed,none,,pidroh,1,,0,none,,ready,1.0.0
www.kongregate.com/games/gamer70008000/jump-frenzy,Jump Frenzy,gamer70008000,http://www.kongregate.com/games/gamer70008000/jump-frenzy,5,1,2016-09-23,2016-09-23,,unclassified,,none,,none,not_assessed,none,,gamer70008000,8,,0,none,,ready,1.0.0
www.kongregate.com/games/asyncrobot/just-bounce,Just Bounce,asyncrobot,http://www.kongregate.com/games/asyncrobot/just-bounce,5,1,2016-05-23,2016-05-23,,unclassified,,none,,none,not_assessed,none,,asyncrobot,1,,0,none,,ready,1.0.0
www.kongregate.com/games/jogosgratispro/kalimba-adventures,Kalimba Adventures,jogosgratispro,http://www.kongregate.com/games/jogosgratispro/kalimba-adventures,5,1,2016-10-17,2016-10-17,,unclassified,,none,,none,not_assessed,none,,jogosgratispro,1,,0,none,,ready,1.0.0
www.kongregate.com/games/felipetapiap/ke-pasa-kesh,KE PASA KESH,,http://www.kongregate.com/games/felipetapiap/ke-pasa-kesh,5,1,2014-08-04,2014-08-04,,unclassified,,none,,none,not_assessed,none,,unknown,252,,0,none,,ready,1.0.0
www.kongregate.com/games/kogamadaniel/kogama-geometry-dash,KoGaMa | ♦ GEOMETRY DASH ♦,KoGaMaDaniel,http://www.kongregate.com/games/KoGaMaDaniel/kogama-geometry-dash,5,1,2015-09-14,2015-09-14,,unclassified,,none,,none,not_assessed,none,,kogamadaniel,3,,0,none,,ready,1.0.0
www.kongregate.com/games/yolkgamez/las-vegas-casino-bar-escape,Las Vegas Casino Bar Escape,yolkgamez,http://www.kongregate.com/games/yolkgamez/las-vegas-casino-bar-escape,5,1,2016-09-03,2016-09-03,,escape_room,escape_room,medium_title_signal,,none,not_assessed,none,,yolkgamez,6,,0,medium,title_signal:escape_room,review_title_inference,1.0.0
www.kongregate.com/games/jotappolk/launch-the-pig,Launch the Pig,Jotappolk,http://www.kongregate.com/games/Jotappolk/launch-the-pig,5,1,2015-12-18,2015-12-18,,unclassified,,none,,none,not_assessed,none,,jotappolk,2,,0,none,,ready,1.0.0
www.kongregate.com/games/mrbirdhacker/le-royal-casino,Le Royal Casino,MrBirdHacker,http://www.kongregate.com/games/MrBirdHacker/le-royal-casino,5,1,2016-08-28,2016-08-28,,unclassified,,none,,none,not_assessed,none,,mrbirdhacker,1,,0,none,,ready,1.0.0
www.kongregate.com/games/packed/life-force-td,Life Force TD,packed,http://www.kongregate.com/games/packed/life-force-td,5,1,2009-10-14,2009-10-14,,unclassified,,none,,none,not_assessed,none,,packed,1,,0,none,,ready,1.0.0
www.kongregate.com/games/barbarae17/loucolandia,LoucoLandia,BarbaraE17,https://www.kongregate.com/games/BarbaraE17/loucolandia,5,1,2021-11-12,2021-11-12,,unclassified,,none,,none,not_assessed,none,,barbarae17,1,,0,none,,ready,1.0.0
www.kongregate.com/games/sandrakim/lovely-day,Lovely Day,SandraKim,http://www.kongregate.com/games/SandraKim/lovely-day,5,1,2016-03-24,2016-03-24,,unclassified,,none,,none,not_assessed,none,,sandrakim,31,,0,none,,ready,1.0.0
www.kongregate.com/games/crisstoph/maggies-monkey-quest,Maggie's Monkey Quest,,http://www.kongregate.com/games/crisstoph/maggies-monkey-quest,5,1,2014-08-16,2014-08-16,,unclassified,,none,,none,not_assessed,none,,unknown,252,,0,none,,ready,1.0.0
www.kongregate.com/games/laspinko/mandelbrot-set-math-stuff,Mandelbrot set[Math stuff],laspinko,http://www.kongregate.com/games/laspinko/mandelbrot-set-math-stuff,5,1,2016-10-18,2016-10-18,,unclassified,,none,,none,not_assessed,none,,laspinko,3,,0,none,,ready,1.0.0
www.kongregate.com/games/wojoeviewer/marblo-roll-this-ball,Marblo - Roll this Ball!,,http://www.kongregate.com/games/wojoeviewer/marblo-roll-this-ball,5,1,2014-08-15,2014-08-15,,unclassified,,none,,none,not_assessed,none,,unknown,252,,0,none,,ready,1.0.0
www.kongregate.com/games/heletrico/max-dificult-x,max dificult x,heletrico,http://www.kongregate.com/games/heletrico/max-dificult-x,5,1,2014-08-22,2014-08-22,,unclassified,,none,,none,not_assessed,none,,heletrico,1,,0,none,,ready,1.0.0
www.kongregate.com/games/sippacup/maze-game,Maze Game,sippaCup,http://www.kongregate.com/games/sippaCup/maze-game,5,1,2011-07-28,2011-07-28,,unclassified,,none,,none,not_assessed,none,,sippacup,1,,0,none,,ready,1.0.0
www.kongregate.com/games/tungnguyendev/minion-go-home,Minion Go Home,tungnguyendev,http://www.kongregate.com/games/tungnguyendev/minion-go-home,5,1,2014-10-13,2014-10-13,,unclassified,,none,,none,not_assessed,none,,tungnguyendev,2,,0,none,,ready,1.0.0
www.kongregate.com/games/mushroomfanlol/mushroom-clicker,Mushroom Clicker,mushroomfanlol,http://www.kongregate.com/games/mushroomfanlol/mushroom-clicker,5,1,2017-09-04,2017-09-04,,idle_incremental,idle_incremental,medium_title_signal,,none,not_assessed,none,,mushroomfanlol,2,,0,medium,title_signal:idle_incremental,review_title_inference,1.0.0
www.kongregate.com/games/mirchis/mushroom-land,Mushroom Land,MirchiS,http://www.kongregate.com/games/MirchiS/mushroom-land,5,1,2017-05-16,2017-05-16,,unclassified,,none,,none,not_assessed,none,,mirchis,3,,0,none,,ready,1.0.0
www.kongregate.com/games/lebanging/my-line-of-sight-attempt-from-construct-2,My Line Of Sight attempt from Construct 2,LeBanging,http://www.kongregate.com/games/LeBanging/my-line-of-sight-attempt-from-construct-2,5,1,2014-09-26,2014-09-26,,unclassified,,none,,none,not_assessed,none,,lebanging,2,,0,none,,ready,1.0.0
www.kongregate.com/games/rob_almighty/ninja-bear,Ninja Bear,Rob_Almighty,http://www.kongregate.com/games/Rob_Almighty/ninja-bear,5,1,2012-02-11,2012-02-11,puzzle,puzzle,puzzle,high_observed_category,,none,not_assessed,none,,rob-almighty,3,,0,high,observed_category:puzzle,ready,1.0.0
www.kongregate.com/games/thepodge/no-brakes,No Brakes,thepodge,http://www.kongregate.com/games/thepodge/no-brakes,5,1,2014-09-05,2014-09-05,,unclassified,,none,,none,not_assessed,none,,thepodge,2,,0,none,,ready,1.0.0
www.kongregate.com/games/martinirosso/nordic-kingdom,Nordic Kingdom,MARTINIRosso,http://www.kongregate.com/games/MARTINIRosso/nordic-kingdom,5,1,2017-06-16,2017-06-16,,unclassified,,none,,none,not_assessed,none,,martinirosso,3,,0,none,,ready,1.0.0
www.kongregate.com/games/neal867/overwatch-tracer-concept,Overwatch: Tracer Concept,neal867,http://www.kongregate.com/games/neal867/overwatch-tracer-concept,5,1,2016-06-05,2016-06-05,,unclassified,,none,,none,not_assessed,none,,neal867,3,,0,none,,ready,1.0.0
www.kongregate.com/games/moyagames/para-demo,Para (Demo),Moyagames,http://www.kongregate.com/games/Moyagames/para-demo,5,1,2011-04-09,2011-04-09,,unclassified,,none,,none,not_assessed,none,,moyagames,1,,0,none,,ready,1.0.0
www.kongregate.com/games/orandze/piano-dancer,Piano Dancer,orandze,http://www.kongregate.com/games/orandze/piano-dancer,5,1,2011-06-10,2011-06-10,,unclassified,,none,,none,not_assessed,none,,orandze,1,,0,none,,ready,1.0.0
www.kongregate.com/games/longanimals/pirates-vs-ninjas,Pirates Vs Ninjas,LongAnimals,http://www.kongregate.com/games/LongAnimals/pirates-vs-ninjas,5,1,2010-10-18,2010-10-18,,unclassified,,none,,none,not_assessed,none,,longanimals,2,,0,none,,ready,1.0.0
www.kongregate.com/games/pacogame5/pixel-warfare,Pixel Warfare,PacoGame5,http://www.kongregate.com/games/PacoGame5/pixel-warfare,5,1,2014-10-10,2014-10-10,,unclassified,,none,,none,not_assessed,none,,pacogame5,2,,0,none,,ready,1.0.0
www.kongregate.com/games/wiesi/poop-dog,Poop Dog,,http://www.kongregate.com/games/wiesi/poop-dog,5,1,2014-08-01,2014-08-01,,unclassified,,none,,none,not_assessed,none,,unknown,252,,0,none,,ready,1.0.0
www.kongregate.com/games/quicksailor/presidential-election-fun,Presidential Election Fun,,http://www.kongregate.com/games/quicksailor/presidential-election-fun,5,1,2012-11-01,2012-11-01,,unclassified,,none,,none,not_assessed,none,,unknown,252,,0,none,,ready,1.0.0
www.kongregate.com/games/dukesofdevon/prison-escape,Prison Escape,DukesOfDevon,http://www.kongregate.com/games/DukesOfDevon/prison-escape,5,1,2016-08-20,2016-08-20,,escape_room,escape_room,medium_title_signal,,none,not_assessed,none,,dukesofdevon,2,,0,medium,title_signal:escape_room,review_title_inference,1.0.0
www.kongregate.com/games/fiore1996/pushing-arena,Pushing Arena,fiore1996,http://www.kongregate.com/games/fiore1996/pushing-arena,5,1,2014-09-14,2014-09-14,,unclassified,,none,,none,not_assessed,none,,fiore1996,1,,0,none,,ready,1.0.0
www.kongregate.com/games/excitemike/pushy-elephant-a-diversion-for-a-pair-of-brave-persons-constructed-for-miniature-ludum-dare-one-score-and-five-playable-on-information-super-driveway-browsermachines,Pushy Elephant: A Dive...,ExciteMike,http://www.kongregate.com/games/ExciteMike/pushy-elephant-a-diversion-for-a-pair-of-brave-persons-constructed-for-miniature-ludum-dare-one-score-and-five-playable-on-information-super-driveway-browsermachines,5,1,2011-03-19,2011-03-19,,unclassified,,none,,none,not_assessed,none,,excitemike,1,,0,none,,ready,1.0.0
www.kongregate.com/games/jgames/pwong-2,Pwong 2,JGames,http://www.kongregate.com/games/JGames/pwong-2,5,1,2009-06-17,2009-06-17,,unclassified,,none,,none,not_assessed,none,,jgames,1,,0,none,,ready,1.0.0
www.kongregate.com/games/1207732597/quangjing,quangjing,1207732597,http://www.kongregate.com/games/1207732597/quangjing,5,1,2016-06-22,2016-06-22,,unclassified,,none,,none,not_assessed,none,,1207732597,2,,0,none,,ready,1.0.0
www.kongregate.com/games/5tea/replay-the-game,REPLAY The Game,5tea,http://www.kongregate.com/games/5tea/replay-the-game,5,1,2011-08-09,2011-08-09,,unclassified,,none,,none,not_assessed,none,,5tea,3,,0,none,,ready,1.0.0
www.kongregate.com/games/enagamess/rescue-from-trench-house,Rescue From Trench House,Enagamess,http://www.kongregate.com/games/Enagamess/rescue-from-trench-house,5,1,2016-01-25,2016-01-25,,unclassified,,none,,none,not_assessed,none,,enagamess,68,,0,none,,ready,1.0.0
www.kongregate.com/games/greatguygames/rubber-dinghy,Rubber Dinghy,greatguygames,http://www.kongregate.com/games/greatguygames/rubber-dinghy,5,1,2017-07-28,2017-07-28,,unclassified,,none,,none,not_assessed,none,,greatguygames,1,,0,none,,ready,1.0.0
www.kongregate.com/games/amazingtito/save-my-pig,Save My Pig!,AmazingTito,http://www.kongregate.com/games/AmazingTito/save-my-pig,5,1,2016-10-24,2016-10-24,,unclassified,,none,,none,not_assessed,none,,amazingtito,1,,0,none,,ready,1.0.0
www.kongregate.com/games/zygomaticgames/scottish-solitaire-html5,Scottish Solitaire (HTML5),zygomaticgames,http://www.kongregate.com/games/zygomaticgames/scottish-solitaire-html5,5,1,2017-06-15,2017-06-15,,unclassified,,none,,none,not_assessed,none,,zygomaticgames,7,,0,none,,ready,1.0.0
www.kongregate.com/games/ankhgames/seas-the-day,Seas The Day,ankhgames,http://www.kongregate.com/games/ankhgames/seas-the-day,5,1,2017-08-17,2017-08-17,,unclassified,,none,,none,not_assessed,none,,ankhgames,1,,0,none,,ready,1.0.0
www.kongregate.com/games/mangojet78/shooter,shooter,mangojet78,http://www.kongregate.com/games/mangojet78/shooter,5,1,2011-07-05,2011-07-05,,unclassified,,none,,none,not_assessed,none,,mangojet78,2,,0,none,,ready,1.0.0
www.kongregate.com/games/kbvpneofit/shprot-sprat-diet,Shprot - Sprat Diet,kbvpneofit,https://www.kongregate.com/games/kbvpneofit/shprot-sprat-diet,5,1,2019-08-25,2019-08-25,,unclassified,,none,,none,not_assessed,none,,kbvpneofit,1,,0,none,,ready,1.0.0
www.kongregate.com/games/gothicbub/skrillex-equinox-launchpad-v2-0,Skrillex Equinox Launchpad v2.0,Gothicbub,https://www.kongregate.com/en/games/Gothicbub/skrillex-equinox-launchpad-v2-0,5,1,2026-01-03,2014-12-03,more,other,other,high_observed_category,,none,not_assessed,none,,gothicbub,1,,0,high,observed_category:other,ready,1.0.0
www.kongregate.com/games/eedok/snes-music-quiz,SNES Music Quiz,eedok,http://www.kongregate.com/games/eedok/snes-music-quiz,5,1,2010-11-13,2010-11-13,,unclassified,,none,,none,not_assessed,none,,eedok,1,,0,none,,ready,1.0.0
www.kongregate.com/games/sorenof/snot-launch,Snot Launch,sorenof,http://www.kongregate.com/games/sorenof/snot-launch,5,1,2014-10-31,2014-10-31,,unclassified,,none,,none,not_assessed,none,,sorenof,3,,0,none,,ready,1.0.0
www.kongregate.com/games/jlong64/soul-tax,Soul Tax,jlong64,http://www.kongregate.com/games/jlong64/soul-tax,5,1,2011-08-05,2011-08-05,,unclassified,,none,,none,not_assessed,none,,jlong64,1,,0,none,,ready,1.0.0
www.kongregate.com/games/catsito001/space-bunny,Space Bunny,catsito001,http://www.kongregate.com/games/catsito001/space-bunny,5,1,2016-07-14,2016-07-14,,unclassified,,none,,none,not_assessed,none,,catsito001,1,,0,none,,ready,1.0.0
www.kongregate.com/games/neobiel/space-over-retro-community,Space Over Retro Community,NeoBiel,http://www.kongregate.com/games/NeoBiel/space-over-retro-community,5,1,2021-01-25,2021-01-25,,unclassified,,none,,none,not_assessed,none,,neobiel,1,,0,none,,ready,1.0.0
www.kongregate.com/games/kinmyy/space-war,Space War,kinmyy,http://www.kongregate.com/games/kinmyy/space-war,5,1,2016-01-16,2016-01-16,,unclassified,,none,,none,not_assessed,none,,kinmyy,1,,0,none,,ready,1.0.0
www.kongregate.com/games/sidbiafra/spacebar-v0-1,Spacebar v0.1,SidBiafra,http://www.kongregate.com/games/SidBiafra/spacebar-v0-1,5,1,2015-12-05,2015-12-05,,unclassified,,none,,none,not_assessed,none,,sidbiafra,1,,0,none,,ready,1.0.0
www.kongregate.com/games/danshockgames/spaceship-hero,Spaceship Hero,,http://www.kongregate.com/games/danshockgames/spaceship-hero,5,1,2013-04-11,2013-04-11,,unclassified,,none,,none,not_assessed,none,,unknown,252,,0,none,,ready,1.0.0
www.kongregate.com/games/brvasil/special-strike-dlc-4,Special Strike: DLC 4,brvasil,http://www.kongregate.com/games/brvasil/special-strike-dlc-4,5,1,2016-05-06,2016-05-06,,unclassified,,none,,none,not_assessed,none,,brvasil,9,,0,none,,ready,1.0.0
www.kongregate.com/games/novagames/speed-madness-beta1,Speed Madness Beta1,NovaGames,http://www.kongregate.com/games/NovaGames/speed-madness-beta1,5,1,2011-08-13,2011-08-13,,unclassified,,none,,none,not_assessed,none,,novagames,1,,0,none,,ready,1.0.0
www.kongregate.com/games/snipeshot360/speed-square,Speed Square,SnipeShot360,http://www.kongregate.com/games/SnipeShot360/speed-square,5,1,2017-07-03,2017-07-03,,unclassified,,none,,none,not_assessed,none,,snipeshot360,1,,0,none,,ready,1.0.0
www.kongregate.com/games/canvasgames/super-casual,Super Casual,canvasgames,http://www.kongregate.com/games/canvasgames/super-casual,5,1,2016-03-16,2016-03-16,,unclassified,,none,,none,not_assessed,none,,canvasgames,1,,0,none,,ready,1.0.0
www.kongregate.com/games/gamesdeveloper/super-pirate-adventure,Super Pirate Adventure,Gamesdeveloper,http://www.kongregate.com/games/Gamesdeveloper/super-pirate-adventure,5,1,2015-09-15,2015-09-15,,unclassified,,none,,none,not_assessed,none,,gamesdeveloper,7,,0,none,,ready,1.0.0
www.kongregate.com/games/qdhotgirlsgames/sweet-chocolate-cake,Sweet Chocolate Cake,qdhotgirlsgames,http://www.kongregate.com/games/qdhotgirlsgames/sweet-chocolate-cake,5,1,2011-04-16,2011-04-16,,unclassified,,none,,none,not_assessed,none,,qdhotgirlsgames,1,,0,none,,ready,1.0.0
www.kongregate.com/games/jtcun387/tank-trouble-newest-version,Tank Trouble (Newest V...,jtcun387,http://www.kongregate.com/games/jtcun387/tank-trouble-newest-version,5,1,2011-03-15,2011-03-15,,unclassified,,none,,none,not_assessed,none,,jtcun387,1,,0,none,,ready,1.0.0
www.kongregate.com/games/craftydart/tdms-alpha,TDMS Alpha,CraftyDart,http://www.kongregate.com/games/CraftyDart/tdms-alpha,5,1,2014-10-18,2014-10-18,,unclassified,,none,,none,not_assessed,none,,craftydart,1,,0,none,,ready,1.0.0
www.kongregate.com/games/pbooty/teddy-time,Teddy Time,pbooty,http://www.kongregate.com/games/pbooty/teddy-time,5,1,2017-07-29,2017-07-29,,unclassified,,none,,none,not_assessed,none,,pbooty,1,,0,none,,ready,1.0.0
www.kongregate.com/games/tacogames/temple,Temple,TacoGames,http://www.kongregate.com/games/TacoGames/temple,5,1,2014-09-12,2014-09-12,,unclassified,,none,,none,not_assessed,none,,tacogames,1,,0,none,,ready,1.0.0
www.kongregate.com/games/nuclearnapalm/the-beginning,The Beginning,NuclearNapalm,http://www.kongregate.com/games/NuclearNapalm/the-beginning,5,1,2014-09-02,2014-09-02,,unclassified,,none,,none,not_assessed,none,,nuclearnapalm,1,,0,none,,ready,1.0.0
www.kongregate.com/games/polakx3/the-elder-bones,The Elder Bones,PolakX3,http://www.kongregate.com/games/PolakX3/the-elder-bones,5,1,2017-09-30,2017-09-30,,unclassified,,none,,none,not_assessed,none,,polakx3,1,,0,none,,ready,1.0.0
www.kongregate.com/games/deepfriedapple/the-idiot-maze-2,The Idiot Maze 2#,deepfriedapple,http://www.kongregate.com/games/deepfriedapple/the-idiot-maze-2,5,1,2010-11-08,2010-11-08,,unclassified,,none,,none,not_assessed,none,,deepfriedapple,2,,0,none,,ready,1.0.0
www.kongregate.com/games/enagamess/the-jasper-in-shaolin-school,The Jasper in Shaolin School,Enagamess,http://www.kongregate.com/games/Enagamess/the-jasper-in-shaolin-school,5,1,2017-05-26,2017-05-26,,unclassified,,none,,none,not_assessed,none,,enagamess,68,,0,none,,ready,1.0.0
www.kongregate.com/games/sandrakim/the-last-kingdom,The Last Kingdom,SandraKim,http://www.kongregate.com/games/SandraKim/the-last-kingdom,5,1,2016-07-20,2016-07-20,,unclassified,,none,,none,not_assessed,none,,sandrakim,31,,0,none,,ready,1.0.0
www.kongregate.com/games/micahhauge/the-rectangle-of-awesomnes,the rectangle of aweso...,micahhauge,http://www.kongregate.com/games/micahhauge/the-rectangle-of-awesomnes,5,1,2011-05-28,2011-05-28,,unclassified,,none,,none,not_assessed,none,,micahhauge,1,,0,none,,ready,1.0.0
www.kongregate.com/games/idummy/tic-tac-toe,Tic Tac Toe,iDummy,http://www.kongregate.com/games/iDummy/tic-tac-toe,5,1,2014-08-29,2014-08-29,,unclassified,,none,,none,not_assessed,none,,idummy,1,,0,none,,ready,1.0.0
www.kongregate.com/games/dressupkiss/triplets-at-the-picnic,Triplets at the picnic,dressupkiss,http://www.kongregate.com/games/dressupkiss/triplets-at-the-picnic,5,1,2011-03-29,2011-03-29,,unclassified,,none,,none,not_assessed,none,,dressupkiss,3,,0,none,,ready,1.0.0
www.kongregate.com/games/turbonuke/turbo-golf,Turbo Golf,turboNuke,https://www.kongregate.com/games/turboNuke/turbo-golf,5,1,2020-03-24,2020-03-24,sports-racing,sports_racing,sports_racing,high_observed_category,,none,not_assessed,none,,turbonuke,3,,0,high,observed_category:sports_racing,ready,1.0.0
www.kongregate.com/games/gamesgiant/twin-control,Twin Control,gamesgiant,http://www.kongregate.com/games/gamesgiant/twin-control,5,1,2011-06-01,2011-06-01,,unclassified,,none,,none,not_assessed,none,,gamesgiant,1,,0,none,,ready,1.0.0
www.kongregate.com/games/mattyz0r/type-this-kids,Type This KIDS!,mattyz0r,http://www.kongregate.com/games/mattyz0r/type-this-kids,5,1,2011-03-11,2011-03-11,,unclassified,,none,,none,not_assessed,none,,mattyz0r,1,,0,none,,ready,1.0.0
www.kongregate.com/games/ketroketro/test-ufc-198-live-stream-werdum-vs-miocic,UFC 198 Live Stream - Werdum vs Miocic,ketroketro,http://www.kongregate.com/games/ketroketro/test-ufc-198-live-stream-werdum-vs-miocic,5,1,2016-05-15,2016-05-15,,unclassified,,none,,none,not_assessed,none,,ketroketro,1,,0,none,,ready,1.0.0
www.kongregate.com/games/uceg/una-chief-the-great-adventure,Una Chief: The Great Adventure,UCEG,http://www.kongregate.com/games/UCEG/una-chief-the-great-adventure,5,1,2014-12-17,2014-12-17,,unclassified,,none,,none,not_assessed,none,,uceg,1,,0,none,,ready,1.0.0
www.kongregate.com/games/mobiltr/viking-workout,Viking Workout,mobilTR,http://www.kongregate.com/games/mobilTR/viking-workout,5,1,2017-11-06,2017-11-06,,unclassified,,none,,none,not_assessed,none,,mobiltr,4,,0,none,,ready,1.0.0
www.kongregate.com/games/kassrt/wack-a-mole,Wack a Mole,kassRT,http://www.kongregate.com/games/kassRT/wack-a-mole,5,1,2011-02-09,2011-02-09,,unclassified,,none,,none,not_assessed,none,,kassrt,1,,0,none,,ready,1.0.0
www.kongregate.com/games/bajgik/war-on-puppets,WAR on Puppets,bajgik,http://www.kongregate.com/games/bajgik/war-on-puppets,5,1,2011-06-29,2011-06-29,,unclassified,,none,,none,not_assessed,none,,bajgik,1,,0,none,,ready,1.0.0
www.kongregate.com/games/lovattostudio/what-country-is-this-flag,What Country Is This Flag,LovattoStudio,http://www.kongregate.com/games/LovattoStudio/what-country-is-this-flag,5,1,2016-08-13,2016-08-13,,unclassified,,none,,none,not_assessed,none,,lovattostudio,4,,0,none,,ready,1.0.0
www.kongregate.com/games/oinkiguana/white,White,OinkIguana,http://www.kongregate.com/games/OinkIguana/white,5,1,2014-10-09,2014-10-09,,unclassified,,none,,none,not_assessed,none,,oinkiguana,1,,0,none,,ready,1.0.0
www.kongregate.com/games/gravedangergames/whitewash,Whitewash,GraveDangerGames,http://www.kongregate.com/games/GraveDangerGames/whitewash,5,1,2016-02-02,2016-02-02,,unclassified,,none,,none,not_assessed,none,,gravedangergames,1,,0,none,,ready,1.0.0
www.kongregate.com/games/medamine14/wolvorin,wolvorin,medamine14,http://www.kongregate.com/games/medamine14/wolvorin,5,1,2011-07-21,2011-07-21,,unclassified,,none,,none,not_assessed,none,,medamine14,1,,0,none,,ready,1.0.0
www.kongregate.com/games/quicksailor/world-cup-cricket-kiss,World Cup cricket Kiss,quicksailor,http://www.kongregate.com/games/quicksailor/world-cup-cricket-kiss,5,1,2011-03-08,2011-03-08,,unclassified,,none,,none,not_assessed,none,,quicksailor,7,,0,none,,ready,1.0.0
www.kongregate.com/games/furious/wreck-the-yard-beta,Wreck The Yard Beta,Furious,http://www.kongregate.com/games/Furious/wreck-the-yard-beta,5,1,2017-06-25,2017-06-25,,unclassified,,none,,none,not_assessed,none,,furious,1,,0,none,,ready,1.0.0
www.kongregate.com/games/polskais1/you-are-the-monst-hair,You are the Monst-Hair,polskais1,http://www.kongregate.com/games/polskais1/you-are-the-monst-hair,5,1,2015-09-03,2015-09-03,,unclassified,,none,,none,not_assessed,none,,polskais1,1,,0,none,,ready,1.0.0
www.kongregate.com/games/merodn/youtube-runner,Youtube Runner,MeroDN,http://www.kongregate.com/games/MeroDN/youtube-runner,5,1,2016-02-28,2016-02-28,,unclassified,,none,,none,not_assessed,none,,merodn,1,,0,none,,ready,1.0.0
www.kongregate.com/games/headmeatgames/zombowling,Zombowling,HeadMeatGames,http://www.kongregate.com/games/HeadMeatGames/zombowling,5,1,2010-10-13,2010-10-13,,unclassified,,none,,none,not_assessed,none,,headmeatgames,1,,0,none,,ready,1.0.0
www.kongregate.com/games/spicyhorse/crazyfairies,Crazy Fairies,Spicyhorse,http://www.kongregate.com/games/Spicyhorse/crazyfairies,6,263,2012-08-27,2012-08-27,,unclassified,,none,,none,not_assessed,none,,spicyhorse,2,,0,none,,ready,1.0.0
www.kongregate.com/games/funkypear/gravitee-wars,Gravitee Wars,FunkyPear,http://www.kongregate.com/games/FunkyPear/gravitee-wars,6,114,2011-04-23,2011-04-23,action,action,action,high_observed_category,,none,not_assessed,none,,funkypear,2,,0,high,observed_category:action,ready,1.0.0
www.kongregate.com/games/javelinou/tdp4-team-battle,TDP4 Team Battle,JavelinOU,https://www.kongregate.com/games/JavelinOU/tdp4-team-battle,6,113,2012-01-15,2012-01-15,shooter,shooter,shooter,high_observed_category,,none,not_assessed,none,,javelinou,1,,0,high,observed_category:shooter,ready,1.0.0
www.kongregate.com/games/matx222/one-and-one-story,One and One Story,MaTX222,http://www.kongregate.com/games/MaTX222/one-and-one-story,6,105,2011-11-06,2011-10-16,puzzle,puzzle,puzzle,high_observed_category,,none,not_assessed,none,,matx222,1,,0,high,observed_category:puzzle,ready,1.0.0
www.kongregate.com/games/platonic/synergism,Synergism,Platonic,https://www.kongregate.com/games/Platonic/synergism,6,102,2020-05-04,2020-04-30,idle,idle_incremental,idle_incremental,high_observed_category,idle_progression,high_observed_category,not_assessed,none,,platonic,1,,0,high,observed_category:idle_incremental; observed_category:idle,ready,1.0.0
www.kongregate.com/games/togeproductions/infectonator-christmas-edition,Infectonator : Christmas Edition,TogeProductions,http://www.kongregate.com/games/TogeProductions/infectonator-christmas-edition,6,100,2012-07-05,2009-12-23,puzzle; strategy,puzzle,puzzle; strategy,high_observed_category,,none,not_assessed,none,,togeproductions,4,,0,high,observed_category:puzzle,ready,1.0.0
www.kongregate.com/games/lutgames/straw-hat-samurai-duels,Straw Hat Samurai: Duels,Lutgames,https://www.kongregate.com/games/Lutgames/straw-hat-samurai-duels,6,99,2017-04-08,2017-04-08,action,action,action,high_observed_category,,none,not_assessed,none,,lutgames,2,,0,high,observed_category:action,ready,1.0.0
www.kongregate.com/games/rustylake/cube-escape-theatre,Cube Escape: Theatre,RustyLake,https://www.kongregate.com/games/RustyLake/cube-escape-theatre,6,80,2016-04-26,2016-04-25,puzzle; adventure,puzzle,adventure; puzzle,high_observed_category,,none,not_assessed,none,,rustylake,4,,0,high,observed_category:puzzle,ready,1.0.0
www.kongregate.com/games/jorjeade/chaos-faction,Chaos Faction,JorjEade,http://www.kongregate.com/games/JorjEade/chaos-faction,6,57,2007-01-20,2007-01-20,action,action,action,high_observed_category,,none,not_assessed,none,,jorjeade,3,,0,high,observed_category:action,ready,1.0.0
www.kongregate.com/games/reloadedgames/apb-reloaded,APB Reloaded,reloadedgames,http://www.kongregate.com/games/reloadedgames/apb-reloaded,6,54,2014-04-04,2014-04-04,shooter,shooter,shooter,high_observed_category,,none,not_assessed,none,,reloadedgames,1,,0,high,observed_category:shooter,ready,1.0.0
www.kongregate.com/games/vasantj/medieval-chronicles-9,Medieval Chronicles 9,VasantJ,https://www.kongregate.com/games/VasantJ/medieval-chronicles-9,6,50,2020-06-07,2020-04-29,puzzle,puzzle,puzzle,high_observed_category,,none,not_assessed,none,,vasantj,20,vasantj:medieval-chronicles,8,high,observed_category:puzzle; same_developer_series_stem,ready,1.0.0
www.kongregate.com/games/connorbohan/rogue-isles,Rogue Isles,ConnorBohan,https://www.kongregate.com/games/ConnorBohan/rogue-isles,6,42,2020-04-27,2020-04-13,action,action,action,high_observed_category,,none,not_assessed,none,,connorbohan,1,,0,high,observed_category:action,ready,1.0.0
www.kongregate.com/games/k2xl/boomshine,Boomshine,k2xl,http://www.kongregate.com/games/k2xl/boomshine,6,37,2007-04-06,2007-04-06,puzzle,puzzle,puzzle,high_observed_category,,none,not_assessed,none,,k2xl,1,,0,high,observed_category:puzzle,ready,1.0.0
www.kongregate.com/games/shockvalue_/interactive-buddy,Interactive Buddy,shockvalue_,http://www.kongregate.com/games/shockvalue_/interactive-buddy,6,36,2009-03-02,2009-03-02,action,action,action,high_observed_category,,none,not_assessed,none,,shockvalue,1,,0,high,observed_category:action,ready,1.0.0
www.kongregate.com/games/coresector/ghost-hacker,Ghost Hacker,CoreSector,https://www.kongregate.com/en/games/CoreSector/ghost-hacker,6,34,2019-01-16,2010-10-25,strategy; tower-defense; strategy-defense,tower_defense,strategy; tower_defense,high_observed_category,,none,not_assessed,none,,coresector,1,,0,high,observed_category:tower_defense,ready,1.0.0
www.kongregate.com/games/garin/monsters-den-book-of-dread,Monsters' Den: Book of Dread,garin,http://www.kongregate.com/games/garin/monsters-den-book-of-dread,6,34,2008-06-06,2008-06-06,,unclassified,,none,,none,not_assessed,none,,garin,3,,0,none,,ready,1.0.0
www.kongregate.com/games/dustinaux/the-enchanted-cave,The Enchanted Cave,DustinAux,http://www.kongregate.com/games/DustinAux/the-enchanted-cave,6,34,2011-02-06,2011-02-06,adventure,adventure,adventure,high_observed_category,,none,not_assessed,none,,dustinaux,2,dustinaux:the-enchanted-cave,2,high,observed_category:adventure; same_developer_series_stem,ready,1.0.0
www.kongregate.com/games/ivory/6-differences,6 Differences,Ivory,http://www.kongregate.com/games/Ivory/6-differences,6,31,2008-07-20,2008-07-20,puzzle,puzzle,puzzle,high_observed_category,,none,not_assessed,none,,ivory,5,,0,high,observed_category:puzzle,ready,1.0.0
www.kongregate.com/games/armorgames/hedgehog-launch,Hedgehog Launch,ArmorGames,http://www.kongregate.com/games/ArmorGames/hedgehog-launch,6,31,2008-06-22,2008-06-22,action,action,action,high_observed_category,,none,not_assessed,none,,armorgames,22,,0,high,observed_category:action,ready,1.0.0
www.kongregate.com/games/undefined/protector-iv,Protector IV,undefined,https://www.kongregate.com/en/games/undefined/protector-iv,6,31,2011-02-06,2010-06-14,tower-defense; adventure; strategy-defense,tower_defense,adventure; strategy; tower_defense,high_observed_category,,none,not_assessed,none,,undefined,4,,0,high,observed_category:tower_defense,ready,1.0.0
www.kongregate.com/games/armorgames/indestruct2tank,Indestruct2Tank,ArmorGames,http://www.kongregate.com/games/ArmorGames/indestruct2tank,6,30,2007-11-05,2007-11-05,action,action,action,high_observed_category,,none,not_assessed,none,,armorgames,22,,0,high,observed_category:action,ready,1.0.0
www.kongregate.com/games/synapticon/spellstone,Spellstone,synapticon,http://www.kongregate.com/games/synapticon/spellstone,6,29,2015-10-23,2015-09-23,card,card_strategy,card_strategy,high_observed_category,persistent_card_game,high_observed_category,publisher_portfolio_candidate,medium_curated_publisher,publisher_signal:synapticon,synapticon,3,,0,high,observed_category:card_strategy; observed_category:card; publisher_signal:synapticon,review_social_platform,1.0.0
www.kongregate.com/games/disruptorbeam/game-of-thrones-ascent,Game of Thrones Ascent,DisruptorBeam,http://www.kongregate.com/games/DisruptorBeam/game-of-thrones-ascent,6,28,2014-11-10,2014-11-10,,unclassified,,none,,none,not_assessed,none,,disruptorbeam,1,,0,none,,ready,1.0.0
www.kongregate.com/games/garin/monsters-den,Monsters' Den,garin,http://www.kongregate.com/games/garin/monsters-den,6,22,2008-04-05,2007-12-15,,unclassified,,none,,none,not_assessed,none,,garin,3,,0,none,,ready,1.0.0
www.kongregate.com/games/joybits/worlds-builder,WORLDS Builder: Farm & Craft,JoyBits,https://www.kongregate.com/games/JoyBits/worlds-builder,6,22,2020-01-21,2019-08-20,multiplayer,multiplayer,multiplayer,high_observed_category,online_multiplayer,high_observed_category,not_assessed,none,,joybits,1,,0,high,observed_category:multiplayer; observed_category:multiplayer,ready,1.0.0
www.kongregate.com/games/ivory/storm-the-house-3,Storm the House 3,Ivory,https://www.kongregate.com/games/Ivory/storm-the-house-3,6,21,2008-11-02,2008-11-02,shooter,shooter,shooter,high_observed_category,,none,not_assessed,none,,ivory,5,ivory:storm-the-house,2,high,observed_category:shooter; same_developer_series_stem,ready,1.0.0
www.kongregate.com/games/herointeractive/stormwinds-1-5,StormWinds 1.5,HeroInteractive,http://www.kongregate.com/games/HeroInteractive/stormwinds-1-5,6,21,2008-02-25,2008-02-25,shooter,shooter,shooter,high_observed_category,,none,not_assessed,none,,herointeractive,8,,0,high,observed_category:shooter,ready,1.0.0
www.kongregate.com/games/kupo707/bullet-heaven,Bullet Heaven,kupo707,http://www.kongregate.com/games/kupo707/bullet-heaven,6,19,2011-04-24,2011-04-24,shooter,shooter,shooter,high_observed_category,,none,not_assessed,none,,kupo707,6,kupo707:bullet-heaven,2,high,observed_category:shooter; same_developer_series_stem,ready,1.0.0
www.kongregate.com/games/nutcasenightmare/we-become-what-we-behold,We Become What We Behold,nutcasenightmare,https://www.kongregate.com/games/nutcasenightmare/we-become-what-we-behold,6,19,2018-11-18,2016-11-15,adventure-rpg,role_playing,role_playing,high_observed_category,,none,not_assessed,none,,nutcasenightmare,1,,0,high,observed_category:role_playing,ready,1.0.0
www.kongregate.com/games/iourpg/idle-online-universe,Idle Online Universe,iouRPG,http://www.kongregate.com/games/iouRPG/idle-online-universe,6,17,2015-07-26,2014-12-14,mmo; idle; action,idle_incremental,action; idle_incremental; role_playing,high_observed_category,idle_progression; massively_multiplayer,high_observed_category,not_assessed,none,,iourpg,1,,0,high,observed_category:idle_incremental; observed_category:mmo; observed_category:idle,ready,1.0.0
www.kongregate.com/games/jmtb02/luminara,Luminara,jmtb02,http://www.kongregate.com/games/jmtb02/luminara,6,16,2007-05-15,2007-05-15,shooter,shooter,shooter,high_observed_category,,none,not_assessed,none,,jmtb02,2,,0,high,observed_category:shooter,ready,1.0.0
www.kongregate.com/games/sophiehoulden/sarahs-run-preview,Sarah's Run (preview),SophieHoulden,http://www.kongregate.com/games/SophieHoulden/sarahs-run-preview,6,16,2011-04-23,2011-04-23,puzzle,puzzle,puzzle,high_observed_category,,none,not_assessed,none,,sophiehoulden,2,,0,high,observed_category:puzzle,ready,1.0.0
www.kongregate.com/games/miniclip/commando-assault,Commando Assault,miniclip,https://www.kongregate.com/games/miniclip/commando-assault,6,12,2022-08-15,2011-03-18,action,action,action,high_observed_category,,none,not_assessed,none,,miniclip,2,,0,high,observed_category:action,ready,1.0.0
www.kongregate.com/games/vasantj/medieval-cop,Medieval Cop,VasantJ,https://www.kongregate.com/en/games/VasantJ/medieval-cop,6,12,2016-04-02,2016-01-27,adventure; adventure-rpg,role_playing,adventure; role_playing,high_observed_category,,none,not_assessed,none,,vasantj,20,,0,high,observed_category:role_playing,ready,1.0.0
www.kongregate.com/games/fliplinestudios/meteor-blastor,Meteor Blastor,FliplineStudios,http://www.kongregate.com/games/FliplineStudios/meteor-blastor,6,8,2011-08-11,2011-08-11,,unclassified,,none,,none,not_assessed,none,,fliplinestudios,5,,0,none,,ready,1.0.0
www.kongregate.com/games/conceptis/mix-sudoku-light-vol-1,Mix Sudoku Light Vol.1,Conceptis,http://www.kongregate.com/games/Conceptis/mix-sudoku-light-vol-1,6,8,2011-04-23,2011-04-23,puzzle,puzzle,puzzle,high_observed_category,,none,not_assessed,none,,conceptis,2,,0,high,observed_category:puzzle,ready,1.0.0
www.kongregate.com/games/gumrok/revolution-idle-2,Revolution Idle 2,Gumrok,http://www.kongregate.com/games/Gumrok/revolution-idle-2,6,7,2017-05-06,2017-05-06,,idle_incremental,idle_incremental,medium_title_signal,,none,not_assessed,none,,gumrok,1,,0,medium,title_signal:idle_incremental,review_title_inference,1.0.0
www.kongregate.com/games/bontegames/blue,blue,bontegames,https://www.kongregate.com/games/bontegames/blue,6,6,2019-10-21,2019-09-05,puzzle,puzzle,puzzle,high_observed_category,,none,not_assessed,none,,bontegames,6,,0,high,observed_category:puzzle,ready,1.0.0
www.kongregate.com/games/atelier801/transformice,Transformice,Tigrounette,https://www.kongregate.com/games/atelier801/transformice,6,6,2012-07-05,2012-07-05,multiplayer,multiplayer,multiplayer,high_observed_category,online_multiplayer,high_observed_category,not_assessed,none,,tigrounette,1,,0,high,observed_category:multiplayer; observed_category:multiplayer,ready,1.0.0
www.kongregate.com/games/nulllvoid/hd-xyth,HD Xyth,,https://www.kongregate.com/en/games/nulllvoid/hd-xyth,6,4,2026-07-01,2012-11-09,card,card_strategy,card_strategy,high_observed_category,persistent_card_game,high_observed_category,not_assessed,none,,unknown,252,,0,high,observed_category:card_strategy; observed_category:card,ready,1.0.0
www.kongregate.com/games/funnychasegames/scooby-doo-creepy-run,Scooby doo creepy run,,https://www.kongregate.com/en/games/funnychasegames/scooby-doo-creepy-run,6,4,2026-07-01,2013-12-03,action,action,action,high_observed_category,,none,not_assessed,none,,unknown,252,,0,high,observed_category:action,ready,1.0.0
www.kongregate.com/games/theswain/skincraft,Skincraft,,https://www.kongregate.com/en/games/theswain/skincraft,6,4,2026-02-21,2011-06-27,more,other,other,high_observed_category,,none,not_assessed,none,,unknown,252,,0,high,observed_category:other,ready,1.0.0
www.kongregate.com/games/tankionlineuser/tanki-online,Tanki Online,tankionlineuser,http://www.kongregate.com/games/tankionlineuser/tanki-online,6,4,2017-04-08,2017-04-08,shooter,shooter,shooter,high_observed_category,,none,not_assessed,none,,tankionlineuser,1,,0,high,observed_category:shooter,ready,1.0.0
www.kongregate.com/games/xiatiandaole/mining-truck,Mining Truck,xiatiandaole,http://www.kongregate.com/games/xiatiandaole/mining-truck,6,2,2014-10-17,2014-10-17,,unclassified,,none,,none,not_assessed,none,,xiatiandaole,2,,0,none,,ready,1.0.0
www.kongregate.com/games/nicolo974jtm34/rpgtest,RPgTest,Nicolo974jtm34,http://www.kongregate.com/games/Nicolo974jtm34/rpgtest,6,2,2014-10-03,2014-10-03,,unclassified,,none,,none,not_assessed,none,,nicolo974jtm34,3,,0,none,,ready,1.0.0
www.kongregate.com/games/benbrunton/tetristeroids,Tetristeroids,benbrunton,http://www.kongregate.com/games/benbrunton/tetristeroids,6,2,2014-09-19,2014-09-19,,unclassified,,none,,none,not_assessed,none,,benbrunton,1,,0,none,,ready,1.0.0
www.kongregate.com/games/nexontgt/the-grinns-tale,The Grinns Tale,,http://www.kongregate.com/games/nexontgt/the-grinns-tale,6,2,2012-11-04,2012-11-04,,unclassified,,none,,none,not_assessed,none,,unknown,252,,0,none,,ready,1.0.0
www.kongregate.com/games/yayitsandrew/votestabby,#VoteStabby,YAYitsAndrew,http://www.kongregate.com/games/YAYitsAndrew/votestabby,6,1,2015-04-01,2015-04-01,,unclassified,,none,,none,not_assessed,none,,yayitsandrew,1,,0,none,,ready,1.0.0
www.kongregate.com/games/kogamadaniel/2-player-tron,2 Player Tron,KoGaMaDaniel,http://www.kongregate.com/games/KoGaMaDaniel/2-player-tron,6,1,2015-09-14,2015-09-14,,unclassified,,none,,none,not_assessed,none,,kogamadaniel,3,,0,none,,ready,1.0.0
www.kongregate.com/games/vitalitygames/4x4-atv-challenge,4x4 Atv Challenge,,http://www.kongregate.com/games/vitalitygames/4x4-atv-challenge,6,1,2013-11-21,2013-11-21,,unclassified,,none,,none,not_assessed,none,,unknown,252,,0,none,,ready,1.0.0
www.kongregate.com/games/kupo707/adventure-story,Adventure Story,kupo707,http://www.kongregate.com/games/kupo707/adventure-story,6,1,2012-01-15,2011-12-20,,unclassified,,none,,none,not_assessed,none,,kupo707,6,,0,none,,ready,1.0.0
www.kongregate.com/games/ian_kusmiran/air-balloon-adventure,Air Balloon Adventure,ian_kusmiran,http://www.kongregate.com/games/ian_kusmiran/air-balloon-adventure,6,1,2011-07-28,2011-07-28,,unclassified,,none,,none,not_assessed,none,,ian-kusmiran,1,,0,none,,ready,1.0.0
www.kongregate.com/games/zygomaticgames/alices-ice-bar,Alice's Ice Bar,zygomaticgames,http://www.kongregate.com/games/zygomaticgames/alices-ice-bar,6,1,2010-11-08,2010-11-08,,unclassified,,none,,none,not_assessed,none,,zygomaticgames,7,,0,none,,ready,1.0.0
www.kongregate.com/games/natalibt/american-cars-memory,American Cars Memory,natalibt,http://www.kongregate.com/games/natalibt/american-cars-memory,6,1,2017-05-25,2017-05-25,,unclassified,,none,,none,not_assessed,none,,natalibt,15,,0,none,,ready,1.0.0
www.kongregate.com/games/turbonuke/american-racing,American Racing,turboNuke,https://www.kongregate.com/games/turboNuke/american-racing,6,1,2021-07-26,2021-07-26,sports-racing,sports_racing,sports_racing,high_observed_category,,none,not_assessed,none,,turbonuke,3,,0,high,observed_category:sports_racing,ready,1.0.0
www.kongregate.com/games/wabala/argentina-y-sus-provincias,Argentina y sus Provin...,wabala,http://www.kongregate.com/games/wabala/argentina-y-sus-provincias,6,1,2011-06-05,2011-06-05,,unclassified,,none,,none,not_assessed,none,,wabala,2,,0,none,,ready,1.0.0
www.kongregate.com/games/bystudio02/astroworlds,AstroWorlds,bystudio02,http://www.kongregate.com/games/bystudio02/astroworlds,6,1,2014-08-29,2014-08-29,,unclassified,,none,,none,not_assessed,none,,bystudio02,1,,0,none,,ready,1.0.0
www.kongregate.com/games/dci05049/attack-on-trump,Attack On Trump,dci05049,http://www.kongregate.com/games/dci05049/attack-on-trump,6,1,2016-08-20,2016-08-20,,unclassified,,none,,none,not_assessed,none,,dci05049,1,,0,none,,ready,1.0.0
www.kongregate.com/games/ivanstorm/afterwind,atWar,IvanStorm,https://www.kongregate.com/games/IvanStorm/afterwind,6,1,2018-03-01,2018-03-01,,unclassified,,none,,none,not_assessed,none,,ivanstorm,1,,0,none,,ready,1.0.0
www.kongregate.com/games/games2girls/ayla-cook-picnic-menu,Ayla Cook: Picnic Menu,games2girls,http://www.kongregate.com/games/games2girls/ayla-cook-picnic-menu,6,1,2011-06-01,2011-06-01,,unclassified,,none,,none,not_assessed,none,,games2girls,4,,0,none,,ready,1.0.0
www.kongregate.com/games/kwasilev/baba-ragana,Baba Ragana,,http://www.kongregate.com/games/kwasilev/baba-ragana,6,1,2014-06-20,2014-06-20,,unclassified,,none,,none,not_assessed,none,,unknown,252,,0,none,,ready,1.0.0
www.kongregate.com/games/niklec/baby-daisy-cooking-time,Baby Daisy Cooking Time,niklec,http://www.kongregate.com/games/niklec/baby-daisy-cooking-time,6,1,2014-12-30,2014-12-30,,unclassified,,none,,none,not_assessed,none,,niklec,2,,0,none,,ready,1.0.0
www.kongregate.com/games/helgivilberg/basement-piper,Basement Piper,,http://www.kongregate.com/games/helgivilberg/basement-piper,6,1,2012-11-01,2012-11-01,,unclassified,,none,,none,not_assessed,none,,unknown,252,,0,none,,ready,1.0.0
www.kongregate.com/games/cenullum/bat-battery,Bat-Battery,cenullum,http://www.kongregate.com/games/cenullum/bat-battery,6,1,2017-08-05,2017-08-05,,unclassified,,none,,none,not_assessed,none,,cenullum,1,,0,none,,ready,1.0.0
www.kongregate.com/games/carter101/bcs-s-runner,BCS`S Runner,carter101,http://www.kongregate.com/games/carter101/bcs-s-runner,6,1,2014-10-04,2014-10-04,,unclassified,,none,,none,not_assessed,none,,carter101,1,,0,none,,ready,1.0.0
www.kongregate.com/games/tecknozthabezt/bearboy-and-the-cursor,BearBoy and the Cursor,TecknozThaBezt,http://www.kongregate.com/games/TecknozThaBezt/bearboy-and-the-cursor,6,1,2011-04-05,2011-04-04,,unclassified,,none,,none,not_assessed,none,,tecknozthabezt,2,,0,none,,ready,1.0.0
www.kongregate.com/games/oneonlinegames/ben-10-stunts,Ben 10 Stunts,OneOnlineGames,http://www.kongregate.com/games/OneOnlineGames/ben-10-stunts,6,1,2011-06-18,2011-06-18,,unclassified,,none,,none,not_assessed,none,,oneonlinegames,3,,0,none,,ready,1.0.0
www.kongregate.com/games/sreerajgh/blast-out,Blast Out,sreerajgh,http://www.kongregate.com/games/sreerajgh/blast-out,6,1,2011-08-05,2011-08-05,,unclassified,,none,,none,not_assessed,none,,sreerajgh,1,,0,none,,ready,1.0.0
www.kongregate.com/games/jeffreylaarman/blink,Blink,JeffreyLaarman,http://www.kongregate.com/games/JeffreyLaarman/blink,6,1,2015-09-23,2015-09-23,,unclassified,,none,,none,not_assessed,none,,jeffreylaarman,1,,0,none,,ready,1.0.0
www.kongregate.com/games/epiccreeper127/block-ship-muted-game,Block Ship (Muted game),EpicCreeper127,http://www.kongregate.com/games/EpicCreeper127/block-ship-muted-game,6,1,2016-06-29,2016-06-29,,unclassified,,none,,none,not_assessed,none,,epiccreeper127,1,,0,none,,ready,1.0.0
www.kongregate.com/games/mobiltr/blocky-warrior,Blocky Warrior,mobilTR,http://www.kongregate.com/games/mobilTR/blocky-warrior,6,1,2017-11-06,2017-11-06,,unclassified,,none,,none,not_assessed,none,,mobiltr,4,,0,none,,ready,1.0.0
www.kongregate.com/games/josehzz/blue-on,blue:on:,josehzz,http://www.kongregate.com/games/josehzz/blue-on,6,1,2017-05-16,2017-05-16,,unclassified,,none,,none,not_assessed,none,,josehzz,2,,0,none,,ready,1.0.0
www.kongregate.com/games/gamerpwnage50/bouncy-ball,Bouncy ball!,Gamerpwnage50,http://www.kongregate.com/games/Gamerpwnage50/bouncy-ball,6,1,2011-03-19,2011-03-19,,unclassified,,none,,none,not_assessed,none,,gamerpwnage50,1,,0,none,,ready,1.0.0
www.kongregate.com/games/omkara/bubble-shooter-rotation-xmas,Bubble Shooter Rotation Xmas,omkara,http://www.kongregate.com/games/omkara/bubble-shooter-rotation-xmas,6,1,2015-12-18,2015-12-18,,unclassified,,none,,none,not_assessed,none,,omkara,1,,0,none,,ready,1.0.0
www.kongregate.com/games/mujahidk2/bunny-defender,Bunny Defender,MujahidK2,http://www.kongregate.com/games/MujahidK2/bunny-defender,6,1,2014-09-26,2014-09-26,,unclassified,,none,,none,not_assessed,none,,mujahidk2,1,,0,none,,ready,1.0.0
www.kongregate.com/games/lightwellgames/burning-world,Burning World,LightwellGames,http://www.kongregate.com/games/LightwellGames/burning-world,6,1,2014-09-26,2014-09-26,,unclassified,,none,,none,not_assessed,none,,lightwellgames,1,,0,none,,ready,1.0.0
www.kongregate.com/games/tatemartin/business-simulator-idle,Business Simulator: Idle,Tatemartin,http://www.kongregate.com/games/Tatemartin/business-simulator-idle,6,1,2017-05-26,2017-05-26,,idle_incremental,idle_incremental,medium_title_signal,,none,not_assessed,none,,tatemartin,2,,0,medium,title_signal:idle_incremental,review_title_inference,1.0.0
www.kongregate.com/games/mmmamarry/button-hunting,Button Hunting,MmmaMarry,http://www.kongregate.com/games/MmmaMarry/button-hunting,6,1,2014-10-18,2014-10-18,,unclassified,,none,,none,not_assessed,none,,mmmamarry,1,,0,none,,ready,1.0.0
www.kongregate.com/games/beremans/cake-flyer,Cake Flyer,Beremans,http://www.kongregate.com/games/Beremans/cake-flyer,6,1,2014-10-24,2014-10-24,,unclassified,,none,,none,not_assessed,none,,beremans,2,,0,none,,ready,1.0.0
www.kongregate.com/games/likwidgames/castaway-island-td,Castaway Island TD,likwidgames,http://www.kongregate.com/games/likwidgames/castaway-island-td,6,1,2012-01-02,2011-08-18,idle,idle_incremental,idle_incremental,high_observed_category,idle_progression,high_observed_category,not_assessed,none,,likwidgames,1,,0,high,observed_category:idle_incremental; observed_category:idle,ready,1.0.0
www.kongregate.com/games/mushroomfanlol/catch-all-the-mushrooms,Catch all the Mushrooms,mushroomfanlol,http://www.kongregate.com/games/mushroomfanlol/catch-all-the-mushrooms,6,1,2017-09-04,2017-09-04,,unclassified,,none,,none,not_assessed,none,,mushroomfanlol,2,,0,none,,ready,1.0.0
www.kongregate.com/games/primebitgames/caveman-chuck,Caveman Chuck,PrimeBitGames,http://www.kongregate.com/games/PrimeBitGames/caveman-chuck,6,1,2017-07-20,2017-07-20,,unclassified,,none,,none,not_assessed,none,,primebitgames,1,,0,none,,ready,1.0.0
www.kongregate.com/games/gmbl629/chat-read,Chat/Read!,GMBL629,http://www.kongregate.com/games/GMBL629/chat-read,6,1,2010-10-22,2010-10-22,,unclassified,,none,,none,not_assessed,none,,gmbl629,1,,0,none,,ready,1.0.0
www.kongregate.com/games/laith_alnasser/circles,Circles,Laith_Alnasser,http://www.kongregate.com/games/Laith_Alnasser/circles,6,1,2014-10-10,2014-10-10,,unclassified,,none,,none,not_assessed,none,,laith-alnasser,1,,0,none,,ready,1.0.0
www.kongregate.com/games/juegosclarence/clarence-pac-man,Clarence Pac Man,juegosclarence,http://www.kongregate.com/games/juegosclarence/clarence-pac-man,6,1,2015-09-03,2015-09-03,,unclassified,,none,,none,not_assessed,none,,juegosclarence,1,,0,none,,ready,1.0.0
www.kongregate.com/games/game4joy1/clear-star-luxury,Clear Star Luxury,game4joy1,http://www.kongregate.com/games/game4joy1/clear-star-luxury,6,1,2014-10-29,2014-10-29,,unclassified,,none,,none,not_assessed,none,,game4joy1,7,,0,none,,ready,1.0.0
www.kongregate.com/games/uroshito/cleopatra-2187-demo,Cleopatra 2187: Demo,Uroshito,http://www.kongregate.com/games/Uroshito/cleopatra-2187-demo,6,1,2016-10-17,2016-10-17,,unclassified,,none,,none,not_assessed,none,,uroshito,1,,0,none,,ready,1.0.0
www.kongregate.com/games/letienanh/coin,Coin,LeTienAnh,http://www.kongregate.com/games/LeTienAnh/coin,6,1,2014-10-09,2014-10-09,,unclassified,,none,,none,not_assessed,none,,letienanh,1,,0,none,,ready,1.0.0
www.kongregate.com/games/nukevaster/coin-collector,Coin Collector,,http://www.kongregate.com/games/NukeVaster/coin-collector,6,1,2014-07-21,2014-07-21,,unclassified,,none,,none,not_assessed,none,,unknown,252,,0,none,,ready,1.0.0
www.kongregate.com/games/talon88/convergence,Convergence,Talon88,http://www.kongregate.com/games/Talon88/convergence,6,1,2011-04-12,2011-04-12,,unclassified,,none,,none,not_assessed,none,,talon88,1,,0,none,,ready,1.0.0
www.kongregate.com/games/kipplz199/death-canyon-zombies,Death Canyon:Zombies,kipplz199,http://www.kongregate.com/games/kipplz199/death-canyon-zombies,6,1,2016-02-28,2016-02-28,,unclassified,,none,,none,not_assessed,none,,kipplz199,1,,0,none,,ready,1.0.0
www.kongregate.com/games/cool3647/decision-maker,decision maker,cool3647,http://www.kongregate.com/games/cool3647/decision-maker,6,1,2011-07-10,2011-07-10,,unclassified,,none,,none,not_assessed,none,,cool3647,1,,0,none,,ready,1.0.0
www.kongregate.com/games/alisterg1/doctor-defib,Doctor Defib,,http://www.kongregate.com/games/AlisterG1/doctor-defib,6,1,2014-08-11,2014-08-11,,unclassified,,none,,none,not_assessed,none,,unknown,252,,0,none,,ready,1.0.0
www.kongregate.com/games/plays2342/doner,doner,plays2342,http://www.kongregate.com/games/plays2342/doner,6,1,2014-12-28,2014-12-28,,unclassified,,none,,none,not_assessed,none,,plays2342,1,,0,none,,ready,1.0.0
www.kongregate.com/games/arcticarcade/doors-3-locked-out,Doors 3: Locked Out,ArcticArcade,http://www.kongregate.com/games/ArcticArcade/doors-3-locked-out,6,1,2014-11-11,2014-11-11,,unclassified,,none,,none,not_assessed,none,,arcticarcade,1,,0,none,,ready,1.0.0
www.kongregate.com/games/littlegiantworld/dragon-fortress,Dragon Fortress,littlegiantworld,http://www.kongregate.com/games/littlegiantworld/dragon-fortress,6,1,2016-08-13,2016-08-13,,unclassified,,none,,none,not_assessed,none,,littlegiantworld,3,,0,none,,ready,1.0.0
www.kongregate.com/games/snowdongames/endgame,EndGame,SnowdonGames,http://www.kongregate.com/games/SnowdonGames/endgame,6,1,2016-07-27,2016-07-27,,unclassified,,none,,none,not_assessed,none,,snowdongames,1,,0,none,,ready,1.0.0
www.kongregate.com/games/nipponmonkey/english-pub-pool,English Pub Pool,NipponMonkey,http://www.kongregate.com/games/NipponMonkey/english-pub-pool,6,1,2009-06-17,2009-06-17,,unclassified,,none,,none,not_assessed,none,,nipponmonkey,1,,0,none,,ready,1.0.0
www.kongregate.com/games/incendiaryindus/enigmatic-release,Enigmatic_release,,http://www.kongregate.com/games/incendiaryindus/enigmatic-release,6,1,2014-08-16,2014-08-16,,unclassified,,none,,none,not_assessed,none,,unknown,252,,0,none,,ready,1.0.0
www.kongregate.com/games/heroikcom/enjoy,Enjoy,heroikcom,http://www.kongregate.com/games/heroikcom/enjoy,6,1,2011-01-11,2011-01-11,,unclassified,,none,,none,not_assessed,none,,heroikcom,2,,0,none,,ready,1.0.0
www.kongregate.com/games/newshield_ent/enter-into-darkness,Enter into Darkness,Newshield_Ent,http://www.kongregate.com/games/Newshield_Ent/enter-into-darkness,6,1,2015-12-05,2015-12-05,,unclassified,,none,,none,not_assessed,none,,newshield-ent,3,newshield-ent:enter-into-darkness,3,low,same_developer_series_stem,ready,1.0.0
www.kongregate.com/games/professionlydone/epic-rpg-idle-game-v-1-00,Epic Rpg Idle Game V.1.00,ProfessionlyDone,http://www.kongregate.com/games/ProfessionlyDone/epic-rpg-idle-game-v-1-00,6,1,2011-05-28,2011-05-28,,idle_incremental,idle_incremental,medium_title_signal,,none,not_assessed,none,,professionlydone,1,,0,medium,title_signal:idle_incremental,review_title_inference,1.0.0
www.kongregate.com/games/thunderstorm38/extreme-battlefield,Extreme Battlefield,thunderstorm38,http://www.kongregate.com/games/thunderstorm38/extreme-battlefield,6,1,2017-07-29,2017-07-29,,unclassified,,none,,none,not_assessed,none,,thunderstorm38,6,,0,none,,ready,1.0.0
www.kongregate.com/games/william_/facebook,Facebook,william_,http://www.kongregate.com/games/william_/facebook,6,1,2011-06-13,2011-06-13,,unclassified,,none,,none,title_reference_requires_review,low_title_signal,title_signal:facebook,william,2,,0,low,title_signal:facebook,review_social_platform,1.0.0
www.kongregate.com/games/dystraleuphorie/fairy-diamonds-sky-blue,Fairy Diamonds - Sky Blue,DystralEuphorie,http://www.kongregate.com/games/DystralEuphorie/fairy-diamonds-sky-blue,6,1,2011-07-05,2011-07-05,,unclassified,,none,,none,not_assessed,none,,dystraleuphorie,4,,0,none,,ready,1.0.0
www.kongregate.com/games/munguia/famous-paintings-parodies,Famous Paintings Parodies,Munguia,http://www.kongregate.com/games/Munguia/famous-paintings-parodies,6,1,2016-07-07,2016-07-07,,unclassified,,none,,none,not_assessed,none,,munguia,3,munguia:famous-paintings-parodies,2,low,same_developer_series_stem,ready,1.0.0
www.kongregate.com/games/ideastudio/fashionistas-boho-vs-grunge,Fashionistas Boho vs Grunge,IdeaStudio,http://www.kongregate.com/games/IdeaStudio/fashionistas-boho-vs-grunge,6,1,2017-09-13,2017-09-13,,unclassified,,none,,none,not_assessed,none,,ideastudio,1,,0,none,,ready,1.0.0
www.kongregate.com/games/minininja956/fighting-corner,Fighting Corner,minininja956,http://www.kongregate.com/games/minininja956/fighting-corner,6,1,2016-09-17,2016-09-17,,unclassified,,none,,none,not_assessed,none,,minininja956,6,,0,none,,ready,1.0.0
www.kongregate.com/games/enagamess/find-the-super-surf-board,Find The Super Surf Board,Enagamess,http://www.kongregate.com/games/Enagamess/find-the-super-surf-board,6,1,2016-09-03,2016-09-03,,unclassified,,none,,none,not_assessed,none,,enagamess,68,,0,none,,ready,1.0.0
www.kongregate.com/games/gamolition/fix-your-sports-car,Fix Your Sports Car,gamolition,http://www.kongregate.com/games/gamolition/fix-your-sports-car,6,1,2014-12-10,2014-12-10,,unclassified,,none,,none,not_assessed,none,,gamolition,5,,0,none,,ready,1.0.0
www.kongregate.com/games/kamilsk/foxes-and-eagles,Foxes and Eagles,kamilsk,http://www.kongregate.com/games/kamilsk/foxes-and-eagles,6,1,2016-03-05,2016-03-05,,unclassified,,none,,none,not_assessed,none,,kamilsk,1,,0,none,,ready,1.0.0
www.kongregate.com/games/advergamer/free-kick-fever,FREE-KICK FEVER,Advergamer,http://www.kongregate.com/games/Advergamer/free-kick-fever,6,1,2011-06-29,2011-06-29,,unclassified,,none,,none,not_assessed,none,,advergamer,1,,0,none,,ready,1.0.0
www.kongregate.com/games/zztfox/fsafs,FSaFS,,http://www.kongregate.com/games/zztfox/fsafs,6,1,2014-06-25,2014-06-25,,unclassified,,none,,none,not_assessed,none,,unknown,252,,0,none,,ready,1.0.0
www.kongregate.com/games/robertonome36/gamejam,GameJam,robertonome36,https://www.kongregate.com/games/robertonome36/gamejam,6,1,2019-08-25,2019-08-25,,unclassified,,none,,none,not_assessed,none,,robertonome36,1,,0,none,,ready,1.0.0
www.kongregate.com/games/kingbaggot/gametoilet-mobile-2-watch-paint-dry,GameToilet Mobile#2 : Watch Paint Dry,kingbaggot,http://www.kongregate.com/games/kingbaggot/gametoilet-mobile-2-watch-paint-dry,6,1,2016-03-24,2016-03-24,,unclassified,,none,,none,not_assessed,none,,kingbaggot,1,,0,none,,ready,1.0.0
www.kongregate.com/games/skidsinmefalcon/genie-goes-walkaboutg,Genie Goes Walkaboutg,SkidsInMeFalcon,http://www.kongregate.com/games/SkidsInMeFalcon/genie-goes-walkaboutg,6,1,2016-09-16,2016-09-16,,unclassified,,none,,none,not_assessed,none,,skidsinmefalcon,1,,0,none,,ready,1.0.0
www.kongregate.com/games/k25507891/girl-throat-surgery,Girl Throat Surgery,k25507891,http://www.kongregate.com/games/k25507891/girl-throat-surgery,6,1,2017-06-15,2017-06-15,,unclassified,,none,,none,not_assessed,none,,k25507891,8,,0,none,,ready,1.0.0
www.kongregate.com/games/freegames1234/go-go-ultraman,Go Go! Ultraman,freegames1234,http://www.kongregate.com/games/freegames1234/go-go-ultraman,6,1,2011-06-10,2011-06-10,,unclassified,,none,,none,not_assessed,none,,freegames1234,6,,0,none,,ready,1.0.0
www.kongregate.com/games/tresensa/gold-miner-slots,Gold Miner Slots,TreSensa,http://www.kongregate.com/games/TreSensa/gold-miner-slots,6,1,2014-09-05,2014-09-05,,unclassified,,none,,none,not_assessed,none,,tresensa,4,,0,none,,ready,1.0.0
www.kongregate.com/games/sorenof/googleygames-crazybots,Googleygames:Crazybots,sorenof,http://www.kongregate.com/games/sorenof/googleygames-crazybots,6,1,2014-10-31,2014-10-31,,unclassified,,none,,none,not_assessed,none,,sorenof,3,,0,none,,ready,1.0.0
www.kongregate.com/games/sergiopl14/gordos-oddisey,Gordo's Oddisey,SergioPL14,http://www.kongregate.com/games/SergioPL14/gordos-oddisey,6,1,2016-09-23,2016-09-23,,unclassified,,none,,none,not_assessed,none,,sergiopl14,1,,0,none,,ready,1.0.0
www.kongregate.com/games/berzerkstudio/gunbot,GunBot,BerzerkStudio,http://www.kongregate.com/games/BerzerkStudio/gunbot,6,1,2010-09-06,2010-09-06,action,action,action,high_observed_category,,none,not_assessed,none,,berzerkstudio,5,,0,high,observed_category:action,ready,1.0.0
www.kongregate.com/games/enagamess/halloween-soul-rescue,Halloween Soul Rescue,Enagamess,http://www.kongregate.com/games/Enagamess/halloween-soul-rescue,6,1,2016-10-10,2016-10-10,,unclassified,,none,,none,not_assessed,none,,enagamess,68,,0,none,,ready,1.0.0
www.kongregate.com/games/games2rule/hidden-numbers-natalie-portman,Hidden Numbers-Natalie...,games2rule,http://www.kongregate.com/games/games2rule/hidden-numbers-natalie-portman,6,1,2011-03-08,2011-03-08,,unclassified,,none,,none,not_assessed,none,,games2rule,21,,0,none,,ready,1.0.0
www.kongregate.com/games/lolz666/house-idle-v-4,House Idle v.4,lolz666,http://www.kongregate.com/games/lolz666/house-idle-v-4,6,1,2011-02-09,2011-02-09,idle,idle_incremental,idle_incremental,high_observed_category,idle_progression,high_observed_category,not_assessed,none,,lolz666,2,,0,high,observed_category:idle_incremental; observed_category:idle,ready,1.0.0
www.kongregate.com/games/cremeengraphics/idle-artisian-miner-beta2,Idle Artisian Miner(Beta2),CremeenGraphics,http://www.kongregate.com/games/CremeenGraphics/idle-artisian-miner-beta2,6,1,2014-09-14,2014-09-14,,idle_incremental,idle_incremental,medium_title_signal,,none,not_assessed,none,,cremeengraphics,2,,0,medium,title_signal:idle_incremental,review_title_inference,1.0.0
www.kongregate.com/games/lavaflame2/idle-skilling,Idle Skilling,lavaflame2,https://www.kongregate.com/games/lavaflame2/idle-skilling,6,1,2018-12-22,2018-09-23,,idle_incremental,idle_incremental,medium_title_signal,,none,not_assessed,none,,lavaflame2,1,,0,medium,title_signal:idle_incremental,review_title_inference,1.0.0
www.kongregate.com/games/siiriis/instant-fight-2-players,Instant Fight (2 Players),Siiriis,http://www.kongregate.com/games/Siiriis/instant-fight-2-players,6,1,2016-01-02,2016-01-02,,unclassified,,none,,none,not_assessed,none,,siiriis,1,,0,none,,ready,1.0.0
www.kongregate.com/games/mojous/jerrys-quest,Jerry's Quest,MojoUS,http://www.kongregate.com/games/MojoUS/jerrys-quest,6,1,2017-06-04,2017-06-04,,unclassified,,none,,none,not_assessed,none,,mojous,1,,0,none,,ready,1.0.0
www.kongregate.com/games/yoyba/jjj,Jjj,,http://www.kongregate.com/games/YoYBA/jjj,6,1,2014-04-11,2014-04-11,,unclassified,,none,,none,not_assessed,none,,unknown,252,,0,none,,ready,1.0.0
www.kongregate.com/games/erikomen/juggler-extraordinaire,Juggler Extraordinaire,erikomen,http://www.kongregate.com/games/erikomen/juggler-extraordinaire,6,1,2016-10-30,2016-10-30,,unclassified,,none,,none,not_assessed,none,,erikomen,1,,0,none,,ready,1.0.0
www.kongregate.com/games/g456789yayo/keanu-is-sad,Keanu is Sad,g456789yayo,http://www.kongregate.com/games/g456789yayo/keanu-is-sad,6,1,2011-07-24,2011-07-24,,unclassified,,none,,none,not_assessed,none,,g456789yayo,1,,0,none,,ready,1.0.0
www.kongregate.com/games/iptnzw/kuzini-comgnom,Kuzini.comgnom,iPTNZW,http://www.kongregate.com/games/iPTNZW/kuzini-comgnom,6,1,2016-10-24,2016-10-24,,unclassified,,none,,none,not_assessed,none,,iptnzw,1,,0,none,,ready,1.0.0
www.kongregate.com/games/enagamess/lake-city,Lake City,Enagamess,http://www.kongregate.com/games/Enagamess/lake-city,6,1,2017-06-16,2017-06-16,,unclassified,,none,,none,not_assessed,none,,enagamess,68,,0,none,,ready,1.0.0
www.kongregate.com/games/gamevoyage/leprechaun-s-daughter-coloring,Leprechaun’s Daughter ...,GameVoyage,http://www.kongregate.com/games/GameVoyage/leprechaun-s-daughter-coloring,6,1,2011-03-11,2011-03-11,,unclassified,,none,,none,not_assessed,none,,gamevoyage,1,,0,none,,ready,1.0.0
www.kongregate.com/games/enagamess/lift-the-curse-of-the-girl,Lift The Curse Of The Girl,Enagamess,http://www.kongregate.com/games/Enagamess/lift-the-curse-of-the-girl,6,1,2016-01-25,2016-01-25,,unclassified,,none,,none,not_assessed,none,,enagamess,68,,0,none,,ready,1.0.0
www.kongregate.com/games/dressupkiss/lilly-kissing-pet-salon,Lilly Kissing Pet Salon,dressupkiss,http://www.kongregate.com/games/dressupkiss/lilly-kissing-pet-salon,6,1,2011-03-29,2011-03-29,,unclassified,,none,,none,not_assessed,none,,dressupkiss,3,,0,none,,ready,1.0.0
www.kongregate.com/games/jekoji/lumi,LUMI,JekOji,http://www.kongregate.com/games/JekOji/lumi,6,1,2017-08-23,2017-08-23,,unclassified,,none,,none,not_assessed,none,,jekoji,1,,0,none,,ready,1.0.0
www.kongregate.com/games/talhaa1008/ma,ma,talhaa1008,http://www.kongregate.com/games/talhaa1008/ma,6,1,2017-10-15,2017-10-15,,unclassified,,none,,none,not_assessed,none,,talhaa1008,2,,0,none,,ready,1.0.0
www.kongregate.com/games/tresensa/magic-marbles,Magic Marbles,,http://www.kongregate.com/games/TreSensa/magic-marbles,6,1,2014-07-25,2014-07-25,,unclassified,,none,,none,not_assessed,none,,unknown,252,,0,none,,ready,1.0.0
www.kongregate.com/games/gamershood/marksmen-hunter,Marksmen Hunter,Gamershood,http://www.kongregate.com/games/Gamershood/marksmen-hunter,6,1,2011-02-09,2011-02-09,,unclassified,,none,,none,not_assessed,none,,gamershood,1,,0,none,,ready,1.0.0
www.kongregate.com/games/dhalvincorp/mass,Mass,DHALVINCORP,http://www.kongregate.com/games/DHALVINCORP/mass,6,1,2016-06-05,2016-06-05,,unclassified,,none,,none,not_assessed,none,,dhalvincorp,1,,0,none,,ready,1.0.0
www.kongregate.com/games/meenagame/meena-classic-room-puzzle-game,Meena Classic Room Puzzle Game,meenagame,http://www.kongregate.com/games/meenagame/meena-classic-room-puzzle-game,6,1,2016-08-28,2016-08-28,,unclassified,,none,,none,not_assessed,none,,meenagame,2,,0,none,,ready,1.0.0
www.kongregate.com/games/xplored/methus-tower-defence,Methus' Tower Defence,Xplored,http://www.kongregate.com/games/Xplored/methus-tower-defence,6,1,2009-10-14,2009-10-14,,unclassified,,none,,none,not_assessed,none,,xplored,1,,0,none,,ready,1.0.0
www.kongregate.com/games/espnarcade/mini-hoops,Mini Hoops,ESPNarcade,http://www.kongregate.com/games/ESPNarcade/mini-hoops,6,1,2011-07-13,2011-07-13,,unclassified,,none,,none,not_assessed,none,,espnarcade,3,,0,none,,ready,1.0.0
www.kongregate.com/games/devinl/mosquito-killer,Mosquito Killer,devinl,http://www.kongregate.com/games/devinl/mosquito-killer,6,1,2011-03-15,2011-03-15,,unclassified,,none,,none,not_assessed,none,,devinl,2,,0,none,,ready,1.0.0
www.kongregate.com/games/hollyfxxk/musictest,musicTest,hollyfxxk,http://www.kongregate.com/games/hollyfxxk/musictest,6,1,2011-02-27,2011-02-27,,unclassified,,none,,none,not_assessed,none,,hollyfxxk,1,,0,none,,ready,1.0.0
www.kongregate.com/games/abraaz/my-first-game,My First Game,abraaz,http://www.kongregate.com/games/abraaz/my-first-game,6,1,2011-08-01,2011-08-01,,unclassified,,none,,none,not_assessed,none,,abraaz,1,,0,none,,ready,1.0.0
www.kongregate.com/games/thunderstorm38/naruto-suspend,Naruto Suspend,thunderstorm38,http://www.kongregate.com/games/thunderstorm38/naruto-suspend,6,1,2017-07-28,2017-07-28,,unclassified,,none,,none,not_assessed,none,,thunderstorm38,6,,0,none,,ready,1.0.0
www.kongregate.com/games/kevtabone/one-vs-all,ONE VS ALL,,http://www.kongregate.com/games/kevtabone/one-vs-all,6,1,2014-08-04,2014-08-04,,unclassified,,none,,none,not_assessed,none,,unknown,252,,0,none,,ready,1.0.0
www.kongregate.com/games/klassemia19/ore-hunt,Ore Hunt,KlasseMia19,http://www.kongregate.com/games/KlasseMia19/ore-hunt,6,1,2017-07-12,2017-07-12,,unclassified,,none,,none,not_assessed,none,,klassemia19,2,,0,none,,ready,1.0.0
www.kongregate.com/games/bluemysterywolf/oscuro-castle,Oscuro Castle.,Bluemysterywolf,http://www.kongregate.com/games/Bluemysterywolf/oscuro-castle,6,1,2017-10-24,2017-10-24,,unclassified,,none,,none,not_assessed,none,,bluemysterywolf,1,,0,none,,ready,1.0.0
www.kongregate.com/games/fazecat/paladog,Paladog,fazecat,http://www.kongregate.com/games/fazecat/paladog,6,1,2012-06-05,2012-06-05,strategy,strategy,strategy,high_observed_category,,none,not_assessed,none,,fazecat,1,,0,high,observed_category:strategy,ready,1.0.0
www.kongregate.com/games/waykale/panda-jigsaw-puzzle,Panda Jigsaw Puzzle,waykale,http://www.kongregate.com/games/waykale/panda-jigsaw-puzzle,6,1,2011-12-31,2011-12-31,,unclassified,,none,,none,not_assessed,none,,waykale,1,,0,none,,ready,1.0.0
www.kongregate.com/games/vladetam/penalty-shooters-2,Penalty Shooters 2,vladetam,http://www.kongregate.com/games/vladetam/penalty-shooters-2,6,1,2016-05-23,2016-05-23,,unclassified,,none,,none,not_assessed,none,,vladetam,2,,0,none,,ready,1.0.0
www.kongregate.com/games/lemonindieg/peppa-zoo-decor,Peppa Zoo Decor,lemonindieg,http://www.kongregate.com/games/lemonindieg/peppa-zoo-decor,6,1,2014-10-13,2014-10-13,,unclassified,,none,,none,not_assessed,none,,lemonindieg,3,,0,none,,ready,1.0.0
www.kongregate.com/games/newgamess/pink-panther-jigsaw,Pink Panther Jigsaw,newgamess,http://www.kongregate.com/games/newgamess/pink-panther-jigsaw,6,1,2016-07-20,2016-07-20,,unclassified,,none,,none,not_assessed,none,,newgamess,37,,0,none,,ready,1.0.0
www.kongregate.com/games/orbitgametech/polar-pwnd-2,Polar PWND 2,Orbitgametech,http://www.kongregate.com/games/Orbitgametech/polar-pwnd-2,6,1,2010-11-13,2010-11-13,,unclassified,,none,,none,not_assessed,none,,orbitgametech,1,,0,none,,ready,1.0.0
www.kongregate.com/games/1207732597/quang,quang,1207732597,http://www.kongregate.com/games/1207732597/quang,6,1,2016-06-22,2016-06-22,,unclassified,,none,,none,not_assessed,none,,1207732597,2,,0,none,,ready,1.0.0
www.kongregate.com/games/terra0nova/quotidian,Quotidian,terra0nova,http://www.kongregate.com/games/terra0nova/quotidian,6,1,2016-02-02,2016-02-02,,unclassified,,none,,none,not_assessed,none,,terra0nova,2,,0,none,,ready,1.0.0
www.kongregate.com/games/ryanupinhere/ragtag,Ragtag,Ryanupinhere,http://www.kongregate.com/games/Ryanupinhere/ragtag,6,1,2014-12-02,2014-12-02,,unclassified,,none,,none,not_assessed,none,,ryanupinhere,1,,0,none,,ready,1.0.0
www.kongregate.com/games/klatu/replica,Replica,Klatu,http://www.kongregate.com/games/Klatu/replica,6,1,2016-08-05,2016-08-05,,unclassified,,none,,none,not_assessed,none,,klatu,2,,0,none,,ready,1.0.0
www.kongregate.com/games/games2rule/rio-match-up,Rio Match Up,games2rule,http://www.kongregate.com/games/games2rule/rio-match-up,6,1,2011-04-16,2011-04-16,,unclassified,,none,,none,not_assessed,none,,games2rule,21,,0,none,,ready,1.0.0
www.kongregate.com/games/nedrago/robot-clix,Robot Clix,,http://www.kongregate.com/games/Nedrago/robot-clix,6,1,2013-09-30,2013-09-30,,unclassified,,none,,none,not_assessed,none,,unknown,252,,0,none,,ready,1.0.0
www.kongregate.com/games/witegartstudio/romantic-pursuit,Romantic Pursuit,WitegArtStudio,http://www.kongregate.com/games/WitegArtStudio/romantic-pursuit,6,1,2010-11-23,2010-11-23,,unclassified,,none,,none,not_assessed,none,,witegartstudio,1,,0,none,,ready,1.0.0
www.kongregate.com/games/sincitysaint/roofrunner-x,ROOFRUNNER X,Sincitysaint,http://www.kongregate.com/games/Sincitysaint/roofrunner-x,6,1,2017-10-08,2017-10-08,,unclassified,,none,,none,not_assessed,none,,sincitysaint,1,,0,none,,ready,1.0.0
www.kongregate.com/games/brycesummer/roundabout,Roundabout,BryceSummer,http://www.kongregate.com/games/BryceSummer/roundabout,6,1,2015-09-09,2015-09-09,,unclassified,,none,,none,not_assessed,none,,brycesummer,1,,0,none,,ready,1.0.0
www.kongregate.com/games/titanty/ruku-the-wiz,Ruku The Wiz,titanty,http://www.kongregate.com/games/titanty/ruku-the-wiz,6,1,2011-07-17,2011-07-17,,unclassified,,none,,none,not_assessed,none,,titanty,1,,0,none,,ready,1.0.0
www.kongregate.com/games/mryayak/run-hikari-run,Run Hikari Run,MrYayak,http://www.kongregate.com/games/MrYayak/run-hikari-run,6,1,2014-08-22,2014-08-22,,unclassified,,none,,none,not_assessed,none,,mryayak,1,,0,none,,ready,1.0.0
www.kongregate.com/games/techidwarf/sad-buble-shotter,sad Buble shotter,techidwarf,http://www.kongregate.com/games/techidwarf/sad-buble-shotter,6,1,2016-03-20,2016-03-20,,unclassified,,none,,none,not_assessed,none,,techidwarf,1,,0,none,,ready,1.0.0
www.kongregate.com/games/altorias/scope-pro-alpha,Scope Pro Alpha,,http://www.kongregate.com/games/altorias/scope-pro-alpha,6,1,2014-08-15,2014-08-15,,unclassified,,none,,none,not_assessed,none,,unknown,252,,0,none,,ready,1.0.0
www.kongregate.com/games/toomuchmoe/sdfsdfsdf,sdfsdfsdf,,http://www.kongregate.com/games/ToomuchMoe/sdfsdfsdf,6,1,2014-06-27,2014-06-27,,unclassified,,none,,none,not_assessed,none,,unknown,252,,0,none,,ready,1.0.0
www.kongregate.com/games/phacanu/seasonal-farming,Seasonal Farming,phacanu,http://www.kongregate.com/games/phacanu/seasonal-farming,6,1,2017-08-25,2017-08-25,,unclassified,,none,,none,not_assessed,none,,phacanu,2,,0,none,,ready,1.0.0
www.kongregate.com/games/enagamess/secret-cave-escape,Secret Cave Escape,Enagamess,http://www.kongregate.com/games/Enagamess/secret-cave-escape,6,1,2014-09-02,2014-09-02,,escape_room,escape_room,medium_title_signal,,none,not_assessed,none,,enagamess,68,,0,medium,title_signal:escape_room,review_title_inference,1.0.0
www.kongregate.com/games/nickbobjr/shoot-mr-c,Shoot Mr C,NickBobJr,http://www.kongregate.com/games/NickBobJr/shoot-mr-c,6,1,2016-02-17,2016-02-17,,unclassified,,none,,none,not_assessed,none,,nickbobjr,1,,0,none,,ready,1.0.0
www.kongregate.com/games/galaxymika/sir-killer,Sir. Killer,galaxymika,http://www.kongregate.com/games/galaxymika/sir-killer,6,1,2014-09-19,2014-09-19,,unclassified,,none,,none,not_assessed,none,,galaxymika,2,,0,none,,ready,1.0.0
www.kongregate.com/games/drinkadriu/slow-mustache,Slow Mustache,DrinKadriu,http://www.kongregate.com/games/DrinKadriu/slow-mustache,6,1,2015-09-15,2015-09-15,,unclassified,,none,,none,not_assessed,none,,drinkadriu,1,,0,none,,ready,1.0.0
www.kongregate.com/games/sevencolorsapps/snake-cuby,Snake Cuby,sevencolorsapps,http://www.kongregate.com/games/sevencolorsapps/snake-cuby,6,1,2016-10-04,2016-10-04,,unclassified,,none,,none,not_assessed,none,,sevencolorsapps,1,,0,none,,ready,1.0.0
www.kongregate.com/games/towaoffkranuh/solek-adventure-in-green-lime-land,Solek adventure in green lime land,TowaOffKranuh,http://www.kongregate.com/games/TowaOffKranuh/solek-adventure-in-green-lime-land,6,1,2016-07-14,2016-07-14,,unclassified,,none,,none,not_assessed,none,,towaoffkranuh,1,,0,none,,ready,1.0.0
www.kongregate.com/games/ncderst/space-conqueror2,Space Conqueror2,,http://www.kongregate.com/games/NCderst/space-conqueror2,6,1,2014-08-01,2014-08-01,,unclassified,,none,,none,not_assessed,none,,unknown,252,,0,none,,ready,1.0.0
www.kongregate.com/games/spectr_006/space-flash,Space Flash,spectr_006,http://www.kongregate.com/games/spectr_006/space-flash,6,1,2014-09-12,2014-09-12,,unclassified,,none,,none,not_assessed,none,,spectr-006,1,,0,none,,ready,1.0.0
www.kongregate.com/games/onlyoneli/space-war,space war,onlyoneli,http://www.kongregate.com/games/onlyoneli/space-war,6,1,2016-01-16,2016-01-16,,unclassified,,none,,none,not_assessed,none,,onlyoneli,1,,0,none,,ready,1.0.0
www.kongregate.com/games/ringbearer31/space-the-video-game,Space! the video game,ringbearer31,http://www.kongregate.com/games/ringbearer31/space-the-video-game,6,1,2011-06-26,2011-06-26,,unclassified,,none,,none,not_assessed,none,,ringbearer31,1,,0,none,,ready,1.0.0
www.kongregate.com/games/brewis_dark/stealth-master-game-created-for-college-assignment,Stealth Master (Game created for college Assignment),brewis_dark,http://www.kongregate.com/games/brewis_dark/stealth-master-game-created-for-college-assignment,6,1,2016-03-07,2016-03-07,,unclassified,,none,,none,not_assessed,none,,brewis-dark,1,,0,none,,ready,1.0.0
www.kongregate.com/games/markusolo/street-battle,street battle,,http://www.kongregate.com/games/markusolo/street-battle,6,1,2014-06-13,2014-06-13,,unclassified,,none,,none,not_assessed,none,,unknown,252,,0,none,,ready,1.0.0
www.kongregate.com/games/bulletstorm100/super-mario-crossover,super mario crossover,,http://www.kongregate.com/games/bulletstorm100/super-mario-crossover,6,1,2014-06-06,2014-06-06,,unclassified,,none,,none,not_assessed,none,,unknown,252,,0,none,,ready,1.0.0
www.kongregate.com/games/flowlab/super-monkey-adventure,Super Monkey Adventure,flowlab,http://www.kongregate.com/games/flowlab/super-monkey-adventure,6,1,2016-05-15,2016-05-15,,unclassified,,none,,none,not_assessed,none,,flowlab,3,,0,none,,ready,1.0.0
www.kongregate.com/games/kuma360/swing-game,swing game,kuma360,http://www.kongregate.com/games/kuma360/swing-game,6,1,2011-03-23,2011-03-23,,unclassified,,none,,none,not_assessed,none,,kuma360,1,,0,none,,ready,1.0.0
www.kongregate.com/games/hexwyler/tami-heavy-industries-demo,TAMI Heavy Industries DEMO,,http://www.kongregate.com/games/HexWyler/tami-heavy-industries-demo,6,1,2014-07-04,2014-07-04,,unclassified,,none,,none,not_assessed,none,,unknown,252,,0,none,,ready,1.0.0
www.kongregate.com/games/mandheer/test-game-1,Test Game 1,mandheer,http://www.kongregate.com/games/mandheer/test-game-1,6,1,2014-09-20,2014-09-20,,unclassified,,none,,none,not_assessed,none,,mandheer,1,,0,none,,ready,1.0.0
www.kongregate.com/games/mateusf29/teste-mark-2,Teste mark 2,MateusF29,http://www.kongregate.com/games/MateusF29/teste-mark-2,6,1,2015-09-30,2015-09-30,,unclassified,,none,,none,not_assessed,none,,mateusf29,2,,0,none,,ready,1.0.0
www.kongregate.com/games/igg_games/texas-holdem-poker-deluxe,Texas HoldEm Poker Deluxe,,http://www.kongregate.com/games/IGG_Games/texas-holdem-poker-deluxe,6,1,2012-11-05,2012-11-05,,unclassified,,none,,none,not_assessed,none,,unknown,252,,0,none,,ready,1.0.0
www.kongregate.com/games/omgnoob191/the-depths-idle,The depths idle,omgnoob191,http://www.kongregate.com/games/omgnoob191/the-depths-idle,6,1,2017-08-11,2017-08-11,,idle_incremental,idle_incremental,medium_title_signal,,none,not_assessed,none,,omgnoob191,4,,0,medium,title_signal:idle_incremental,review_title_inference,1.0.0
www.kongregate.com/games/codemonkey77/the-donald-trump-dating-simulator-from-hell,The Donald Trump Dating Simulator from Hell,Codemonkey77,http://www.kongregate.com/games/Codemonkey77/the-donald-trump-dating-simulator-from-hell,6,1,2016-05-24,2016-05-24,,unclassified,,none,,none,not_assessed,none,,codemonkey77,1,,0,none,,ready,1.0.0
www.kongregate.com/games/josephmoongolf/the-forest-mirror,The Forest Mirror,JosephMoonGolf,http://www.kongregate.com/games/JosephMoonGolf/the-forest-mirror,6,1,2017-06-25,2017-06-25,,unclassified,,none,,none,not_assessed,none,,josephmoongolf,1,,0,none,,ready,1.0.0
www.kongregate.com/games/cooldude1800/the-idle-game,The Idle Game,cooldude1800,http://www.kongregate.com/games/cooldude1800/the-idle-game,6,1,2011-08-13,2011-08-13,,idle_incremental,idle_incremental,medium_title_signal,,none,not_assessed,none,,cooldude1800,1,,0,medium,title_signal:idle_incremental,review_title_inference,1.0.0
www.kongregate.com/games/pokeking50/the-labyrinth-of-the-nameless-bone-dragon,The Labyrinth Of The Nameless Bone Dragon,Pokeking50,http://www.kongregate.com/games/Pokeking50/the-labyrinth-of-the-nameless-bone-dragon,6,1,2014-12-17,2014-12-17,,unclassified,,none,,none,not_assessed,none,,pokeking50,1,,0,none,,ready,1.0.0
www.kongregate.com/games/enagamess/the-locker-bullet-factory,The Locker - Bullet Factory,Enagamess,http://www.kongregate.com/games/Enagamess/the-locker-bullet-factory,6,1,2017-09-20,2017-09-20,,unclassified,,none,,none,not_assessed,none,,enagamess,68,,0,none,,ready,1.0.0
www.kongregate.com/games/crazyescapegames/the-submarine-mystery,The Submarine Mystery,CrazyEscapeGames,http://www.kongregate.com/games/CrazyEscapeGames/the-submarine-mystery,6,1,2017-07-03,2017-07-03,,unclassified,,none,,none,not_assessed,none,,crazyescapegames,6,,0,none,,ready,1.0.0
www.kongregate.com/games/esaffer/the-super-casual-game,The Super Casual Game,esaffer,http://www.kongregate.com/games/esaffer/the-super-casual-game,6,1,2016-03-16,2016-03-16,,unclassified,,none,,none,not_assessed,none,,esaffer,1,,0,none,,ready,1.0.0
www.kongregate.com/games/thegamefather/the-swordman,The Swordman,TheGameFather,http://www.kongregate.com/games/TheGameFather/the-swordman,6,1,2014-08-26,2014-08-26,,unclassified,,none,,none,not_assessed,none,,thegamefather,1,,0,none,,ready,1.0.0
www.kongregate.com/games/maowee/this-is-the-absolute-best-game-in-kongregate-history-and-you-will-not-regret-clicking-that-play-button-ever-in-your-entire-life-i-like-pie,"This is the ABSOLUTE best game in Kongregate history and you will not regret clicking that play button ever in your entire life, i like pie",MaoWEE,http://www.kongregate.com/games/MaoWEE/this-is-the-absolute-best-game-in-kongregate-history-and-you-will-not-regret-clicking-that-play-button-ever-in-your-entire-life-i-like-pie,6,1,2014-11-25,2014-11-25,,unclassified,,none,,none,not_assessed,none,,maowee,1,,0,none,,ready,1.0.0
www.kongregate.com/games/rozorinc/timmy-drug-addict,Timmy : Drug addict.,RozorInc,http://www.kongregate.com/games/RozorInc/timmy-drug-addict,6,1,2010-10-13,2010-10-13,,unclassified,,none,,none,not_assessed,none,,rozorinc,1,,0,none,,ready,1.0.0
www.kongregate.com/games/kasmilus/tir,Tir,Kasmilus,http://www.kongregate.com/games/Kasmilus/tir,6,1,2016-06-04,2016-06-04,,unclassified,,none,,none,not_assessed,none,,kasmilus,1,,0,none,,ready,1.0.0
www.kongregate.com/games/grisegames/tori-energy-factory,Tori Energy Factory,GriseGames,http://www.kongregate.com/games/GriseGames/tori-energy-factory,6,1,2016-06-13,2016-06-13,,unclassified,,none,,none,not_assessed,none,,grisegames,1,,0,none,,ready,1.0.0
www.kongregate.com/games/jmhall2999/traction-care-and-fight-working-edition,traction care and figh...,jmhall2999,http://www.kongregate.com/games/jmhall2999/traction-care-and-fight-working-edition,6,1,2011-04-09,2011-04-09,,unclassified,,none,,none,not_assessed,none,,jmhall2999,1,,0,none,,ready,1.0.0
www.kongregate.com/games/coolappsgame/trap-the-cat,Trap The Cat,,http://www.kongregate.com/games/coolappsgame/trap-the-cat,6,1,2014-07-30,2014-07-30,,unclassified,,none,,none,not_assessed,none,,unknown,252,,0,none,,ready,1.0.0
www.kongregate.com/games/enagamess/treasure-recovery-from-island,Treasure Recovery From Island,Enagamess,http://www.kongregate.com/games/Enagamess/treasure-recovery-from-island,6,1,2015-12-26,2015-12-26,,unclassified,,none,,none,not_assessed,none,,enagamess,68,,0,none,,ready,1.0.0
www.kongregate.com/games/8bgames/try-this-room-escape,Try This Room Escape,8bgames,http://www.kongregate.com/games/8bgames/try-this-room-escape,6,1,2017-09-30,2017-09-30,,escape_room,escape_room,medium_title_signal,,none,not_assessed,none,,8bgames,2,,0,medium,title_signal:escape_room,review_title_inference,1.0.0
www.kongregate.com/games/nsrgames/twist-escape-4,Twist Escape 4,Nsrgames,http://www.kongregate.com/games/Nsrgames/twist-escape-4,6,1,2017-08-17,2017-08-17,,escape_room,escape_room,medium_title_signal,,none,not_assessed,none,,nsrgames,10,nsrgames:twist-escape,2,medium,title_signal:escape_room; same_developer_series_stem,review_title_inference,1.0.0
www.kongregate.com/games/chasegames/twisting-puzzle-christmas,Twisting Puzzle Christmas,chasegames,http://www.kongregate.com/games/chasegames/twisting-puzzle-christmas,6,1,2010-12-23,2010-12-23,,unclassified,,none,,none,not_assessed,none,,chasegames,1,,0,none,,ready,1.0.0
www.kongregate.com/games/killerexis/ultimate-doodle-man,Ultimate doodle man,KillerExis,http://www.kongregate.com/games/KillerExis/ultimate-doodle-man,6,1,2011-07-21,2011-07-20,,unclassified,,none,,none,not_assessed,none,,killerexis,1,,0,none,,ready,1.0.0
www.kongregate.com/games/suvroz/wheel-o-win,Wheel o win,,http://www.kongregate.com/games/suvroz/wheel-o-win,6,1,2014-07-26,2014-07-26,,unclassified,,none,,none,not_assessed,none,,unknown,252,,0,none,,ready,1.0.0
www.kongregate.com/games/thebartyparty/wills-quest-for-cheese,Will's Quest For Cheese,thebartyparty,http://www.kongregate.com/games/thebartyparty/wills-quest-for-cheese,6,1,2016-10-18,2016-10-18,,unclassified,,none,,none,not_assessed,none,,thebartyparty,1,,0,none,,ready,1.0.0
www.kongregate.com/games/wilsonestrada/wilson-estrda-lovecraft-en-penumbras-vr-0-1,Wilson estrda - Lovecraft en Penumbras Vr 0.1,WilsonEstrada,http://www.kongregate.com/games/WilsonEstrada/wilson-estrda-lovecraft-en-penumbras-vr-0-1,6,1,2017-05-05,2017-05-05,,unclassified,,none,,none,not_assessed,none,,wilsonestrada,1,,0,none,,ready,1.0.0
www.kongregate.com/games/danshockgames/word-puzzle,Word Puzzle,,http://www.kongregate.com/games/danshockgames/word-puzzle,6,1,2013-04-11,2013-04-11,,unclassified,,none,,none,not_assessed,none,,unknown,252,,0,none,,ready,1.0.0
www.kongregate.com/games/5tea/xiao-4,Xiao 4,5tea,http://www.kongregate.com/games/5tea/xiao-4,6,1,2011-08-09,2011-08-09,,unclassified,,none,,none,not_assessed,none,,5tea,3,,0,none,,ready,1.0.0
www.kongregate.com/games/theronk71/zombie-kentaur-2,Zombie Kentaur 2,TheronK71,http://www.kongregate.com/games/TheronK71/zombie-kentaur-2,6,1,2016-05-06,2016-05-06,,unclassified,,none,,none,not_assessed,none,,theronk71,1,,0,none,,ready,1.0.0
www.kongregate.com/games/bigheadlc/zombie-racers-score-attack,Zombie Racers Score At...,bigheadlc,http://www.kongregate.com/games/bigheadlc/zombie-racers-score-attack,6,1,2010-10-18,2010-10-18,,unclassified,,none,,none,not_assessed,none,,bigheadlc,1,,0,none,,ready,1.0.0
www.kongregate.com/games/splitscreengames/dino-storm,Dino Storm,SplitscreenGames,https://www.kongregate.com/games/SplitscreenGames/dino-storm,7,109,2015-02-15,2015-02-15,action; adventure,adventure,action; adventure,high_observed_category,,none,not_assessed,none,,splitscreengames,1,,0,high,observed_category:adventure,ready,1.0.0
www.kongregate.com/games/sadpandastudios/blush-blush,Blush Blush,SadPandaStudios,https://www.kongregate.com/games/SadPandaStudios/blush-blush,7,100,2020-11-01,2019-04-04,idle,idle_incremental,idle_incremental,high_observed_category,idle_progression,high_observed_category,not_assessed,none,,sadpandastudios,2,,0,high,observed_category:idle_incremental; observed_category:idle,ready,1.0.0
www.kongregate.com/games/skutteoleg/drunken-wrestlers,Drunken Wrestlers,SkutteOleg,http://www.kongregate.com/games/SkutteOleg/drunken-wrestlers,7,96,2014-08-22,2014-08-22,action,action,action,high_observed_category,,none,not_assessed,none,,skutteoleg,1,,0,high,observed_category:action,ready,1.0.0
www.kongregate.com/games/devolverdigital/broforce,BroForce,DevolverDigital,https://www.kongregate.com/games/DevolverDigital/broforce,7,68,2015-04-24,2015-04-24,action,action,action,high_observed_category,,none,not_assessed,none,,devolverdigital,1,,0,high,observed_category:action,ready,1.0.0
www.kongregate.com/games/venbrux/super-karoshi,Super Karoshi,Venbrux,http://www.kongregate.com/games/Venbrux/super-karoshi,7,60,2014-02-07,2009-06-01,puzzle,puzzle,puzzle,high_observed_category,,none,not_assessed,none,,venbrux,1,,0,high,observed_category:puzzle,ready,1.0.0
www.kongregate.com/games/chomi3/scalak,Scalak,chomi3,https://www.kongregate.com/games/chomi3/scalak,7,54,2019-02-01,2018-05-21,puzzle,puzzle,puzzle,high_observed_category,,none,not_assessed,none,,chomi3,1,,0,high,observed_category:puzzle,ready,1.0.0
www.kongregate.com/games/bunny_engel/super-hot,Super Hot,Bunny_Engel,http://www.kongregate.com/games/Bunny_Engel/super-hot,7,53,2014-11-02,2014-11-02,action,action,action,high_observed_category,,none,not_assessed,none,,bunny-engel,1,,0,high,observed_category:action,ready,1.0.0
www.kongregate.com/games/embair/konkr-io,Konkr.io,Embair,https://www.kongregate.com/en/games/Embair/konkr-io,7,40,2023-07-10,2023-05-01,strategy; strategy-defense,strategy,strategy,high_observed_category,,none,not_assessed,none,,embair,1,,0,high,observed_category:strategy,ready,1.0.0
www.kongregate.com/games/krystman/excit,Excit,Krystman,http://www.kongregate.com/games/Krystman/excit,7,35,2008-02-22,2008-02-22,puzzle,puzzle,puzzle,high_observed_category,,none,not_assessed,none,,krystman,1,,0,high,observed_category:puzzle,ready,1.0.0
www.kongregate.com/games/taccommandeur/hat-wizard-2,Hat Wizard 2,taccommandeur,https://www.kongregate.com/en/games/taccommandeur/hat-wizard-2,7,30,2019-07-02,2018-05-01,action,action,action,high_observed_category,,none,not_assessed,none,,taccommandeur,1,,0,high,observed_category:action,ready,1.0.0
www.kongregate.com/games/armorgames/indestructotank-ae,IndestructoTank! AE,ArmorGames,http://www.kongregate.com/games/ArmorGames/indestructotank-ae,7,30,2008-07-24,2008-07-24,action,action,action,high_observed_category,,none,not_assessed,none,,armorgames,22,,0,high,observed_category:action,ready,1.0.0
www.kongregate.com/games/ivory/storm-the-house-2,Storm the House 2,Ivory,http://www.kongregate.com/games/Ivory/storm-the-house-2,7,28,2008-02-25,2008-02-25,shooter,shooter,shooter,high_observed_category,,none,not_assessed,none,,ivory,5,ivory:storm-the-house,2,high,observed_category:shooter; same_developer_series_stem,ready,1.0.0
www.kongregate.com/games/2darray/just-chatting,Just Chatting,2DArray,http://www.kongregate.com/games/2DArray/just-chatting,7,23,2011-08-04,2008-06-10,idle; more,idle_incremental,idle_incremental; other,high_observed_category,idle_progression,high_observed_category,not_assessed,none,,2darray,2,,0,high,observed_category:idle_incremental; observed_category:idle,ready,1.0.0
www.kongregate.com/games/void/hack-slash-crawl,Hack Slash Crawl,Void,http://www.kongregate.com/games/Void/hack-slash-crawl,7,21,2012-03-22,2012-03-22,adventure,adventure,adventure,high_observed_category,,none,not_assessed,none,,void,2,,0,high,observed_category:adventure,ready,1.0.0
www.kongregate.com/games/tbiz5270/idle-tower-defense,Idle Tower Defense,tbiz5270,https://www.kongregate.com/en/games/tbiz5270/idle-tower-defense,7,21,2017-06-03,2017-04-03,tower-defense,tower_defense,tower_defense,high_observed_category,,none,not_assessed,none,,tbiz5270,2,,0,high,observed_category:tower_defense,ready,1.0.0
www.kongregate.com/games/vitaly/endless-war-3,Endless War 3,Vitaly,http://www.kongregate.com/games/Vitaly/endless-war-3,7,20,2008-08-04,2008-08-04,shooter,shooter,shooter,high_observed_category,,none,not_assessed,none,,vitaly,2,,0,high,observed_category:shooter,ready,1.0.0
www.kongregate.com/games/justin_wang123/rogue-fable-iii,Rogue Fable III,Justin_wang123,https://www.kongregate.com/games/Justin_wang123/rogue-fable-iii,7,19,2018-12-22,2018-11-23,adventure-rpg; adventure,role_playing,adventure; role_playing,high_observed_category,,none,not_assessed,none,,justin-wang123,3,justin-wang123:rogue-fable,3,high,observed_category:role_playing; same_developer_series_stem,ready,1.0.0
www.kongregate.com/games/geronimoapps/dead-land-survival,Dead Land: Survival,GeronimoApps,https://www.kongregate.com/games/GeronimoApps/dead-land-survival,7,18,2020-04-27,2020-02-18,multiplayer,multiplayer,multiplayer,high_observed_category,online_multiplayer,high_observed_category,not_assessed,none,,geronimoapps,1,,0,high,observed_category:multiplayer; observed_category:multiplayer,ready,1.0.0
www.kongregate.com/games/tenfor/the-dark-one,The Dark One,Tenfor,https://www.kongregate.com/games/Tenfor/the-dark-one,7,18,2020-11-03,2019-03-29,adventure-rpg,role_playing,role_playing,high_observed_category,,none,not_assessed,none,,tenfor,2,,0,high,observed_category:role_playing,ready,1.0.0
www.kongregate.com/games/critgame/battle-without-end,Battle without End,CritGame,http://www.kongregate.com/games/CritGame/battle-without-end,7,17,2013-03-07,2013-02-16,idle,idle_incremental,idle_incremental,high_observed_category,idle_progression,high_observed_category,not_assessed,none,,critgame,1,,0,high,observed_category:idle_incremental; observed_category:idle,ready,1.0.0
www.kongregate.com/games/ivory/red,Red,Ivory,http://www.kongregate.com/games/Ivory/red,7,16,2007-05-15,2007-05-15,shooter,shooter,shooter,high_observed_category,,none,not_assessed,none,,ivory,5,,0,high,observed_category:shooter,ready,1.0.0
www.kongregate.com/games/vasantj/medieval-cop-the-invidia-games-part-3,Medieval Cop -The Invidia Games - Part 3,VasantJ,https://www.kongregate.com/en/games/VasantJ/medieval-cop-the-invidia-games-part-3,7,14,2021-04-05,2016-06-28,adventure; adventure-rpg,role_playing,adventure; role_playing,high_observed_category,,none,not_assessed,none,,vasantj,20,,0,high,observed_category:role_playing,ready,1.0.0
www.kongregate.com/games/fliplinestudios/cactus-mccoy-2,Cactus McCoy 2,FliplineStudios,https://www.kongregate.com/games/FliplineStudios/cactus-mccoy-2,7,13,2019-09-28,2011-09-23,action,action,action,high_observed_category,,none,not_assessed,none,,fliplinestudios,5,,0,high,observed_category:action,ready,1.0.0
www.kongregate.com/games/nitrome/faultline,Faultline,Nitrome,http://www.kongregate.com/games/Nitrome/faultline,7,11,2011-05-23,2011-05-23,action,action,action,high_observed_category,,none,not_assessed,none,,nitrome,1,,0,high,observed_category:action,ready,1.0.0
www.kongregate.com/games/kajenx/ether-war,Ether War,Kajenx,http://www.kongregate.com/games/Kajenx/ether-war,7,10,2008-10-02,2008-10-02,shooter,shooter,shooter,high_observed_category,,none,not_assessed,none,,kajenx,2,,0,high,observed_category:shooter,ready,1.0.0
www.kongregate.com/games/evgenykarataev/splitter,Splitter,EvgenyKarataev,http://www.kongregate.com/games/EvgenyKarataev/splitter,7,10,2008-11-02,2008-11-02,puzzle,puzzle,puzzle,high_observed_category,,none,not_assessed,none,,evgenykarataev,1,,0,high,observed_category:puzzle,ready,1.0.0
www.kongregate.com/games/noanoa/elona-shooter,Elona Shooter,noanoa,http://www.kongregate.com/games/noanoa/elona-shooter,7,9,2010-07-29,2010-07-29,shooter,shooter,shooter,high_observed_category,,none,not_assessed,none,,noanoa,1,,0,high,observed_category:shooter,ready,1.0.0
www.kongregate.com/games/rhminteractive/soccer-random,Soccer Random,rhminteractive,https://www.kongregate.com/games/rhminteractive/soccer-random,7,8,2024-04-01,2023-04-11,sports-racing,sports_racing,sports_racing,high_observed_category,,none,not_assessed,none,,rhminteractive,2,,0,high,observed_category:sports_racing,ready,1.0.0
www.kongregate.com/games/armegalo/wrath-ii,Wrath II,Armegalo,http://www.kongregate.com/games/Armegalo/wrath-ii,7,8,2011-08-11,2011-08-11,,unclassified,,none,,none,not_assessed,none,,armegalo,3,,0,none,,ready,1.0.0
www.kongregate.com/games/armorgames/achievement-unlocked,Achievement Unlocked,ArmorGames,http://www.kongregate.com/games/ArmorGames/achievement-unlocked,7,7,2009-03-02,2009-03-02,puzzle,puzzle,puzzle,high_observed_category,,none,not_assessed,none,,armorgames,22,armorgames:achievement-unlocked,3,high,observed_category:puzzle; same_developer_series_stem,ready,1.0.0
www.kongregate.com/games/oultrox/cubito-mayhem,Cubito Mayhem,oultrox,https://www.kongregate.com/games/oultrox/cubito-mayhem,7,5,2020-12-10,2020-12-10,shooter,shooter,shooter,high_observed_category,,none,not_assessed,none,,oultrox,1,,0,high,observed_category:shooter,ready,1.0.0
www.kongregate.com/games/hevipelle/antimatter-dimensions,Antimatter Dimensions,Hevipelle,http://www.kongregate.com/games/Hevipelle/antimatter-dimensions,7,4,2017-08-25,2017-08-25,,unclassified,,none,,none,not_assessed,none,,hevipelle,1,,0,none,,ready,1.0.0
www.kongregate.com/games/filipe_sheepwolf/dj-sheepwolf-mixer-4,Dj Sheepwolf Mixer 4,,https://www.kongregate.com/en/games/Filipe_Sheepwolf/dj-sheepwolf-mixer-4,7,4,2026-07-01,2012-05-31,more,other,other,high_observed_category,,none,not_assessed,none,,unknown,252,,0,high,observed_category:other,ready,1.0.0
www.kongregate.com/games/llgd/gospace,GOSPACE,LLGD,https://www.kongregate.com/games/LLGD/gospace,7,4,2020-02-26,2020-02-26,shooter,shooter,shooter,high_observed_category,,none,not_assessed,none,,llgd,1,,0,high,observed_category:shooter,ready,1.0.0
www.kongregate.com/games/ubisoftbluebyte/might-magic-heroes-online,Might & Magic Heroes Online,,https://www.kongregate.com/en/games/UbisoftBlueByte/might-magic-heroes-online,7,4,2026-07-01,2015-04-03,mmo,role_playing,role_playing,high_observed_category,massively_multiplayer,high_observed_category,not_assessed,none,,unknown,252,,0,high,observed_category:role_playing; observed_category:mmo,ready,1.0.0
www.kongregate.com/games/turbonuke/cyclomaniacs-2,CycloManiacs 2,turboNuke,https://www.kongregate.com/games/turboNuke/cyclomaniacs-2,7,3,2018-02-23,2018-02-23,sports-racing,sports_racing,sports_racing,high_observed_category,,none,not_assessed,none,,turbonuke,3,,0,high,observed_category:sports_racing,ready,1.0.0
www.kongregate.com/games/sandrakim/my-vampire-sweetheart,My Vampire Sweetheart,SandraKim,http://www.kongregate.com/games/SandraKim/my-vampire-sweetheart,7,2,2014-10-17,2014-10-17,,unclassified,,none,,none,not_assessed,none,,sandrakim,31,,0,none,,ready,1.0.0
www.kongregate.com/games/cmann/the-torture-game-2,The Torture Game 2,cmann,https://www.kongregate.com/games/cmann/the-torture-game-2,7,2,2020-10-05,2020-10-05,more,other,other,high_observed_category,,none,not_assessed,none,,cmann,2,,0,high,observed_category:other,ready,1.0.0
www.kongregate.com/games/jaymeetee/10-second-game-v2-0,10 Second Game V2.0,JAYMEETEE,http://www.kongregate.com/games/JAYMEETEE/10-second-game-v2-0,7,1,2011-03-23,2011-03-23,,unclassified,,none,,none,not_assessed,none,,jaymeetee,1,,0,none,,ready,1.0.0
www.kongregate.com/games/oyunlaroynama/3d-police-car-driver-simulator,3D Police Car Driver Simulator,oyunlaroynama,http://www.kongregate.com/games/oyunlaroynama/3d-police-car-driver-simulator,7,1,2014-10-13,2014-10-13,,unclassified,,none,,none,not_assessed,none,,oyunlaroynama,2,,0,none,,ready,1.0.0
www.kongregate.com/games/jackf194/age-of-pixels-rome-1,Age of Pixels - Rome 1,JackF194,http://www.kongregate.com/games/JackF194/age-of-pixels-rome-1,7,1,2014-09-26,2014-09-26,,unclassified,,none,,none,not_assessed,none,,jackf194,1,,0,none,,ready,1.0.0
www.kongregate.com/games/wolfhack/alien-invasion,Alien Invasion,WolfHack,http://www.kongregate.com/games/WolfHack/alien-invasion,7,1,2011-07-13,2011-07-13,,unclassified,,none,,none,not_assessed,none,,wolfhack,1,,0,none,,ready,1.0.0
www.kongregate.com/games/gamebazar99/aliens-ufo-shooter,aliens ufo shooter,gamebazar99,http://www.kongregate.com/games/gamebazar99/aliens-ufo-shooter,7,1,2016-09-17,2016-09-17,,unclassified,,none,,none,not_assessed,none,,gamebazar99,2,,0,none,,ready,1.0.0
www.kongregate.com/games/amgelescape/amgel-easy-room-escape-1,Amgel Easy Room Escape 1,amgelescape,https://www.kongregate.com/games/amgelescape/amgel-easy-room-escape-1,7,1,2019-08-25,2019-08-25,,escape_room,escape_room,medium_title_signal,,none,not_assessed,none,,amgelescape,2,,0,medium,title_signal:escape_room,review_title_inference,1.0.0
www.kongregate.com/games/hibiscus070133/angry-birds-rebuilding-warrior,Angry Birds Rebuilding Warrior,hibiscus070133,http://www.kongregate.com/games/hibiscus070133/angry-birds-rebuilding-warrior,7,1,2014-09-12,2014-09-12,,unclassified,,none,,none,not_assessed,none,,hibiscus070133,4,,0,none,,ready,1.0.0
www.kongregate.com/games/stronglime/are-cats-wonderfull,Are Cats Wonderfull?,Stronglime,http://www.kongregate.com/games/Stronglime/are-cats-wonderfull,7,1,2011-03-15,2011-03-15,,unclassified,,none,,none,not_assessed,none,,stronglime,1,,0,none,,ready,1.0.0
www.kongregate.com/games/ivamorlor/arkade-demo,ARKADE demo,Ivamorlor,http://www.kongregate.com/games/Ivamorlor/arkade-demo,7,1,2016-10-24,2016-10-24,,unclassified,,none,,none,not_assessed,none,,ivamorlor,1,,0,none,,ready,1.0.0
www.kongregate.com/games/niklec/baby-daisy-new-year-party,Baby Daisy New Year Party,niklec,http://www.kongregate.com/games/niklec/baby-daisy-new-year-party,7,1,2014-12-30,2014-12-30,,unclassified,,none,,none,not_assessed,none,,niklec,2,,0,none,,ready,1.0.0
www.kongregate.com/games/woutfontane/back2base,Back2Base,Woutfontane,http://www.kongregate.com/games/Woutfontane/back2base,7,1,2015-09-15,2015-09-15,,unclassified,,none,,none,not_assessed,none,,woutfontane,1,,0,none,,ready,1.0.0
www.kongregate.com/games/404hx/bad-cat,bad cat,404HX,http://www.kongregate.com/games/404HX/bad-cat,7,1,2011-03-08,2011-03-08,,unclassified,,none,,none,not_assessed,none,,404hx,1,,0,none,,ready,1.0.0
www.kongregate.com/games/mafagames/ball-in-the-cup,Ball In The Cup,mafagames,http://www.kongregate.com/games/mafagames/ball-in-the-cup,7,1,2017-07-12,2017-07-12,,unclassified,,none,,none,not_assessed,none,,mafagames,41,,0,none,,ready,1.0.0
www.kongregate.com/games/majormilizii/baskethead-breakneck,Baskethead breakneck,MajorMilizii,http://www.kongregate.com/games/MajorMilizii/baskethead-breakneck,7,1,2011-08-01,2011-08-01,,unclassified,,none,,none,not_assessed,none,,majormilizii,1,,0,none,,ready,1.0.0
www.kongregate.com/games/matheusbr0/beat-grey-wolfs,Beat Grey Wolfs,Matheusbr0,http://www.kongregate.com/games/Matheusbr0/beat-grey-wolfs,7,1,2011-06-05,2011-06-05,,unclassified,,none,,none,not_assessed,none,,matheusbr0,1,,0,none,,ready,1.0.0
www.kongregate.com/games/mytoongames/ben10-heatblast-saviour,Ben10 Heatblast saviour,mytoongames,http://www.kongregate.com/games/mytoongames/ben10-heatblast-saviour,7,1,2014-11-11,2014-11-11,,unclassified,,none,,none,not_assessed,none,,mytoongames,1,,0,none,,ready,1.0.0
www.kongregate.com/games/llamaware/biceps-clicker,Biceps Clicker,llamaware,http://www.kongregate.com/games/llamaware/biceps-clicker,7,1,2017-05-26,2017-05-26,,idle_incremental,idle_incremental,medium_title_signal,,none,not_assessed,none,,llamaware,1,,0,medium,title_signal:idle_incremental,review_title_inference,1.0.0
www.kongregate.com/games/nicecoolguy0/black-night,Black Night,Nicecoolguy0,http://www.kongregate.com/games/Nicecoolguy0/black-night,7,1,2017-08-25,2017-08-25,,unclassified,,none,,none,not_assessed,none,,nicecoolguy0,1,,0,none,,ready,1.0.0
www.kongregate.com/games/d0minat0rz/blackjack-21,BlackJack (21),D0MiNAT0RZ,http://www.kongregate.com/games/D0MiNAT0RZ/blackjack-21,7,1,2016-02-17,2016-02-17,,unclassified,,none,,none,not_assessed,none,,d0minat0rz,1,,0,none,,ready,1.0.0
www.kongregate.com/games/ziketus786/bomberman,bomberman,ziketus786,http://www.kongregate.com/games/ziketus786/bomberman,7,1,2016-01-25,2016-01-25,,unclassified,,none,,none,not_assessed,none,,ziketus786,1,,0,none,,ready,1.0.0
www.kongregate.com/games/games2rule/brainy-buzz,Brainy Buzz,games2rule,http://www.kongregate.com/games/games2rule/brainy-buzz,7,1,2011-06-18,2011-06-18,,unclassified,,none,,none,not_assessed,none,,games2rule,21,,0,none,,ready,1.0.0
www.kongregate.com/games/dressupkiss/bratz-in-venice,Bratz in Venice,dressupkiss,http://www.kongregate.com/games/dressupkiss/bratz-in-venice,7,1,2011-03-29,2011-03-29,,unclassified,,none,,none,not_assessed,none,,dressupkiss,3,,0,none,,ready,1.0.0
www.kongregate.com/games/oyunlar1com/bricks-and-minions,Bricks and Minions,,http://www.kongregate.com/games/oyunlar1com/bricks-and-minions,7,1,2014-06-06,2014-06-06,,unclassified,,none,,none,not_assessed,none,,unknown,252,,0,none,,ready,1.0.0
www.kongregate.com/games/pulisprogramming/button-clicker-2,Button Clicker 2,PulisProgramming,http://www.kongregate.com/games/PulisProgramming/button-clicker-2,7,1,2014-10-18,2014-10-18,,idle_incremental,idle_incremental,medium_title_signal,,none,not_assessed,none,,pulisprogramming,2,,0,medium,title_signal:idle_incremental,review_title_inference,1.0.0
www.kongregate.com/games/newgamess/captain-america,Captain America,newgamess,http://www.kongregate.com/games/newgamess/captain-america,7,1,2016-03-16,2016-03-16,,unclassified,,none,,none,not_assessed,none,,newgamess,37,,0,none,,ready,1.0.0
www.kongregate.com/games/freeworldgroup/cargomaster-2,CargoMaster 2,FreeWorldGroup,http://www.kongregate.com/games/FreeWorldGroup/cargomaster-2,7,1,2011-04-09,2011-04-09,,unclassified,,none,,none,not_assessed,none,,freeworldgroup,6,,0,none,,ready,1.0.0
www.kongregate.com/games/flowlab/caverns-of-delirium,Caverns of Delirium,flowlab,http://www.kongregate.com/games/flowlab/caverns-of-delirium,7,1,2016-05-15,2016-05-15,,unclassified,,none,,none,not_assessed,none,,flowlab,3,,0,none,,ready,1.0.0
www.kongregate.com/games/deesus/checkers,Checkers,deesus,http://www.kongregate.com/games/deesus/checkers,7,1,2011-04-12,2011-04-12,,unclassified,,none,,none,not_assessed,none,,deesus,3,,0,none,,ready,1.0.0
www.kongregate.com/games/fjellbyte/chopterfury,Chopterfury,Fjellbyte,http://www.kongregate.com/games/Fjellbyte/chopterfury,7,1,2016-03-05,2016-03-05,,unclassified,,none,,none,not_assessed,none,,fjellbyte,1,,0,none,,ready,1.0.0
www.kongregate.com/games/yvolcano4/cloaked,Cloaked,yvolcano4,http://www.kongregate.com/games/yvolcano4/cloaked,7,1,2017-08-11,2017-08-11,,unclassified,,none,,none,not_assessed,none,,yvolcano4,4,,0,none,,ready,1.0.0
www.kongregate.com/games/omgnoob191/color-number-figure,Color Number Figure,omgnoob191,http://www.kongregate.com/games/omgnoob191/color-number-figure,7,1,2016-08-13,2016-08-13,,unclassified,,none,,none,not_assessed,none,,omgnoob191,4,,0,none,,ready,1.0.0
www.kongregate.com/games/nci1/darkness-below,Darkness Below,NCI1,http://www.kongregate.com/games/NCI1/darkness-below,7,1,2016-07-07,2016-07-07,,unclassified,,none,,none,not_assessed,none,,nci1,2,,0,none,,ready,1.0.0
www.kongregate.com/games/tdmmcstudios/dead-world,Dead World,TDMMCStudios,http://www.kongregate.com/games/TDMMCStudios/dead-world,7,1,2017-06-25,2017-06-25,,unclassified,,none,,none,not_assessed,none,,tdmmcstudios,1,,0,none,,ready,1.0.0
www.kongregate.com/games/enagamess/desert-treasure-escape,Desert Treasure Escape,Enagamess,http://www.kongregate.com/games/Enagamess/desert-treasure-escape,7,1,2014-09-02,2014-09-02,,escape_room,escape_room,medium_title_signal,,none,not_assessed,none,,enagamess,68,,0,medium,title_signal:escape_room,review_title_inference,1.0.0
www.kongregate.com/games/win1game/diamond-twist,Diamond Twist,win1game,http://www.kongregate.com/games/win1game/diamond-twist,7,1,2014-08-29,2014-08-29,,unclassified,,none,,none,not_assessed,none,,win1game,3,,0,none,,ready,1.0.0
www.kongregate.com/games/nocturnestudio/dice-adventure,Dice Adventure,NocturneStudio,http://www.kongregate.com/games/NocturneStudio/dice-adventure,7,1,2014-10-09,2014-10-09,,unclassified,,none,,none,not_assessed,none,,nocturnestudio,1,,0,none,,ready,1.0.0
www.kongregate.com/games/ciobeni/double-jump,Double Jump,ciobeni,http://www.kongregate.com/games/ciobeni/double-jump,7,1,2016-10-30,2016-10-30,,unclassified,,none,,none,not_assessed,none,,ciobeni,2,,0,none,,ready,1.0.0
www.kongregate.com/games/mobiltr/dragon-dash,Dragon Dash,mobilTR,http://www.kongregate.com/games/mobilTR/dragon-dash,7,1,2017-11-06,2017-11-06,,unclassified,,none,,none,not_assessed,none,,mobiltr,4,,0,none,,ready,1.0.0
www.kongregate.com/games/missionmmorpg/dreams-defender,Dreams defender,MissionMmorpg,http://www.kongregate.com/games/MissionMmorpg/dreams-defender,7,1,2017-08-05,2017-08-05,,unclassified,,none,,none,not_assessed,none,,missionmmorpg,1,,0,none,,ready,1.0.0
www.kongregate.com/games/ghimp/dress-em-up-v-1,Dress Em Up V.-1,ghimp,http://www.kongregate.com/games/ghimp/dress-em-up-v-1,7,1,2011-07-10,2011-07-10,,unclassified,,none,,none,not_assessed,none,,ghimp,1,,0,none,,ready,1.0.0
www.kongregate.com/games/games2rule/dual-kiss,Dual Kiss,games2rule,http://www.kongregate.com/games/games2rule/dual-kiss,7,1,2011-04-16,2011-04-16,,unclassified,,none,,none,not_assessed,none,,games2rule,21,,0,none,,ready,1.0.0
www.kongregate.com/games/solman02/dynamite-soccer-online,Dynamite Soccer Online,,http://www.kongregate.com/games/solman02/dynamite-soccer-online,7,1,2014-06-27,2014-06-27,,sports_racing,sports_racing,medium_title_signal,,none,not_assessed,none,,unknown,252,,0,medium,title_signal:sports_racing,review_title_inference,1.0.0
www.kongregate.com/games/spoofgames/epic-celeb-brawl-bieber,Epic Celeb Brawl - Bieber,,http://www.kongregate.com/games/spoofgames/epic-celeb-brawl-bieber,7,1,2014-07-04,2014-07-04,,unclassified,,none,,none,not_assessed,none,,unknown,252,,0,none,,ready,1.0.0
www.kongregate.com/games/top10newgames/escape-from-artist-room,Escape From Artist Room,top10newgames,http://www.kongregate.com/games/top10newgames/escape-from-artist-room,7,1,2017-09-30,2017-09-30,,escape_room,escape_room,medium_title_signal,,none,not_assessed,none,,top10newgames,8,,0,medium,title_signal:escape_room,review_title_inference,1.0.0
www.kongregate.com/games/learner102/escape-skull-rise,Escape Skull Rise,learner102,http://www.kongregate.com/games/learner102/escape-skull-rise,7,1,2014-10-31,2014-10-31,,escape_room,escape_room,medium_title_signal,,none,not_assessed,none,,learner102,1,,0,medium,title_signal:escape_room,review_title_inference,1.0.0
www.kongregate.com/games/games2girls/fashion-expert,Fashion Expert,games2girls,http://www.kongregate.com/games/games2girls/fashion-expert,7,1,2011-08-05,2011-08-05,,unclassified,,none,,none,not_assessed,none,,games2girls,4,,0,none,,ready,1.0.0
www.kongregate.com/games/123bee/faster-find-the-numbers,Faster Find the Numbers,123bee,http://www.kongregate.com/games/123bee/faster-find-the-numbers,7,1,2010-12-23,2010-12-23,,unclassified,,none,,none,not_assessed,none,,123bee,2,,0,none,,ready,1.0.0
www.kongregate.com/games/newgamess/faw-truck,Faw Truck,newgamess,http://www.kongregate.com/games/newgamess/faw-truck,7,1,2016-10-10,2016-10-10,,unclassified,,none,,none,not_assessed,none,,newgamess,37,,0,none,,ready,1.0.0
www.kongregate.com/games/flyinghighsecond/fidgetfuck,FidgetFuck,FlyingHighSecond,http://www.kongregate.com/games/FlyingHighSecond/fidgetfuck,7,1,2017-06-04,2017-06-04,,unclassified,,none,,none,not_assessed,none,,flyinghighsecond,1,,0,none,,ready,1.0.0
www.kongregate.com/games/enagamess/find-the-gift-for-best-friend,Find The Gift For Best Friend,Enagamess,http://www.kongregate.com/games/Enagamess/find-the-gift-for-best-friend,7,1,2015-12-26,2015-12-26,,unclassified,,none,,none,not_assessed,none,,enagamess,68,,0,none,,ready,1.0.0
www.kongregate.com/games/indiekiwi/flat-bubble,Flat Bubble,,http://www.kongregate.com/games/indiekiwi/flat-bubble,7,1,2014-08-08,2014-08-08,,unclassified,,none,,none,not_assessed,none,,unknown,252,,0,none,,ready,1.0.0
www.kongregate.com/games/ggfdev/flight-of-the-bee,Flight Of The Bee,ggfdev,http://www.kongregate.com/games/ggfdev/flight-of-the-bee,7,1,2014-11-25,2014-11-25,,unclassified,,none,,none,not_assessed,none,,ggfdev,2,,0,none,,ready,1.0.0
www.kongregate.com/games/01neverest10/flying-balls,Flying Balls,01neverest10,http://www.kongregate.com/games/01neverest10/flying-balls,7,1,2011-07-24,2011-07-24,,unclassified,,none,,none,not_assessed,none,,01neverest10,1,,0,none,,ready,1.0.0
www.kongregate.com/games/som911/flying-castle,Flying Castle,som911,http://www.kongregate.com/games/som911/flying-castle,7,1,2016-09-23,2016-09-23,,unclassified,,none,,none,not_assessed,none,,som911,1,,0,none,,ready,1.0.0
www.kongregate.com/games/thenoob20/forgotten,Forgotten,TheNoob20,http://www.kongregate.com/games/TheNoob20/forgotten,7,1,2016-08-05,2016-08-05,,unclassified,,none,,none,not_assessed,none,,thenoob20,2,,0,none,,ready,1.0.0
www.kongregate.com/games/geosmedia/freaky-math-1-1,Freaky Math 1+1,GeosMedia,http://www.kongregate.com/games/GeosMedia/freaky-math-1-1,7,1,2016-02-02,2016-02-02,,unclassified,,none,,none,not_assessed,none,,geosmedia,3,,0,none,,ready,1.0.0
www.kongregate.com/games/romania356/fruit-game,Fruit Game,romania356,http://www.kongregate.com/games/romania356/fruit-game,7,1,2010-11-08,2010-11-08,,unclassified,,none,,none,not_assessed,none,,romania356,1,,0,none,,ready,1.0.0
www.kongregate.com/games/games2girls/garage-rush,Garage Rush,,http://www.kongregate.com/games/games2girls/garage-rush,7,1,2014-08-01,2014-08-01,,unclassified,,none,,none,not_assessed,none,,unknown,252,,0,none,,ready,1.0.0
www.kongregate.com/games/apache_cd/girl-with-cat,Girl With Cat,apache_cd,http://www.kongregate.com/games/apache_cd/girl-with-cat,7,1,2014-08-26,2014-08-26,,unclassified,,none,,none,not_assessed,none,,apache-cd,1,,0,none,,ready,1.0.0
www.kongregate.com/games/ovioros/green-beret-castle-assault,Green Beret Castle Ass...,ovioros,http://www.kongregate.com/games/ovioros/green-beret-castle-assault,7,1,2011-03-19,2011-03-19,,unclassified,,none,,none,not_assessed,none,,ovioros,1,,0,none,,ready,1.0.0
www.kongregate.com/games/dmaester/guardian-star,Guardian Star,Dmaester,http://www.kongregate.com/games/Dmaester/guardian-star,7,1,2016-06-05,2016-06-05,,unclassified,,none,,none,not_assessed,none,,dmaester,1,,0,none,,ready,1.0.0
www.kongregate.com/games/del9901705_39278/hack-and-slash-rpg-ver1-1,Hack and slash RPG ver1.1,del9901705_39278,http://www.kongregate.com/games/del9901705_39278/hack-and-slash-rpg-ver1-1,7,1,2016-03-20,2016-03-20,,role_playing,role_playing,medium_title_signal,,none,not_assessed,none,,del9901705-39278,2,,0,medium,title_signal:role_playing,review_title_inference,1.0.0
www.kongregate.com/games/gixu/hatman-begins,Hatman Begins,GiXU,http://www.kongregate.com/games/GiXU/hatman-begins,7,1,2011-06-13,2011-06-13,,unclassified,,none,,none,not_assessed,none,,gixu,1,,0,none,,ready,1.0.0
www.kongregate.com/games/myhiddengame/hidden-gnomes-food-land,Hidden Gnomes - Food Land,myhiddengame,http://www.kongregate.com/games/myhiddengame/hidden-gnomes-food-land,7,1,2014-09-20,2014-09-20,,unclassified,,none,,none,not_assessed,none,,myhiddengame,1,,0,none,,ready,1.0.0
www.kongregate.com/games/games2rule/hidden-numbers,Hidden Numbers,games2rule,http://www.kongregate.com/games/games2rule/hidden-numbers,7,1,2009-10-14,2009-10-14,,unclassified,,none,,none,not_assessed,none,,games2rule,21,,0,none,,ready,1.0.0
www.kongregate.com/games/wallofgame/highway-rampage,Highway Rampage,wallofgame,http://www.kongregate.com/games/wallofgame/highway-rampage,7,1,2014-09-26,2014-09-26,,unclassified,,none,,none,not_assessed,none,,wallofgame,2,,0,none,,ready,1.0.0
www.kongregate.com/games/win1game/hobo-run,Hobo Run,,http://www.kongregate.com/games/win1game/hobo-run,7,1,2014-08-04,2014-08-04,,unclassified,,none,,none,not_assessed,none,,unknown,252,,0,none,,ready,1.0.0
www.kongregate.com/games/meganvokal/holout,Holout,,http://www.kongregate.com/games/meganvokal/holout,7,1,2014-08-11,2014-08-11,,unclassified,,none,,none,not_assessed,none,,unknown,252,,0,none,,ready,1.0.0
www.kongregate.com/games/timoteovlapa/house-of-gold-level-1,House of Gold (Level 1),TimoteoVLapa,http://www.kongregate.com/games/TimoteoVLapa/house-of-gold-level-1,7,1,2014-08-22,2014-08-22,,unclassified,,none,,none,not_assessed,none,,timoteovlapa,1,,0,none,,ready,1.0.0
www.kongregate.com/games/natalibt/hummer-puzzle,Hummer Puzzle,natalibt,http://www.kongregate.com/games/natalibt/hummer-puzzle,7,1,2014-12-10,2014-12-10,,unclassified,,none,,none,not_assessed,none,,natalibt,15,,0,none,,ready,1.0.0
www.kongregate.com/games/alex_spilgames/hungry-shapes-2,Hungry Shapes 2,Alex_SpilGames,http://www.kongregate.com/games/Alex_SpilGames/hungry-shapes-2,7,1,2011-02-09,2011-02-09,,unclassified,,none,,none,not_assessed,none,,alex-spilgames,1,,0,none,,ready,1.0.0
www.kongregate.com/games/heroichero/idle-dancing,Idle Dancing,HeroicHero,http://www.kongregate.com/games/HeroicHero/idle-dancing,7,1,2011-02-09,2011-02-09,idle,idle_incremental,idle_incremental,high_observed_category,idle_progression,high_observed_category,not_assessed,none,,heroichero,1,,0,high,observed_category:idle_incremental; observed_category:idle,ready,1.0.0
www.kongregate.com/games/silverfinish/idle-streamer,Idle Streamer,SilverFinish,http://www.kongregate.com/games/SilverFinish/idle-streamer,7,1,2017-10-08,2017-10-08,,idle_incremental,idle_incremental,medium_title_signal,,none,not_assessed,none,,silverfinish,2,silverfinish:idle-streamer,2,medium,title_signal:idle_incremental; same_developer_series_stem,review_title_inference,1.0.0
www.kongregate.com/games/josephw55/idle-td,Idle TD,JosephW55,http://www.kongregate.com/games/JosephW55/idle-td,7,1,2017-05-25,2017-05-25,,idle_incremental,idle_incremental,medium_title_signal,,none,not_assessed,none,,josephw55,1,,0,medium,title_signal:idle_incremental,review_title_inference,1.0.0
www.kongregate.com/games/freakintroll/in-search-of-purpose,In Search Of Purpose,FreakinTroll,http://www.kongregate.com/games/FreakinTroll/in-search-of-purpose,7,1,2015-04-01,2015-04-01,,unclassified,,none,,none,not_assessed,none,,freakintroll,1,,0,none,,ready,1.0.0
www.kongregate.com/games/mofunzone/infinite-monkeys-bending-reality,Infinite Monkeys Bendi...,mofunzone,http://www.kongregate.com/games/mofunzone/infinite-monkeys-bending-reality,7,1,2011-07-21,2011-07-21,,unclassified,,none,,none,not_assessed,none,,mofunzone,1,,0,none,,ready,1.0.0
www.kongregate.com/games/chribbe1/intruded,Intruded,chribbe1,http://www.kongregate.com/games/chribbe1/intruded,7,1,2011-06-26,2011-06-26,,unclassified,,none,,none,not_assessed,none,,chribbe1,1,,0,none,,ready,1.0.0
www.kongregate.com/games/coffeealien/jackal-operation,Jackal Operation,,http://www.kongregate.com/games/CoffeeAlien/jackal-operation,7,1,2013-11-21,2013-11-21,,unclassified,,none,,none,not_assessed,none,,unknown,252,,0,none,,ready,1.0.0
www.kongregate.com/games/rubberrepublic/jackass-t-ballin,Jackass: T-Ballin',rubberrepublic,http://www.kongregate.com/games/rubberrepublic/jackass-t-ballin,7,1,2010-11-23,2010-11-23,,unclassified,,none,,none,not_assessed,none,,rubberrepublic,1,,0,none,,ready,1.0.0
www.kongregate.com/games/friggystudios/juggle-sim,Juggle Sim,FriggyStudios,http://www.kongregate.com/games/FriggyStudios/juggle-sim,7,1,2016-06-29,2016-06-29,,unclassified,,none,,none,not_assessed,none,,friggystudios,1,,0,none,,ready,1.0.0
www.kongregate.com/games/frankp71/jumper,Jumper,FrankP71,http://www.kongregate.com/games/FrankP71/jumper,7,1,2014-10-03,2014-10-03,,unclassified,,none,,none,not_assessed,none,,frankp71,1,,0,none,,ready,1.0.0
www.kongregate.com/games/usmanshams/jumpmambo,JumpMambo,UsmanShams,http://www.kongregate.com/games/UsmanShams/jumpmambo,7,1,2016-09-03,2016-09-03,,unclassified,,none,,none,not_assessed,none,,usmanshams,1,,0,none,,ready,1.0.0
www.kongregate.com/games/marciolevi/jungle-ride-free,Jungle Ride Free,marciolevi,http://www.kongregate.com/games/marciolevi/jungle-ride-free,7,1,2016-09-16,2016-09-16,,unclassified,,none,,none,not_assessed,none,,marciolevi,1,,0,none,,ready,1.0.0
www.kongregate.com/games/argene_t/kaboombot,KaboomBot,argene_t,http://www.kongregate.com/games/argene_t/kaboombot,7,1,2011-03-11,2011-03-11,,unclassified,,none,,none,not_assessed,none,,argene-t,1,,0,none,,ready,1.0.0
www.kongregate.com/games/mikeyblue2/kill-the-red-dot,Kill The Red Dot,mikeyblue2,http://www.kongregate.com/games/mikeyblue2/kill-the-red-dot,7,1,2014-09-14,2014-09-14,,unclassified,,none,,none,not_assessed,none,,mikeyblue2,1,,0,none,,ready,1.0.0
www.kongregate.com/games/kogamadaniel/kogama-mario-2d,KoGaMa | ♣ Mario 2D ♣,KoGaMaDaniel,http://www.kongregate.com/games/KoGaMaDaniel/kogama-mario-2d,7,1,2015-09-14,2015-09-14,,unclassified,,none,,none,not_assessed,none,,kogamadaniel,3,,0,none,,ready,1.0.0
www.kongregate.com/games/dehimer/ladder-cube-free,Ladder Cube Free,dehimer,http://www.kongregate.com/games/dehimer/ladder-cube-free,7,1,2014-10-24,2014-10-24,,unclassified,,none,,none,not_assessed,none,,dehimer,1,,0,none,,ready,1.0.0
www.kongregate.com/games/zlifez/life,Life,zLifez,http://www.kongregate.com/games/zLifez/life,7,1,2011-07-28,2011-07-28,,unclassified,,none,,none,not_assessed,none,,zlifez,1,,0,none,,ready,1.0.0
www.kongregate.com/games/thunderstorm38/litter-monkey,Litter Monkey,thunderstorm38,http://www.kongregate.com/games/thunderstorm38/litter-monkey,7,1,2017-07-28,2017-07-28,,unclassified,,none,,none,not_assessed,none,,thunderstorm38,6,,0,none,,ready,1.0.0
www.kongregate.com/games/maxdangermouse/little-game,Little Game,MaxDangerMouse,http://www.kongregate.com/games/MaxDangerMouse/little-game,7,1,2014-10-04,2014-10-04,,unclassified,,none,,none,not_assessed,none,,maxdangermouse,1,,0,none,,ready,1.0.0
www.kongregate.com/games/oneonlinegames/ludo-king,Ludo King,OneOnlineGames,http://www.kongregate.com/games/OneOnlineGames/ludo-king,7,1,2016-08-20,2016-08-20,,unclassified,,none,,none,not_assessed,none,,oneonlinegames,3,,0,none,,ready,1.0.0
www.kongregate.com/games/fighter106/jungle-balloons-division,Mahjong Battles Egypt,fighter106,http://www.kongregate.com/games/fighter106/jungle-balloons-division,7,1,2021-01-25,2021-01-25,,unclassified,,none,,none,not_assessed,none,,fighter106,2,,0,none,,ready,1.0.0
www.kongregate.com/games/heckubiss/mars-project,Mars project,heckubiss,http://www.kongregate.com/games/heckubiss/mars-project,7,1,2017-10-24,2017-10-24,,unclassified,,none,,none,not_assessed,none,,heckubiss,1,,0,none,,ready,1.0.0
www.kongregate.com/games/cleverapps/mergest-kingdom,Mergest Kingdom,CleverApps,https://www.kongregate.com/games/CleverApps/mergest-kingdom,7,1,2023-02-25,2023-02-25,,unclassified,,none,,none,not_assessed,none,,cleverapps,1,,0,none,,ready,1.0.0
www.kongregate.com/games/asasata/minevoider,Minevoider,asasata,http://www.kongregate.com/games/asasata/minevoider,7,1,2010-10-18,2010-10-18,,unclassified,,none,,none,not_assessed,none,,asasata,1,,0,none,,ready,1.0.0
www.kongregate.com/games/newgamess/mini-j-cooper-jigsaw,Mini J Cooper Jigsaw,newgamess,http://www.kongregate.com/games/newgamess/mini-j-cooper-jigsaw,7,1,2016-05-24,2016-05-24,,unclassified,,none,,none,not_assessed,none,,newgamess,37,,0,none,,ready,1.0.0
www.kongregate.com/games/merklar/missile-defence,Missile Defence,Merklar,http://www.kongregate.com/games/Merklar/missile-defence,7,1,2015-12-05,2015-12-05,,unclassified,,none,,none,not_assessed,none,,merklar,1,,0,none,,ready,1.0.0
www.kongregate.com/games/funtomic/money-movers,Money Movers,Funtomic,http://www.kongregate.com/games/Funtomic/money-movers,7,1,2016-03-07,2016-03-07,,unclassified,,none,,none,not_assessed,none,,funtomic,7,funtomic:money-movers,2,low,same_developer_series_stem,ready,1.0.0
www.kongregate.com/games/enagamess/mountain-city,Mountain City,Enagamess,http://www.kongregate.com/games/Enagamess/mountain-city,7,1,2017-06-15,2017-06-15,,unclassified,,none,,none,not_assessed,none,,enagamess,68,,0,none,,ready,1.0.0
www.kongregate.com/games/exenefevex/my-blocks-fall-up,My blocks fall up,exenefevex,http://www.kongregate.com/games/exenefevex/my-blocks-fall-up,7,1,2011-08-13,2011-08-13,,unclassified,,none,,none,not_assessed,none,,exenefevex,1,,0,none,,ready,1.0.0
www.kongregate.com/games/studiouweii/nekocoffee-express-clicker,NekoCoffee Express Clicker,studiouweii,http://www.kongregate.com/games/studiouweii/nekocoffee-express-clicker,7,1,2017-07-20,2017-07-20,,idle_incremental,idle_incremental,medium_title_signal,,none,not_assessed,none,,studiouweii,1,,0,medium,title_signal:idle_incremental,review_title_inference,1.0.0
www.kongregate.com/games/games2rule/new-year-shopping-dress-up,New Year Shopping Dres...,games2rule,http://www.kongregate.com/games/games2rule/new-year-shopping-dress-up,7,1,2011-12-31,2011-12-31,,unclassified,,none,,none,not_assessed,none,,games2rule,21,,0,none,,ready,1.0.0
www.kongregate.com/games/xopods/oliver-the-basilisks,Oliver & the Basilisks,xopods,http://www.kongregate.com/games/xopods/oliver-the-basilisks,7,1,2010-10-13,2010-10-13,,unclassified,,none,,none,not_assessed,none,,xopods,1,,0,none,,ready,1.0.0
www.kongregate.com/games/nedrago/orc-hunter,Orc Hunter,,http://www.kongregate.com/games/Nedrago/orc-hunter,7,1,2013-09-30,2013-09-30,,unclassified,,none,,none,not_assessed,none,,unknown,252,,0,none,,ready,1.0.0
www.kongregate.com/games/eskivor/panic-princess,Panic Princess,,http://www.kongregate.com/games/eskivor/panic-princess,7,1,2014-06-25,2014-06-25,,unclassified,,none,,none,not_assessed,none,,unknown,252,,0,none,,ready,1.0.0
www.kongregate.com/games/enotick/patcha,Patcha,Enotick,http://www.kongregate.com/games/Enotick/patcha,7,1,2011-06-29,2011-06-29,,unclassified,,none,,none,not_assessed,none,,enotick,1,,0,none,,ready,1.0.0
www.kongregate.com/games/javiersan22/pfiguero,Pfiguero,javiersan22,http://www.kongregate.com/games/javiersan22/pfiguero,7,1,2016-07-14,2016-07-14,,unclassified,,none,,none,not_assessed,none,,javiersan22,2,,0,none,,ready,1.0.0
www.kongregate.com/games/terrycavanagh_b/phobiaphobiaphobia,Phobiaphobiaphobia,TerryCavanagh_B,http://www.kongregate.com/games/TerryCavanagh_B/phobiaphobiaphobia,7,1,2010-10-22,2010-10-22,,unclassified,,none,,none,not_assessed,none,,terrycavanagh-b,2,,0,none,,ready,1.0.0
www.kongregate.com/games/mangojet78/pinball,pinball,mangojet78,http://www.kongregate.com/games/mangojet78/pinball,7,1,2011-07-05,2011-07-05,,unclassified,,none,,none,not_assessed,none,,mangojet78,2,,0,none,,ready,1.0.0
www.kongregate.com/games/win1game/pirate-kills,Pirate Kills,win1game,http://www.kongregate.com/games/win1game/pirate-kills,7,1,2014-10-10,2014-10-10,,unclassified,,none,,none,not_assessed,none,,win1game,3,,0,none,,ready,1.0.0
www.kongregate.com/games/dabontv/pirates-cannons,Pirates & Cannons,dabontv,http://www.kongregate.com/games/dabontv/pirates-cannons,7,1,2015-09-09,2015-09-09,,unclassified,,none,,none,not_assessed,none,,dabontv,1,,0,none,,ready,1.0.0
www.kongregate.com/games/tresensa/pirates-and-cannons,Pirates and Cannons,TreSensa,http://www.kongregate.com/games/TreSensa/pirates-and-cannons,7,1,2014-09-05,2014-09-05,,unclassified,,none,,none,not_assessed,none,,tresensa,4,,0,none,,ready,1.0.0
www.kongregate.com/games/tecknozthabezt/pizza-truck,Pizza Truck,TecknozThaBezt,http://www.kongregate.com/games/TecknozThaBezt/pizza-truck,7,1,2011-04-05,2011-04-04,,unclassified,,none,,none,not_assessed,none,,tecknozthabezt,2,,0,none,,ready,1.0.0
www.kongregate.com/games/danhayesgamer/poncho-alpha,Poncho Alpha,DanHayesGamer,http://www.kongregate.com/games/DanHayesGamer/poncho-alpha,7,1,2014-09-19,2014-09-19,,unclassified,,none,,none,not_assessed,none,,danhayesgamer,1,,0,none,,ready,1.0.0
www.kongregate.com/games/insigniolabs/prismatic-momentum,Prismatic Momentum,insigniolabs,http://www.kongregate.com/games/insigniolabs/prismatic-momentum,7,1,2016-05-06,2016-05-06,,unclassified,,none,,none,not_assessed,none,,insigniolabs,1,,0,none,,ready,1.0.0
www.kongregate.com/games/mrmasonman1/push-teh-button,Push Teh Button!,MrMasonMan1,http://www.kongregate.com/games/MrMasonMan1/push-teh-button,7,1,2011-05-28,2011-05-28,,unclassified,,none,,none,not_assessed,none,,mrmasonman1,1,,0,none,,ready,1.0.0
www.kongregate.com/games/qiuweigang/qiuweigangfirstgame,qiuweigangfirstgame,qiuweigang,http://www.kongregate.com/games/qiuweigang/qiuweigangfirstgame,7,1,2015-09-03,2015-09-03,,unclassified,,none,,none,not_assessed,none,,qiuweigang,1,,0,none,,ready,1.0.0
www.kongregate.com/games/attalk/r-g-b,R-G-B,AttalK,http://www.kongregate.com/games/AttalK/r-g-b,7,1,2016-08-28,2016-08-28,,unclassified,,none,,none,not_assessed,none,,attalk,1,,0,none,,ready,1.0.0
www.kongregate.com/games/evegames/ret,RET,EveGames,http://www.kongregate.com/games/EveGames/ret,7,1,2017-09-13,2017-09-13,,unclassified,,none,,none,not_assessed,none,,evegames,1,,0,none,,ready,1.0.0
www.kongregate.com/games/mafagames/right-box,Right Box,mafagames,http://www.kongregate.com/games/mafagames/right-box,7,1,2017-06-16,2017-06-16,,unclassified,,none,,none,not_assessed,none,,mafagames,41,,0,none,,ready,1.0.0
www.kongregate.com/games/juhanasuuri/robotrip,RoboTrip,juhanasuuri,http://www.kongregate.com/games/juhanasuuri/robotrip,7,1,2014-12-02,2014-12-02,,unclassified,,none,,none,not_assessed,none,,juhanasuuri,1,,0,none,,ready,1.0.0
www.kongregate.com/games/andreas2200/roll-a-ball,Roll a Ball,andreas2200,http://www.kongregate.com/games/andreas2200/roll-a-ball,7,1,2015-09-23,2015-09-23,,unclassified,,none,,none,not_assessed,none,,andreas2200,1,,0,none,,ready,1.0.0
www.kongregate.com/games/gladelephant/rope-jumpers,Rope Jumpers,,http://www.kongregate.com/games/GladElephant/rope-jumpers,7,1,2014-08-15,2014-08-15,,unclassified,,none,,none,not_assessed,none,,unknown,252,,0,none,,ready,1.0.0
www.kongregate.com/games/corebitgames/rugrat-the-game,RugRat - The Game,CorebitGames,http://www.kongregate.com/games/CorebitGames/rugrat-the-game,7,1,2016-02-28,2016-02-28,,unclassified,,none,,none,not_assessed,none,,corebitgames,1,,0,none,,ready,1.0.0
www.kongregate.com/games/tresensa/sage-math,Sage Math,,http://www.kongregate.com/games/TreSensa/sage-math,7,1,2014-07-25,2014-07-25,,unclassified,,none,,none,not_assessed,none,,unknown,252,,0,none,,ready,1.0.0
www.kongregate.com/games/szunyi/sands-of-doom,Sands of Doom,szunyi,http://www.kongregate.com/games/szunyi/sands-of-doom,7,1,2014-12-28,2014-12-28,,unclassified,,none,,none,not_assessed,none,,szunyi,5,,0,none,,ready,1.0.0
www.kongregate.com/games/acsanches/shadows-of-the-castle,Shadows of the Castle,,http://www.kongregate.com/games/Acsanches/shadows-of-the-castle,7,1,2014-04-11,2014-04-11,,unclassified,,none,,none,not_assessed,none,,unknown,252,,0,none,,ready,1.0.0
www.kongregate.com/games/newkrok/sheep-quest,Sheep Quest,NewKrok,http://www.kongregate.com/games/NewKrok/sheep-quest,7,1,2014-09-19,2014-09-19,,unclassified,,none,,none,not_assessed,none,,newkrok,2,,0,none,,ready,1.0.0
www.kongregate.com/games/esthetix/sherlock-has-a-clue,Sherlock Has a Clue,esthetix,http://www.kongregate.com/games/esthetix/sherlock-has-a-clue,7,1,2017-05-05,2017-05-05,,unclassified,,none,,none,not_assessed,none,,esthetix,3,,0,none,,ready,1.0.0
www.kongregate.com/games/littlegiantworld/shop-empire-galaxy,Shop Empire Galaxy,littlegiantworld,http://www.kongregate.com/games/littlegiantworld/shop-empire-galaxy,7,1,2017-05-16,2017-05-16,,unclassified,,none,,none,not_assessed,none,,littlegiantworld,3,,0,none,,ready,1.0.0
www.kongregate.com/games/sloach/sl-world-cup-tank-shoot-out,SL World Cup Tank Shoot Out,,http://www.kongregate.com/games/sloach/sl-world-cup-tank-shoot-out,7,1,2014-06-20,2014-06-20,,unclassified,,none,,none,not_assessed,none,,unknown,252,,0,none,,ready,1.0.0
www.kongregate.com/games/qingfengges/sliding-plate-adventure,Sliding Plate Adventure,,http://www.kongregate.com/games/qingfengges/sliding-plate-adventure,7,1,2012-11-01,2012-11-01,,unclassified,,none,,none,not_assessed,none,,unknown,252,,0,none,,ready,1.0.0
www.kongregate.com/games/wowsomegames/sofia-cooking-pumpkin-tart,Sofia Cooking Pumpkin Tart,wowsomegames,http://www.kongregate.com/games/wowsomegames/sofia-cooking-pumpkin-tart,7,1,2014-10-29,2014-10-29,,unclassified,,none,,none,not_assessed,none,,wowsomegames,4,,0,none,,ready,1.0.0
www.kongregate.com/games/p3drc/solidblock,SolidBlock,,http://www.kongregate.com/games/P3drc/solidblock,7,1,2013-04-11,2013-04-11,,unclassified,,none,,none,not_assessed,none,,unknown,252,,0,none,,ready,1.0.0
www.kongregate.com/games/aliceperdomodev/space-base-defender,Space Base Defender,aliceperdomoDev,http://www.kongregate.com/games/aliceperdomoDev/space-base-defender,7,1,2016-10-18,2016-10-18,,unclassified,,none,,none,not_assessed,none,,aliceperdomodev,1,,0,none,,ready,1.0.0
www.kongregate.com/games/jerry19li/space-war,Space War,jerry19li,http://www.kongregate.com/games/jerry19li/space-war,7,1,2016-06-22,2016-06-22,,unclassified,,none,,none,not_assessed,none,,jerry19li,1,,0,none,,ready,1.0.0
www.kongregate.com/games/oneweekgames/space101,Space101,,http://www.kongregate.com/games/OneWeekGames/space101,7,1,2014-07-21,2014-07-21,,unclassified,,none,,none,not_assessed,none,,unknown,252,,0,none,,ready,1.0.0
www.kongregate.com/games/iromano/spacesymbols-io,SpaceSymbols.io,iromano,http://www.kongregate.com/games/iromano/spacesymbols-io,7,1,2017-09-04,2017-09-04,,unclassified,,none,,none,not_assessed,none,,iromano,1,,0,none,,ready,1.0.0
www.kongregate.com/games/rofl_games/speed-up-your-seksi-babooshka,Speed UP Your Seksi Babooshka,ROFL_Games,http://www.kongregate.com/games/ROFL_Games/speed-up-your-seksi-babooshka,7,1,2017-08-17,2017-08-17,,unclassified,,none,,none,not_assessed,none,,rofl-games,1,,0,none,,ready,1.0.0
www.kongregate.com/games/gamolition/speedboat-racing,Speedboat Racing,,http://www.kongregate.com/games/gamolition/speedboat-racing,7,1,2014-07-30,2014-07-30,,sports_racing,sports_racing,medium_title_signal,,none,not_assessed,none,,unknown,252,,0,medium,title_signal:sports_racing,review_title_inference,1.0.0
www.kongregate.com/games/pukks/spinneroids,Spinneroids,pukks,http://www.kongregate.com/games/pukks/spinneroids,7,1,2021-11-12,2021-11-12,,unclassified,,none,,none,not_assessed,none,,pukks,1,,0,none,,ready,1.0.0
www.kongregate.com/games/gmentat/star-beacons,Star Beacons,gmentat,http://www.kongregate.com/games/gmentat/star-beacons,7,1,2009-06-17,2009-06-17,,unclassified,,none,,none,not_assessed,none,,gmentat,2,,0,none,,ready,1.0.0
www.kongregate.com/games/gamebazar99/star-match,star Match,gamebazar99,http://www.kongregate.com/games/gamebazar99/star-match,7,1,2016-05-23,2016-05-23,,unclassified,,none,,none,not_assessed,none,,gamebazar99,2,,0,none,,ready,1.0.0
www.kongregate.com/games/enagamess/steal-the-wheel-13,Steal the Wheel 13,Enagamess,http://www.kongregate.com/games/Enagamess/steal-the-wheel-13,7,1,2016-07-20,2016-07-20,,unclassified,,none,,none,not_assessed,none,,enagamess,68,,0,none,,ready,1.0.0
www.kongregate.com/games/tolaryn/stellar-broadsider-test,Stellar Broadsider Test,Tolaryn,http://www.kongregate.com/games/Tolaryn/stellar-broadsider-test,7,1,2016-10-04,2016-10-04,,unclassified,,none,,none,not_assessed,none,,tolaryn,1,,0,none,,ready,1.0.0
www.kongregate.com/games/aiext/stuntsman-game,Stuntsman Game,AIexT,http://www.kongregate.com/games/AIexT/stuntsman-game,7,1,2016-06-04,2016-06-04,,unclassified,,none,,none,not_assessed,none,,aiext,1,,0,none,,ready,1.0.0
www.kongregate.com/games/mansur_ibragimov/super-smach-flach-2,super smach flach 2,mansur_ibragimov,http://www.kongregate.com/games/mansur_ibragimov/super-smach-flach-2,7,1,2014-12-17,2014-12-17,,unclassified,,none,,none,not_assessed,none,,mansur-ibragimov,1,,0,none,,ready,1.0.0
www.kongregate.com/games/spilland/table-tennis-match-of-the-year,Table Tennis - Match of the Year,spilland,http://www.kongregate.com/games/spilland/table-tennis-match-of-the-year,7,1,2016-01-02,2016-01-02,,sports_racing,sports_racing,medium_title_signal,,none,not_assessed,none,,spilland,1,,0,medium,title_signal:sports_racing,review_title_inference,1.0.0
www.kongregate.com/games/matheusresende47/teste-n-08-up,Teste nº 08 up,matheusresende47,http://www.kongregate.com/games/matheusresende47/teste-n-08-up,7,1,2016-01-16,2016-01-16,,unclassified,,none,,none,not_assessed,none,,matheusresende47,1,,0,none,,ready,1.0.0
www.kongregate.com/games/mateusf29/teste1,Teste1,MateusF29,http://www.kongregate.com/games/MateusF29/teste1,7,1,2015-09-30,2015-09-30,,unclassified,,none,,none,not_assessed,none,,mateusf29,2,,0,none,,ready,1.0.0
www.kongregate.com/games/womalmonster/the-10-question-quiz-2,The 10 Question Quiz 2!,womalmonster,http://www.kongregate.com/games/womalmonster/the-10-question-quiz-2,7,1,2011-07-17,2011-07-17,,unclassified,,none,,none,not_assessed,none,,womalmonster,1,,0,none,,ready,1.0.0
www.kongregate.com/games/5tea/the-game,The Game,5tea,http://www.kongregate.com/games/5tea/the-game,7,1,2011-08-09,2011-08-09,,unclassified,,none,,none,not_assessed,none,,5tea,3,,0,none,,ready,1.0.0
www.kongregate.com/games/enagamess/the-locker-scientist-house-5,The Locker - Scientist House 5,Enagamess,http://www.kongregate.com/games/Enagamess/the-locker-scientist-house-5,7,1,2017-09-20,2017-09-20,,unclassified,,none,,none,not_assessed,none,,enagamess,68,,0,none,,ready,1.0.0
www.kongregate.com/games/slidinghappens/the-maze-stalker,The Maze Stalker,SlidingHappens,http://www.kongregate.com/games/SlidingHappens/the-maze-stalker,7,1,2017-10-15,2017-10-15,,unclassified,,none,,none,not_assessed,none,,slidinghappens,1,,0,none,,ready,1.0.0
www.kongregate.com/games/alexscripter/the-small-jump,The Small Jump,AlexScripter,http://www.kongregate.com/games/AlexScripter/the-small-jump,7,1,2016-07-27,2016-07-27,,unclassified,,none,,none,not_assessed,none,,alexscripter,2,,0,none,,ready,1.0.0
www.kongregate.com/games/scumdog77/the-spes-project,The Spes Project,scumdog77,http://www.kongregate.com/games/scumdog77/the-spes-project,7,1,2016-03-24,2016-03-24,,unclassified,,none,,none,not_assessed,none,,scumdog77,2,,0,none,,ready,1.0.0
www.kongregate.com/games/gamerscomet/the-undeads-nightmare,The Undeads Nightmare,GamersComet,http://www.kongregate.com/games/GamersComet/the-undeads-nightmare,7,1,2016-10-17,2016-10-17,,unclassified,,none,,none,not_assessed,none,,gamerscomet,1,,0,none,,ready,1.0.0
www.kongregate.com/games/newgamess/tico-jigsaw,Tico Jigsaw,newgamess,http://www.kongregate.com/games/newgamess/tico-jigsaw,7,1,2016-06-13,2016-06-13,,unclassified,,none,,none,not_assessed,none,,newgamess,37,,0,none,,ready,1.0.0
www.kongregate.com/games/durgakulla/timer-game,Timer Game,durgakulla,http://www.kongregate.com/games/durgakulla/timer-game,7,1,2011-06-10,2011-06-10,,unclassified,,none,,none,not_assessed,none,,durgakulla,1,,0,none,,ready,1.0.0
www.kongregate.com/games/snailsanimation/totems,Totems,SnailsAnimation,http://www.kongregate.com/games/SnailsAnimation/totems,7,1,2011-02-27,2011-02-27,,unclassified,,none,,none,not_assessed,none,,snailsanimation,1,,0,none,,ready,1.0.0
www.kongregate.com/games/thunderstorm38/treasure-hunt,Treasure Hunt,thunderstorm38,http://www.kongregate.com/games/thunderstorm38/treasure-hunt,7,1,2017-07-29,2017-07-29,,unclassified,,none,,none,not_assessed,none,,thunderstorm38,6,,0,none,,ready,1.0.0
www.kongregate.com/games/loldog/treasure-hunt-battle,Treasure Hunt Battle,loldog,http://www.kongregate.com/games/loldog/treasure-hunt-battle,7,1,2010-11-13,2010-11-13,,unclassified,,none,,none,not_assessed,none,,loldog,1,,0,none,,ready,1.0.0
www.kongregate.com/games/dannyhgc/ultra-pixel-beach,Ultra Pixel Beach,,http://www.kongregate.com/games/DannyHGC/ultra-pixel-beach,7,1,2014-08-16,2014-08-16,,unclassified,,none,,none,not_assessed,none,,unknown,252,,0,none,,ready,1.0.0
www.kongregate.com/games/ajazgames/uniform-crime,Uniform Crime,ajazgames,http://www.kongregate.com/games/ajazgames/uniform-crime,7,1,2017-08-23,2017-08-23,,unclassified,,none,,none,not_assessed,none,,ajazgames,3,,0,none,,ready,1.0.0
www.kongregate.com/games/gamenet/voodoo-charms,Voodoo Charms,gamenet,http://www.kongregate.com/games/gamenet/voodoo-charms,7,1,2011-01-11,2011-01-11,,unclassified,,none,,none,not_assessed,none,,gamenet,1,,0,none,,ready,1.0.0
www.kongregate.com/games/enagamess/watch-maker,Watch Maker,Enagamess,http://www.kongregate.com/games/Enagamess/watch-maker,7,1,2017-07-03,2017-07-03,,unclassified,,none,,none,not_assessed,none,,enagamess,68,,0,none,,ready,1.0.0
www.kongregate.com/games/suvrajits/wheel-o-win,Wheel o Win,,http://www.kongregate.com/games/SuvrajitS/wheel-o-win,7,1,2014-07-26,2014-07-26,,unclassified,,none,,none,not_assessed,none,,unknown,252,,0,none,,ready,1.0.0
www.kongregate.com/games/gamesperk/where-is-my-watch,Where is My Watch,,http://www.kongregate.com/games/gamesperk/where-is-my-watch,7,1,2012-11-05,2012-11-05,,unclassified,,none,,none,not_assessed,none,,unknown,252,,0,none,,ready,1.0.0
www.kongregate.com/games/writerbianji/wheres-my-water-fighting-planes,Where's My Water Fighting Planes,,http://www.kongregate.com/games/writerbianji/wheres-my-water-fighting-planes,7,1,2014-06-13,2014-06-13,,unclassified,,none,,none,not_assessed,none,,unknown,252,,0,none,,ready,1.0.0
www.kongregate.com/games/dawnpop/witchy-kitty,Witchy Kitty,dawnpop,http://www.kongregate.com/games/dawnpop/witchy-kitty,7,1,2015-12-18,2015-12-18,,unclassified,,none,,none,not_assessed,none,,dawnpop,1,,0,none,,ready,1.0.0
www.kongregate.com/games/rocketeergames/red-crucible,Red Crucible 2,rocketeergames,http://www.kongregate.com/games/rocketeergames/red-crucible,8,179,2013-12-02,2013-12-02,,unclassified,,none,,none,not_assessed,none,,rocketeergames,3,,0,none,,ready,1.0.0
www.kongregate.com/games/danielsun/armed-with-wings-3,Armed with Wings 3,danielsun,https://www.kongregate.com/games/danielsun/armed-with-wings-3,8,133,2012-02-08,2012-02-08,action; adventure,adventure,action; adventure,high_observed_category,,none,not_assessed,none,,danielsun,1,,0,high,observed_category:adventure,ready,1.0.0
www.kongregate.com/games/flyanvil/decision-3,Decision 3,FlyAnvil,https://www.kongregate.com/games/FlyAnvil/decision-3,8,79,2015-02-06,2015-02-06,shooter,shooter,shooter,high_observed_category,,none,not_assessed,none,,flyanvil,5,,0,high,observed_category:shooter,ready,1.0.0
www.kongregate.com/games/whiteboardwar/creeper-world-user-space,Creeper World: User Space,whiteboardwar,http://www.kongregate.com/games/whiteboardwar/creeper-world-user-space,8,57,2011-12-10,2011-12-10,tower-defense,tower_defense,tower_defense,high_observed_category,,none,not_assessed,none,,whiteboardwar,2,,0,high,observed_category:tower_defense,ready,1.0.0
www.kongregate.com/games/adventale/monster-clearer,Monster Clearer,adventale,https://www.kongregate.com/games/adventale/monster-clearer,8,39,2020-10-26,2017-05-01,strategy; adventure-rpg,role_playing,role_playing; strategy,high_observed_category,,none,not_assessed,none,,adventale,2,,0,high,observed_category:role_playing,ready,1.0.0
www.kongregate.com/games/master_machines/musicquest-pro,MusicQuest Pro,master_machines,http://www.kongregate.com/games/master_machines/musicquest-pro,8,36,2012-03-16,2012-03-16,idle,idle_incremental,idle_incremental,high_observed_category,idle_progression,high_observed_category,not_assessed,none,,master-machines,2,,0,high,observed_category:idle_incremental; observed_category:idle,ready,1.0.0
www.kongregate.com/games/vennril/treasure-arena,Treasure Arena,Vennril,https://www.kongregate.com/en/games/Vennril/treasure-arena,8,30,2019-10-25,2013-08-12,action,action,action,high_observed_category,,none,not_assessed,none,,vennril,1,,0,high,observed_category:action,ready,1.0.0
www.kongregate.com/games/brinemedia/zombie-derby-2,Zombie Derby 2,BrineMedia,https://www.kongregate.com/en/games/BrineMedia/zombie-derby-2,8,30,2024-06-05,2017-03-22,action,action,action,high_observed_category,,none,not_assessed,none,,brinemedia,1,,0,high,observed_category:action,ready,1.0.0
www.kongregate.com/games/herointeractive/bubble-tanks,Bubble Tanks,HeroInteractive,http://www.kongregate.com/games/HeroInteractive/bubble-tanks,8,24,2008-02-25,2008-02-25,shooter,shooter,shooter,high_observed_category,,none,not_assessed,none,,herointeractive,8,herointeractive:bubble-tanks,3,high,observed_category:shooter; same_developer_series_stem,ready,1.0.0
www.kongregate.com/games/kekgames/rhomb,Rhomb,KekGames,https://www.kongregate.com/games/KekGames/rhomb,8,19,2019-07-02,2017-05-02,puzzle,puzzle,puzzle,high_observed_category,,none,not_assessed,none,,kekgames,6,,0,high,observed_category:puzzle,ready,1.0.0
www.kongregate.com/games/offthewrist/sola-rola-the-gravity-maze,Sola Rola - The Gravity Maze,offthewrist,http://www.kongregate.com/games/offthewrist/sola-rola-the-gravity-maze,8,18,2008-02-22,2008-02-22,puzzle,puzzle,puzzle,high_observed_category,,none,not_assessed,none,,offthewrist,1,,0,high,observed_category:puzzle,ready,1.0.0
www.kongregate.com/games/box10guys/whack-the-thief,Whack the Thief,box10Guys,https://www.kongregate.com/games/box10Guys/whack-the-thief,8,18,2024-01-17,2012-11-27,action,action,action,high_observed_category,,none,not_assessed,none,,box10guys,4,,0,high,observed_category:action,ready,1.0.0
www.kongregate.com/games/fractalsunrise/knight-errant,Knight-errant,FractalSunrise,https://www.kongregate.com/en/games/FractalSunrise/knight-errant,8,16,2020-04-17,2020-01-29,puzzle,puzzle,puzzle,high_observed_category,,none,not_assessed,none,,fractalsunrise,1,,0,high,observed_category:puzzle,ready,1.0.0
www.kongregate.com/games/kanoapps/mob-wars-la-cosa-nostra,Mob Wars: La Cosa Nostra,kanoapps,https://www.kongregate.com/games/kanoapps/mob-wars-la-cosa-nostra,8,16,2020-07-25,2012-12-13,multiplayer,multiplayer,multiplayer,high_observed_category,online_multiplayer,high_observed_category,publisher_portfolio_candidate,medium_curated_publisher,publisher_signal:kanoapps,kanoapps,1,,0,high,observed_category:multiplayer; observed_category:multiplayer; publisher_signal:kanoapps,review_social_platform,1.0.0
www.kongregate.com/games/greensatellite/trimps-preview,Trimps Preview,GreenSatellite,http://www.kongregate.com/games/GreenSatellite/trimps-preview,8,15,2015-07-26,2015-07-26,idle,idle_incremental,idle_incremental,high_observed_category,idle_progression,high_observed_category,not_assessed,none,,greensatellite,2,,0,high,observed_category:idle_incremental; observed_category:idle,ready,1.0.0
www.kongregate.com/games/twinklestargames/electric-box,Electric Box,TwinkleStarGames,http://www.kongregate.com/games/TwinkleStarGames/electric-box,8,11,2009-02-20,2009-02-19,puzzle,puzzle,puzzle,high_observed_category,,none,not_assessed,none,,twinklestargames,2,twinklestargames:electric-box,2,high,observed_category:puzzle; same_developer_series_stem,ready,1.0.0
www.kongregate.com/games/coolio_niato/light-bot,light-Bot,Coolio_Niato,http://www.kongregate.com/games/Coolio_Niato/light-bot,8,10,2008-11-02,2008-11-02,puzzle,puzzle,puzzle,high_observed_category,,none,not_assessed,none,,coolio-niato,1,,0,high,observed_category:puzzle,ready,1.0.0
www.kongregate.com/games/tomylee/rapid-reaction-master,Rapid Reaction Master,tomylee,http://www.kongregate.com/games/tomylee/rapid-reaction-master,8,9,2007-01-27,2007-01-24,,unclassified,,none,,none,not_assessed,none,,tomylee,1,,0,none,,ready,1.0.0
www.kongregate.com/games/newproject1/idle-evolution,Idle Evolution,NewProject1,http://www.kongregate.com/games/NewProject1/idle-evolution,8,8,2015-02-16,2014-09-23,idle,idle_incremental,idle_incremental,high_observed_category,idle_progression,high_observed_category,not_assessed,none,,newproject1,1,,0,high,observed_category:idle_incremental; observed_category:idle,ready,1.0.0
www.kongregate.com/games/suttree/time-to-type,Time To Type,suttree,http://www.kongregate.com/games/suttree/time-to-type,8,8,2011-08-11,2011-08-11,,unclassified,,none,,none,not_assessed,none,,suttree,2,,0,none,,ready,1.0.0
www.kongregate.com/games/bluemanchu/card-hunter,Card Hunter,BlueManchu,http://www.kongregate.com/games/BlueManchu/card-hunter,8,7,2014-12-29,2014-12-29,strategy,strategy,strategy,high_observed_category,,none,not_assessed,none,,bluemanchu,1,,0,high,observed_category:strategy,ready,1.0.0
www.kongregate.com/games/rudy_sudarto/epic-war-3,Epic War 3,rudy_sudarto,http://www.kongregate.com/games/rudy_sudarto/epic-war-3,8,5,2009-12-09,2009-12-09,tower-defense,tower_defense,tower_defense,high_observed_category,,none,not_assessed,none,,rudy-sudarto,1,,0,high,observed_category:tower_defense,ready,1.0.0
www.kongregate.com/games/mmx95/reach-the-core,Reach the core,mmx95,https://www.kongregate.com/games/mmx95/reach-the-core,8,5,2016-04-14,2015-12-30,action,action,action,high_observed_category,,none,not_assessed,none,,mmx95,2,,0,high,observed_category:action,ready,1.0.0
www.kongregate.com/games/iurii1/shoot-sow,Shoot & Sow,Iurii1,https://www.kongregate.com/games/Iurii1/shoot-sow,8,5,2023-12-04,2023-12-04,shooter,shooter,shooter,high_observed_category,,none,not_assessed,none,,iurii1,1,,0,high,observed_category:shooter,ready,1.0.0
www.kongregate.com/games/shinezone/thekingoftowers,The King of Towers,Shinezone,http://www.kongregate.com/games/Shinezone/thekingoftowers,8,5,2015-01-03,2015-01-03,,unclassified,,none,,none,not_assessed,none,,shinezone,1,,0,none,,ready,1.0.0
www.kongregate.com/games/sciencemuseum/transmission,Transmission,ScienceMuseum,http://www.kongregate.com/games/ScienceMuseum/transmission,8,5,2014-11-01,2014-11-01,puzzle,puzzle,puzzle,high_observed_category,,none,not_assessed,none,,sciencemuseum,1,,0,high,observed_category:puzzle,ready,1.0.0
www.kongregate.com/games/limex/cargo-bridge-armor-games-edition,Cargo Bridge: Armor Ga...,limex,http://www.kongregate.com/games/limex/cargo-bridge-armor-games-edition,8,4,2010-09-26,2010-09-26,puzzle,puzzle,puzzle,high_observed_category,,none,not_assessed,none,,limex,1,,0,high,observed_category:puzzle,ready,1.0.0
www.kongregate.com/games/onemorelevel/free-rider-2,Free Rider 2,,https://www.kongregate.com/en/games/onemorelevel/free-rider-2,8,4,2026-07-01,2008-01-22,sports-racing,sports_racing,sports_racing,high_observed_category,,none,not_assessed,none,,unknown,252,,0,high,observed_category:sports_racing,ready,1.0.0
www.kongregate.com/games/nivalpublishing/kings-bounty-legions,King's Bounty: Legions,NivalPublishing,http://www.kongregate.com/games/NivalPublishing/kings-bounty-legions,8,4,2012-05-03,2012-05-03,,unclassified,,none,,none,not_assessed,none,,nivalpublishing,2,,0,none,,ready,1.0.0
www.kongregate.com/games/chezedude/milky-way-idle,Milky Way Idle,,https://www.kongregate.com/en/games/chezedude/milky-way-idle,8,4,2026-07-01,2024-07-05,mmo,role_playing,role_playing,high_observed_category,massively_multiplayer,high_observed_category,not_assessed,none,,unknown,252,,0,high,observed_category:role_playing; observed_category:mmo,ready,1.0.0
www.kongregate.com/games/bigfootgames/the-golden-caravan,The Golden Caravan,,https://www.kongregate.com/en/games/bigfootgames/the-golden-caravan,8,4,2026-07-01,2026-04-27,strategy-defense,strategy,strategy,high_observed_category,,none,not_assessed,none,,unknown,252,,0,high,observed_category:strategy,ready,1.0.0
www.kongregate.com/games/joao8991/computer-evolution,Computer Evolution,joao8991,http://www.kongregate.com/games/joao8991/computer-evolution,8,3,2017-03-11,2017-03-11,,unclassified,,none,,none,not_assessed,none,,joao8991,2,,0,none,,ready,1.0.0
www.kongregate.com/games/towardsmars/dungeon-crusher-soul-hunters,Dungeon Crusher: Soul Hunters,towardsmars,https://www.kongregate.com/games/towardsmars/dungeon-crusher-soul-hunters,8,3,2020-07-25,2020-07-25,,unclassified,,none,,none,not_assessed,none,,towardsmars,1,,0,none,,ready,1.0.0
www.kongregate.com/games/lollygaggames/squid-ink,Squid Ink,LollygagGames,http://www.kongregate.com/games/LollygagGames/squid-ink,8,3,2017-11-01,2017-06-22,,unclassified,,none,,none,not_assessed,none,,lollygaggames,1,,0,none,,ready,1.0.0
www.kongregate.com/games/tonyrecchia/wasd,WASD,tonyrecchia,https://www.kongregate.com/games/tonyrecchia/wasd,8,3,2018-10-04,2018-10-04,action,action,action,high_observed_category,,none,not_assessed,none,,tonyrecchia,1,,0,high,observed_category:action,ready,1.0.0
www.kongregate.com/games/armorgames/chuck-the-sheep,Chuck the Sheep,ArmorGames,http://www.kongregate.com/games/ArmorGames/chuck-the-sheep,8,2,2012-02-11,2012-02-11,,unclassified,,none,,none,not_assessed,none,,armorgames,22,,0,none,,ready,1.0.0
www.kongregate.com/games/pitforest/idle-raiders-second-run,Idle Raiders: Second Run,pitforest,http://www.kongregate.com/games/pitforest/idle-raiders-second-run,8,2,2017-04-01,2016-09-07,,idle_incremental,idle_incremental,medium_title_signal,,none,not_assessed,none,,pitforest,1,,0,medium,title_signal:idle_incremental,review_title_inference,1.0.0
www.kongregate.com/games/aimia/lederoid,Lederoid,Aimia,http://www.kongregate.com/games/Aimia/lederoid,8,2,2014-09-19,2014-09-19,,unclassified,,none,,none,not_assessed,none,,aimia,1,,0,none,,ready,1.0.0
www.kongregate.com/games/helpimadeagame/rogue-legend-tame-the-wild,Rogue Legend: Tame the Wild,HelpIMadeAGame,http://www.kongregate.com/games/HelpIMadeAGame/rogue-legend-tame-the-wild,8,2,2014-10-31,2014-10-31,,unclassified,,none,,none,not_assessed,none,,helpimadeagame,1,,0,none,,ready,1.0.0
www.kongregate.com/games/sandrakim/the-unexplained-disappearance,The Unexplained Disappearance,SandraKim,http://www.kongregate.com/games/SandraKim/the-unexplained-disappearance,8,2,2014-10-17,2014-10-17,,unclassified,,none,,none,not_assessed,none,,sandrakim,31,,0,none,,ready,1.0.0
www.kongregate.com/games/mateuszskutnik/10-gnomes-in-venice,10 Gnomes in Venice,MateuszSkutnik,http://www.kongregate.com/games/MateuszSkutnik/10-gnomes-in-venice,8,1,2014-09-05,2014-09-05,,unclassified,,none,,none,not_assessed,none,,mateuszskutnik,4,,0,none,,ready,1.0.0
www.kongregate.com/games/rey5137/4096-hexa,4096 Hexa,rey5137,http://www.kongregate.com/games/rey5137/4096-hexa,8,1,2014-08-26,2014-08-26,,unclassified,,none,,none,not_assessed,none,,rey5137,1,,0,none,,ready,1.0.0
www.kongregate.com/games/houseofwillis/alien-defense-8,Alien Defense 8,HouseofWillis,http://www.kongregate.com/games/HouseofWillis/alien-defense-8,8,1,2016-07-14,2016-07-14,,unclassified,,none,,none,not_assessed,none,,houseofwillis,1,,0,none,,ready,1.0.0
www.kongregate.com/games/enagamess/alien-mystery-palace,Alien Mystery : Palace,Enagamess,http://www.kongregate.com/games/Enagamess/alien-mystery-palace,8,1,2016-08-28,2016-08-28,,unclassified,,none,,none,not_assessed,none,,enagamess,68,,0,none,,ready,1.0.0
www.kongregate.com/games/enagamess/archaeologist,Archaeologist,Enagamess,http://www.kongregate.com/games/Enagamess/archaeologist,8,1,2017-07-03,2017-07-03,,unclassified,,none,,none,not_assessed,none,,enagamess,68,,0,none,,ready,1.0.0
www.kongregate.com/games/enagamess/artefacts,Artefacts,Enagamess,http://www.kongregate.com/games/Enagamess/artefacts,8,1,2017-06-04,2017-06-04,,unclassified,,none,,none,not_assessed,none,,enagamess,68,,0,none,,ready,1.0.0
www.kongregate.com/games/rodrigoa479/aventura-de-little-oryx-v-2,Aventura de Little Oryx V.2,RodrigoA479,http://www.kongregate.com/games/RodrigoA479/aventura-de-little-oryx-v-2,8,1,2016-10-04,2016-10-04,,unclassified,,none,,none,not_assessed,none,,rodrigoa479,2,,0,none,,ready,1.0.0
www.kongregate.com/games/asheer/az-game,AZ Game,,http://www.kongregate.com/games/Asheer/az-game,8,1,2014-07-25,2014-07-25,,unclassified,,none,,none,not_assessed,none,,unknown,252,,0,none,,ready,1.0.0
www.kongregate.com/games/wowsomegames/baby-talking-tom-great-makeover,Baby Talking Tom Great Makeover,wowsomegames,http://www.kongregate.com/games/wowsomegames/baby-talking-tom-great-makeover,8,1,2014-10-10,2014-10-10,,unclassified,,none,,none,not_assessed,none,,wowsomegames,4,,0,none,,ready,1.0.0
www.kongregate.com/games/playxm/bean-baby,Bean Baby,playxm,http://www.kongregate.com/games/playxm/bean-baby,8,1,2011-06-26,2011-06-26,,unclassified,,none,,none,not_assessed,none,,playxm,1,,0,none,,ready,1.0.0
www.kongregate.com/games/freeworldgroup/bed-and-breakfast-2,Bed and Breakfast 2,FreeWorldGroup,http://www.kongregate.com/games/FreeWorldGroup/bed-and-breakfast-2,8,1,2011-03-15,2011-03-15,,unclassified,,none,,none,not_assessed,none,,freeworldgroup,6,,0,none,,ready,1.0.0
www.kongregate.com/games/heropunchteam/black-bit-ninja-2,Black Bit Ninja 2,HeroPunchTeam,http://www.kongregate.com/games/HeroPunchTeam/black-bit-ninja-2,8,1,2014-10-04,2014-10-04,,unclassified,,none,,none,not_assessed,none,,heropunchteam,1,,0,none,,ready,1.0.0
www.kongregate.com/games/ed11e/blockboy,BlockBoy,ed11e,http://www.kongregate.com/games/ed11e/blockboy,8,1,2014-09-20,2014-09-20,,unclassified,,none,,none,not_assessed,none,,ed11e,1,,0,none,,ready,1.0.0
www.kongregate.com/games/math_master/blockey,Blockey,math_master,http://www.kongregate.com/games/math_master/blockey,8,1,2011-07-10,2011-07-10,,unclassified,,none,,none,not_assessed,none,,math-master,1,,0,none,,ready,1.0.0
www.kongregate.com/games/tigrounette/bouboum,Bouboum,,http://www.kongregate.com/games/Tigrounette/bouboum,8,1,2013-11-21,2013-11-21,,unclassified,,none,,none,not_assessed,none,,unknown,252,,0,none,,ready,1.0.0
www.kongregate.com/games/funar/bouncy-box,Bouncy Box,funar,http://www.kongregate.com/games/funar/bouncy-box,8,1,2016-02-28,2016-02-28,,unclassified,,none,,none,not_assessed,none,,funar,1,,0,none,,ready,1.0.0
www.kongregate.com/games/copygirl/braveloli,BraveLoli,copygirl,http://www.kongregate.com/games/copygirl/braveloli,8,1,2011-03-08,2011-03-08,,unclassified,,none,,none,not_assessed,none,,copygirl,1,,0,none,,ready,1.0.0
www.kongregate.com/games/enagamess/brothers-treasure-recovery-15,Brothers Treasure Recovery 15,Enagamess,http://www.kongregate.com/games/Enagamess/brothers-treasure-recovery-15,8,1,2016-05-23,2016-05-23,,unclassified,,none,,none,not_assessed,none,,enagamess,68,enagamess:brothers-treasure-recovery,3,low,same_developer_series_stem,ready,1.0.0
www.kongregate.com/games/ainwood87/cabbage-run,Cabbage Run,ainwood87,http://www.kongregate.com/games/ainwood87/cabbage-run,8,1,2016-06-22,2016-06-22,,unclassified,,none,,none,not_assessed,none,,ainwood87,1,,0,none,,ready,1.0.0
www.kongregate.com/games/uuddgames/cagepotatos-power-punch,CagePotato's Power Punch,UUDDGames,http://www.kongregate.com/games/UUDDGames/cagepotatos-power-punch,8,1,2011-03-19,2011-03-19,,unclassified,,none,,none,not_assessed,none,,uuddgames,1,,0,none,,ready,1.0.0
www.kongregate.com/games/mentor31/castle-woodwarf,Castle Woodwarf,Mentor31,http://www.kongregate.com/games/Mentor31/castle-woodwarf,8,1,2017-09-20,2017-09-20,,unclassified,,none,,none,not_assessed,none,,mentor31,1,,0,none,,ready,1.0.0
www.kongregate.com/games/gmentat/casual-space,Casual Space,gmentat,http://www.kongregate.com/games/gmentat/casual-space,8,1,2009-06-17,2009-06-17,,unclassified,,none,,none,not_assessed,none,,gmentat,2,,0,none,,ready,1.0.0
www.kongregate.com/games/yicitian/catch-kim-jong-un,Catch Kim Jong Un,,http://www.kongregate.com/games/yicitian/catch-kim-jong-un,8,1,2014-08-04,2014-08-04,,unclassified,,none,,none,not_assessed,none,,unknown,252,,0,none,,ready,1.0.0
www.kongregate.com/games/mokshal1663/chain-gun-rex,Chain Gun Rex,mokshal1663,http://www.kongregate.com/games/mokshal1663/chain-gun-rex,8,1,2011-05-28,2011-05-28,,unclassified,,none,,none,not_assessed,none,,mokshal1663,1,,0,none,,ready,1.0.0
www.kongregate.com/games/tadster/chamber-traveler,Chamber Traveler,tadster,http://www.kongregate.com/games/tadster/chamber-traveler,8,1,2017-07-29,2017-07-29,,unclassified,,none,,none,not_assessed,none,,tadster,1,,0,none,,ready,1.0.0
www.kongregate.com/games/newgamess/citroen-ds3-puzzle,Citroen DS3 Puzzle,newgamess,http://www.kongregate.com/games/newgamess/citroen-ds3-puzzle,8,1,2014-12-30,2014-12-30,,unclassified,,none,,none,not_assessed,none,,newgamess,37,,0,none,,ready,1.0.0
www.kongregate.com/games/studio23/clickbot,Clickbot,studio23,http://www.kongregate.com/games/studio23/clickbot,8,1,2014-10-09,2014-10-09,,unclassified,,none,,none,not_assessed,none,,studio23,1,,0,none,,ready,1.0.0
www.kongregate.com/games/nci1/coralcraft,Coralcraft,NCI1,http://www.kongregate.com/games/NCI1/coralcraft,8,1,2016-07-07,2016-07-07,,unclassified,,none,,none,not_assessed,none,,nci1,2,,0,none,,ready,1.0.0
www.kongregate.com/games/emanuelr80/corredor-infernal,Corredor Infernal,EmanuelR80,http://www.kongregate.com/games/EmanuelR80/corredor-infernal,8,1,2015-04-01,2015-04-01,,unclassified,,none,,none,not_assessed,none,,emanuelr80,1,,0,none,,ready,1.0.0
www.kongregate.com/games/win1game/cowboy-ride,Cowboy Ride,,http://www.kongregate.com/games/win1game/cowboy-ride,8,1,2014-08-15,2014-08-15,,unclassified,,none,,none,not_assessed,none,,unknown,252,,0,none,,ready,1.0.0
www.kongregate.com/games/freegames1234/crazy-rabbit-war,Crazy Rabbit War,freegames1234,http://www.kongregate.com/games/freegames1234/crazy-rabbit-war,8,1,2011-07-28,2011-07-28,,unclassified,,none,,none,not_assessed,none,,freegames1234,6,,0,none,,ready,1.0.0
www.kongregate.com/games/5xplay/cute-dino-coloring,Cute Dino Coloring,5xplay,http://www.kongregate.com/games/5xplay/cute-dino-coloring,8,1,2016-03-24,2016-03-24,,unclassified,,none,,none,not_assessed,none,,5xplay,1,,0,none,,ready,1.0.0
www.kongregate.com/games/games2chicks/cyangs-tiki-travelling,Cyangs Tiki Travelling,,http://www.kongregate.com/games/games2chicks/cyangs-tiki-travelling,8,1,2012-11-01,2012-11-01,,unclassified,,none,,none,not_assessed,none,,unknown,252,,0,none,,ready,1.0.0
www.kongregate.com/games/danshockgames/danger-days,Danger Days,,http://www.kongregate.com/games/danshockgames/danger-days,8,1,2013-04-11,2013-04-11,,unclassified,,none,,none,not_assessed,none,,unknown,252,,0,none,,ready,1.0.0
www.kongregate.com/games/idnoise/death-squad,Death Squad,IDNoise,http://www.kongregate.com/games/IDNoise/death-squad,8,1,2015-03-31,2015-03-31,,unclassified,,none,,none,not_assessed,none,,idnoise,2,,0,none,,ready,1.0.0
www.kongregate.com/games/epace/demons-down-under,Demons Down Under,epace,http://www.kongregate.com/games/epace/demons-down-under,8,1,2014-09-02,2014-09-01,,unclassified,,none,,none,not_assessed,none,,epace,1,,0,none,,ready,1.0.0
www.kongregate.com/games/fancygamer/do-not-press,Do Not Press,fancygamer,http://www.kongregate.com/games/fancygamer/do-not-press,8,1,2011-04-05,2011-04-04,,unclassified,,none,,none,not_assessed,none,,fancygamer,1,,0,none,,ready,1.0.0
www.kongregate.com/games/sandrakim/doorway-to-darkness,Doorway to Darkness,SandraKim,http://www.kongregate.com/games/SandraKim/doorway-to-darkness,8,1,2014-12-10,2014-12-10,,unclassified,,none,,none,not_assessed,none,,sandrakim,31,,0,none,,ready,1.0.0
www.kongregate.com/games/g2rgames/dress-up-me-quickly,Dress Up Me Quickly,,http://www.kongregate.com/games/g2rgames/dress-up-me-quickly,8,1,2013-09-30,2013-09-30,,unclassified,,none,,none,not_assessed,none,,unknown,252,,0,none,,ready,1.0.0
www.kongregate.com/games/takiuri/duck-commander,Duck Commander,Takiuri,http://www.kongregate.com/games/Takiuri/duck-commander,8,1,2016-10-30,2016-10-30,,unclassified,,none,,none,not_assessed,none,,takiuri,1,,0,none,,ready,1.0.0
www.kongregate.com/games/brute/earth-space-war,Earth Space War,Brute,http://www.kongregate.com/games/Brute/earth-space-war,8,1,2015-12-18,2015-12-18,,unclassified,,none,,none,not_assessed,none,,brute,1,,0,none,,ready,1.0.0
www.kongregate.com/games/arfgames/election-punch-off,Election Punch-Off,arfgames,http://www.kongregate.com/games/arfgames/election-punch-off,8,1,2016-02-17,2016-02-17,,unclassified,,none,,none,not_assessed,none,,arfgames,1,,0,none,,ready,1.0.0
www.kongregate.com/games/realracing3sozx/elf-run-christmas-game,Elf Run (Christmas Game),RealRacing3Sozx,http://www.kongregate.com/games/RealRacing3Sozx/elf-run-christmas-game,8,1,2017-05-25,2017-05-25,,unclassified,,none,,none,not_assessed,none,,realracing3sozx,1,,0,none,,ready,1.0.0
www.kongregate.com/games/binhop/escape-lab,Escape lab,binhop,http://www.kongregate.com/games/binhop/escape-lab,8,1,2010-10-22,2010-10-22,,escape_room,escape_room,medium_title_signal,,none,not_assessed,none,,binhop,1,,0,medium,title_signal:escape_room,review_title_inference,1.0.0
www.kongregate.com/games/imsec/exxplor-ii,EXXPLOR II,imsec,http://www.kongregate.com/games/imsec/exxplor-ii,8,1,2017-08-17,2017-08-17,,unclassified,,none,,none,not_assessed,none,,imsec,2,,0,none,,ready,1.0.0
www.kongregate.com/games/cheesecakegames/fire-smoke,Fire&Smoke,,http://www.kongregate.com/games/Cheesecakegames/fire-smoke,8,1,2014-06-20,2014-06-20,,unclassified,,none,,none,not_assessed,none,,unknown,252,,0,none,,ready,1.0.0
www.kongregate.com/games/fkidspr/fish-rush,Fish Rush,FkidsPR,http://www.kongregate.com/games/FkidsPR/fish-rush,8,1,2011-06-29,2011-06-29,,unclassified,,none,,none,not_assessed,none,,fkidspr,1,,0,none,,ready,1.0.0
www.kongregate.com/games/foizur197/flappy-bird-mobile,Flappy Bird Mobile,Foizur197,http://www.kongregate.com/games/Foizur197/flappy-bird-mobile,8,1,2014-10-03,2014-10-03,,unclassified,,none,,none,not_assessed,none,,foizur197,2,,0,none,,ready,1.0.0
www.kongregate.com/games/pulisprogramming/flash-animate,Flash Animate,PulisProgramming,http://www.kongregate.com/games/PulisProgramming/flash-animate,8,1,2014-09-26,2014-09-26,,unclassified,,none,,none,not_assessed,none,,pulisprogramming,2,,0,none,,ready,1.0.0
www.kongregate.com/games/jovijano/frodos-journey-rol-trivial,Frodo's Journey Rol Trivial,jovijano,http://www.kongregate.com/games/jovijano/frodos-journey-rol-trivial,8,1,2016-03-20,2016-03-20,,unclassified,,none,,none,not_assessed,none,,jovijano,1,,0,none,,ready,1.0.0
www.kongregate.com/games/a10comgames/gangster-revenge-sniper,Gangster Revenge Sniper,a10comgames,http://www.kongregate.com/games/a10comgames/gangster-revenge-sniper,8,1,2014-12-17,2014-12-17,,unclassified,,none,,none,not_assessed,none,,a10comgames,1,,0,none,,ready,1.0.0
www.kongregate.com/games/games2rule/gathe-escape-new-year-party,Gathe Escape-New Year ...,games2rule,http://www.kongregate.com/games/games2rule/gathe-escape-new-year-party,8,1,2011-12-31,2011-12-31,,escape_room,escape_room,medium_title_signal,,none,not_assessed,none,,games2rule,21,,0,medium,title_signal:escape_room,review_title_inference,1.0.0
www.kongregate.com/games/jorgnsn/get-home,Get Home,jorgnsn,http://www.kongregate.com/games/jorgnsn/get-home,8,1,2010-10-13,2010-10-13,,unclassified,,none,,none,not_assessed,none,,jorgnsn,1,,0,none,,ready,1.0.0
www.kongregate.com/games/dailybraingames/get-rid-of-red,Get rid of Red,dailybraingames,http://www.kongregate.com/games/dailybraingames/get-rid-of-red,8,1,2014-12-02,2014-12-02,,unclassified,,none,,none,not_assessed,none,,dailybraingames,1,,0,none,,ready,1.0.0
www.kongregate.com/games/alphadragon601/gnome-pocolypse,Gnome-pocolypse,AlphaDragon601,http://www.kongregate.com/games/AlphaDragon601/gnome-pocolypse,8,1,2017-08-25,2017-08-25,,unclassified,,none,,none,not_assessed,none,,alphadragon601,1,,0,none,,ready,1.0.0
www.kongregate.com/games/xform/gokartgo-ultra,GoKartGo! Ultra!,,http://www.kongregate.com/games/Xform/gokartgo-ultra,8,1,2014-07-04,2014-07-04,,unclassified,,none,,none,not_assessed,none,,unknown,252,,0,none,,ready,1.0.0
www.kongregate.com/games/brett893/grab-the-penicals,Grab the Penicals,Brett893,http://www.kongregate.com/games/Brett893/grab-the-penicals,8,1,2011-04-09,2011-04-09,,unclassified,,none,,none,not_assessed,none,,brett893,1,,0,none,,ready,1.0.0
www.kongregate.com/games/freegames1234/greedy-fish,Greedy Fish,freegames1234,http://www.kongregate.com/games/freegames1234/greedy-fish,8,1,2011-08-05,2011-08-05,,unclassified,,none,,none,not_assessed,none,,freegames1234,6,,0,none,,ready,1.0.0
www.kongregate.com/games/mutant369/grim-legions,Grim Legions,Mutant369,http://www.kongregate.com/games/Mutant369/grim-legions,8,1,2016-09-16,2016-09-16,,unclassified,,none,,none,not_assessed,none,,mutant369,1,,0,none,,ready,1.0.0
www.kongregate.com/games/abra24/grindquest,GrindQuest,Abra24,http://www.kongregate.com/games/Abra24/grindquest,8,1,2011-02-09,2011-02-09,idle,idle_incremental,idle_incremental,high_observed_category,idle_progression,high_observed_category,not_assessed,none,,abra24,3,,0,high,observed_category:idle_incremental; observed_category:idle,ready,1.0.0
www.kongregate.com/games/egryan1/halloween-match,Halloween Match,egryan1,http://www.kongregate.com/games/egryan1/halloween-match,8,1,2010-10-18,2010-10-18,,unclassified,,none,,none,not_assessed,none,,egryan1,1,,0,none,,ready,1.0.0
www.kongregate.com/games/funtomic/help-me-fly-fixed,Help Me Fly (Fixed),Funtomic,http://www.kongregate.com/games/Funtomic/help-me-fly-fixed,8,1,2016-03-07,2016-03-07,,unclassified,,none,,none,not_assessed,none,,funtomic,7,,0,none,,ready,1.0.0
www.kongregate.com/games/loganengstrom/hextris,Hextris,,http://www.kongregate.com/games/loganengstrom/hextris,8,1,2014-08-11,2014-08-11,,unclassified,,none,,none,not_assessed,none,,unknown,252,,0,none,,ready,1.0.0
www.kongregate.com/games/games2rule/hidden-alphabets-emma-watson,Hidden Alphabets-Emma ...,games2rule,http://www.kongregate.com/games/games2rule/hidden-alphabets-emma-watson,8,1,2010-12-23,2010-12-23,,unclassified,,none,,none,not_assessed,none,,games2rule,21,,0,none,,ready,1.0.0
www.kongregate.com/games/games2rule/hidden-objects-the-muppets,Hidden Objects-The Mup...,games2rule,http://www.kongregate.com/games/games2rule/hidden-objects-the-muppets,8,1,2011-06-18,2011-06-18,,unclassified,,none,,none,not_assessed,none,,games2rule,21,,0,none,,ready,1.0.0
www.kongregate.com/games/wercooler/hit-the-target,Hit the target,,http://www.kongregate.com/games/wercooler/hit-the-target,8,1,2012-11-05,2012-11-05,,unclassified,,none,,none,not_assessed,none,,unknown,252,,0,none,,ready,1.0.0
www.kongregate.com/games/redbot360/honey-clicker,Honey Clicker,RedBot360,https://www.kongregate.com/games/RedBot360/honey-clicker,8,1,2019-08-25,2019-08-25,,idle_incremental,idle_incremental,medium_title_signal,,none,not_assessed,none,,redbot360,2,,0,medium,title_signal:idle_incremental,review_title_inference,1.0.0
www.kongregate.com/games/playzombie/i-hate-eyes,I Hate Eyes,playZombie,http://www.kongregate.com/games/playZombie/i-hate-eyes,8,1,2011-01-11,2011-01-11,,unclassified,,none,,none,not_assessed,none,,playzombie,1,,0,none,,ready,1.0.0
www.kongregate.com/games/mattxy8/idiot-test,Idiot Test,mattxy8,http://www.kongregate.com/games/mattxy8/idiot-test,8,1,2011-02-27,2011-02-27,,unclassified,,none,,none,not_assessed,none,,mattxy8,1,,0,none,,ready,1.0.0
www.kongregate.com/games/thegames8dotcom/imperium-war-4,Imperium War 4,thegames8dotcom,http://www.kongregate.com/games/thegames8dotcom/imperium-war-4,8,1,2016-03-05,2016-03-05,,unclassified,,none,,none,not_assessed,none,,thegames8dotcom,7,,0,none,,ready,1.0.0
www.kongregate.com/games/sandrakim/in-search-of-identity,In Search of Identity,,http://www.kongregate.com/games/SandraKim/in-search-of-identity,8,1,2014-06-13,2014-06-13,,unclassified,,none,,none,not_assessed,none,,unknown,252,,0,none,,ready,1.0.0
www.kongregate.com/games/trynewgames/inner-demon,Inner Demon,,http://www.kongregate.com/games/trynewgames/inner-demon,8,1,2014-07-30,2014-07-30,,unclassified,,none,,none,not_assessed,none,,unknown,252,,0,none,,ready,1.0.0
www.kongregate.com/games/barbariangames/into-space-2,Into Space 2,,http://www.kongregate.com/games/BarbarianGames/into-space-2,8,1,2012-11-04,2012-11-04,,unclassified,,none,,none,not_assessed,none,,unknown,252,,0,none,,ready,1.0.0
www.kongregate.com/games/satur010/invasio,Invasio,Satur010,http://www.kongregate.com/games/Satur010/invasio,8,1,2017-05-16,2017-05-16,,unclassified,,none,,none,not_assessed,none,,satur010,1,,0,none,,ready,1.0.0
www.kongregate.com/games/snoutup/iron-snout,Iron Snout,SnoutUp,http://www.kongregate.com/games/SnoutUp/iron-snout,8,1,2014-10-18,2014-10-18,,unclassified,,none,,none,not_assessed,none,,snoutup,1,,0,none,,ready,1.0.0
www.kongregate.com/games/beetle1/jogo-mach-o,Jogo Machão,Beetle1,http://www.kongregate.com/games/Beetle1/jogo-mach-o,8,1,2015-09-30,2015-09-30,,unclassified,,none,,none,not_assessed,none,,beetle1,1,,0,none,,ready,1.0.0
www.kongregate.com/games/degrue/just-messing-around-with-a-preloader-and-a-game-that-sucks,Just messing around wi...,deGrue,http://www.kongregate.com/games/deGrue/just-messing-around-with-a-preloader-and-a-game-that-sucks,8,1,2011-08-01,2011-08-01,,unclassified,,none,,none,not_assessed,none,,degrue,1,,0,none,,ready,1.0.0
www.kongregate.com/games/neithr/kelins-delivery-rain,Kelin's Delivery: Rain,NeithR,http://www.kongregate.com/games/NeithR/kelins-delivery-rain,8,1,2017-05-26,2017-05-26,,unclassified,,none,,none,not_assessed,none,,neithr,1,,0,none,,ready,1.0.0
www.kongregate.com/games/newgamess/kenworth-k-100-jigsaw,Kenworth K 100 Jigsaw,newgamess,http://www.kongregate.com/games/newgamess/kenworth-k-100-jigsaw,8,1,2016-07-20,2016-07-20,,unclassified,,none,,none,not_assessed,none,,newgamess,37,,0,none,,ready,1.0.0
www.kongregate.com/games/garsonyue123/king-of-fighter-wing-1-5,King Of Fighter Wing 1.5,garsonyue123,http://www.kongregate.com/games/garsonyue123/king-of-fighter-wing-1-5,8,1,2011-06-01,2011-06-01,,unclassified,,none,,none,not_assessed,none,,garsonyue123,1,,0,none,,ready,1.0.0
www.kongregate.com/games/knfescapegame/knf-find-the-energy-drink,Knf Find The Energy Drink,knfescapegame,http://www.kongregate.com/games/knfescapegame/knf-find-the-energy-drink,8,1,2017-08-05,2017-08-05,,unclassified,,none,,none,not_assessed,none,,knfescapegame,9,,0,none,,ready,1.0.0
www.kongregate.com/games/chichay2010/lets-get-45-or-5-time-9,Let's get 45 or 5 time 9,chichay2010,http://www.kongregate.com/games/chichay2010/lets-get-45-or-5-time-9,8,1,2015-09-23,2015-09-23,,unclassified,,none,,none,not_assessed,none,,chichay2010,1,,0,none,,ready,1.0.0
www.kongregate.com/games/frvrgames/lines-frvr,Lines FRVR,FRVRGames,http://www.kongregate.com/games/FRVRGames/lines-frvr,8,1,2016-09-23,2016-09-23,,unclassified,,none,,none,not_assessed,none,,frvrgames,1,,0,none,,ready,1.0.0
www.kongregate.com/games/igranje/lol,LOL,igranje,http://www.kongregate.com/games/igranje/lol,8,1,2017-07-12,2017-07-12,,unclassified,,none,,none,not_assessed,none,,igranje,1,,0,none,,ready,1.0.0
www.kongregate.com/games/gamesrishti/love-story,Love Story,gamesrishti,http://www.kongregate.com/games/gamesrishti/love-story,8,1,2015-09-09,2015-09-09,,unclassified,,none,,none,not_assessed,none,,gamesrishti,5,,0,none,,ready,1.0.0
www.kongregate.com/games/newgamess/mack-hidden-letters,Mack Hidden Letters,newgamess,http://www.kongregate.com/games/newgamess/mack-hidden-letters,8,1,2015-09-15,2015-09-15,,unclassified,,none,,none,not_assessed,none,,newgamess,37,,0,none,,ready,1.0.0
www.kongregate.com/games/creativeturtle/magnet-boy,Magnet Boy,CreativeTurtle,http://www.kongregate.com/games/CreativeTurtle/magnet-boy,8,1,2016-06-04,2016-06-04,,unclassified,,none,,none,not_assessed,none,,creativeturtle,1,,0,none,,ready,1.0.0
www.kongregate.com/games/loogames/make-nachos-balls,Make Nachos Balls,loogames,http://www.kongregate.com/games/loogames/make-nachos-balls,8,1,2015-09-14,2015-09-14,,unclassified,,none,,none,not_assessed,none,,loogames,6,,0,none,,ready,1.0.0
www.kongregate.com/games/keyeske/mana-island-adventure-chy-collect-game,Mana Island Adventure CHY - Collect Game,Keyeske,http://www.kongregate.com/games/Keyeske/mana-island-adventure-chy-collect-game,8,1,2016-09-17,2016-09-17,,unclassified,,none,,none,not_assessed,none,,keyeske,2,,0,none,,ready,1.0.0
www.kongregate.com/games/ic2000/maze-2,"Maze, 2",ic2000,http://www.kongregate.com/games/ic2000/maze-2,8,1,2010-11-23,2010-11-23,,unclassified,,none,,none,not_assessed,none,,ic2000,1,,0,none,,ready,1.0.0
www.kongregate.com/games/bbqhehe/memeslayer-beta,Memeslayer beta,bbqhehe,http://www.kongregate.com/games/bbqhehe/memeslayer-beta,8,1,2011-07-17,2011-07-17,,unclassified,,none,,none,not_assessed,none,,bbqhehe,1,,0,none,,ready,1.0.0
www.kongregate.com/games/mobiltr/mighty-motors-drag-racing,Mighty Motors - Drag Racing,mobilTR,http://www.kongregate.com/games/mobilTR/mighty-motors-drag-racing,8,1,2017-11-06,2017-11-06,,sports_racing,sports_racing,medium_title_signal,,none,not_assessed,none,,mobiltr,4,,0,medium,title_signal:sports_racing,review_title_inference,1.0.0
www.kongregate.com/games/jasonnumberxiii/minifield,Minifield,JasonNumberXIII,http://www.kongregate.com/games/JasonNumberXIII/minifield,8,1,2017-06-25,2017-06-25,,unclassified,,none,,none,not_assessed,none,,jasonnumberxiii,2,,0,none,,ready,1.0.0
www.kongregate.com/games/deanomyite/monster-kill,Monster Kill,,http://www.kongregate.com/games/Deanomyite/monster-kill,8,1,2014-07-21,2014-07-21,,unclassified,,none,,none,not_assessed,none,,unknown,252,,0,none,,ready,1.0.0
www.kongregate.com/games/flowlab/morton-the-monkey,Morton the Monkey,flowlab,http://www.kongregate.com/games/flowlab/morton-the-monkey,8,1,2016-05-15,2016-05-15,,unclassified,,none,,none,not_assessed,none,,flowlab,3,,0,none,,ready,1.0.0
www.kongregate.com/games/purecube/motion-music-tetris-part-1-horizontal-lines,Motion Music Tetris (P...,purecube,http://www.kongregate.com/games/purecube/motion-music-tetris-part-1-horizontal-lines,8,1,2010-11-13,2010-11-13,,unclassified,,none,,none,not_assessed,none,,purecube,2,,0,none,,ready,1.0.0
www.kongregate.com/games/matiasgonzalez/moto-cros,Moto cros,MatiasGonzalez,http://www.kongregate.com/games/MatiasGonzalez/moto-cros,8,1,2011-07-13,2011-07-13,,unclassified,,none,,none,not_assessed,none,,matiasgonzalez,1,,0,none,,ready,1.0.0
www.kongregate.com/games/alunosi/ninja-game-teste,Ninja Game Teste,AlunosI,http://www.kongregate.com/games/AlunosI/ninja-game-teste,8,1,2017-09-30,2017-09-30,,unclassified,,none,,none,not_assessed,none,,alunosi,2,,0,none,,ready,1.0.0
www.kongregate.com/games/k25507891/ninja-save-princess,Ninja Save Princess,k25507891,http://www.kongregate.com/games/k25507891/ninja-save-princess,8,1,2017-06-15,2017-06-15,,unclassified,,none,,none,not_assessed,none,,k25507891,8,,0,none,,ready,1.0.0
www.kongregate.com/games/splitgamer/no-escape,No Escape,splitgamer,http://www.kongregate.com/games/splitgamer/no-escape,8,1,2015-12-26,2015-12-26,,escape_room,escape_room,medium_title_signal,,none,not_assessed,none,,splitgamer,1,,0,medium,title_signal:escape_room,review_title_inference,1.0.0
www.kongregate.com/games/jimmyjyaaa/nothing,Nothing,JimmyJYaaa,https://www.kongregate.com/games/JimmyJYaaa/nothing,8,1,2021-11-12,2021-11-12,,unclassified,,none,,none,not_assessed,none,,jimmyjyaaa,1,,0,none,,ready,1.0.0
www.kongregate.com/games/airballda1/ohmyhat,OhMyHat,airballda1,http://www.kongregate.com/games/airballda1/ohmyhat,8,1,2011-04-16,2011-04-16,,unclassified,,none,,none,not_assessed,none,,airballda1,1,,0,none,,ready,1.0.0
www.kongregate.com/games/deesus/pac-man,PAC-MAN,deesus,http://www.kongregate.com/games/deesus/pac-man,8,1,2011-04-12,2011-04-12,,unclassified,,none,,none,not_assessed,none,,deesus,3,,0,none,,ready,1.0.0
www.kongregate.com/games/enagamess/pawn-shop,Pawn Shop,Enagamess,http://www.kongregate.com/games/Enagamess/pawn-shop,8,1,2016-09-03,2016-09-03,,unclassified,,none,,none,not_assessed,none,,enagamess,68,,0,none,,ready,1.0.0
www.kongregate.com/games/dystraleuphorie/pieces-nightmare-3,Pieces Nightmare 3,DystralEuphorie,http://www.kongregate.com/games/DystralEuphorie/pieces-nightmare-3,8,1,2011-08-09,2011-08-09,,unclassified,,none,,none,not_assessed,none,,dystraleuphorie,4,dystraleuphorie:pieces-nightmare,2,low,same_developer_series_stem,ready,1.0.0
www.kongregate.com/games/lexjox777/ping-pong,Ping Pong,lexjox777,http://www.kongregate.com/games/lexjox777/ping-pong,8,1,2016-06-05,2016-06-05,,unclassified,,none,,none,not_assessed,none,,lexjox777,1,,0,none,,ready,1.0.0
www.kongregate.com/games/sidvariya/pixel-shooter,Pixel Shooter,sidvariya,https://www.kongregate.com/games/sidvariya/pixel-shooter,8,1,2024-04-01,2024-04-01,shooter,shooter,shooter,high_observed_category,,none,not_assessed,none,,sidvariya,1,,0,high,observed_category:shooter,ready,1.0.0
www.kongregate.com/games/pickonsomeone/platform-block-demo,Platform Block Demo,PickOnSomeone,http://www.kongregate.com/games/PickOnSomeone/platform-block-demo,8,1,2011-03-23,2011-03-22,,unclassified,,none,,none,not_assessed,none,,pickonsomeone,1,,0,none,,ready,1.0.0
www.kongregate.com/games/ginprone/pliner-adventures,Pliner Adventures,Ginprone,http://www.kongregate.com/games/Ginprone/pliner-adventures,8,1,2016-01-02,2016-01-02,,unclassified,,none,,none,not_assessed,none,,ginprone,1,,0,none,,ready,1.0.0
www.kongregate.com/games/sandrakim/poisonous-champagne,Poisonous Champagne,,http://www.kongregate.com/games/SandraKim/poisonous-champagne,8,1,2014-08-08,2014-08-08,,unclassified,,none,,none,not_assessed,none,,unknown,252,,0,none,,ready,1.0.0
www.kongregate.com/games/clivingston8/pong-clone,Pong Clone,clivingston8,http://www.kongregate.com/games/clivingston8/pong-clone,8,1,2016-01-25,2016-01-25,,unclassified,,none,,none,not_assessed,none,,clivingston8,2,,0,none,,ready,1.0.0
www.kongregate.com/games/wariobrosz/punch-out-arena,Punch Out Arena!,wariobrosz,http://www.kongregate.com/games/wariobrosz/punch-out-arena,8,1,2014-10-31,2014-10-31,,unclassified,,none,,none,not_assessed,none,,wariobrosz,1,,0,none,,ready,1.0.0
www.kongregate.com/games/meox/purple-box-3,Purple Box 3,Meox,http://www.kongregate.com/games/Meox/purple-box-3,8,1,2011-06-05,2011-06-05,,unclassified,,none,,none,not_assessed,none,,meox,1,,0,none,,ready,1.0.0
www.kongregate.com/games/foumart/quantum-of-light,Quantum Of Light,,http://www.kongregate.com/games/foumart/quantum-of-light,8,1,2014-08-16,2014-08-16,,unclassified,,none,,none,not_assessed,none,,unknown,252,,0,none,,ready,1.0.0
www.kongregate.com/games/digitalarrow/real-sim-girl,Real sim girl,DigitalArrow,http://www.kongregate.com/games/DigitalArrow/real-sim-girl,8,1,2011-03-29,2011-03-29,,unclassified,,none,,none,not_assessed,none,,digitalarrow,1,,0,none,,ready,1.0.0
www.kongregate.com/games/eternalxp/rectangle-person,Rectangle Person,EternalXp,http://www.kongregate.com/games/EternalXp/rectangle-person,8,1,2017-08-23,2017-08-23,,unclassified,,none,,none,not_assessed,none,,eternalxp,1,,0,none,,ready,1.0.0
www.kongregate.com/games/alexscripter/rectangler-jumper,Rectangler Jumper,AlexScripter,http://www.kongregate.com/games/AlexScripter/rectangler-jumper,8,1,2016-07-27,2016-07-27,,unclassified,,none,,none,not_assessed,none,,alexscripter,2,,0,none,,ready,1.0.0
www.kongregate.com/games/ellyz/redlue-tick,RedLue Tick,Ellyz,http://www.kongregate.com/games/Ellyz/redlue-tick,8,1,2016-08-05,2016-08-05,,unclassified,,none,,none,not_assessed,none,,ellyz,1,,0,none,,ready,1.0.0
www.kongregate.com/games/hongkhav/retribution,Retribution,HongKhaV,http://www.kongregate.com/games/HongKhaV/retribution,8,1,2016-05-06,2016-05-06,,unclassified,,none,,none,not_assessed,none,,hongkhav,1,,0,none,,ready,1.0.0
www.kongregate.com/games/xxnamexx/robbys-choices,Robby's Choices!,XxNamExX,http://www.kongregate.com/games/XxNamExX/robbys-choices,8,1,2009-10-14,2009-10-14,,unclassified,,none,,none,not_assessed,none,,xxnamexx,1,,0,none,,ready,1.0.0
www.kongregate.com/games/rustltd/robot-butler,Robot Butler,RUSTLTD,http://www.kongregate.com/games/RUSTLTD/robot-butler,8,1,2011-02-09,2011-02-09,,unclassified,,none,,none,not_assessed,none,,rustltd,1,,0,none,,ready,1.0.0
www.kongregate.com/games/rand0mgamez/rocks-vs-gold-version-1-4,rocks vs gold version 1.4,rand0mgamez,http://www.kongregate.com/games/rand0mgamez/rocks-vs-gold-version-1-4,8,1,2011-08-13,2011-08-12,,unclassified,,none,,none,not_assessed,none,,rand0mgamez,1,,0,none,,ready,1.0.0
www.kongregate.com/games/grand_eagle/rogue-tower,Rogue Tower,Grand_Eagle,http://www.kongregate.com/games/Grand_Eagle/rogue-tower,8,1,2016-06-29,2016-06-29,,unclassified,,none,,none,not_assessed,none,,grand-eagle,1,,0,none,,ready,1.0.0
www.kongregate.com/games/mirchis/room-escape-10,Room Escape 10,MirchiS,http://www.kongregate.com/games/MirchiS/room-escape-10,8,1,2017-06-16,2017-06-16,,escape_room,escape_room,medium_title_signal,,none,not_assessed,none,,mirchis,3,,0,medium,title_signal:escape_room,review_title_inference,1.0.0
www.kongregate.com/games/thewzzard/ruby-majesty-treasure-team,Ruby & Majesty: Treasure Team,TheWzzard,http://www.kongregate.com/games/TheWzzard/ruby-majesty-treasure-team,8,1,2015-12-05,2015-12-05,,unclassified,,none,,none,not_assessed,none,,thewzzard,1,,0,none,,ready,1.0.0
www.kongregate.com/games/crazyescapegames/sakura-festival-escape,Sakura Festival Escape,CrazyEscapeGames,http://www.kongregate.com/games/CrazyEscapeGames/sakura-festival-escape,8,1,2017-07-20,2017-07-20,,escape_room,escape_room,medium_title_signal,,none,not_assessed,none,,crazyescapegames,6,,0,medium,title_signal:escape_room,review_title_inference,1.0.0
www.kongregate.com/games/stevejack/sam-ear-doctor,Sam Ear Doctor,,http://www.kongregate.com/games/stevejack/sam-ear-doctor,8,1,2014-06-06,2014-06-06,,unclassified,,none,,none,not_assessed,none,,unknown,252,,0,none,,ready,1.0.0
www.kongregate.com/games/cs_dx/samsung-knox,Samsung KNOX,CS_Dx,http://www.kongregate.com/games/CS_Dx/samsung-knox,8,1,2014-08-29,2014-08-29,,unclassified,,none,,none,not_assessed,none,,cs-dx,1,,0,none,,ready,1.0.0
www.kongregate.com/games/godvilgames/save-the-snails,Save The Snails,GodvilGames,http://www.kongregate.com/games/GodvilGames/save-the-snails,8,1,2011-06-13,2011-06-13,,unclassified,,none,,none,not_assessed,none,,godvilgames,1,,0,none,,ready,1.0.0
www.kongregate.com/games/exorack/sci-flow,Sci-Flow,,http://www.kongregate.com/games/Exorack/sci-flow,8,1,2014-07-26,2014-07-26,,unclassified,,none,,none,not_assessed,none,,unknown,252,,0,none,,ready,1.0.0
www.kongregate.com/games/beastproductions/seasons-platformer,Seasons Platformer,BEASTProductions,http://www.kongregate.com/games/BEASTProductions/seasons-platformer,8,1,2011-07-24,2011-07-24,,unclassified,,none,,none,not_assessed,none,,beastproductions,1,,0,none,,ready,1.0.0
www.kongregate.com/games/games2rule/selena-party-make-up,Selena party make up,games2rule,http://www.kongregate.com/games/games2rule/selena-party-make-up,8,1,2010-11-08,2010-11-08,,unclassified,,none,,none,not_assessed,none,,games2rule,21,,0,none,,ready,1.0.0
www.kongregate.com/games/crazyescapegames/silencer-escape,Silencer Escape,CrazyEscapeGames,http://www.kongregate.com/games/CrazyEscapeGames/silencer-escape,8,1,2017-09-13,2017-09-13,,escape_room,escape_room,medium_title_signal,,none,not_assessed,none,,crazyescapegames,6,,0,medium,title_signal:escape_room,review_title_inference,1.0.0
www.kongregate.com/games/cremeengraphics/simple-defence,Simple Defence,CremeenGraphics,http://www.kongregate.com/games/CremeenGraphics/simple-defence,8,1,2014-09-14,2014-09-14,,unclassified,,none,,none,not_assessed,none,,cremeengraphics,2,,0,none,,ready,1.0.0
www.kongregate.com/games/newgamess/sisu-truck-jigsaw,Sisu Truck Jigsaw,newgamess,http://www.kongregate.com/games/newgamess/sisu-truck-jigsaw,8,1,2016-06-13,2016-06-13,,unclassified,,none,,none,not_assessed,none,,newgamess,37,,0,none,,ready,1.0.0
www.kongregate.com/games/aiursrage2k/smooth-bowling,Smooth Bowling,Aiursrage2k,http://www.kongregate.com/games/Aiursrage2k/smooth-bowling,8,1,2011-03-11,2011-03-11,,unclassified,,none,,none,not_assessed,none,,aiursrage2k,2,,0,none,,ready,1.0.0
www.kongregate.com/games/cabcon/snowboard-instant-action-part-1,Snowboard Instant Acti...,cabcon,http://www.kongregate.com/games/cabcon/snowboard-instant-action-part-1,8,1,2011-06-10,2011-06-10,,unclassified,,none,,none,not_assessed,none,,cabcon,1,,0,none,,ready,1.0.0
www.kongregate.com/games/daoudsami/solar-defender,Solar Defender,,http://www.kongregate.com/games/daoudsami/solar-defender,8,1,2014-04-11,2014-04-11,,unclassified,,none,,none,not_assessed,none,,unknown,252,,0,none,,ready,1.0.0
www.kongregate.com/games/noodlearmedgames/spacebird3d,SpaceBird3d,NoodleArmedGames,http://www.kongregate.com/games/NoodleArmedGames/spacebird3d,8,1,2017-10-15,2017-10-15,,unclassified,,none,,none,not_assessed,none,,noodlearmedgames,1,,0,none,,ready,1.0.0
www.kongregate.com/games/kennyc415/spacemans-adventures,Spaceman's Adventures,KennyC415,http://www.kongregate.com/games/KennyC415/spacemans-adventures,8,1,2017-09-04,2017-09-04,,unclassified,,none,,none,not_assessed,none,,kennyc415,1,,0,none,,ready,1.0.0
www.kongregate.com/games/eanjo7/spider-stickman-4,Spider Stickman 4,,http://www.kongregate.com/games/eanjo7/spider-stickman-4,8,1,2014-08-01,2014-08-01,,unclassified,,none,,none,not_assessed,none,,unknown,252,,0,none,,ready,1.0.0
www.kongregate.com/games/wallofgame/square-spinner,Square Spinner,wallofgame,http://www.kongregate.com/games/wallofgame/square-spinner,8,1,2014-08-22,2014-08-22,,unclassified,,none,,none,not_assessed,none,,wallofgame,2,,0,none,,ready,1.0.0
www.kongregate.com/games/natalibt/super-mario-puzzle,Super Mario Puzzle,natalibt,http://www.kongregate.com/games/natalibt/super-mario-puzzle,8,1,2014-10-13,2014-10-13,,unclassified,,none,,none,not_assessed,none,,natalibt,15,,0,none,,ready,1.0.0
www.kongregate.com/games/gamer70008000/superheroes-crossy-road,SuperHeroes Crossy Road,gamer70008000,http://www.kongregate.com/games/gamer70008000/superheroes-crossy-road,8,1,2016-05-24,2016-05-24,,unclassified,,none,,none,not_assessed,none,,gamer70008000,8,,0,none,,ready,1.0.0
www.kongregate.com/games/blackhunters009/superman-simulator,Superman Simulator,,http://www.kongregate.com/games/BlackHunters009/superman-simulator,8,1,2014-06-27,2014-06-27,,unclassified,,none,,none,not_assessed,none,,unknown,252,,0,none,,ready,1.0.0
www.kongregate.com/games/bossastudios/surgeon-simulator-2013,Surgeon Simulator 2013,,http://www.kongregate.com/games/BossaStudios/surgeon-simulator-2013,8,1,2013-03-07,2013-03-07,,unclassified,,none,,none,not_assessed,none,,unknown,252,,0,none,,ready,1.0.0
www.kongregate.com/games/iriysoft/takeover,Takeover,,http://www.kongregate.com/games/IriySoft/takeover,8,1,2012-11-23,2012-09-21,,unclassified,,none,,none,not_assessed,none,,unknown,252,,0,none,,ready,1.0.0
www.kongregate.com/games/jorjor35/tank-game,Tank Game,Jorjor35,http://www.kongregate.com/games/Jorjor35/tank-game,8,1,2016-10-10,2016-10-10,,unclassified,,none,,none,not_assessed,none,,jorjor35,1,,0,none,,ready,1.0.0
www.kongregate.com/games/szunyi/terrorist-hunt,Terrorist Hunt,szunyi,http://www.kongregate.com/games/szunyi/terrorist-hunt,8,1,2014-12-28,2014-12-28,,unclassified,,none,,none,not_assessed,none,,szunyi,5,,0,none,,ready,1.0.0
www.kongregate.com/games/lebanging/testing-out-construct-2,Testing out Construct 2,LeBanging,http://www.kongregate.com/games/LeBanging/testing-out-construct-2,8,1,2014-09-26,2014-09-26,,unclassified,,none,,none,not_assessed,none,,lebanging,2,,0,none,,ready,1.0.0
www.kongregate.com/games/mtjaras/tetrismtjaras,TetrisMtjaras,mtjaras,http://www.kongregate.com/games/mtjaras/tetrismtjaras,8,1,2017-08-11,2017-08-11,,unclassified,,none,,none,not_assessed,none,,mtjaras,1,,0,none,,ready,1.0.0
www.kongregate.com/games/ctnumber1/the-bill-cosby-fun-game,The Bill Cosby Fun Game,ctnumber1,http://www.kongregate.com/games/ctnumber1/the-bill-cosby-fun-game,8,1,2011-07-05,2011-07-05,,unclassified,,none,,none,not_assessed,none,,ctnumber1,1,,0,none,,ready,1.0.0
www.kongregate.com/games/mrnannings/the-cave-explorer,The Cave Explorer,mrnannings,http://www.kongregate.com/games/mrnannings/the-cave-explorer,8,1,2016-08-20,2016-08-20,,unclassified,,none,,none,not_assessed,none,,mrnannings,1,,0,none,,ready,1.0.0
www.kongregate.com/games/retrograzer/the-compound,The Compound,retrograzer,http://www.kongregate.com/games/retrograzer/the-compound,8,1,2016-03-16,2016-03-16,,unclassified,,none,,none,not_assessed,none,,retrograzer,1,,0,none,,ready,1.0.0
www.kongregate.com/games/zack1580/the-easy-platformer,The easy Platformer,,http://www.kongregate.com/games/Zack1580/the-easy-platformer,8,1,2014-06-25,2014-06-25,,unclassified,,none,,none,not_assessed,none,,unknown,252,,0,none,,ready,1.0.0
www.kongregate.com/games/whocaresint/thomas-the-tank-engine-drops-acid,Thomas the Tank Engine Drops Acid,WhoCaresInt,http://www.kongregate.com/games/WhoCaresInt/thomas-the-tank-engine-drops-acid,8,1,2017-05-05,2017-05-05,,unclassified,,none,,none,not_assessed,none,,whocaresint,1,,0,none,,ready,1.0.0
www.kongregate.com/games/geosmedia/timberjack,Timberjack,GeosMedia,http://www.kongregate.com/games/GeosMedia/timberjack,8,1,2016-02-02,2016-02-02,,unclassified,,none,,none,not_assessed,none,,geosmedia,3,,0,none,,ready,1.0.0
www.kongregate.com/games/guerreroleond/tristejuego,TristeJuego,guerreroleond,http://www.kongregate.com/games/guerreroleond/tristejuego,8,1,2017-10-08,2017-10-08,,unclassified,,none,,none,not_assessed,none,,guerreroleond,1,,0,none,,ready,1.0.0
www.kongregate.com/games/gamolition/tune-your-scary-car,Tune Your Scary Car,gamolition,http://www.kongregate.com/games/gamolition/tune-your-scary-car,8,1,2014-10-29,2014-10-29,,unclassified,,none,,none,not_assessed,none,,gamolition,5,,0,none,,ready,1.0.0
www.kongregate.com/games/lovattostudio/twist,Twist,LovattoStudio,http://www.kongregate.com/games/LovattoStudio/twist,8,1,2016-08-13,2016-08-13,,unclassified,,none,,none,not_assessed,none,,lovattostudio,4,,0,none,,ready,1.0.0
www.kongregate.com/games/blasmena/unknown,Unknown,blasmena,http://www.kongregate.com/games/blasmena/unknown,8,1,2016-10-17,2016-10-17,,unclassified,,none,,none,not_assessed,none,,blasmena,1,,0,none,,ready,1.0.0
www.kongregate.com/games/vswitch/untitled-game-1,Untitled Game #1,vswitch,http://www.kongregate.com/games/vswitch/untitled-game-1,8,1,2016-01-16,2016-01-16,,unclassified,,none,,none,not_assessed,none,,vswitch,1,,0,none,,ready,1.0.0
www.kongregate.com/games/nuldius/voxel-snake,Voxel Snake,nuldius,http://www.kongregate.com/games/nuldius/voxel-snake,8,1,2014-10-24,2014-10-24,,unclassified,,none,,none,not_assessed,none,,nuldius,1,,0,none,,ready,1.0.0
www.kongregate.com/games/danflasher/war-with-another-planet,war with another planet,danflasher,http://www.kongregate.com/games/danflasher/war-with-another-planet,8,1,2011-07-21,2011-07-21,,unclassified,,none,,none,not_assessed,none,,danflasher,1,,0,none,,ready,1.0.0
www.kongregate.com/games/tinotintube/windows-xp-simulator,Windows XP Simulator,TinotinTube,http://www.kongregate.com/games/TinotinTube/windows-xp-simulator,8,1,2017-07-28,2017-07-28,,unclassified,,none,,none,not_assessed,none,,tinotintube,1,,0,none,,ready,1.0.0
www.kongregate.com/games/paulhtml5/wolfenstein-3d,Wolfenstein 3D,PaulHTML5,http://www.kongregate.com/games/PaulHTML5/wolfenstein-3d,8,1,2015-09-03,2015-09-03,,unclassified,,none,,none,not_assessed,none,,paulhtml5,5,,0,none,,ready,1.0.0
www.kongregate.com/games/ragnarwoofrealms/woof-realms,Woof Realms,RagnarWoofRealms,http://www.kongregate.com/games/RagnarWoofRealms/woof-realms,8,1,2016-10-24,2016-10-24,,unclassified,,none,,none,not_assessed,none,,ragnarwoofrealms,1,,0,none,,ready,1.0.0
www.kongregate.com/games/goblikstudios/wormhole-rider,Wormhole Rider,goblikstudios,http://www.kongregate.com/games/goblikstudios/wormhole-rider,8,1,2017-10-24,2017-10-24,,unclassified,,none,,none,not_assessed,none,,goblikstudios,1,,0,none,,ready,1.0.0
www.kongregate.com/games/fighter106/lof-shadow-match-2,Xmas Triple Mahjong,fighter106,http://www.kongregate.com/games/fighter106/lof-shadow-match-2,8,1,2021-01-25,2021-01-25,,unclassified,,none,,none,not_assessed,none,,fighter106,2,,0,none,,ready,1.0.0
www.kongregate.com/games/jeuxcom/zombeast,Zombeast,Jeuxcom,http://www.kongregate.com/games/Jeuxcom/zombeast,8,1,2014-09-12,2014-09-12,,unclassified,,none,,none,not_assessed,none,,jeuxcom,1,,0,none,,ready,1.0.0
www.kongregate.com/games/cameronmcl/zombie-head-zmash,Zombie Head Zmash,cameronmcl,http://www.kongregate.com/games/cameronmcl/zombie-head-zmash,8,1,2016-10-18,2016-10-18,,unclassified,,none,,none,not_assessed,none,,cameronmcl,1,,0,none,,ready,1.0.0
www.kongregate.com/games/grozzler/zombuddies,Zombuddies,GroZZleR,http://www.kongregate.com/games/GroZZleR/zombuddies,8,1,2014-11-25,2014-11-25,,unclassified,,none,,none,not_assessed,none,,grozzler,1,,0,none,,ready,1.0.0
www.kongregate.com/games/jetspice/grindcraft,GrindCraft,jetspice,https://www.kongregate.com/games/jetspice/grindcraft,9,135,2015-10-03,2015-01-29,idle,idle_incremental,idle_incremental,high_observed_category,idle_progression,high_observed_category,not_assessed,none,,jetspice,1,,0,high,observed_category:idle_incremental; observed_category:idle,ready,1.0.0
www.kongregate.com/games/gaby/onslaught2,Onslaught2,gaby,http://www.kongregate.com/games/gaby/onslaught2,9,49,2007-07-14,2007-07-01,tower-defense,tower_defense,tower_defense,high_observed_category,,none,not_assessed,none,,gaby,1,,0,high,observed_category:tower_defense,ready,1.0.0
www.kongregate.com/games/to_change_later/cividlization-2,Cividlization 2,to_change_later,https://www.kongregate.com/en/games/to_change_later/cividlization-2,9,39,2020-01-20,2020-01-01,strategy; strategy-defense,strategy,strategy,high_observed_category,,none,not_assessed,none,,to-change-later,1,,0,high,observed_category:strategy,ready,1.0.0
www.kongregate.com/games/ninjakiwi/bloons,Bloons,Ninjakiwi,http://www.kongregate.com/games/Ninjakiwi/bloons,9,35,2008-02-22,2008-02-22,puzzle,puzzle,puzzle,high_observed_category,,none,not_assessed,none,,ninjakiwi,11,,0,high,observed_category:puzzle,ready,1.0.0
www.kongregate.com/games/jorjeade/epsilon,Epsilon,JorjEade,http://www.kongregate.com/games/JorjEade/epsilon,9,31,2008-07-20,2008-07-20,puzzle,puzzle,puzzle,high_observed_category,,none,not_assessed,none,,jorjeade,3,,0,high,observed_category:puzzle,ready,1.0.0
www.kongregate.com/games/nerdook/cat-god-vs-sun-king,Cat God vs Sun King,nerdook,https://www.kongregate.com/en/games/nerdook/cat-god-vs-sun-king,9,30,2020-11-01,2011-07-25,action,action,action,high_observed_category,,none,not_assessed,none,,nerdook,4,,0,high,observed_category:action,ready,1.0.0
www.kongregate.com/games/ryu82/idling-to-become-god,Idling to Rule the Gods,Ryu82,http://www.kongregate.com/games/Ryu82/idling-to-become-god,9,26,2014-10-20,2014-08-23,idle,idle_incremental,idle_incremental,high_observed_category,idle_progression,high_observed_category,not_assessed,none,,ryu82,1,,0,high,observed_category:idle_incremental; observed_category:idle,ready,1.0.0
www.kongregate.com/games/idnoise/transport-defender,Transport Defender,IDNoise,http://www.kongregate.com/games/IDNoise/transport-defender,9,22,2015-07-26,2015-05-04,idle,idle_incremental,idle_incremental,high_observed_category,idle_progression,high_observed_category,not_assessed,none,,idnoise,2,,0,high,observed_category:idle_incremental; observed_category:idle,ready,1.0.0
www.kongregate.com/games/cicla/unreal-flash-2007,Unreal Flash 2007,cicla,http://www.kongregate.com/games/cicla/unreal-flash-2007,9,16,2008-04-27,2008-04-27,shooter,shooter,shooter,high_observed_category,,none,not_assessed,none,,cicla,1,,0,high,observed_category:shooter,ready,1.0.0
www.kongregate.com/games/menaragames/demonrift-td,Demonrift TD,menaragames,https://www.kongregate.com/en/games/menaragames/demonrift-td,9,14,2020-03-23,2011-09-26,tower-defense,tower_defense,tower_defense,high_observed_category,,none,not_assessed,none,,menaragames,1,,0,high,observed_category:tower_defense,ready,1.0.0
www.kongregate.com/games/rob_almighty/bad-eggs-online,Bad Eggs Online,Rob_Almighty,http://www.kongregate.com/games/Rob_Almighty/bad-eggs-online,9,10,2016-11-07,2016-11-07,shooter,shooter,shooter,high_observed_category,,none,not_assessed,none,,rob-almighty,3,rob-almighty:bad-eggs-online,2,high,observed_category:shooter; same_developer_series_stem,ready,1.0.0
www.kongregate.com/games/void/mad-mutually-assured-destruction,MAD: Mutually Assured Destruction,Void,http://www.kongregate.com/games/Void/mad-mutually-assured-destruction,9,7,2008-02-22,2008-02-22,action,action,action,high_observed_category,,none,not_assessed,none,,void,2,,0,high,observed_category:action,ready,1.0.0
www.kongregate.com/games/weasel/qwerty-warriors,QWERTY Warriors,Weasel,http://www.kongregate.com/games/Weasel/qwerty-warriors,9,7,2007-01-20,2007-01-20,,unclassified,,none,,none,not_assessed,none,,weasel,8,,0,none,,ready,1.0.0
www.kongregate.com/games/coldcorestudios/demon-war-idle-rebellion,Demon War: Idle Rebellion,ColdCoreStudios,http://www.kongregate.com/games/ColdCoreStudios/demon-war-idle-rebellion,9,6,2016-12-22,2016-12-22,,idle_incremental,idle_incremental,medium_title_signal,,none,not_assessed,none,,coldcorestudios,1,,0,medium,title_signal:idle_incremental,review_title_inference,1.0.0
www.kongregate.com/games/protonstudio/time-clickers,Time Clickers,ProtonStudio,http://www.kongregate.com/games/ProtonStudio/time-clickers,9,5,2015-03-29,2015-03-11,idle,idle_incremental,idle_incremental,high_observed_category,idle_progression,high_observed_category,not_assessed,none,,protonstudio,1,,0,high,observed_category:idle_incremental; observed_category:idle,ready,1.0.0
www.kongregate.com/games/m0rkeulv/castle-wars-2,Castle Wars 2,,https://www.kongregate.com/en/games/m0rkeulv/castle-wars-2,9,4,2026-07-01,2010-06-10,card,card_strategy,card_strategy,high_observed_category,persistent_card_game,high_observed_category,not_assessed,none,,unknown,252,,0,high,observed_category:card_strategy; observed_category:card,ready,1.0.0
www.kongregate.com/games/pitigamedev/in-space,In Space,pitigamedev,https://www.kongregate.com/games/pitigamedev/in-space,9,4,2024-04-01,2024-04-01,shooter,shooter,shooter,high_observed_category,,none,not_assessed,none,,pitigamedev,1,,0,high,observed_category:shooter,ready,1.0.0
www.kongregate.com/games/martiangames/motor-wars,Motor Wars,,https://www.kongregate.com/en/games/MartianGames/motor-wars,9,4,2026-07-01,2012-11-30,sports-racing,sports_racing,sports_racing,high_observed_category,,none,not_assessed,none,,unknown,252,,0,high,observed_category:sports_racing,ready,1.0.0
www.kongregate.com/games/bdaentertainment/realm-of-empires,Realm of Empires: Warlords Rising,,https://www.kongregate.com/en/games/BDAEntertainment/realm-of-empires,9,4,2026-07-01,2015-05-28,mmo,role_playing,role_playing,high_observed_category,massively_multiplayer,high_observed_category,not_assessed,none,,unknown,252,,0,high,observed_category:role_playing; observed_category:mmo,ready,1.0.0
www.kongregate.com/games/longanimals/cyclomaniacs,CycloManiacs,LongAnimals,https://www.kongregate.com/games/LongAnimals/cyclomaniacs,9,3,2018-03-06,2018-03-06,sports-racing,sports_racing,sports_racing,high_observed_category,,none,not_assessed,none,,longanimals,2,,0,high,observed_category:sports_racing,ready,1.0.0
www.kongregate.com/games/martinirosso/strikeforce-kitty-2,Strikeforce Kitty 2,MARTINIRosso,http://www.kongregate.com/games/MARTINIRosso/strikeforce-kitty-2,9,3,2015-01-29,2015-01-29,,unclassified,,none,,none,not_assessed,none,,martinirosso,3,,0,none,,ready,1.0.0
www.kongregate.com/games/quicksailor/country-cottage-escape,Country Cottage Escape,quicksailor,http://www.kongregate.com/games/quicksailor/country-cottage-escape,9,2,2014-10-17,2014-10-17,,escape_room,escape_room,medium_title_signal,,none,not_assessed,none,,quicksailor,7,,0,medium,title_signal:escape_room,review_title_inference,1.0.0
www.kongregate.com/games/codename_enter/idle-champions-of-the-forgotten-realms,Idle Champions of the Forgotten Realms,Codename_Enter,https://www.kongregate.com/games/Codename_Enter/idle-champions-of-the-forgotten-realms,9,2,2019-08-14,2019-08-14,,idle_incremental,idle_incremental,medium_title_signal,,none,not_assessed,none,,codename-enter,2,,0,medium,title_signal:idle_incremental,review_title_inference,1.0.0
www.kongregate.com/games/qywlgame/royal-knights-tournament,Royal Knights Tournament,qywlgame,http://www.kongregate.com/games/qywlgame/royal-knights-tournament,9,2,2014-09-19,2014-09-19,,unclassified,,none,,none,not_assessed,none,,qywlgame,4,,0,none,,ready,1.0.0
www.kongregate.com/games/3rdsense/swords-and-sandals-2,swords and sandals 2,3rdsense,http://kongregate.com/games/3rdsense/swords-and-sandals-2,9,2,2007-03-29,2007-02-25,,unclassified,,none,,none,not_assessed,none,,3rdsense,1,,0,none,,ready,1.0.0
www.kongregate.com/games/vitalitygames/18-wheeler-double-cargo,18 Wheeler Double Cargo,vitalitygames,http://www.kongregate.com/games/vitalitygames/18-wheeler-double-cargo,9,1,2014-10-13,2014-10-13,,unclassified,,none,,none,not_assessed,none,,vitalitygames,9,,0,none,,ready,1.0.0
www.kongregate.com/games/klatu/a-strange-market,A Strange Market,Klatu,http://www.kongregate.com/games/Klatu/a-strange-market,9,1,2017-07-03,2017-07-03,,unclassified,,none,,none,not_assessed,none,,klatu,2,,0,none,,ready,1.0.0
www.kongregate.com/games/libertyraincloud/afk-dont-talk-to-me,AFK Don't Talk To Me,Libertyraincloud,http://www.kongregate.com/games/Libertyraincloud/afk-dont-talk-to-me,9,1,2017-06-25,2017-06-25,,unclassified,,none,,none,not_assessed,none,,libertyraincloud,1,,0,none,,ready,1.0.0
www.kongregate.com/games/campanag/aliens-go-home,Aliens Go Home,campanag,http://www.kongregate.com/games/campanag/aliens-go-home,9,1,2014-10-10,2014-10-10,,unclassified,,none,,none,not_assessed,none,,campanag,1,,0,none,,ready,1.0.0
www.kongregate.com/games/hibiscus070133/angry-birds-adventure,Angry Birds Adventure,hibiscus070133,http://www.kongregate.com/games/hibiscus070133/angry-birds-adventure,9,1,2014-09-12,2014-09-12,,unclassified,,none,,none,not_assessed,none,,hibiscus070133,4,,0,none,,ready,1.0.0
www.kongregate.com/games/bsaaoperative/aquattack,AquAttack,bsaaoperative,http://www.kongregate.com/games/bsaaoperative/aquattack,9,1,2014-10-04,2014-10-04,,unclassified,,none,,none,not_assessed,none,,bsaaoperative,1,,0,none,,ready,1.0.0
www.kongregate.com/games/mcgeezax101/asteroids,Asteroids,mcgeezax101,http://www.kongregate.com/games/mcgeezax101/asteroids,9,1,2017-08-05,2017-08-05,,unclassified,,none,,none,not_assessed,none,,mcgeezax101,1,,0,none,,ready,1.0.0
www.kongregate.com/games/rodrigoa479/aventura-de-little-oryx,Aventura de Little Oryx,RodrigoA479,http://www.kongregate.com/games/RodrigoA479/aventura-de-little-oryx,9,1,2016-10-04,2016-10-04,,unclassified,,none,,none,not_assessed,none,,rodrigoa479,2,,0,none,,ready,1.0.0
www.kongregate.com/games/gameartdevguy/axg,AXG,gameartdevguy,http://www.kongregate.com/games/gameartdevguy/axg,9,1,2016-05-15,2016-05-15,,unclassified,,none,,none,not_assessed,none,,gameartdevguy,1,,0,none,,ready,1.0.0
www.kongregate.com/games/satiregames/beat-up-trump,Beat up Trump,SatireGames,http://www.kongregate.com/games/SatireGames/beat-up-trump,9,1,2017-05-16,2017-05-16,,unclassified,,none,,none,not_assessed,none,,satiregames,1,,0,none,,ready,1.0.0
www.kongregate.com/games/leviathangames/besieged-2-infinite,Besieged 2 Infinite,leviathangames,http://www.kongregate.com/games/leviathangames/besieged-2-infinite,9,1,2014-09-26,2014-09-26,,unclassified,,none,,none,not_assessed,none,,leviathangames,1,,0,none,,ready,1.0.0
www.kongregate.com/games/aidangig56/breach-of-contract-1-6,Breach of Contract 1.6,aidangig56,http://www.kongregate.com/games/aidangig56/breach-of-contract-1-6,9,1,2016-07-07,2016-07-07,,unclassified,,none,,none,not_assessed,none,,aidangig56,1,,0,none,,ready,1.0.0
www.kongregate.com/games/rhinobrosstudio/brother-in-dungoen,Brother in dungoen,rhinobrosstudio,http://www.kongregate.com/games/rhinobrosstudio/brother-in-dungoen,9,1,2016-10-18,2016-10-18,,unclassified,,none,,none,not_assessed,none,,rhinobrosstudio,1,,0,none,,ready,1.0.0
www.kongregate.com/games/enagamess/brothers-treasure-recovery-14,Brothers Treasure Recovery 14,Enagamess,http://www.kongregate.com/games/Enagamess/brothers-treasure-recovery-14,9,1,2016-05-23,2016-05-23,,unclassified,,none,,none,not_assessed,none,,enagamess,68,enagamess:brothers-treasure-recovery,3,low,same_developer_series_stem,ready,1.0.0
www.kongregate.com/games/guuby/candy-shooter-deluxe,Candy Shooter Deluxe,guuby,http://www.kongregate.com/games/guuby/candy-shooter-deluxe,9,1,2015-04-01,2015-04-01,,unclassified,,none,,none,not_assessed,none,,guuby,1,,0,none,,ready,1.0.0
www.kongregate.com/games/squiddymccloud/cardboard-catbox-painful-pitfalls,Cardboard Catbox Painful Pitfalls,squiddymccloud,http://www.kongregate.com/games/squiddymccloud/cardboard-catbox-painful-pitfalls,9,1,2017-07-28,2017-07-28,,unclassified,,none,,none,not_assessed,none,,squiddymccloud,2,,0,none,,ready,1.0.0
www.kongregate.com/games/p3drc/chalky,CHALKY,P3drc,http://www.kongregate.com/games/P3drc/chalky,9,1,2014-11-25,2014-11-25,,unclassified,,none,,none,not_assessed,none,,p3drc,1,,0,none,,ready,1.0.0
www.kongregate.com/games/enagamess/chinese-room-escape,Chinese Room Escape,Enagamess,http://www.kongregate.com/games/Enagamess/chinese-room-escape,9,1,2016-03-05,2016-03-05,,escape_room,escape_room,medium_title_signal,,none,not_assessed,none,,enagamess,68,,0,medium,title_signal:escape_room,review_title_inference,1.0.0
www.kongregate.com/games/szunyi/clear-vision-3,Clear Vision 3,szunyi,http://www.kongregate.com/games/szunyi/clear-vision-3,9,1,2014-12-28,2014-12-28,,unclassified,,none,,none,not_assessed,none,,szunyi,5,,0,none,,ready,1.0.0
www.kongregate.com/games/alunosi/cobras,Cobras,AlunosI,http://www.kongregate.com/games/AlunosI/cobras,9,1,2017-09-30,2017-09-30,,unclassified,,none,,none,not_assessed,none,,alunosi,2,,0,none,,ready,1.0.0
www.kongregate.com/games/jggsgames/coding-masters-idle,Coding Masters: Idle,JGGsGames,http://www.kongregate.com/games/JGGsGames/coding-masters-idle,9,1,2016-08-13,2016-08-13,,idle_incremental,idle_incremental,medium_title_signal,,none,not_assessed,none,,jggsgames,1,,0,medium,title_signal:idle_incremental,review_title_inference,1.0.0
www.kongregate.com/games/dmarcy/costanza-cube-2,Costanza Cube 2,dmarcy,http://www.kongregate.com/games/dmarcy/costanza-cube-2,9,1,2014-09-26,2014-09-26,,unclassified,,none,,none,not_assessed,none,,dmarcy,2,,0,none,,ready,1.0.0
www.kongregate.com/games/efefef20/test-game2,Creeper Goo,efefef20,http://www.kongregate.com/games/efefef20/test-game2,9,1,2021-01-25,2021-01-25,,unclassified,,none,,none,not_assessed,none,,efefef20,1,,0,none,,ready,1.0.0
www.kongregate.com/games/superwerer/cube-y-escape,Cube-y Escape,SUPERWERER,http://www.kongregate.com/games/SUPERWERER/cube-y-escape,9,1,2016-01-02,2016-01-02,,escape_room,escape_room,medium_title_signal,,none,not_assessed,none,,superwerer,1,,0,medium,title_signal:escape_room,review_title_inference,1.0.0
www.kongregate.com/games/newgamess/daf-truck-memory,Daf Truck Memory,newgamess,http://www.kongregate.com/games/newgamess/daf-truck-memory,9,1,2016-07-27,2016-07-27,,unclassified,,none,,none,not_assessed,none,,newgamess,37,,0,none,,ready,1.0.0
www.kongregate.com/games/enagamess/dam,Dam,Enagamess,http://www.kongregate.com/games/Enagamess/dam,9,1,2017-09-13,2017-09-13,,unclassified,,none,,none,not_assessed,none,,enagamess,68,,0,none,,ready,1.0.0
www.kongregate.com/games/igrodroms/dark-floors-of-zombies,Dark Floors of Zombies,igrodroms,http://www.kongregate.com/games/igrodroms/dark-floors-of-zombies,9,1,2017-05-26,2017-05-26,,unclassified,,none,,none,not_assessed,none,,igrodroms,1,,0,none,,ready,1.0.0
www.kongregate.com/games/redarx/dot-dash,Dot Dash,redarx,http://www.kongregate.com/games/redarx/dot-dash,9,1,2017-06-15,2017-06-15,,unclassified,,none,,none,not_assessed,none,,redarx,1,,0,none,,ready,1.0.0
www.kongregate.com/games/nsrgames/dream-adventure-escape,Dream Adventure Escape,Nsrgames,http://www.kongregate.com/games/Nsrgames/dream-adventure-escape,9,1,2017-08-23,2017-08-23,,escape_room,escape_room,medium_title_signal,,none,not_assessed,none,,nsrgames,10,,0,medium,title_signal:escape_room,review_title_inference,1.0.0
www.kongregate.com/games/enagamess/escape-dead-end-2,Escape Dead End 2,Enagamess,http://www.kongregate.com/games/Enagamess/escape-dead-end-2,9,1,2016-09-17,2016-09-17,,escape_room,escape_room,medium_title_signal,,none,not_assessed,none,,enagamess,68,enagamess:escape-dead-end,2,medium,title_signal:escape_room; same_developer_series_stem,review_title_inference,1.0.0
www.kongregate.com/games/rahchel321/escape-game-locked-house,Escape Game: Locked House,rahchel321,http://www.kongregate.com/games/rahchel321/escape-game-locked-house,9,1,2016-08-28,2016-08-28,,escape_room,escape_room,medium_title_signal,,none,not_assessed,none,,rahchel321,10,,0,medium,title_signal:escape_room,review_title_inference,1.0.0
www.kongregate.com/games/andresaslidell/extreme-treadmill-survival,Extreme Treadmill Survival,AndresasLidell,http://www.kongregate.com/games/AndresasLidell/extreme-treadmill-survival,9,1,2014-09-05,2014-09-05,,unclassified,,none,,none,not_assessed,none,,andresaslidell,1,,0,none,,ready,1.0.0
www.kongregate.com/games/foizur197/flappy-bird-mobile-iphone,Flappy Bird Mobile iphone,Foizur197,http://www.kongregate.com/games/Foizur197/flappy-bird-mobile-iphone,9,1,2014-10-03,2014-10-03,,unclassified,,none,,none,not_assessed,none,,foizur197,2,,0,none,,ready,1.0.0
www.kongregate.com/games/loogames/floppy-pumpkin,Floppy Pumpkin,loogames,http://www.kongregate.com/games/loogames/floppy-pumpkin,9,1,2014-10-29,2014-10-29,,unclassified,,none,,none,not_assessed,none,,loogames,6,,0,none,,ready,1.0.0
www.kongregate.com/games/sherazbhatti226/flying-bird,Flying Bird,sherazbhatti226,http://www.kongregate.com/games/sherazbhatti226/flying-bird,9,1,2017-07-29,2017-07-29,,unclassified,,none,,none,not_assessed,none,,sherazbhatti226,2,,0,none,,ready,1.0.0
www.kongregate.com/games/newgamess/ford-transcon,Ford Transcon,newgamess,http://www.kongregate.com/games/newgamess/ford-transcon,9,1,2016-03-16,2016-03-16,,unclassified,,none,,none,not_assessed,none,,newgamess,37,,0,none,,ready,1.0.0
www.kongregate.com/games/clivingston8/galaxy-brix,Galaxy Brix,clivingston8,http://www.kongregate.com/games/clivingston8/galaxy-brix,9,1,2016-01-25,2016-01-25,,unclassified,,none,,none,not_assessed,none,,clivingston8,2,,0,none,,ready,1.0.0
www.kongregate.com/games/trapman88/get-get-out-of-hell,Get Get Out of Hell!,Trapman88,http://www.kongregate.com/games/Trapman88/get-get-out-of-hell,9,1,2016-05-24,2016-05-24,,unclassified,,none,,none,not_assessed,none,,trapman88,2,,0,none,,ready,1.0.0
www.kongregate.com/games/virajmalia/good-and-the-bad,Good and the Bad,virajmalia,http://www.kongregate.com/games/virajmalia/good-and-the-bad,9,1,2017-10-08,2017-10-08,,unclassified,,none,,none,not_assessed,none,,virajmalia,1,,0,none,,ready,1.0.0
www.kongregate.com/games/johnnyk022181/goopies,Goopies,johnnyk022181,http://www.kongregate.com/games/johnnyk022181/goopies,9,1,2017-05-25,2017-05-25,,unclassified,,none,,none,not_assessed,none,,johnnyk022181,2,,0,none,,ready,1.0.0
www.kongregate.com/games/gregoryd137/gpd-pong-student-project,GPD Pong (Student Project),GregoryD137,http://www.kongregate.com/games/GregoryD137/gpd-pong-student-project,9,1,2016-09-03,2016-09-03,,unclassified,,none,,none,not_assessed,none,,gregoryd137,1,,0,none,,ready,1.0.0
www.kongregate.com/games/harshtheawesome/graviball-v0-4,Graviball V0.4,HarshTheAwesome,http://www.kongregate.com/games/HarshTheAwesome/graviball-v0-4,9,1,2017-07-20,2017-07-20,,unclassified,,none,,none,not_assessed,none,,harshtheawesome,1,,0,none,,ready,1.0.0
www.kongregate.com/games/kchamp/gravitex-2,Gravitex 2,kChamp,http://www.kongregate.com/games/kChamp/gravitex-2,9,1,2009-06-17,2009-06-17,,unclassified,,none,,none,not_assessed,none,,kchamp,2,,0,none,,ready,1.0.0
www.kongregate.com/games/1bluepineapple/greengo,GreenGo,1BluePineapple,http://www.kongregate.com/games/1BluePineapple/greengo,9,1,2016-07-14,2016-07-14,,unclassified,,none,,none,not_assessed,none,,1bluepineapple,1,,0,none,,ready,1.0.0
www.kongregate.com/games/marxor/hacky-sack-adventure,Hacky Sack Adventure,MARXOR,https://www.kongregate.com/games/MARXOR/hacky-sack-adventure,9,1,2019-08-25,2019-08-25,,unclassified,,none,,none,not_assessed,none,,marxor,1,,0,none,,ready,1.0.0
www.kongregate.com/games/sandrakim/happy-neighbors,Happy Neighbors,SandraKim,http://www.kongregate.com/games/SandraKim/happy-neighbors,9,1,2016-09-23,2016-09-23,,unclassified,,none,,none,not_assessed,none,,sandrakim,31,,0,none,,ready,1.0.0
www.kongregate.com/games/gazthomas/hardest-free-game,Hardest Free Game,GazThomas,http://www.kongregate.com/games/GazThomas/hardest-free-game,9,1,2016-09-16,2016-09-16,,unclassified,,none,,none,not_assessed,none,,gazthomas,2,,0,none,,ready,1.0.0
www.kongregate.com/games/sandrakim/haunted-campus,Haunted Campus,SandraKim,http://www.kongregate.com/games/SandraKim/haunted-campus,9,1,2014-08-22,2014-08-22,,unclassified,,none,,none,not_assessed,none,,sandrakim,31,,0,none,,ready,1.0.0
www.kongregate.com/games/newgamess/hyundai-rn-30,Hyundai RN 30,newgamess,http://www.kongregate.com/games/newgamess/hyundai-rn-30,9,1,2016-10-10,2016-10-10,,unclassified,,none,,none,not_assessed,none,,newgamess,37,,0,none,,ready,1.0.0
www.kongregate.com/games/coderiftstudios/idle-conquest,Idle Conquest,CodeRiftStudios,http://www.kongregate.com/games/CodeRiftStudios/idle-conquest,9,1,2014-12-17,2014-12-17,,idle_incremental,idle_incremental,medium_title_signal,,none,not_assessed,none,,coderiftstudios,1,,0,medium,title_signal:idle_incremental,review_title_inference,1.0.0
www.kongregate.com/games/silverfinish/idle-streamer-2,Idle Streamer 2,SilverFinish,http://www.kongregate.com/games/SilverFinish/idle-streamer-2,9,1,2017-10-15,2017-10-15,,idle_incremental,idle_incremental,medium_title_signal,,none,not_assessed,none,,silverfinish,2,silverfinish:idle-streamer,2,medium,title_signal:idle_incremental; same_developer_series_stem,review_title_inference,1.0.0
www.kongregate.com/games/twowizards/idle-wizard,Idle Wizard,TwoWizards,https://www.kongregate.com/games/TwoWizards/idle-wizard,9,1,2018-09-13,2016-11-02,,idle_incremental,idle_incremental,medium_title_signal,,none,not_assessed,none,,twowizards,1,,0,medium,title_signal:idle_incremental,review_title_inference,1.0.0
www.kongregate.com/games/chrisskyro/into-the-pit,Into The Pit,ChrisSkyRo,https://www.kongregate.com/games/ChrisSkyRo/into-the-pit,9,1,2021-11-12,2021-11-12,,unclassified,,none,,none,not_assessed,none,,chrisskyro,1,,0,none,,ready,1.0.0
www.kongregate.com/games/spsv/invasionunity,InvasionUnity,spsv,http://www.kongregate.com/games/spsv/invasionunity,9,1,2017-10-24,2017-10-24,,unclassified,,none,,none,not_assessed,none,,spsv,1,,0,none,,ready,1.0.0
www.kongregate.com/games/misaru_02/jainees-survival-island,Jainee's Survival Island,misaru_02,http://www.kongregate.com/games/misaru_02/jainees-survival-island,9,1,2015-09-23,2015-09-23,,unclassified,,none,,none,not_assessed,none,,misaru-02,1,,0,none,,ready,1.0.0
www.kongregate.com/games/chaotichawk1/kappa-pong,Kappa Pong,ChaoticHawk1,http://www.kongregate.com/games/ChaoticHawk1/kappa-pong,9,1,2016-10-24,2016-10-24,,unclassified,,none,,none,not_assessed,none,,chaotichawk1,1,,0,none,,ready,1.0.0
www.kongregate.com/games/knfescapegame/knf-classic-lodge-escape,Knf Classic Lodge Escape,knfescapegame,http://www.kongregate.com/games/knfescapegame/knf-classic-lodge-escape,9,1,2017-06-04,2017-06-04,,escape_room,escape_room,medium_title_signal,,none,not_assessed,none,,knfescapegame,9,,0,medium,title_signal:escape_room,review_title_inference,1.0.0
www.kongregate.com/games/hundredhundred/link,Link,hundredhundred,http://www.kongregate.com/games/hundredhundred/link,9,1,2014-08-29,2014-08-29,,unclassified,,none,,none,not_assessed,none,,hundredhundred,1,,0,none,,ready,1.0.0
www.kongregate.com/games/breakdo/marketglory,Marketglory,breakdo,http://www.kongregate.com/games/breakdo/marketglory,9,1,2014-09-02,2014-09-02,,unclassified,,none,,none,not_assessed,none,,breakdo,1,,0,none,,ready,1.0.0
www.kongregate.com/games/ganderoleg/martin-samanthas-blood,Martin: Samantha's Blood,Ganderoleg,http://www.kongregate.com/games/Ganderoleg/martin-samanthas-blood,9,1,2015-12-05,2015-12-05,,unclassified,,none,,none,not_assessed,none,,ganderoleg,1,,0,none,,ready,1.0.0
www.kongregate.com/games/asad_marmash/monster-shooter,Monster Shooter,asad_marmash,http://www.kongregate.com/games/asad_marmash/monster-shooter,9,1,2016-02-17,2016-02-17,,unclassified,,none,,none,not_assessed,none,,asad-marmash,1,,0,none,,ready,1.0.0
www.kongregate.com/games/vitalitygames/monster-truck-shadowlands-2,Monster Truck Shadowlands 2,vitalitygames,http://www.kongregate.com/games/vitalitygames/monster-truck-shadowlands-2,9,1,2016-06-13,2016-06-13,,unclassified,,none,,none,not_assessed,none,,vitalitygames,9,vitalitygames:monster-truck-shadowlands,2,low,same_developer_series_stem,ready,1.0.0
www.kongregate.com/games/8pixstudio/monsterkill,Monsterkill,8PixStudio,http://www.kongregate.com/games/8PixStudio/monsterkill,9,1,2017-08-11,2017-08-11,,unclassified,,none,,none,not_assessed,none,,8pixstudio,1,,0,none,,ready,1.0.0
www.kongregate.com/games/willinggamesa/mothers-day-spot-difference,Mother's Day Spot Difference,WillingGamesA,http://www.kongregate.com/games/WillingGamesA/mothers-day-spot-difference,9,1,2016-05-06,2016-05-06,,unclassified,,none,,none,not_assessed,none,,willinggamesa,1,,0,none,,ready,1.0.0
www.kongregate.com/games/kidsgamess/motor-cross-nitro,Motor Cross Nitro,kidsgamess,http://www.kongregate.com/games/kidsgamess/motor-cross-nitro,9,1,2015-09-15,2015-09-15,,unclassified,,none,,none,not_assessed,none,,kidsgamess,2,,0,none,,ready,1.0.0
www.kongregate.com/games/marcovsdp/multiplayer-pong-3000,Multiplayer Pong 3000,marcovsdp,http://www.kongregate.com/games/marcovsdp/multiplayer-pong-3000,9,1,2014-10-31,2014-10-31,,unclassified,,none,online_multiplayer_title_signal,medium_title_signal,not_assessed,none,,marcovsdp,1,,0,medium,title_signal:multiplayer,review_title_inference,1.0.0
www.kongregate.com/games/rowlandrose/music-bounce,Music Bounce,rowlandrose,http://www.kongregate.com/games/rowlandrose/music-bounce,9,1,2008-05-13,2008-05-13,puzzle,puzzle,puzzle,high_observed_category,,none,not_assessed,none,,rowlandrose,1,,0,high,observed_category:puzzle,ready,1.0.0
www.kongregate.com/games/rhmgames/ninja-dog-quest,Ninja Dog Quest,RHMGames,http://www.kongregate.com/games/RHMGames/ninja-dog-quest,9,1,2016-07-20,2016-07-20,,unclassified,,none,,none,not_assessed,none,,rhmgames,4,,0,none,,ready,1.0.0
www.kongregate.com/games/mmongeon/obversum,Obversum,mmongeon,http://www.kongregate.com/games/mmongeon/obversum,9,1,2017-11-06,2017-11-06,,unclassified,,none,,none,not_assessed,none,,mmongeon,1,,0,none,,ready,1.0.0
www.kongregate.com/games/dessintress/ocean-gem-harvester,Ocean Gem Harvester,DessIntress,http://www.kongregate.com/games/DessIntress/ocean-gem-harvester,9,1,2014-11-11,2014-11-11,,unclassified,,none,,none,not_assessed,none,,dessintress,1,,0,none,,ready,1.0.0
www.kongregate.com/games/mafagames/plumber,Plumber,mafagames,http://www.kongregate.com/games/mafagames/plumber,9,1,2017-07-12,2017-07-12,,unclassified,,none,,none,not_assessed,none,,mafagames,41,,0,none,,ready,1.0.0
www.kongregate.com/games/arielroler/plutonium-quest,Plutonium quest,arielroler,http://www.kongregate.com/games/arielroler/plutonium-quest,9,1,2016-10-30,2016-10-30,,unclassified,,none,,none,not_assessed,none,,arielroler,1,,0,none,,ready,1.0.0
www.kongregate.com/games/funtomic/potato-rebellion,Potato Rebellion,Funtomic,http://www.kongregate.com/games/Funtomic/potato-rebellion,9,1,2016-03-07,2016-03-07,,unclassified,,none,,none,not_assessed,none,,funtomic,7,,0,none,,ready,1.0.0
www.kongregate.com/games/slixmedia/robin-the-archer-in-pixeland,Robin the Archer in Pixeland,slixmedia,http://www.kongregate.com/games/slixmedia/robin-the-archer-in-pixeland,9,1,2009-10-14,2009-10-14,,unclassified,,none,,none,not_assessed,none,,slixmedia,2,,0,none,,ready,1.0.0
www.kongregate.com/games/justin_wang123/rogue-fable-iv,Rogue Fable IV,Justin_wang123,https://www.kongregate.com/games/Justin_wang123/rogue-fable-iv,9,1,2024-01-17,2024-01-17,adventure-rpg,role_playing,role_playing,high_observed_category,,none,not_assessed,none,,justin-wang123,3,justin-wang123:rogue-fable,3,high,observed_category:role_playing; same_developer_series_stem,ready,1.0.0
www.kongregate.com/games/kcscs/rolling-cube,Rolling Cube,kcscs,http://www.kongregate.com/games/kcscs/rolling-cube,9,1,2014-12-30,2014-12-30,,unclassified,,none,,none,not_assessed,none,,kcscs,1,,0,none,,ready,1.0.0
www.kongregate.com/games/bowwow200/schism,Schism,BowWow200,http://www.kongregate.com/games/BowWow200/schism,9,1,2016-10-17,2016-10-17,,unclassified,,none,,none,not_assessed,none,,bowwow200,2,,0,none,,ready,1.0.0
www.kongregate.com/games/fahadraghied/sequence,Sequence,fahadraghied,http://www.kongregate.com/games/fahadraghied/sequence,9,1,2014-10-24,2014-10-24,,unclassified,,none,,none,not_assessed,none,,fahadraghied,1,,0,none,,ready,1.0.0
www.kongregate.com/games/jgrelewicz/skater-rage,Skater Rage,jgrelewicz,http://www.kongregate.com/games/jgrelewicz/skater-rage,9,1,2014-12-02,2014-12-02,,unclassified,,none,,none,not_assessed,none,,jgrelewicz,1,,0,none,,ready,1.0.0
www.kongregate.com/games/pikmin2011/snake,Snake,pikmin2011,http://www.kongregate.com/games/pikmin2011/snake,9,1,2016-06-05,2016-06-05,,unclassified,,none,,none,not_assessed,none,,pikmin2011,1,,0,none,,ready,1.0.0
www.kongregate.com/games/vizgl/snake-is-mlg-edition,Snake.is MLG Edition,vizgl,http://www.kongregate.com/games/vizgl/snake-is-mlg-edition,9,1,2017-05-05,2017-05-05,,unclassified,,none,,none,not_assessed,none,,vizgl,1,,0,none,,ready,1.0.0
www.kongregate.com/games/fckn/space-mision-alpha-v1-0-3d,space mision alpha v1.0 3D,fckn,http://www.kongregate.com/games/fckn/space-mision-alpha-v1-0-3d,9,1,2014-10-09,2014-10-09,,unclassified,,none,,none,not_assessed,none,,fckn,2,,0,none,,ready,1.0.0
www.kongregate.com/games/02378/space-war,Space War,02378,http://www.kongregate.com/games/02378/space-war,9,1,2014-08-26,2014-08-26,,unclassified,,none,,none,not_assessed,none,,02378,1,,0,none,,ready,1.0.0
www.kongregate.com/games/hj1213/space-warii,SPACE WARII,hj1213,http://www.kongregate.com/games/hj1213/space-warii,9,1,2016-06-22,2016-06-22,,unclassified,,none,,none,not_assessed,none,,hj1213,1,,0,none,,ready,1.0.0
www.kongregate.com/games/feicaigames/spongebob-zombies-party,Spongebob Zombies Party,feicaigames,http://www.kongregate.com/games/feicaigames/spongebob-zombies-party,9,1,2017-08-17,2017-08-17,,unclassified,,none,,none,not_assessed,none,,feicaigames,2,,0,none,,ready,1.0.0
www.kongregate.com/games/watermelongames/starry-light,Starry Light,WatermelonGames,http://www.kongregate.com/games/WatermelonGames/starry-light,9,1,2015-09-09,2015-09-09,,unclassified,,none,,none,not_assessed,none,,watermelongames,1,,0,none,,ready,1.0.0
www.kongregate.com/games/locodiamond/suns-and-clouds,Suns and Clouds,LocoDiamond,http://www.kongregate.com/games/LocoDiamond/suns-and-clouds,9,1,2016-06-29,2016-06-29,,unclassified,,none,,none,not_assessed,none,,locodiamond,1,,0,none,,ready,1.0.0
www.kongregate.com/games/boriordan/super-shoot-game-derivative-thingy,Super Shoot Game Derivative thingy,boriordan,http://www.kongregate.com/games/boriordan/super-shoot-game-derivative-thingy,9,1,2014-09-14,2014-09-14,,unclassified,,none,,none,not_assessed,none,,boriordan,1,,0,none,,ready,1.0.0
www.kongregate.com/games/albatr/superhotline-miami,SUPERHOTline Miami Deluxe,Albatr,https://www.kongregate.com/games/Albatr/superhotline-miami,9,1,2017-10-31,2017-10-31,shooter,shooter,shooter,high_observed_category,,none,not_assessed,none,,albatr,1,,0,high,observed_category:shooter,ready,1.0.0
www.kongregate.com/games/enagamess/temple-of-morr-2,Temple Of Morr 2,Enagamess,http://www.kongregate.com/games/Enagamess/temple-of-morr-2,9,1,2017-06-16,2017-06-16,,unclassified,,none,,none,not_assessed,none,,enagamess,68,,0,none,,ready,1.0.0
www.kongregate.com/games/panzeri/test-project-unity,Test Project Unity,PanzerI,http://www.kongregate.com/games/PanzerI/test-project-unity,9,1,2015-09-14,2015-09-14,,unclassified,,none,,none,not_assessed,none,,panzeri,1,,0,none,,ready,1.0.0
www.kongregate.com/games/zotakomen/the-evil-lair,The Evil Lair,zotakomen,http://www.kongregate.com/games/zotakomen/the-evil-lair,9,1,2018-12-22,2018-12-22,,unclassified,,none,,none,not_assessed,none,,zotakomen,1,,0,none,,ready,1.0.0
www.kongregate.com/games/majderrami/the-maze-world,The Maze World,majderrami,http://www.kongregate.com/games/majderrami/the-maze-world,9,1,2016-02-28,2016-02-28,,unclassified,,none,,none,not_assessed,none,,majderrami,1,,0,none,,ready,1.0.0
www.kongregate.com/games/deheeteapple/the-stupid-quiz,The stupid Quiz,Deheeteapple,http://www.kongregate.com/games/Deheeteapple/the-stupid-quiz,9,1,2016-01-16,2016-01-16,,unclassified,,none,,none,not_assessed,none,,deheeteapple,1,,0,none,,ready,1.0.0
www.kongregate.com/games/paulhtml5/timberman-html5,TimberMan HTML5,PaulHTML5,http://www.kongregate.com/games/PaulHTML5/timberman-html5,9,1,2016-03-24,2016-03-24,,unclassified,,none,,none,not_assessed,none,,paulhtml5,5,,0,none,,ready,1.0.0
www.kongregate.com/games/ih4teappels/topdowntankshootergame,TopDownTankShooterGame,Ih4teappels,http://www.kongregate.com/games/Ih4teappels/topdowntankshootergame,9,1,2014-12-10,2014-12-10,,unclassified,,none,,none,not_assessed,none,,ih4teappels,1,,0,none,,ready,1.0.0
www.kongregate.com/games/quicksailor/tricky-trailer-park-escape,Tricky Trailer Park Escape,quicksailor,http://www.kongregate.com/games/quicksailor/tricky-trailer-park-escape,9,1,2014-12-17,2014-12-17,,escape_room,escape_room,medium_title_signal,,none,not_assessed,none,,quicksailor,7,,0,medium,title_signal:escape_room,review_title_inference,1.0.0
www.kongregate.com/games/thegames8dotcom/twin-towers-3,Twin Towers 3,thegames8dotcom,http://www.kongregate.com/games/thegames8dotcom/twin-towers-3,9,1,2015-12-26,2015-12-26,,unclassified,,none,,none,not_assessed,none,,thegames8dotcom,7,,0,none,,ready,1.0.0
www.kongregate.com/games/ludosproject/twolands-clickers,TwoLands Clickers,LudosProject,http://www.kongregate.com/games/LudosProject/twolands-clickers,9,1,2017-09-04,2017-09-04,,unclassified,,none,,none,not_assessed,none,,ludosproject,1,,0,none,,ready,1.0.0
www.kongregate.com/games/evilryo0309/uniwar,UniWar,evilryo0309,http://www.kongregate.com/games/evilryo0309/uniwar,9,1,2015-09-03,2015-09-03,,unclassified,,none,,none,not_assessed,none,,evilryo0309,1,,0,none,,ready,1.0.0
www.kongregate.com/games/silentviper/unstable-orbits,Unstable Orbits,silentviper,http://www.kongregate.com/games/silentviper/unstable-orbits,9,1,2016-06-04,2016-06-04,,unclassified,,none,,none,not_assessed,none,,silentviper,1,,0,none,,ready,1.0.0
www.kongregate.com/games/nfyre/vinyl-memories,Vinyl Memories,nfyre,http://www.kongregate.com/games/nfyre/vinyl-memories,9,1,2014-09-20,2014-09-20,,unclassified,,none,,none,not_assessed,none,,nfyre,1,,0,none,,ready,1.0.0
www.kongregate.com/games/lafunk/volcano-idols,Volcano Idols,laFunk,http://www.kongregate.com/games/laFunk/volcano-idols,9,1,2016-03-20,2016-03-20,,unclassified,,none,,none,not_assessed,none,,lafunk,2,,0,none,,ready,1.0.0
www.kongregate.com/games/dragonlance5/when-the-lights-go-down,When the Lights Go Down,dragonlance5,http://www.kongregate.com/games/dragonlance5/when-the-lights-go-down,9,1,2017-08-25,2017-08-25,,unclassified,,none,,none,not_assessed,none,,dragonlance5,1,,0,none,,ready,1.0.0
www.kongregate.com/games/powerpuffz/why-the-woods-whisper,Why The Woods Whisper,powerpuffz,http://www.kongregate.com/games/powerpuffz/why-the-woods-whisper,9,1,2015-12-18,2015-12-18,,unclassified,,none,,none,not_assessed,none,,powerpuffz,1,,0,none,,ready,1.0.0
www.kongregate.com/games/ploo98/wild-test-rpg,Wild Test RPG,ploo98,http://www.kongregate.com/games/ploo98/wild-test-rpg,9,1,2016-08-20,2016-08-20,,role_playing,role_playing,medium_title_signal,,none,not_assessed,none,,ploo98,1,,0,medium,title_signal:role_playing,review_title_inference,1.0.0
www.kongregate.com/games/phylum/wind-seed,Wind Seed,Phylum,http://www.kongregate.com/games/Phylum/wind-seed,9,1,2015-09-30,2015-09-30,,unclassified,,none,,none,not_assessed,none,,phylum,1,,0,none,,ready,1.0.0
www.kongregate.com/games/newgamess/yoda-jigsaw,Yoda Jigsaw,newgamess,http://www.kongregate.com/games/newgamess/yoda-jigsaw,9,1,2016-02-02,2016-02-02,,unclassified,,none,,none,not_assessed,none,,newgamess,37,,0,none,,ready,1.0.0
www.kongregate.com/games/ngc_man/youtube-tycoon,YouTube Tycoon,NGC_Man,http://www.kongregate.com/games/NGC_Man/youtube-tycoon,9,1,2016-08-05,2016-08-05,,unclassified,,none,,none,not_assessed,none,,ngc-man,1,,0,none,,ready,1.0.0
www.kongregate.com/games/mosso70/zebras-connect,Zebras Connect,mosso70,http://www.kongregate.com/games/mosso70/zebras-connect,9,1,2017-09-20,2017-09-20,,unclassified,,none,,none,not_assessed,none,,mosso70,1,,0,none,,ready,1.0.0
www.kongregate.com/games/sadpandastudios/crush-crush,Crush Crush,SadPandaStudios,https://www.kongregate.com/games/SadPandaStudios/crush-crush,10,132,2016-06-01,2016-02-09,idle,idle_incremental,idle_incremental,high_observed_category,idle_progression,high_observed_category,not_assessed,none,,sadpandastudios,2,,0,high,observed_category:idle_incremental; observed_category:idle,ready,1.0.0
www.kongregate.com/games/trbw001/superfighters,Superfighters,TRBW001,https://www.kongregate.com/games/TRBW001/superfighters,10,97,2018-06-25,2018-06-25,action,action,action,high_observed_category,,none,not_assessed,none,,trbw001,1,,0,high,observed_category:action,ready,1.0.0
www.kongregate.com/games/juicybit/armor-mayhem,Armor Mayhem,JuicyBit,https://www.kongregate.com/games/JuicyBit/armor-mayhem,10,88,2018-05-07,2018-05-07,shooter,shooter,shooter,high_observed_category,,none,not_assessed,none,,juicybit,1,,0,high,observed_category:shooter,ready,1.0.0
www.kongregate.com/games/webcypher/sift-heads-world-act-6,Sift Heads World - Act 6,WebCypher,https://www.kongregate.com/en/games/WebCypher/sift-heads-world-act-6,10,35,2024-04-21,2010-09-29,shooter; adventure,shooter,adventure; shooter,high_observed_category,,none,not_assessed,none,,webcypher,7,webcypher:sift-heads-world,2,high,observed_category:shooter; same_developer_series_stem,ready,1.0.0
www.kongregate.com/games/hadar1989/arcane,Arcane,Hadar1989,http://www.kongregate.com/games/Hadar1989/arcane,10,32,2008-07-24,2008-07-24,action,action,action,high_observed_category,,none,not_assessed,none,,hadar1989,1,,0,high,observed_category:action,ready,1.0.0
www.kongregate.com/games/togeproductions/necronator,Necronator,TogeProductions,https://www.kongregate.com/en/games/TogeProductions/necronator,10,27,2023-02-07,2010-06-01,strategy; strategy-defense,strategy,strategy,high_observed_category,,none,not_assessed,none,,togeproductions,4,,0,high,observed_category:strategy,ready,1.0.0
www.kongregate.com/games/innercircus/boomstick,BoomsticK,innercircus,http://www.kongregate.com/games/innercircus/boomstick,10,24,2008-04-26,2008-04-26,action,action,action,high_observed_category,,none,not_assessed,none,,innercircus,1,,0,high,observed_category:action,ready,1.0.0
www.kongregate.com/games/spicyhorse/akaneiro,Akaneiro,Spicyhorse,http://www.kongregate.com/games/Spicyhorse/akaneiro,10,18,2014-12-27,2014-12-27,adventure,adventure,adventure,high_observed_category,,none,not_assessed,none,,spicyhorse,2,,0,high,observed_category:adventure,ready,1.0.0
www.kongregate.com/games/flori9/the-final-earth-2,The Final Earth 2,flori9,https://www.kongregate.com/games/flori9/the-final-earth-2,10,16,2021-04-01,2019-06-13,strategy-defense,strategy,strategy,high_observed_category,,none,not_assessed,none,,flori9,1,,0,high,observed_category:strategy,ready,1.0.0
www.kongregate.com/games/leveluplabs/defenders-quest-prelude,Defender's Quest (lengthy!) Demo,LevelUpLabs,https://www.kongregate.com/en/games/LevelUpLabs/defenders-quest-prelude,10,14,2018-03-16,2012-01-27,tower-defense,tower_defense,tower_defense,high_observed_category,,none,not_assessed,none,,leveluplabs,1,,0,high,observed_category:tower_defense,ready,1.0.0
www.kongregate.com/games/bontegames/factory-balls,Factory Balls,bontegames,http://www.kongregate.com/games/bontegames/factory-balls,10,14,2008-02-22,2008-02-22,puzzle,puzzle,puzzle,high_observed_category,,none,not_assessed,none,,bontegames,6,bontegames:factory-balls,2,high,observed_category:puzzle; same_developer_series_stem,ready,1.0.0
www.kongregate.com/games/shinki/super-crazy-guitar-maniac-deluxe-2,Super Crazy Guitar Maniac Deluxe 2,Shinki,http://www.kongregate.com/games/Shinki/super-crazy-guitar-maniac-deluxe-2,10,14,2007-10-11,2007-10-11,,unclassified,,none,,none,not_assessed,none,,shinki,2,shinki:super-crazy-guitar-maniac-deluxe,2,low,same_developer_series_stem,ready,1.0.0
www.kongregate.com/games/m0rkeulv/castlewars,Castlewars,m0rkeulv,http://kongregate.com/games/m0rkeulv/castlewars,10,13,2007-06-13,2007-05-30,card,card_strategy,card_strategy,high_observed_category,persistent_card_game,high_observed_category,not_assessed,none,,m0rkeulv,1,,0,high,observed_category:card_strategy; observed_category:card,ready,1.0.0
www.kongregate.com/games/cloudcade/shop-heroes,Shop Heroes,cloudcade,http://www.kongregate.com/games/cloudcade/shop-heroes,10,9,2015-10-29,2015-10-29,,unclassified,,none,,none,not_assessed,none,,cloudcade,1,,0,none,,ready,1.0.0
www.kongregate.com/games/omgnoob191/tabletop-idle,Tabletop idle,omgnoob191,http://www.kongregate.com/games/omgnoob191/tabletop-idle,10,9,2017-05-27,2017-05-27,,idle_incremental,idle_incremental,medium_title_signal,,none,not_assessed,none,,omgnoob191,4,,0,medium,title_signal:idle_incremental,review_title_inference,1.0.0
www.kongregate.com/games/adamschroeder/asteroids-revenge-iii-crash-to-survive,Asteroids Revenge III - Crash to Survive,AdamSchroeder,http://www.kongregate.com/games/AdamSchroeder/asteroids-revenge-iii-crash-to-survive,10,8,2007-09-03,2007-09-03,action,action,action,high_observed_category,,none,not_assessed,none,,adamschroeder,1,,0,high,observed_category:action,ready,1.0.0
www.kongregate.com/games/jhollands/spaceplan-prototype,SPACEPLAN Prototype,jhollands,http://www.kongregate.com/games/jhollands/spaceplan-prototype,10,7,2017-05-30,2017-05-30,,unclassified,,none,,none,not_assessed,none,,jhollands,1,,0,none,,ready,1.0.0
www.kongregate.com/games/redux/blang,Blang,redux,http://www.kongregate.com/games/redux/blang,10,6,2016-05-25,2006-10-19,,unclassified,,none,,none,not_assessed,none,,redux,1,,0,none,,ready,1.0.0
www.kongregate.com/games/vogd/diggy,Diggy,Vogd,https://www.kongregate.com/en/games/Vogd/diggy,10,5,2023-08-15,2013-11-03,adventure-rpg,role_playing,role_playing,high_observed_category,,none,not_assessed,none,,vogd,2,,0,high,observed_category:role_playing,ready,1.0.0
www.kongregate.com/games/djstatika/crunchball-3000,Crunchball 3000,,https://www.kongregate.com/en/games/DJStatika/crunchball-3000,10,4,2026-07-01,2009-05-22,sports-racing,sports_racing,sports_racing,high_observed_category,,none,not_assessed,none,,unknown,252,,0,high,observed_category:sports_racing,ready,1.0.0
www.kongregate.com/games/djsonicx/dj-sheepwolf-mixer,Dj Sheepwolf Mixer,,https://www.kongregate.com/en/games/DjSonicx/dj-sheepwolf-mixer,10,4,2026-07-01,2009-11-10,more,other,other,high_observed_category,,none,not_assessed,none,,unknown,252,,0,high,observed_category:other,ready,1.0.0
www.kongregate.com/games/ceptri/galactic-clicker,Galactic Clicker,ceptri,http://www.kongregate.com/games/ceptri/galactic-clicker,10,4,2015-01-18,2015-01-18,idle,idle_incremental,idle_incremental,high_observed_category,idle_progression,high_observed_category,not_assessed,none,,ceptri,1,,0,high,observed_category:idle_incremental; observed_category:idle,ready,1.0.0
www.kongregate.com/games/byaliens/mighty-party,Mighty Party,,https://www.kongregate.com/en/games/ByAliens/mighty-party,10,4,2026-07-01,2016-11-21,card,card_strategy,card_strategy,high_observed_category,persistent_card_game,high_observed_category,not_assessed,none,,unknown,252,,0,high,observed_category:card_strategy; observed_category:card,ready,1.0.0
www.kongregate.com/games/weasel/thing-thing-arena-3,Thing-Thing Arena 3,Weasel,http://www.kongregate.com/games/Weasel/thing-thing-arena-3,10,4,2009-03-08,2009-03-08,action,action,action,high_observed_category,,none,not_assessed,none,,weasel,8,weasel:thing-thing-arena,3,high,observed_category:action; same_developer_series_stem,ready,1.0.0
www.kongregate.com/games/nerdook/nuclear-outrun,Nuclear Outrun,nerdook,https://www.kongregate.com/games/nerdook/nuclear-outrun,10,3,2015-05-07,2015-05-07,sports-racing,sports_racing,sports_racing,high_observed_category,,none,not_assessed,none,,nerdook,4,,0,high,observed_category:sports_racing,ready,1.0.0
www.kongregate.com/games/luvcraft/pretty-pretty-bang-bang,Pretty Pretty Bang Bang,luvcraft,http://www.kongregate.com/games/luvcraft/pretty-pretty-bang-bang,10,3,2007-01-20,2007-01-20,,unclassified,,none,,none,not_assessed,none,,luvcraft,1,,0,none,,ready,1.0.0
www.kongregate.com/games/marxgames/rpg-mo-sandbox,RPG MO Sandbox,MarxGames,https://www.kongregate.com/games/MarxGames/rpg-mo-sandbox,10,3,2023-04-18,2013-06-07,multiplayer,multiplayer,multiplayer,high_observed_category,online_multiplayer,high_observed_category,not_assessed,none,,marxgames,1,,0,high,observed_category:multiplayer; observed_category:multiplayer,ready,1.0.0
www.kongregate.com/games/xpndsprt/the-tickler,The Tickler,xpndsprt,https://www.kongregate.com/games/xpndsprt/the-tickler,10,3,2020-03-24,2009-09-23,action,action,action,high_observed_category,,none,not_assessed,none,,xpndsprt,1,,0,high,observed_category:action,ready,1.0.0
www.kongregate.com/games/rhminteractive/boxing-random,Boxing Random,rhminteractive,https://www.kongregate.com/games/rhminteractive/boxing-random,10,2,2025-03-22,2025-03-22,sports-racing,sports_racing,sports_racing,high_observed_category,,none,not_assessed,none,,rhminteractive,2,,0,high,observed_category:sports_racing,ready,1.0.0
www.kongregate.com/games/victoryawaits/mecha-galaxy,Mecha Galaxy,VictoryAwaits,https://www.kongregate.com/games/VictoryAwaits/mecha-galaxy,10,2,2024-10-04,2013-07-01,multiplayer,multiplayer,multiplayer,high_observed_category,online_multiplayer,high_observed_category,not_assessed,none,,victoryawaits,2,,0,high,observed_category:multiplayer; observed_category:multiplayer,ready,1.0.0
www.kongregate.com/games/ageofgames/puzzlelinerpg,PuzzleLineRpg,Ageofgames,http://www.kongregate.com/games/Ageofgames/puzzlelinerpg,10,2,2014-09-19,2014-09-19,,unclassified,,none,,none,not_assessed,none,,ageofgames,1,,0,none,,ready,1.0.0
www.kongregate.com/games/groupsky/rcm,RCM,groupsky,http://www.kongregate.com/games/groupsky/rcm,10,2,2015-10-04,2015-10-04,,unclassified,,none,,none,not_assessed,none,,groupsky,1,,0,none,,ready,1.0.0
www.kongregate.com/games/shubhtiwari/tile-clash-arena,Tile Clash Arena,,https://www.kongregate.com/en/games/shubhtiwari/tile-clash-arena,10,2,2026-07-03,2026-07-01,multiplayer,multiplayer,multiplayer,high_observed_category,online_multiplayer,high_observed_category,not_assessed,none,,unknown,252,,0,high,observed_category:multiplayer; observed_category:multiplayer,ready,1.0.0
www.kongregate.com/games/exception_e/woodclicker,Woodclicker,Exception_e,http://www.kongregate.com/games/Exception_e/woodclicker,10,2,2015-05-06,2015-04-05,,unclassified,,none,,none,not_assessed,none,,exception-e,1,,0,none,,ready,1.0.0
www.kongregate.com/games/idarkzqa/21-savage-no-heart,21 SaVaGe - No Heart,iDarkzQa,http://www.kongregate.com/games/iDarkzQa/21-savage-no-heart,10,1,2017-06-25,2017-06-25,,unclassified,,none,,none,not_assessed,none,,idarkzqa,1,,0,none,,ready,1.0.0
www.kongregate.com/games/nsrgames/abcd-edu-kids,Abcd Edu Kids,Nsrgames,http://www.kongregate.com/games/Nsrgames/abcd-edu-kids,10,1,2017-09-13,2017-09-13,,unclassified,,none,,none,not_assessed,none,,nsrgames,10,,0,none,,ready,1.0.0
www.kongregate.com/games/enagamess/act-before-counteract,Act Before Counteract,Enagamess,http://www.kongregate.com/games/Enagamess/act-before-counteract,10,1,2017-07-20,2017-07-20,,unclassified,,none,,none,not_assessed,none,,enagamess,68,,0,none,,ready,1.0.0
www.kongregate.com/games/nsrgames/adventure-of-cursed-dippa-escape,Adventure of cursed dippa Escape,Nsrgames,http://www.kongregate.com/games/Nsrgames/adventure-of-cursed-dippa-escape,10,1,2017-07-28,2017-07-28,,escape_room,escape_room,medium_title_signal,,none,not_assessed,none,,nsrgames,10,,0,medium,title_signal:escape_room,review_title_inference,1.0.0
www.kongregate.com/games/dphoenix90/age-manipulation,Age Manipulation,dphoenix90,http://www.kongregate.com/games/dphoenix90/age-manipulation,10,1,2014-10-29,2014-10-29,,unclassified,,none,,none,not_assessed,none,,dphoenix90,1,,0,none,,ready,1.0.0
www.kongregate.com/games/pinedamr/asteroids-cl,ASTEROIDS CL,PinedaMR,http://www.kongregate.com/games/PinedaMR/asteroids-cl,10,1,2016-06-22,2016-06-22,,unclassified,,none,,none,not_assessed,none,,pinedamr,1,,0,none,,ready,1.0.0
www.kongregate.com/games/onemanarmy3d/au-modern-fps,AU Modern FPS,OneManArmy3D,http://www.kongregate.com/games/OneManArmy3D/au-modern-fps,10,1,2016-01-25,2016-01-25,,unclassified,,none,,none,not_assessed,none,,onemanarmy3d,1,,0,none,,ready,1.0.0
www.kongregate.com/games/stenlio/avoid-the-rockets,Avoid the rockets,StenliO,http://www.kongregate.com/games/StenliO/avoid-the-rockets,10,1,2016-01-02,2016-01-02,,unclassified,,none,,none,not_assessed,none,,stenlio,1,,0,none,,ready,1.0.0
www.kongregate.com/games/muzzammils/ballgame,BALLGAME!,MuzzammilS,http://www.kongregate.com/games/MuzzammilS/ballgame,10,1,2014-11-11,2014-11-11,,unclassified,,none,,none,not_assessed,none,,muzzammils,1,,0,none,,ready,1.0.0
www.kongregate.com/games/fg247/ballistica,Ballistica,fg247,http://www.kongregate.com/games/fg247/ballistica,10,1,2014-09-05,2014-09-05,,unclassified,,none,,none,not_assessed,none,,fg247,1,,0,none,,ready,1.0.0
www.kongregate.com/games/gamesforgirlz/barbie-playing-with-baby,Barbie playing with Baby,gamesforgirlz,http://www.kongregate.com/games/gamesforgirlz/barbie-playing-with-baby,10,1,2015-09-30,2015-09-30,,unclassified,,none,,none,not_assessed,none,,gamesforgirlz,10,,0,none,,ready,1.0.0
www.kongregate.com/games/griman/barons-gate-2,Barons Gate 2,Griman,http://www.kongregate.com/games/Griman/barons-gate-2,10,1,2014-10-04,2014-10-04,,unclassified,,none,,none,not_assessed,none,,griman,1,,0,none,,ready,1.0.0
www.kongregate.com/games/daoudsammer/beetlo,Beetlo,daoudsammer,http://www.kongregate.com/games/daoudsammer/beetlo,10,1,2014-12-30,2014-12-30,,unclassified,,none,,none,not_assessed,none,,daoudsammer,2,,0,none,,ready,1.0.0
www.kongregate.com/games/captainmatti/block-witch,Block Witch,captainmatti,http://www.kongregate.com/games/captainmatti/block-witch,10,1,2014-08-29,2014-08-29,,unclassified,,none,,none,not_assessed,none,,captainmatti,1,,0,none,,ready,1.0.0
www.kongregate.com/games/larryquartz/blue-runner,Blue Runner,Larryquartz,http://www.kongregate.com/games/Larryquartz/blue-runner,10,1,2017-07-29,2017-07-29,,unclassified,,none,,none,not_assessed,none,,larryquartz,2,,0,none,,ready,1.0.0
www.kongregate.com/games/sushistory/boomerang-chang-2,Boomerang Chang 2,sushistory,http://www.kongregate.com/games/sushistory/boomerang-chang-2,10,1,2016-09-16,2016-09-16,,unclassified,,none,,none,not_assessed,none,,sushistory,1,,0,none,,ready,1.0.0
www.kongregate.com/games/lilgamefactory/bow-island-a-bowshooting-game,Bow Island - A Bowshooting Game,lilgamefactory,http://www.kongregate.com/games/lilgamefactory/bow-island-a-bowshooting-game,10,1,2016-10-30,2016-10-30,,unclassified,,none,,none,not_assessed,none,,lilgamefactory,1,,0,none,,ready,1.0.0
www.kongregate.com/games/natalibt/cadillac-police-puzzle,Cadillac Police Puzzle,natalibt,http://www.kongregate.com/games/natalibt/cadillac-police-puzzle,10,1,2015-09-23,2015-09-23,,unclassified,,none,,none,not_assessed,none,,natalibt,15,,0,none,,ready,1.0.0
www.kongregate.com/games/redbot360/castles-n-knights,Castles N' Knights,RedBot360,https://www.kongregate.com/games/RedBot360/castles-n-knights,10,1,2019-08-25,2019-08-25,,unclassified,,none,,none,not_assessed,none,,redbot360,2,,0,none,,ready,1.0.0
www.kongregate.com/games/garywolflu/color-labyrinth,Color Labyrinth,garywolflu,http://www.kongregate.com/games/garywolflu/color-labyrinth,10,1,2017-08-23,2017-08-23,,unclassified,,none,,none,not_assessed,none,,garywolflu,1,,0,none,,ready,1.0.0
www.kongregate.com/games/contracity/contra-city,Contra City,ContraCity,http://www.kongregate.com/games/ContraCity/contra-city,10,1,2015-11-08,2015-11-08,shooter,shooter,shooter,high_observed_category,,none,not_assessed,none,,contracity,1,,0,high,observed_category:shooter,ready,1.0.0
www.kongregate.com/games/ciobeni/crossbows,Crossbows,ciobeni,http://www.kongregate.com/games/ciobeni/crossbows,10,1,2017-05-25,2017-05-25,,unclassified,,none,,none,not_assessed,none,,ciobeni,2,,0,none,,ready,1.0.0
www.kongregate.com/games/martinirosso/dangerous-adventure-2,Dangerous Adventure 2,MARTINIRosso,http://www.kongregate.com/games/MARTINIRosso/dangerous-adventure-2,10,1,2016-09-23,2016-09-23,,unclassified,,none,,none,not_assessed,none,,martinirosso,3,,0,none,,ready,1.0.0
www.kongregate.com/games/zygomaticgames/deep-dive-html5,Deep Dive (HTML5),zygomaticgames,http://www.kongregate.com/games/zygomaticgames/deep-dive-html5,10,1,2017-08-17,2017-08-17,,unclassified,,none,,none,not_assessed,none,,zygomaticgames,7,,0,none,,ready,1.0.0
www.kongregate.com/games/funtomic/deep-sea-hunter-2,Deep Sea Hunter 2,Funtomic,http://www.kongregate.com/games/Funtomic/deep-sea-hunter-2,10,1,2016-03-07,2016-03-07,,unclassified,,none,,none,not_assessed,none,,funtomic,7,,0,none,,ready,1.0.0
www.kongregate.com/games/lastlightstudios/demon-tag-online,Demon Tag Online,LastLightStudios,http://www.kongregate.com/games/LastLightStudios/demon-tag-online,10,1,2014-10-31,2014-10-31,,unclassified,,none,,none,not_assessed,none,,lastlightstudios,1,,0,none,,ready,1.0.0
www.kongregate.com/games/killer_killed/duck-hunt,Duck Hunt,Killer_Killed,http://www.kongregate.com/games/Killer_Killed/duck-hunt,10,1,2014-10-03,2014-10-03,,unclassified,,none,,none,not_assessed,none,,killer-killed,1,,0,none,,ready,1.0.0
www.kongregate.com/games/plopix/dystopia-101,Dystopia 101,Plopix,http://www.kongregate.com/games/Plopix/dystopia-101,10,1,2015-04-01,2015-04-01,,unclassified,,none,,none,not_assessed,none,,plopix,1,,0,none,,ready,1.0.0
www.kongregate.com/games/weedoor/e-l-k,E L K,weedoor,http://www.kongregate.com/games/weedoor/e-l-k,10,1,2015-12-05,2015-12-05,,unclassified,,none,,none,not_assessed,none,,weedoor,1,,0,none,,ready,1.0.0
www.kongregate.com/games/dw817/easy-notepad,Easy Notepad,dw817,http://www.kongregate.com/games/dw817/easy-notepad,10,1,2016-10-04,2016-10-04,,unclassified,,none,,none,not_assessed,none,,dw817,1,,0,none,,ready,1.0.0
www.kongregate.com/games/billorko/elarasi,Elarasi,billorko,http://www.kongregate.com/games/billorko/elarasi,10,1,2017-09-30,2017-09-30,,unclassified,,none,,none,not_assessed,none,,billorko,1,,0,none,,ready,1.0.0
www.kongregate.com/games/gamesforgirlz/elsa-and-anna-landing-on-mars,Elsa and Anna landing on Mars,gamesforgirlz,http://www.kongregate.com/games/gamesforgirlz/elsa-and-anna-landing-on-mars,10,1,2016-08-05,2016-08-05,,unclassified,,none,,none,not_assessed,none,,gamesforgirlz,10,,0,none,,ready,1.0.0
www.kongregate.com/games/rahchel321/escape-game-13-doors,Escape Game: 13 Doors,rahchel321,http://www.kongregate.com/games/rahchel321/escape-game-13-doors,10,1,2016-08-28,2016-08-28,,escape_room,escape_room,medium_title_signal,,none,not_assessed,none,,rahchel321,10,,0,medium,title_signal:escape_room,review_title_inference,1.0.0
www.kongregate.com/games/natalibt/fiat-police-puzzle,Fiat Police Puzzle,natalibt,http://www.kongregate.com/games/natalibt/fiat-police-puzzle,10,1,2015-09-15,2015-09-15,,unclassified,,none,,none,not_assessed,none,,natalibt,15,,0,none,,ready,1.0.0
www.kongregate.com/games/tatemartin/fidget-clicker,Fidget Clicker,Tatemartin,http://www.kongregate.com/games/Tatemartin/fidget-clicker,10,1,2017-06-04,2017-06-04,,idle_incremental,idle_incremental,medium_title_signal,,none,not_assessed,none,,tatemartin,2,,0,medium,title_signal:idle_incremental,review_title_inference,1.0.0
www.kongregate.com/games/mafagames/fidget-spinner-bros,Fidget Spinner Bros,mafagames,http://www.kongregate.com/games/mafagames/fidget-spinner-bros,10,1,2017-07-12,2017-07-12,,unclassified,,none,,none,not_assessed,none,,mafagames,41,,0,none,,ready,1.0.0
www.kongregate.com/games/bryanprogamer/flappy-bird-my-game,Flappy Bird (MY GAME),BryanProGamer,http://www.kongregate.com/games/BryanProGamer/flappy-bird-my-game,10,1,2015-09-03,2015-09-03,,unclassified,,none,,none,not_assessed,none,,bryanprogamer,1,,0,none,,ready,1.0.0
www.kongregate.com/games/charisotimoros/flappy-potato,Flappy Potato,CharisOTimoros,http://www.kongregate.com/games/CharisOTimoros/flappy-potato,10,1,2014-10-13,2014-10-13,,unclassified,,none,,none,not_assessed,none,,charisotimoros,1,,0,none,,ready,1.0.0
www.kongregate.com/games/filipt130/football-with-cubes,Football with Cubes,FilipT130,http://www.kongregate.com/games/FilipT130/football-with-cubes,10,1,2016-02-28,2016-02-28,,sports_racing,sports_racing,medium_title_signal,,none,not_assessed,none,,filipt130,1,,0,medium,title_signal:sports_racing,review_title_inference,1.0.0
www.kongregate.com/games/top10newgames/forest-cave-escape,Forest Cave Escape,top10newgames,http://www.kongregate.com/games/top10newgames/forest-cave-escape,10,1,2017-08-11,2017-08-11,,escape_room,escape_room,medium_title_signal,,none,not_assessed,none,,top10newgames,8,,0,medium,title_signal:escape_room,review_title_inference,1.0.0
www.kongregate.com/games/thegames8dotcom/fruit-zombie-defense-3,Fruit Zombie Defense 3,thegames8dotcom,http://www.kongregate.com/games/thegames8dotcom/fruit-zombie-defense-3,10,1,2016-06-05,2016-06-05,,unclassified,,none,,none,not_assessed,none,,thegames8dotcom,7,,0,none,,ready,1.0.0
www.kongregate.com/games/ahamed1989/g7-happy-halloween,G7- Happy Halloween,Ahamed1989,http://www.kongregate.com/games/Ahamed1989/g7-happy-halloween,10,1,2016-10-18,2016-10-18,,unclassified,,none,,none,not_assessed,none,,ahamed1989,1,,0,none,,ready,1.0.0
www.kongregate.com/games/kubagobg/galaxy-empires-v-2,Galaxy Empires v.2,kubagobg,http://www.kongregate.com/games/kubagobg/galaxy-empires-v-2,10,1,2016-05-06,2016-05-06,,unclassified,,none,,none,not_assessed,none,,kubagobg,1,,0,none,,ready,1.0.0
www.kongregate.com/games/sumeetraj/genelia-dsouza-sliding-puzzle,Genelia DSouza Sliding Puzzle,sumeetraj,http://www.kongregate.com/games/sumeetraj/genelia-dsouza-sliding-puzzle,10,1,2009-10-14,2009-10-14,,unclassified,,none,,none,not_assessed,none,,sumeetraj,1,,0,none,,ready,1.0.0
www.kongregate.com/games/yvolcano4/genesplicer-hybrid-creator,GeneSplicer: Hybrid Creator,yvolcano4,http://www.kongregate.com/games/yvolcano4/genesplicer-hybrid-creator,10,1,2016-03-20,2016-03-20,,unclassified,,none,,none,not_assessed,none,,yvolcano4,4,,0,none,,ready,1.0.0
www.kongregate.com/games/trapman88/greens-journey-through-hell,Green's Journey Through Hell,Trapman88,http://www.kongregate.com/games/Trapman88/greens-journey-through-hell,10,1,2016-05-24,2016-05-24,,unclassified,,none,,none,not_assessed,none,,trapman88,2,,0,none,,ready,1.0.0
www.kongregate.com/games/hityara/grimdark-survivors,Grimdark Survivors,hityara,https://www.kongregate.com/games/hityara/grimdark-survivors,10,1,2023-12-15,2023-12-15,action,action,action,high_observed_category,,none,not_assessed,none,,hityara,1,,0,high,observed_category:action,ready,1.0.0
www.kongregate.com/games/gonzos/halloween-party,Halloween Party,gonzos,http://www.kongregate.com/games/gonzos/halloween-party,10,1,2017-10-24,2017-10-24,,unclassified,,none,,none,not_assessed,none,,gonzos,1,,0,none,,ready,1.0.0
www.kongregate.com/games/invisibleturtle1/honey-bunny-x,Honey Bunny X,invisibleturtle1,http://www.kongregate.com/games/invisibleturtle1/honey-bunny-x,10,1,2014-08-22,2014-08-22,,unclassified,,none,,none,not_assessed,none,,invisibleturtle1,1,,0,none,,ready,1.0.0
www.kongregate.com/games/monsterplay999/hut-take-control-5,Hut Take Control 5,monsterplay999,http://www.kongregate.com/games/monsterplay999/hut-take-control-5,10,1,2015-09-14,2015-09-14,,unclassified,,none,,none,not_assessed,none,,monsterplay999,3,,0,none,,ready,1.0.0
www.kongregate.com/games/palups/ice-cold-love,Ice Cold Love,Palups,http://www.kongregate.com/games/Palups/ice-cold-love,10,1,2016-06-04,2016-06-04,,unclassified,,none,,none,not_assessed,none,,palups,1,,0,none,,ready,1.0.0
www.kongregate.com/games/marcew44/idle-doge-basic-version,IDLE DOGE(Basic Version),marcew44,http://www.kongregate.com/games/marcew44/idle-doge-basic-version,10,1,2016-07-07,2016-07-07,,idle_incremental,idle_incremental,medium_title_signal,,none,not_assessed,none,,marcew44,1,,0,medium,title_signal:idle_incremental,review_title_inference,1.0.0
www.kongregate.com/games/aliensl/inxsys,INXSYS,Aliensl,http://www.kongregate.com/games/Aliensl/inxsys,10,1,2014-09-14,2014-09-14,,unclassified,,none,,none,not_assessed,none,,aliensl,1,,0,none,,ready,1.0.0
www.kongregate.com/games/olegf21/jigsaw,Jigsaw,OlegF21,http://www.kongregate.com/games/OlegF21/jigsaw,10,1,2015-12-26,2015-12-26,,unclassified,,none,,none,not_assessed,none,,olegf21,2,,0,none,,ready,1.0.0
www.kongregate.com/games/salomanity/just-chat,Just Chat,Salomanity,http://www.kongregate.com/games/Salomanity/just-chat,10,1,2016-03-05,2016-03-05,,unclassified,,none,,none,not_assessed,none,,salomanity,1,,0,none,,ready,1.0.0
www.kongregate.com/games/mirakus/kaedemus,Kaedemus,Mirakus,http://www.kongregate.com/games/Mirakus/kaedemus,10,1,2017-10-08,2017-10-08,,unclassified,,none,,none,not_assessed,none,,mirakus,2,,0,none,,ready,1.0.0
www.kongregate.com/games/lucasxero/kakele-hx,Kakele Hx,LucasXero,http://www.kongregate.com/games/LucasXero/kakele-hx,10,1,2014-10-24,2014-10-24,,unclassified,,none,,none,not_assessed,none,,lucasxero,1,,0,none,,ready,1.0.0
www.kongregate.com/games/bititstudio/kates-adventure,Kate's Adventure,bititstudio,http://www.kongregate.com/games/bititstudio/kates-adventure,10,1,2016-10-24,2016-10-24,,unclassified,,none,,none,not_assessed,none,,bititstudio,1,,0,none,,ready,1.0.0
www.kongregate.com/games/sroberon/khozz-quiz,Khozz Quiz,SrOberon,http://www.kongregate.com/games/SrOberon/khozz-quiz,10,1,2017-06-15,2017-06-15,,unclassified,,none,,none,not_assessed,none,,sroberon,1,,0,none,,ready,1.0.0
www.kongregate.com/games/l0gical1nsanity/klarb-procreation-rift,Klarb Procreation Rift,L0gicaL1nsanity,http://www.kongregate.com/games/L0gicaL1nsanity/klarb-procreation-rift,10,1,2014-08-26,2014-08-26,,unclassified,,none,,none,not_assessed,none,,l0gical1nsanity,1,,0,none,,ready,1.0.0
www.kongregate.com/games/knfescapegame/knf-car-workshop-escape,Knf Car Workshop Escape,knfescapegame,http://www.kongregate.com/games/knfescapegame/knf-car-workshop-escape,10,1,2017-05-05,2017-05-05,,escape_room,escape_room,medium_title_signal,,none,not_assessed,none,,knfescapegame,9,,0,medium,title_signal:escape_room,review_title_inference,1.0.0
www.kongregate.com/games/dslevis/round-racing,Memory Booster Animals,dslevis,https://www.kongregate.com/games/dslevis/round-racing,10,1,2021-11-12,2021-11-12,,unclassified,,none,,none,not_assessed,none,,dslevis,6,,0,none,,ready,1.0.0
www.kongregate.com/games/vitalitygames/monster-truck-shadowlands-3,Monster Truck Shadowlands 3,vitalitygames,http://www.kongregate.com/games/vitalitygames/monster-truck-shadowlands-3,10,1,2016-07-27,2016-07-27,,unclassified,,none,,none,not_assessed,none,,vitalitygames,9,vitalitygames:monster-truck-shadowlands,2,low,same_developer_series_stem,ready,1.0.0
www.kongregate.com/games/szunyi/moto-rush,Moto Rush,szunyi,http://www.kongregate.com/games/szunyi/moto-rush,10,1,2014-12-28,2014-12-28,,unclassified,,none,,none,not_assessed,none,,szunyi,5,,0,none,,ready,1.0.0
www.kongregate.com/games/jfpraetor/neophoenix,Neophoenix,jfpraetor,http://www.kongregate.com/games/jfpraetor/neophoenix,10,1,2014-09-26,2014-09-26,,unclassified,,none,,none,not_assessed,none,,jfpraetor,1,,0,none,,ready,1.0.0
www.kongregate.com/games/gigaxd/new-house-simulator-2015,New House Simulator 2015,gigaXD,http://www.kongregate.com/games/gigaXD/new-house-simulator-2015,10,1,2015-12-18,2015-12-18,,unclassified,,none,,none,not_assessed,none,,gigaxd,2,,0,none,,ready,1.0.0
www.kongregate.com/games/matakukos/notebook-wars-u-webv,Notebook Wars U WebV,matakukos,http://www.kongregate.com/games/matakukos/notebook-wars-u-webv,10,1,2016-03-24,2016-03-24,,unclassified,,none,,none,not_assessed,none,,matakukos,1,,0,none,,ready,1.0.0
www.kongregate.com/games/mancave_studios/oldschool-tennis-pre-pre-beta,Oldschool tennis (pre-pre-BETA!),ManCave_Studios,http://www.kongregate.com/games/ManCave_Studios/oldschool-tennis-pre-pre-beta,10,1,2014-10-09,2014-10-09,,sports_racing,sports_racing,medium_title_signal,,none,not_assessed,none,,mancave-studios,1,,0,medium,title_signal:sports_racing,review_title_inference,1.0.0
www.kongregate.com/games/carbonbyte/one-chance-dungeon,One Chance Dungeon,Carbonbyte,http://www.kongregate.com/games/Carbonbyte/one-chance-dungeon,10,1,2016-07-14,2016-07-14,,unclassified,,none,,none,not_assessed,none,,carbonbyte,1,,0,none,,ready,1.0.0
www.kongregate.com/games/jotappolk/one-person-in-a-strange-planet,One person in a Strange Planet,Jotappolk,http://www.kongregate.com/games/Jotappolk/one-person-in-a-strange-planet,10,1,2016-03-16,2016-03-16,,unclassified,,none,,none,not_assessed,none,,jotappolk,2,,0,none,,ready,1.0.0
www.kongregate.com/games/awsome52486/perspective-beta,Perspective Beta,awsome52486,http://www.kongregate.com/games/awsome52486/perspective-beta,10,1,2017-07-03,2017-07-03,,unclassified,,none,,none,not_assessed,none,,awsome52486,1,,0,none,,ready,1.0.0
www.kongregate.com/games/jackastral/phantom-reverse-episode-2,Phantom Reverse Episode 2,JackAstral,http://www.kongregate.com/games/JackAstral/phantom-reverse-episode-2,10,1,2017-05-26,2017-05-26,,unclassified,,none,,none,not_assessed,none,,jackastral,1,,0,none,,ready,1.0.0
www.kongregate.com/games/newgamess/porsche-vision-gt,Porsche Vision GT,newgamess,http://www.kongregate.com/games/newgamess/porsche-vision-gt,10,1,2016-07-20,2016-07-20,,unclassified,,none,,none,not_assessed,none,,newgamess,37,,0,none,,ready,1.0.0
www.kongregate.com/games/beremans/quest-for-chicken,Quest for Chicken,Beremans,http://www.kongregate.com/games/Beremans/quest-for-chicken,10,1,2014-09-12,2014-09-12,,unclassified,,none,,none,not_assessed,none,,beremans,2,,0,none,,ready,1.0.0
www.kongregate.com/games/toaster101/quest-for-sara,Quest for Sara,toaster101,http://www.kongregate.com/games/toaster101/quest-for-sara,10,1,2014-09-02,2014-09-02,,unclassified,,none,,none,not_assessed,none,,toaster101,1,,0,none,,ready,1.0.0
www.kongregate.com/games/hkirkman/realistic-world,Realistic world,hkirkman,http://www.kongregate.com/games/hkirkman/realistic-world,10,1,2016-09-03,2016-09-03,,unclassified,,none,,none,not_assessed,none,,hkirkman,1,,0,none,,ready,1.0.0
www.kongregate.com/games/alpha_bros/road-run-mirr,Road Run Mirr,Alpha_bros,http://www.kongregate.com/games/Alpha_bros/road-run-mirr,10,1,2014-10-17,2014-10-17,,unclassified,,none,,none,not_assessed,none,,alpha-bros,1,,0,none,,ready,1.0.0
www.kongregate.com/games/skarpeci/robert-bodnars-barnsley-adventure,Robert Bodnar's Barnsley Adventure,skarpeci,http://www.kongregate.com/games/skarpeci/robert-bodnars-barnsley-adventure,10,1,2017-11-06,2017-11-06,,unclassified,,none,,none,not_assessed,none,,skarpeci,1,,0,none,,ready,1.0.0
www.kongregate.com/games/nooze/robotpet,RobotPet,nooze,http://www.kongregate.com/games/nooze/robotpet,10,1,2015-01-03,2015-01-03,,unclassified,,none,,none,not_assessed,none,,nooze,1,,0,none,,ready,1.0.0
www.kongregate.com/games/independo/run-jump-meow,"Run, Jump, Meow",independo,http://www.kongregate.com/games/independo/run-jump-meow,10,1,2014-09-20,2014-09-20,,unclassified,,none,,none,not_assessed,none,,independo,1,,0,none,,ready,1.0.0
www.kongregate.com/games/srikaran_p/salvavidas,Salvavidas,srikaran_p,http://www.kongregate.com/games/srikaran_p/salvavidas,10,1,2016-10-10,2016-10-10,,unclassified,,none,,none,not_assessed,none,,srikaran-p,1,,0,none,,ready,1.0.0
www.kongregate.com/games/gasparfx/sentinel,Sentinel,Gasparfx,http://www.kongregate.com/games/Gasparfx/sentinel,10,1,2014-12-17,2014-12-17,,unclassified,,none,,none,not_assessed,none,,gasparfx,1,,0,none,,ready,1.0.0
www.kongregate.com/games/keyeske/shark-hero-dekino-platform-runner,Shark Hero Dekino - Platform Runner,Keyeske,http://www.kongregate.com/games/Keyeske/shark-hero-dekino-platform-runner,10,1,2016-09-17,2016-09-17,,unclassified,,none,,none,not_assessed,none,,keyeske,2,,0,none,,ready,1.0.0
www.kongregate.com/games/d34dly/space-ninja-future-action,Space Ninja Future Action,D34DLY,http://www.kongregate.com/games/D34DLY/space-ninja-future-action,10,1,2016-05-15,2016-05-15,,unclassified,,none,,none,not_assessed,none,,d34dly,1,,0,none,,ready,1.0.0
www.kongregate.com/games/sunvoltizer/space-station-escape-bm,Space Station Escape BM,sunvoltizer,http://www.kongregate.com/games/sunvoltizer/space-station-escape-bm,10,1,2014-11-25,2014-11-25,,escape_room,escape_room,medium_title_signal,,none,not_assessed,none,,sunvoltizer,1,,0,medium,title_signal:escape_room,review_title_inference,1.0.0
www.kongregate.com/games/newgamess/spongebob-sport-jigsaw,SpongeBob Sport Jigsaw,newgamess,http://www.kongregate.com/games/newgamess/spongebob-sport-jigsaw,10,1,2016-02-17,2016-02-17,,unclassified,,none,,none,not_assessed,none,,newgamess,37,,0,none,,ready,1.0.0
www.kongregate.com/games/oneslapstudios/square-hopper,Square Hopper,OneSlapStudios,http://www.kongregate.com/games/OneSlapStudios/square-hopper,10,1,2017-09-04,2017-09-04,,unclassified,,none,,none,not_assessed,none,,oneslapstudios,1,,0,none,,ready,1.0.0
www.kongregate.com/games/potatogalaxyx/squareta-mayhem,SqUaReTa Mayhem,PotatoGalaxyX,http://www.kongregate.com/games/PotatoGalaxyX/squareta-mayhem,10,1,2016-10-17,2016-10-17,,unclassified,,none,,none,not_assessed,none,,potatogalaxyx,1,,0,none,,ready,1.0.0
www.kongregate.com/games/uzzbuzz/stretchy-ninja-beta,Stretchy Ninja BETA,uzzbuzz,http://www.kongregate.com/games/uzzbuzz/stretchy-ninja-beta,10,1,2021-01-25,2021-01-25,,unclassified,,none,,none,not_assessed,none,,uzzbuzz,1,,0,none,,ready,1.0.0
www.kongregate.com/games/deheeteappel/stupid-quiz,stupid quiz,deheeteappel,http://www.kongregate.com/games/deheeteappel/stupid-quiz,10,1,2016-01-16,2016-01-16,,unclassified,,none,,none,not_assessed,none,,deheeteappel,1,,0,none,,ready,1.0.0
www.kongregate.com/games/lumitoluma/supra-mayro-bross,Supra Mayro Bross,LumitoLuma,https://www.kongregate.com/games/LumitoLuma/supra-mayro-bross,10,1,2022-08-31,2022-08-31,more,other,other,high_observed_category,,none,not_assessed,none,,lumitoluma,1,,0,high,observed_category:other,ready,1.0.0
www.kongregate.com/games/mrflibfishy/target-practice,Target Practice,Mrflibfishy,http://www.kongregate.com/games/Mrflibfishy/target-practice,10,1,2016-05-23,2016-05-23,,unclassified,,none,,none,not_assessed,none,,mrflibfishy,1,,0,none,,ready,1.0.0
www.kongregate.com/games/gamesrishti/terrorist-shootout,Terrorist Shootout,gamesrishti,http://www.kongregate.com/games/gamesrishti/terrorist-shootout,10,1,2014-10-10,2014-10-10,,unclassified,,none,,none,not_assessed,none,,gamesrishti,5,,0,none,,ready,1.0.0
www.kongregate.com/games/minininja956/the-jungle-man,The Jungle Man,minininja956,http://www.kongregate.com/games/minininja956/the-jungle-man,10,1,2017-06-16,2017-06-16,,unclassified,,none,,none,not_assessed,none,,minininja956,6,,0,none,,ready,1.0.0
www.kongregate.com/games/siddharth1281998/the-last-defence-2,The Last Defence 2,siddharth1281998,http://www.kongregate.com/games/siddharth1281998/the-last-defence-2,10,1,2016-06-13,2016-06-13,,unclassified,,none,,none,not_assessed,none,,siddharth1281998,1,,0,none,,ready,1.0.0
www.kongregate.com/games/ghostthefi/the-saga-of-the-wind,The Saga Of The Wind,GhostTheFi,http://www.kongregate.com/games/GhostTheFi/the-saga-of-the-wind,10,1,2016-06-29,2016-06-29,,unclassified,,none,,none,not_assessed,none,,ghostthefi,2,,0,none,,ready,1.0.0
www.kongregate.com/games/agamatt/the-simplest-breakout,The Simplest breakout,AgaMatt,http://www.kongregate.com/games/AgaMatt/the-simplest-breakout,10,1,2017-05-16,2017-05-16,,unclassified,,none,,none,not_assessed,none,,agamatt,1,,0,none,,ready,1.0.0
www.kongregate.com/games/nrsgames/the-supper-driver,the supper driver,nrsgames,http://www.kongregate.com/games/nrsgames/the-supper-driver,10,1,2017-10-15,2017-10-15,,unclassified,,none,,none,not_assessed,none,,nrsgames,2,,0,none,,ready,1.0.0
www.kongregate.com/games/cmann/the-torture-game-2x,The Torture Game 2X,cmann,https://www.kongregate.com/games/cmann/the-torture-game-2x,10,1,2023-05-18,2023-05-18,more,other,other,high_observed_category,,none,not_assessed,none,,cmann,2,,0,high,observed_category:other,ready,1.0.0
www.kongregate.com/games/newgamess/vapid-taxi-jigsaw,Vapid Taxi Jigsaw,newgamess,http://www.kongregate.com/games/newgamess/vapid-taxi-jigsaw,10,1,2016-02-02,2016-02-02,,unclassified,,none,,none,not_assessed,none,,newgamess,37,,0,none,,ready,1.0.0
www.kongregate.com/games/zeiva/voice-from-the-sea,Voice from the Sea,zeiva,http://www.kongregate.com/games/zeiva/voice-from-the-sea,10,1,2014-09-26,2014-09-26,,unclassified,,none,,none,not_assessed,none,,zeiva,1,,0,none,,ready,1.0.0
www.kongregate.com/games/natalibt/volkswagen-golf-2,Volkswagen Golf 2,natalibt,http://www.kongregate.com/games/natalibt/volkswagen-golf-2,10,1,2017-09-20,2017-09-20,,unclassified,,none,,none,not_assessed,none,,natalibt,15,,0,none,,ready,1.0.0
www.kongregate.com/games/uguii/walled,Walled,Uguii,http://www.kongregate.com/games/Uguii/walled,10,1,2014-12-10,2014-12-10,,unclassified,,none,,none,not_assessed,none,,uguii,1,,0,none,,ready,1.0.0
www.kongregate.com/games/crazyram/wallzy,Wallzy,crazyram,http://www.kongregate.com/games/crazyram/wallzy,10,1,2015-09-09,2015-09-09,,unclassified,,none,,none,not_assessed,none,,crazyram,1,,0,none,,ready,1.0.0
www.kongregate.com/games/rahchel321/who-can-escape-ghost-house,Who Can Escape Ghost House,rahchel321,http://www.kongregate.com/games/rahchel321/who-can-escape-ghost-house,10,1,2016-08-20,2016-08-20,,escape_room,escape_room,medium_title_signal,,none,not_assessed,none,,rahchel321,10,,0,medium,title_signal:escape_room,review_title_inference,1.0.0
www.kongregate.com/games/lovattostudio/zig-zag,Zig Zag,LovattoStudio,http://www.kongregate.com/games/LovattoStudio/zig-zag,10,1,2016-08-13,2016-08-13,,unclassified,,none,,none,not_assessed,none,,lovattostudio,4,,0,none,,ready,1.0.0
www.kongregate.com/games/lovattostudio/zombie-match,Zombie Match,LovattoStudio,http://www.kongregate.com/games/LovattoStudio/zombie-match,10,1,2017-08-05,2017-08-05,,unclassified,,none,,none,not_assessed,none,,lovattostudio,4,,0,none,,ready,1.0.0
www.kongregate.com/games/arcadehero/zuzu-the-elf,Zuzu The Elf,ArcadeHero,http://www.kongregate.com/games/ArcadeHero/zuzu-the-elf,10,1,2014-12-02,2014-12-02,,unclassified,,none,,none,not_assessed,none,,arcadehero,1,,0,none,,ready,1.0.0
www.kongregate.com/games/sophiehoulden/splat-death-salad,SPLAT DEATH SALAD,SophieHoulden,https://www.kongregate.com/games/SophieHoulden/splat-death-salad,11,61,2016-11-07,2016-11-07,shooter,shooter,shooter,high_observed_category,,none,not_assessed,none,,sophiehoulden,2,,0,high,observed_category:shooter,ready,1.0.0
www.kongregate.com/games/soulgame/rogue-soul-2,Rogue Soul 2,SoulGame,https://www.kongregate.com/games/SoulGame/rogue-soul-2,11,58,2014-09-26,2014-09-26,action; adventure,adventure,action; adventure,high_observed_category,,none,not_assessed,none,,soulgame,2,,0,high,observed_category:adventure,ready,1.0.0
www.kongregate.com/games/egosummo/groundhog-life,Groundhog Life,egosummo,https://www.kongregate.com/en/games/egosummo/groundhog-life,11,55,2018-03-08,2017-02-24,idle; strategy,idle_incremental,idle_incremental; strategy,high_observed_category,idle_progression,high_observed_category,not_assessed,none,,egosummo,1,,0,high,observed_category:idle_incremental; observed_category:idle,ready,1.0.0
www.kongregate.com/games/vasantj/medieval-cop-v-the-secrets-of-lucifers-wings,Medieval Cop V - The Secrets of Lucifer's Wings,VasantJ,https://www.kongregate.com/en/games/VasantJ/medieval-cop-v-the-secrets-of-lucifers-wings,11,39,2016-10-03,2016-08-29,puzzle; adventure,puzzle,adventure; puzzle,high_observed_category,,none,not_assessed,none,,vasantj,20,,0,high,observed_category:puzzle,ready,1.0.0
www.kongregate.com/games/bontegames/cat-in-japan,Cat in Japan,bontegames,https://www.kongregate.com/en/games/bontegames/cat-in-japan,11,36,2016-11-07,2016-09-05,puzzle,puzzle,puzzle,high_observed_category,,none,not_assessed,none,,bontegames,6,,0,high,observed_category:puzzle,ready,1.0.0
www.kongregate.com/games/webcypher/sift-heads-world-act-7-ultimatum,Sift Heads World act 7 - Ultimatum,WebCypher,https://www.kongregate.com/en/games/WebCypher/sift-heads-world-act-7-ultimatum,11,34,2024-06-12,2011-02-10,shooter; adventure,shooter,adventure; shooter,high_observed_category,,none,not_assessed,none,,webcypher,7,,0,high,observed_category:shooter,ready,1.0.0
www.kongregate.com/games/thegamehomepage/red-remover-player-pack,Red Remover Player Pack,TheGameHomepage,http://www.kongregate.com/games/TheGameHomepage/red-remover-player-pack,11,33,2014-08-22,2010-06-23,puzzle,puzzle,puzzle,high_observed_category,,none,not_assessed,none,,thegamehomepage,3,,0,high,observed_category:puzzle,ready,1.0.0
www.kongregate.com/games/myplayyard/pinata-hunter-2,Pinata Hunter 2,myplayyard,https://www.kongregate.com/en/games/myplayyard/pinata-hunter-2,11,29,2023-02-18,2012-11-21,action,action,action,high_observed_category,,none,not_assessed,none,,myplayyard,3,,0,high,observed_category:action,ready,1.0.0
www.kongregate.com/games/uberent/super-monday-night-combat,Super Monday Night Combat,uberent,http://www.kongregate.com/games/uberent/super-monday-night-combat,11,28,2014-08-22,2014-08-22,shooter,shooter,shooter,high_observed_category,,none,not_assessed,none,,uberent,1,,0,high,observed_category:shooter,ready,1.0.0
www.kongregate.com/games/vasantj/medieval-cop-8-deathwish-part-2,Medieval Cop 8 -DeathWish- (Part 2),VasantJ,https://www.kongregate.com/games/VasantJ/medieval-cop-8-deathwish-part-2,11,15,2017-07-18,2017-07-18,puzzle,puzzle,puzzle,high_observed_category,,none,not_assessed,none,,vasantj,20,vasantj:medieval-cop-8-deathwish,2,high,observed_category:puzzle; same_developer_series_stem,ready,1.0.0
www.kongregate.com/games/weasel/thing-thing-arena-2,Thing-Thing Arena 2,Weasel,http://www.kongregate.com/games/Weasel/thing-thing-arena-2,11,15,2007-04-06,2007-04-06,shooter,shooter,shooter,high_observed_category,,none,not_assessed,none,,weasel,8,weasel:thing-thing-arena,3,high,observed_category:shooter; same_developer_series_stem,ready,1.0.0
www.kongregate.com/games/undefined/protector-reclaiming-the-throne,Protector: Reclaiming the Throne,undefined,https://www.kongregate.com/en/games/undefined/protector-reclaiming-the-throne,11,14,2020-12-03,2008-07-24,tower-defense,tower_defense,tower_defense,high_observed_category,,none,not_assessed,none,,undefined,4,,0,high,observed_category:tower_defense,ready,1.0.0
www.kongregate.com/games/dpflashes/clear-vision-2,Clear Vision 2,dpflashes,http://www.kongregate.com/games/dpflashes/clear-vision-2,11,12,2008-08-13,2008-08-12,shooter,shooter,shooter,high_observed_category,,none,not_assessed,none,,dpflashes,2,,0,high,observed_category:shooter,ready,1.0.0
www.kongregate.com/games/moonkey/hexiom-connect,Hexiom Connect,Moonkey,http://www.kongregate.com/games/Moonkey/hexiom-connect,11,10,2008-09-01,2008-09-01,puzzle,puzzle,puzzle,high_observed_category,,none,not_assessed,none,,moonkey,1,,0,high,observed_category:puzzle,ready,1.0.0
www.kongregate.com/games/djstatika/starfighter-disputed-galaxy,Starfighter: Disputed Galaxy,DJStatika,http://www.kongregate.com/games/DJStatika/starfighter-disputed-galaxy,11,9,2007-10-11,2007-10-11,,unclassified,,none,,none,not_assessed,none,,djstatika,2,,0,none,,ready,1.0.0
www.kongregate.com/games/jiggmin/platform-racing,Platform Racing,Jiggmin,http://www.kongregate.com/games/Jiggmin/platform-racing,11,8,2007-07-17,2007-07-17,,sports_racing,sports_racing,medium_title_signal,,none,not_assessed,none,,jiggmin,2,jiggmin:platform-racing,2,medium,title_signal:sports_racing; same_developer_series_stem,review_title_inference,1.0.0
www.kongregate.com/games/jmtb02/four-second-frenzy,Four Second Frenzy,jmtb02,http://www.kongregate.com/games/jmtb02/four-second-frenzy,11,7,2008-02-22,2008-02-22,action,action,action,high_observed_category,,none,not_assessed,none,,jmtb02,2,,0,high,observed_category:action,ready,1.0.0
www.kongregate.com/games/ninjakiwi/bloons-tower-defense-2,Bloons Tower Defense 2,Ninjakiwi,http://www.kongregate.com/games/Ninjakiwi/bloons-tower-defense-2,11,6,2007-10-20,2007-10-18,,tower_defense,tower_defense,medium_title_signal,,none,not_assessed,none,,ninjakiwi,11,ninjakiwi:bloons-tower-defense,3,medium,title_signal:tower_defense; same_developer_series_stem,review_title_inference,1.0.0
www.kongregate.com/games/rustylake/cube-escape-case-23,Cube Escape: Case 23,RustyLake,http://www.kongregate.com/games/RustyLake/cube-escape-case-23,11,6,2015-10-03,2015-08-10,puzzle,puzzle,puzzle,high_observed_category,,none,not_assessed,none,,rustylake,4,,0,high,observed_category:puzzle,ready,1.0.0
www.kongregate.com/games/armegalo/galactic-gravity-golf,Galactic Gravity Golf,Armegalo,http://www.kongregate.com/games/Armegalo/galactic-gravity-golf,11,6,2016-05-25,2016-05-25,,unclassified,,none,,none,not_assessed,none,,armegalo,3,,0,none,,ready,1.0.0
www.kongregate.com/games/molleindustria/mcdonalds-videogame,McDonald's Videogame,molleindustria,http://www.kongregate.com/games/molleindustria/mcdonalds-videogame,11,6,2007-01-20,2007-01-20,,unclassified,,none,,none,not_assessed,none,,molleindustria,1,,0,none,,ready,1.0.0
www.kongregate.com/games/joelesler/manifold,Manifold,joelesler,http://www.kongregate.com/games/joelesler/manifold,11,5,2008-02-22,2008-02-22,puzzle,puzzle,puzzle,high_observed_category,,none,not_assessed,none,,joelesler,1,,0,high,observed_category:puzzle,ready,1.0.0
www.kongregate.com/games/shinki/super-crazy-guitar-maniac-deluxe-3,Super Crazy Guitar Maniac Deluxe 3,Shinki,http://www.kongregate.com/games/Shinki/super-crazy-guitar-maniac-deluxe-3,11,5,2008-04-21,2008-04-21,,unclassified,,none,,none,not_assessed,none,,shinki,2,shinki:super-crazy-guitar-maniac-deluxe,2,low,same_developer_series_stem,ready,1.0.0
www.kongregate.com/games/robbyz/8bitmmo-construction-sandbox,8BitMMO (Construction Sandbox),,https://www.kongregate.com/en/games/RobbyZ/8bitmmo-construction-sandbox,11,4,2026-07-01,2012-03-11,mmo,role_playing,role_playing,high_observed_category,massively_multiplayer,high_observed_category,not_assessed,none,,unknown,252,,0,high,observed_category:role_playing; observed_category:mmo,ready,1.0.0
www.kongregate.com/games/lunadrift/fishing-girl,Fishing Girl,,https://www.kongregate.com/en/games/LunaDrift/fishing-girl,11,4,2026-07-01,2008-12-17,sports-racing,sports_racing,sports_racing,high_observed_category,,none,not_assessed,none,,unknown,252,,0,high,observed_category:sports_racing,ready,1.0.0
www.kongregate.com/games/denial_designs/geosketch,GeoSketch,,https://www.kongregate.com/en/games/Denial_Designs/geosketch,11,4,2026-07-01,2009-03-20,more,other,other,high_observed_category,,none,not_assessed,none,,unknown,252,,0,high,observed_category:other,ready,1.0.0
www.kongregate.com/games/nerdook/monster-legions,Monster Legions,,https://www.kongregate.com/en/games/nerdook/monster-legions,11,4,2026-07-01,2013-01-15,card,card_strategy,card_strategy,high_observed_category,persistent_card_game,high_observed_category,not_assessed,none,,unknown,252,,0,high,observed_category:card_strategy; observed_category:card,ready,1.0.0
www.kongregate.com/games/negativeone/newgrounds-rumble,Newgrounds Rumble,NegativeONE,http://kongregate.com/games/NegativeONE/newgrounds-rumble,11,4,2007-06-13,2007-06-13,action,action,action,high_observed_category,,none,not_assessed,none,,negativeone,1,,0,high,observed_category:action,ready,1.0.0
www.kongregate.com/games/freeworldgroup/b29-assault,B29 Assault,FreeWorldGroup,http://kongregate.com/games/FreeWorldGroup/b29-assault,11,2,2007-05-15,2007-05-15,,unclassified,,none,,none,not_assessed,none,,freeworldgroup,6,,0,none,,ready,1.0.0
www.kongregate.com/games/mmx95/happy-cube,Happy Cube Idle,mmx95,https://www.kongregate.com/games/mmx95/happy-cube,11,2,2020-07-16,2020-07-16,,idle_incremental,idle_incremental,medium_title_signal,,none,not_assessed,none,,mmx95,2,,0,medium,title_signal:idle_incremental,review_title_inference,1.0.0
www.kongregate.com/games/anton/red-ball,Red Ball,anton,http://www.kongregate.com/games/anton/red-ball,11,2,2007-03-15,2007-03-15,,unclassified,,none,,none,not_assessed,none,,anton,1,,0,none,,ready,1.0.0
www.kongregate.com/games/games2girls/swimwear-store,Swimwear Store,games2girls,http://www.kongregate.com/games/games2girls/swimwear-store,11,2,2014-09-19,2014-09-19,,unclassified,,none,,none,not_assessed,none,,games2girls,4,,0,none,,ready,1.0.0
www.kongregate.com/games/jezxlee/pacdude-hero-iv-110-turbo-alpha3-final,"""PacDude Hero IV 110% Turbo"" Alpha3 Final",JeZxLee,http://www.kongregate.com/games/JeZxLee/pacdude-hero-iv-110-turbo-alpha3-final,11,1,2017-07-29,2017-07-29,,unclassified,,none,,none,not_assessed,none,,jezxlee,1,,0,none,,ready,1.0.0
www.kongregate.com/games/foacore/rodeo,"""Rodeo",foacore,http://www.kongregate.com/games/foacore/rodeo,11,1,2016-10-18,2016-10-18,,unclassified,,none,,none,not_assessed,none,,foacore,1,,0,none,,ready,1.0.0
www.kongregate.com/games/palazoles/100-tons-of-coal,100 tons of Coal,Palazoles,http://www.kongregate.com/games/Palazoles/100-tons-of-coal,11,1,2015-09-15,2015-09-15,,unclassified,,none,,none,not_assessed,none,,palazoles,2,,0,none,,ready,1.0.0
www.kongregate.com/games/abyssgames/2048-halloween,2048 Halloween,abyssgames,http://www.kongregate.com/games/abyssgames/2048-halloween,11,1,2014-10-29,2014-10-29,,unclassified,,none,,none,not_assessed,none,,abyssgames,1,,0,none,,ready,1.0.0
www.kongregate.com/games/reversial/3d-pwn-pong,3d Pwn Pong,reversial,http://www.kongregate.com/games/reversial/3d-pwn-pong,11,1,2009-10-14,2009-10-14,,unclassified,,none,,none,not_assessed,none,,reversial,1,,0,none,,ready,1.0.0
www.kongregate.com/games/thegames8dotcom/abandoned-facility-escape,Abandoned Facility Escape,thegames8dotcom,http://www.kongregate.com/games/thegames8dotcom/abandoned-facility-escape,11,1,2016-06-05,2016-06-05,,escape_room,escape_room,medium_title_signal,,none,not_assessed,none,,thegames8dotcom,7,,0,medium,title_signal:escape_room,review_title_inference,1.0.0
www.kongregate.com/games/enagamess/adventures-of-j-10,Adventures of J 10,Enagamess,http://www.kongregate.com/games/Enagamess/adventures-of-j-10,11,1,2016-08-20,2016-08-20,,unclassified,,none,,none,not_assessed,none,,enagamess,68,enagamess:adventures-of-j,2,low,same_developer_series_stem,ready,1.0.0
www.kongregate.com/games/1ashl/attraction-the-game,Attraction: the game,1ashl,http://www.kongregate.com/games/1ashl/attraction-the-game,11,1,2016-06-04,2016-06-04,,unclassified,,none,,none,not_assessed,none,,1ashl,1,,0,none,,ready,1.0.0
www.kongregate.com/games/r_zita/ball-keeper,Ball Keeper,R_Zita,http://www.kongregate.com/games/R_Zita/ball-keeper,11,1,2017-06-15,2017-06-15,,unclassified,,none,,none,not_assessed,none,,r-zita,1,,0,none,,ready,1.0.0
www.kongregate.com/games/colburt187/basebros,BaseBros,colburt187,http://www.kongregate.com/games/colburt187/basebros,11,1,2015-04-01,2015-04-01,,unclassified,,none,,none,not_assessed,none,,colburt187,2,,0,none,,ready,1.0.0
www.kongregate.com/games/munoz20/basic-car-behavior,basic car behavior,munoz20,http://www.kongregate.com/games/munoz20/basic-car-behavior,11,1,2015-12-26,2015-12-26,,unclassified,,none,,none,not_assessed,none,,munoz20,3,,0,none,,ready,1.0.0
www.kongregate.com/games/penryp/berts-brain,Berts Brain,PenryP,http://www.kongregate.com/games/PenryP/berts-brain,11,1,2014-10-13,2014-10-13,,unclassified,,none,,none,not_assessed,none,,penryp,1,,0,none,,ready,1.0.0
www.kongregate.com/games/bombikoyun/bicycle-race,Bicycle Race,BombikOyun,http://www.kongregate.com/games/BombikOyun/bicycle-race,11,1,2014-10-04,2014-10-04,,unclassified,,none,,none,not_assessed,none,,bombikoyun,2,,0,none,,ready,1.0.0
www.kongregate.com/games/game4joy1/big-talk-marksman,Big Talk Marksman,game4joy1,http://www.kongregate.com/games/game4joy1/big-talk-marksman,11,1,2014-09-12,2014-09-12,,unclassified,,none,,none,not_assessed,none,,game4joy1,7,,0,none,,ready,1.0.0
www.kongregate.com/games/pixselstudios/black-and-white,Black and White,PixSelStudios,http://www.kongregate.com/games/PixSelStudios/black-and-white,11,1,2017-05-26,2017-05-26,,unclassified,,none,,none,not_assessed,none,,pixselstudios,2,,0,none,,ready,1.0.0
www.kongregate.com/games/mafagames/bottle-flip-challenge,Bottle Flip Challenge,mafagames,http://www.kongregate.com/games/mafagames/bottle-flip-challenge,11,1,2017-09-20,2017-09-20,,unclassified,,none,,none,not_assessed,none,,mafagames,41,,0,none,,ready,1.0.0
www.kongregate.com/games/llamatron/boxes,Boxes,Llamatron,http://www.kongregate.com/games/Llamatron/boxes,11,1,2014-08-22,2014-08-22,,unclassified,,none,,none,not_assessed,none,,llamatron,1,,0,none,,ready,1.0.0
www.kongregate.com/games/del7400618/buggie,Buggie,del7400618,http://www.kongregate.com/games/del7400618/buggie,11,1,2016-03-16,2016-03-16,,unclassified,,none,,none,not_assessed,none,,del7400618,1,,0,none,,ready,1.0.0
www.kongregate.com/games/dpub78/candy-hop,Candy Hop,dpub78,http://www.kongregate.com/games/dpub78/candy-hop,11,1,2014-09-26,2014-09-26,,unclassified,,none,,none,not_assessed,none,,dpub78,1,,0,none,,ready,1.0.0
www.kongregate.com/games/javi10jedf/catch-the-rain,Catch the Rain,javi10jedf,http://www.kongregate.com/games/javi10jedf/catch-the-rain,11,1,2017-10-15,2017-10-15,,unclassified,,none,,none,not_assessed,none,,javi10jedf,1,,0,none,,ready,1.0.0
www.kongregate.com/games/newgamess/classic-heroes-jigsaw,Classic Heroes Jigsaw,newgamess,http://www.kongregate.com/games/newgamess/classic-heroes-jigsaw,11,1,2014-09-05,2014-09-05,,unclassified,,none,,none,not_assessed,none,,newgamess,37,,0,none,,ready,1.0.0
www.kongregate.com/games/houseyhouse/click-fight,Click Fight,HouseyHouse,http://www.kongregate.com/games/HouseyHouse/click-fight,11,1,2015-09-30,2015-09-30,,unclassified,,none,,none,not_assessed,none,,houseyhouse,1,,0,none,,ready,1.0.0
www.kongregate.com/games/oneonlinegames/color-switch,Color Switch,OneOnlineGames,http://www.kongregate.com/games/OneOnlineGames/color-switch,11,1,2016-02-17,2016-02-17,,unclassified,,none,,none,not_assessed,none,,oneonlinegames,3,,0,none,,ready,1.0.0
www.kongregate.com/games/therealconsgames/connors-2-player-space-game,Connor's 2 Player Space Game,therealconsgames,http://www.kongregate.com/games/therealconsgames/connors-2-player-space-game,11,1,2016-03-24,2016-03-24,,unclassified,,none,,none,not_assessed,none,,therealconsgames,1,,0,none,,ready,1.0.0
www.kongregate.com/games/pixamy/creepers-hunter,Creepers Hunter,pixamy,http://www.kongregate.com/games/pixamy/creepers-hunter,11,1,2016-02-02,2016-02-02,,unclassified,,none,,none,not_assessed,none,,pixamy,1,,0,none,,ready,1.0.0
www.kongregate.com/games/pixeltastic/custom-moon-kombat,Custom Moon Kombat,Pixeltastic,http://www.kongregate.com/games/Pixeltastic/custom-moon-kombat,11,1,2014-08-29,2014-08-29,,unclassified,,none,,none,not_assessed,none,,pixeltastic,1,,0,none,,ready,1.0.0
www.kongregate.com/games/mrlat/deadly-ninjas-die-when-jumped-on-head-but-they-are-fast-so-attack-them-one-by-one,"Deadly ninjas die when jumped on head, but they are fast so attack them one by one",MrLat,http://www.kongregate.com/games/MrLat/deadly-ninjas-die-when-jumped-on-head-but-they-are-fast-so-attack-them-one-by-one,11,1,2014-09-14,2014-09-14,,unclassified,,none,,none,not_assessed,none,,mrlat,1,,0,none,,ready,1.0.0
www.kongregate.com/games/szunyi/dental-surgery,Dental Surgery,szunyi,http://www.kongregate.com/games/szunyi/dental-surgery,11,1,2014-12-28,2014-12-28,,unclassified,,none,,none,not_assessed,none,,szunyi,5,,0,none,,ready,1.0.0
www.kongregate.com/games/rhmgames/dino-meat-hunt-3-extra,Dino Meat Hunt 3 Extra,RHMGames,http://www.kongregate.com/games/RHMGames/dino-meat-hunt-3-extra,11,1,2014-10-24,2014-10-24,,unclassified,,none,,none,not_assessed,none,,rhmgames,4,,0,none,,ready,1.0.0
www.kongregate.com/games/alastaria_games/disco-stack,Disco Stack,alastaria_games,http://www.kongregate.com/games/alastaria_games/disco-stack,11,1,2014-11-25,2014-11-25,,unclassified,,none,,none,not_assessed,none,,alastaria-games,1,,0,none,,ready,1.0.0
www.kongregate.com/games/showgirlgames/doraemon-jigsaw-puzzle,Doraemon Jigsaw Puzzle,showgirlgames,http://www.kongregate.com/games/showgirlgames/doraemon-jigsaw-puzzle,11,1,2014-12-10,2014-12-10,,unclassified,,none,,none,not_assessed,none,,showgirlgames,2,,0,none,,ready,1.0.0
www.kongregate.com/games/luts91/dreamolisher,Dreamolisher,Luts91,http://www.kongregate.com/games/Luts91/dreamolisher,11,1,2014-10-10,2014-10-10,,unclassified,,none,,none,not_assessed,none,,luts91,2,,0,none,,ready,1.0.0
www.kongregate.com/games/topekamaarsa/dronecatcher,DroneCatcher,ToPeKaMaArSa,http://www.kongregate.com/games/ToPeKaMaArSa/dronecatcher,11,1,2015-12-18,2015-12-18,,unclassified,,none,,none,not_assessed,none,,topekamaarsa,1,,0,none,,ready,1.0.0
www.kongregate.com/games/k25507891/elsa-mropia-doctor,Elsa Mropia Doctor,k25507891,http://www.kongregate.com/games/k25507891/elsa-mropia-doctor,11,1,2016-10-10,2016-10-10,,unclassified,,none,,none,not_assessed,none,,k25507891,8,,0,none,,ready,1.0.0
www.kongregate.com/games/ajazgames/escape-from-afc,Escape from afc,ajazgames,http://www.kongregate.com/games/ajazgames/escape-from-afc,11,1,2016-09-23,2016-09-23,,escape_room,escape_room,medium_title_signal,,none,not_assessed,none,,ajazgames,3,,0,medium,title_signal:escape_room,review_title_inference,1.0.0
www.kongregate.com/games/sphinx27/escape-this-place-chapter-1,Escape This Place - Chapter 1,sphinx27,http://www.kongregate.com/games/sphinx27/escape-this-place-chapter-1,11,1,2017-06-16,2017-06-16,,escape_room,escape_room,medium_title_signal,,none,not_assessed,none,,sphinx27,1,,0,medium,title_signal:escape_room,review_title_inference,1.0.0
www.kongregate.com/games/dslevis/luck-by-chance-hotsheet-multiplayer,Fishing Tactics,dslevis,https://www.kongregate.com/games/dslevis/luck-by-chance-hotsheet-multiplayer,11,1,2021-11-12,2021-11-12,,unclassified,,none,,none,not_assessed,none,,dslevis,6,,0,none,,ready,1.0.0
www.kongregate.com/games/reflaugh/flappy-trump,Flappy Trump,reflaugh,http://www.kongregate.com/games/reflaugh/flappy-trump,11,1,2016-01-25,2016-01-25,,unclassified,,none,,none,not_assessed,none,,reflaugh,1,,0,none,,ready,1.0.0
www.kongregate.com/games/nuggeta/flight-of-the-ninja,Flight of the Ninja,nuggeta,http://www.kongregate.com/games/nuggeta/flight-of-the-ninja,11,1,2014-09-26,2014-09-26,,unclassified,,none,,none,not_assessed,none,,nuggeta,1,,0,none,,ready,1.0.0
www.kongregate.com/games/natalibt/ford-hidden-car-tires,Ford Hidden Car Tires,natalibt,http://www.kongregate.com/games/natalibt/ford-hidden-car-tires,11,1,2016-07-14,2016-07-14,,unclassified,,none,,none,not_assessed,none,,natalibt,15,,0,none,,ready,1.0.0
www.kongregate.com/games/gameallblack/gasoline,Gasoline,gameallblack,http://www.kongregate.com/games/gameallblack/gasoline,11,1,2017-08-05,2017-08-05,,unclassified,,none,,none,not_assessed,none,,gameallblack,2,,0,none,,ready,1.0.0
www.kongregate.com/games/badfitz100/generic-puzzle-game,Generic puzzle game,badfitz100,http://www.kongregate.com/games/badfitz100/generic-puzzle-game,11,1,2016-01-16,2016-01-16,,unclassified,,none,,none,not_assessed,none,,badfitz100,2,,0,none,,ready,1.0.0
www.kongregate.com/games/squirrelsquare/gunz-io-multiplayer-rts-arena,GUNZ.IO Multiplayer RTS Arena,squirrelsquare,http://www.kongregate.com/games/squirrelsquare/gunz-io-multiplayer-rts-arena,11,1,2017-09-04,2017-09-04,,unclassified,,none,online_multiplayer_title_signal,medium_title_signal,not_assessed,none,,squirrelsquare,1,,0,medium,title_signal:multiplayer,review_title_inference,1.0.0
www.kongregate.com/games/yolkgamez/gym-dressing-room-escape,Gym Dressing Room Escape,yolkgamez,http://www.kongregate.com/games/yolkgamez/gym-dressing-room-escape,11,1,2016-08-28,2016-08-28,,escape_room,escape_room,medium_title_signal,,none,not_assessed,none,,yolkgamez,6,,0,medium,title_signal:escape_room,review_title_inference,1.0.0
www.kongregate.com/games/qywlgame/happy-feet-treasure-hunt,Happy Feet Treasure Hunt,qywlgame,http://www.kongregate.com/games/qywlgame/happy-feet-treasure-hunt,11,1,2016-05-23,2016-05-23,,unclassified,,none,,none,not_assessed,none,,qywlgame,4,,0,none,,ready,1.0.0
www.kongregate.com/games/robbert4/heroes-of-myths,Heroes of Myths,robbert4,http://www.kongregate.com/games/robbert4/heroes-of-myths,11,1,2017-05-05,2017-05-05,,unclassified,,none,,none,not_assessed,none,,robbert4,1,,0,none,,ready,1.0.0
www.kongregate.com/games/giuliagushikem/hijab-up,HIJAB UP,giuliagushikem,http://www.kongregate.com/games/giuliagushikem/hijab-up,11,1,2016-09-17,2016-09-17,,unclassified,,none,,none,not_assessed,none,,giuliagushikem,1,,0,none,,ready,1.0.0
www.kongregate.com/games/k25507891/hiro-and-baymax-lab-adventure,Hiro And Baymax Lab Adventure,k25507891,http://www.kongregate.com/games/k25507891/hiro-and-baymax-lab-adventure,11,1,2016-07-20,2016-07-20,,unclassified,,none,,none,not_assessed,none,,k25507891,8,,0,none,,ready,1.0.0
www.kongregate.com/games/orndotio/hitcar-io,HitCar.io,orndotio,http://www.kongregate.com/games/orndotio/hitcar-io,11,1,2017-07-03,2017-07-03,,unclassified,,none,,none,not_assessed,none,,orndotio,4,,0,none,,ready,1.0.0
www.kongregate.com/games/natalibt/jaguar-puzzle,Jaguar Puzzle,natalibt,http://www.kongregate.com/games/natalibt/jaguar-puzzle,11,1,2014-12-17,2014-12-17,,unclassified,,none,,none,not_assessed,none,,natalibt,15,,0,none,,ready,1.0.0
www.kongregate.com/games/vladetam/jigsaw-puzzle-beauty-views,Jigsaw Puzzle: Beauty Views,vladetam,http://www.kongregate.com/games/vladetam/jigsaw-puzzle-beauty-views,11,1,2017-09-13,2017-09-13,,unclassified,,none,,none,not_assessed,none,,vladetam,2,,0,none,,ready,1.0.0
www.kongregate.com/games/ktc_gimli/killer-shapes,Killer Shapes,KTC_Gimli,http://www.kongregate.com/games/KTC_Gimli/killer-shapes,11,1,2016-07-07,2016-07-07,,unclassified,,none,,none,not_assessed,none,,ktc-gimli,1,,0,none,,ready,1.0.0
www.kongregate.com/games/wolfire_dev/killtown,KillTown,Wolfire_Dev,http://www.kongregate.com/games/Wolfire_Dev/killtown,11,1,2016-08-13,2016-08-13,,unclassified,,none,,none,not_assessed,none,,wolfire-dev,1,,0,none,,ready,1.0.0
www.kongregate.com/games/knfescapegame/knf-hotel-escape-2,Knf Hotel Escape 2,knfescapegame,http://www.kongregate.com/games/knfescapegame/knf-hotel-escape-2,11,1,2017-07-28,2017-07-28,,escape_room,escape_room,medium_title_signal,,none,not_assessed,none,,knfescapegame,9,knfescapegame:knf-hotel-escape,2,medium,title_signal:escape_room; same_developer_series_stem,review_title_inference,1.0.0
www.kongregate.com/games/enagamess/kohinoor-diamond-recovery,Kohinoor Diamond Recovery,Enagamess,http://www.kongregate.com/games/Enagamess/kohinoor-diamond-recovery,11,1,2016-06-13,2016-06-13,,unclassified,,none,,none,not_assessed,none,,enagamess,68,,0,none,,ready,1.0.0
www.kongregate.com/games/clockworkmonster/land-of-darkness,Land Of Darkness,clockworkmonster,http://www.kongregate.com/games/clockworkmonster/land-of-darkness,11,1,2017-09-30,2017-09-30,,unclassified,,none,,none,not_assessed,none,,clockworkmonster,1,,0,none,,ready,1.0.0
www.kongregate.com/games/dkdev/logans-copy-only,LOGANS COPY ONLY,dkdev,http://www.kongregate.com/games/dkdev/logans-copy-only,11,1,2016-10-04,2016-10-04,,unclassified,,none,,none,not_assessed,none,,dkdev,1,,0,none,,ready,1.0.0
www.kongregate.com/games/drillur/lored,LORED,Drillur,https://www.kongregate.com/games/Drillur/lored,11,1,2019-08-25,2019-08-25,,unclassified,,none,,none,not_assessed,none,,drillur,1,,0,none,,ready,1.0.0
www.kongregate.com/games/lastbulletgames/lunar-defense-demo,Lunar Defense - Demo,LastBulletGames,http://www.kongregate.com/games/LastBulletGames/lunar-defense-demo,11,1,2016-01-02,2016-01-02,,unclassified,,none,,none,not_assessed,none,,lastbulletgames,1,,0,none,,ready,1.0.0
www.kongregate.com/games/buffalophil/mansion-on-the-hill-ld30,Mansion on the Hill. LD30,BuffaloPhil,http://www.kongregate.com/games/BuffaloPhil/mansion-on-the-hill-ld30,11,1,2014-10-09,2014-10-09,,unclassified,,none,,none,not_assessed,none,,buffalophil,2,,0,none,,ready,1.0.0
www.kongregate.com/games/victoryawaits/mecha-metaverse,Mecha Metaverse,VictoryAwaits,http://www.kongregate.com/games/VictoryAwaits/mecha-metaverse,11,1,2017-05-25,2017-05-25,,unclassified,,none,,none,not_assessed,none,,victoryawaits,2,,0,none,,ready,1.0.0
www.kongregate.com/games/meenagame/meena-golden-treasure-hunting-game,Meena Golden Treasure Hunting Game,meenagame,http://www.kongregate.com/games/meenagame/meena-golden-treasure-hunting-game,11,1,2016-09-16,2016-09-16,,unclassified,,none,,none,not_assessed,none,,meenagame,2,,0,none,,ready,1.0.0
www.kongregate.com/games/funtomic/money-movers-2,Money Movers 2,Funtomic,http://www.kongregate.com/games/Funtomic/money-movers-2,11,1,2016-03-07,2016-03-07,,unclassified,,none,,none,not_assessed,none,,funtomic,7,funtomic:money-movers,2,low,same_developer_series_stem,ready,1.0.0
www.kongregate.com/games/pencilkids/monkey-go-happy-planet-escape,Monkey GO Happy Planet Escape,Pencilkids,http://www.kongregate.com/games/Pencilkids/monkey-go-happy-planet-escape,11,1,2017-05-16,2017-05-16,,escape_room,escape_room,medium_title_signal,,none,not_assessed,none,,pencilkids,1,,0,medium,title_signal:escape_room,review_title_inference,1.0.0
www.kongregate.com/games/monsterplay999/monster-war-zone-2,Monster War Zone 2,monsterplay999,http://www.kongregate.com/games/monsterplay999/monster-war-zone-2,11,1,2014-10-03,2014-10-03,,unclassified,,none,,none,not_assessed,none,,monsterplay999,3,monsterplay999:monster-war-zone,2,low,same_developer_series_stem,ready,1.0.0
www.kongregate.com/games/olegantipov/move-on-green,Move on Green,OlegAntipov,http://www.kongregate.com/games/OlegAntipov/move-on-green,11,1,2016-06-29,2016-06-29,,unclassified,,none,,none,not_assessed,none,,olegantipov,1,,0,none,,ready,1.0.0
www.kongregate.com/games/massivehawk/mr-bones-revenge,Mr Bones Revenge,MassiveHawk,http://www.kongregate.com/games/MassiveHawk/mr-bones-revenge,11,1,2014-10-31,2014-10-31,,unclassified,,none,,none,not_assessed,none,,massivehawk,1,,0,none,,ready,1.0.0
www.kongregate.com/games/dynnojmelloe/neon-valley-revenge,Neon Valley: Revenge,DynnoJMelloe,http://www.kongregate.com/games/DynnoJMelloe/neon-valley-revenge,11,1,2015-09-09,2015-09-09,,unclassified,,none,,none,not_assessed,none,,dynnojmelloe,1,,0,none,,ready,1.0.0
www.kongregate.com/games/gamesdevelopers/ninja-in-box,Ninja In Box,gamesdevelopers,http://www.kongregate.com/games/gamesdevelopers/ninja-in-box,11,1,2017-08-17,2017-08-17,,unclassified,,none,,none,not_assessed,none,,gamesdevelopers,1,,0,none,,ready,1.0.0
www.kongregate.com/games/nsrgames/nsr-trapped-key,Nsr Trapped Key,Nsrgames,http://www.kongregate.com/games/Nsrgames/nsr-trapped-key,11,1,2017-07-20,2017-07-20,,unclassified,,none,,none,not_assessed,none,,nsrgames,10,,0,none,,ready,1.0.0
www.kongregate.com/games/kerbogames/nukklerma-the-horror-of-bizmar,Nukklerma The Horror of Bizmar,KERBOGAMES,http://www.kongregate.com/games/KERBOGAMES/nukklerma-the-horror-of-bizmar,11,1,2015-12-05,2015-12-05,,unclassified,,none,,none,not_assessed,none,,kerbogames,2,,0,none,,ready,1.0.0
www.kongregate.com/games/tonymx/olo,olo,tonymx,http://www.kongregate.com/games/tonymx/olo,11,1,2016-03-05,2016-03-05,,unclassified,,none,,none,not_assessed,none,,tonymx,1,,0,none,,ready,1.0.0
www.kongregate.com/games/loogames/pane-con-cioccolato,Pane Con Cioccolato,loogames,http://www.kongregate.com/games/loogames/pane-con-cioccolato,11,1,2016-05-24,2016-05-24,,unclassified,,none,,none,not_assessed,none,,loogames,6,,0,none,,ready,1.0.0
www.kongregate.com/games/edenicholas/parents-save-halloween,Parents Save Halloween,edenicholas,http://www.kongregate.com/games/edenicholas/parents-save-halloween,11,1,2016-10-30,2016-10-30,,unclassified,,none,,none,not_assessed,none,,edenicholas,1,,0,none,,ready,1.0.0
www.kongregate.com/games/p0k3m0ng0/parkour-school,Parkour School,P0K3M0NG0,http://www.kongregate.com/games/P0K3M0NG0/parkour-school,11,1,2016-09-03,2016-09-03,,unclassified,,none,,none,not_assessed,none,,p0k3m0ng0,1,,0,none,,ready,1.0.0
www.kongregate.com/games/mrjesuskrabs/pizza-house-app,Pizza House App,MrJesusKrabs,http://www.kongregate.com/games/MrJesusKrabs/pizza-house-app,11,1,2017-08-23,2017-08-23,,unclassified,,none,,none,not_assessed,none,,mrjesuskrabs,1,,0,none,,ready,1.0.0
www.kongregate.com/games/icon3x/planetarium,Planetarium,Icon3x,http://www.kongregate.com/games/Icon3x/planetarium,11,1,2016-03-20,2016-03-20,,unclassified,,none,,none,not_assessed,none,,icon3x,1,,0,none,,ready,1.0.0
www.kongregate.com/games/jonthegreat711/plants-vs-zombies-apocalypse,Plants vs. Zombies: Apocalypse,jonthegreat711,http://www.kongregate.com/games/jonthegreat711/plants-vs-zombies-apocalypse,11,1,2017-07-12,2017-07-12,,unclassified,,none,,none,not_assessed,none,,jonthegreat711,1,,0,none,,ready,1.0.0
www.kongregate.com/games/67263915w/prince-save-corpse-bride,Prince Save Corpse Bride,67263915w,http://www.kongregate.com/games/67263915w/prince-save-corpse-bride,11,1,2014-08-26,2014-08-26,,unclassified,,none,,none,not_assessed,none,,67263915w,1,,0,none,,ready,1.0.0
www.kongregate.com/games/effigymedia/recon-earth,Recon Earth,EffigyMedia,http://www.kongregate.com/games/EffigyMedia/recon-earth,11,1,2016-08-05,2016-08-05,,unclassified,,none,,none,not_assessed,none,,effigymedia,1,,0,none,,ready,1.0.0
www.kongregate.com/games/saeedhassan576/rescue-the-scientist,Rescue the scientist,Saeedhassan576,http://www.kongregate.com/games/Saeedhassan576/rescue-the-scientist,11,1,2016-05-06,2016-05-06,,unclassified,,none,,none,not_assessed,none,,saeedhassan576,1,,0,none,,ready,1.0.0
www.kongregate.com/games/zamol/rise-of-the-kal-rul,Rise of the Kal-Rul,Zamol,http://www.kongregate.com/games/Zamol/rise-of-the-kal-rul,11,1,2021-01-25,2021-01-25,,unclassified,,none,,none,not_assessed,none,,zamol,2,,0,none,,ready,1.0.0
www.kongregate.com/games/1chaaain/rpg-demo-20170624-0830,RPG_demo_20170624_0830,1CHAAAIN,http://www.kongregate.com/games/1CHAAAIN/rpg-demo-20170624-0830,11,1,2017-06-25,2017-06-25,,unclassified,,none,,none,not_assessed,none,,1chaaain,1,,0,none,,ready,1.0.0
www.kongregate.com/games/ourgames/run-dino-run,Run Dino Run,ourgames,http://www.kongregate.com/games/ourgames/run-dino-run,11,1,2014-12-02,2014-12-02,,unclassified,,none,,none,not_assessed,none,,ourgames,2,,0,none,,ready,1.0.0
www.kongregate.com/games/abodux/sillyworld,SillyWorld,AbodUX,http://www.kongregate.com/games/AbodUX/sillyworld,11,1,2017-08-11,2017-08-11,,unclassified,,none,,none,not_assessed,none,,abodux,1,,0,none,,ready,1.0.0
www.kongregate.com/games/ourgames/soccer-sim,Soccer Sim,ourgames,http://www.kongregate.com/games/ourgames/soccer-sim,11,1,2014-11-11,2014-11-11,,sports_racing,sports_racing,medium_title_signal,,none,not_assessed,none,,ourgames,2,,0,medium,title_signal:sports_racing,review_title_inference,1.0.0
www.kongregate.com/games/joem72/space-super-shooter-2,Space Super Shooter 2,JoeM72,http://www.kongregate.com/games/JoeM72/space-super-shooter-2,11,1,2015-09-03,2015-09-03,,unclassified,,none,,none,not_assessed,none,,joem72,1,,0,none,,ready,1.0.0
www.kongregate.com/games/brvasil/spiders-arena-2,Spiders Arena 2,brvasil,http://www.kongregate.com/games/brvasil/spiders-arena-2,11,1,2017-08-25,2017-08-25,,unclassified,,none,,none,not_assessed,none,,brvasil,9,,0,none,,ready,1.0.0
www.kongregate.com/games/hendrikschiffer/stalked-incubus,Stalked Incubus,HendrikSchiffer,http://www.kongregate.com/games/HendrikSchiffer/stalked-incubus,11,1,2014-10-17,2014-10-17,,unclassified,,none,,none,not_assessed,none,,hendrikschiffer,1,,0,none,,ready,1.0.0
www.kongregate.com/games/wx3lab/starcom,Starcom,wx3lab,http://www.kongregate.com/games/wx3lab/starcom,11,1,2009-06-17,2009-06-17,,unclassified,,none,,none,not_assessed,none,,wx3lab,1,,0,none,,ready,1.0.0
www.kongregate.com/games/havetime02/strormfall,StrormFall,havetime02,http://www.kongregate.com/games/havetime02/strormfall,11,1,2014-09-02,2014-09-02,,unclassified,,none,,none,not_assessed,none,,havetime02,1,,0,none,,ready,1.0.0
www.kongregate.com/games/jeremyw/super-splash-cannon,Super Splash Cannon,JeremyW,http://www.kongregate.com/games/JeremyW/super-splash-cannon,11,1,2014-09-20,2014-09-20,,unclassified,,none,,none,not_assessed,none,,jeremyw,2,,0,none,,ready,1.0.0
www.kongregate.com/games/sandrakim/tastes-and-tales,Tastes and Tales,SandraKim,http://www.kongregate.com/games/SandraKim/tastes-and-tales,11,1,2015-09-23,2015-09-23,,unclassified,,none,,none,not_assessed,none,,sandrakim,31,,0,none,,ready,1.0.0
www.kongregate.com/games/nrsgames/the-fort,the fort,nrsgames,http://www.kongregate.com/games/nrsgames/the-fort,11,1,2017-10-08,2017-10-08,,unclassified,,none,,none,not_assessed,none,,nrsgames,2,,0,none,,ready,1.0.0
www.kongregate.com/games/geovizz/the-last-samurai,The Last Samurai,Geovizz,http://www.kongregate.com/games/Geovizz/the-last-samurai,11,1,2015-09-14,2015-09-14,,unclassified,,none,,none,not_assessed,none,,geovizz,1,,0,none,,ready,1.0.0
www.kongregate.com/games/lunardoor/toaster-factory,Toaster Factory,lunardoor,http://www.kongregate.com/games/lunardoor/toaster-factory,11,1,2017-10-24,2017-10-24,,unclassified,,none,,none,not_assessed,none,,lunardoor,1,,0,none,,ready,1.0.0
www.kongregate.com/games/crazyescapegames/toxic-tunnel-escape,Toxic Tunnel Escape,CrazyEscapeGames,http://www.kongregate.com/games/CrazyEscapeGames/toxic-tunnel-escape,11,1,2016-10-24,2016-10-24,,escape_room,escape_room,medium_title_signal,,none,not_assessed,none,,crazyescapegames,6,,0,medium,title_signal:escape_room,review_title_inference,1.0.0
www.kongregate.com/games/gamesdeveloper/toy-n-toy,Toy N Toy,Gamesdeveloper,http://www.kongregate.com/games/Gamesdeveloper/toy-n-toy,11,1,2016-10-17,2016-10-17,,unclassified,,none,,none,not_assessed,none,,gamesdeveloper,7,,0,none,,ready,1.0.0
www.kongregate.com/games/jborguero/tucan-bird,Tucan Bird,jborguero,http://www.kongregate.com/games/jborguero/tucan-bird,11,1,2016-06-22,2016-06-22,,unclassified,,none,,none,not_assessed,none,,jborguero,1,,0,none,,ready,1.0.0
www.kongregate.com/games/notmoribund/unicorn,Unicorn,NotMoribund,http://www.kongregate.com/games/NotMoribund/unicorn,11,1,2016-02-28,2016-02-28,,unclassified,,none,,none,not_assessed,none,,notmoribund,1,,0,none,,ready,1.0.0
www.kongregate.com/games/zygomaticgames/upside-down,Upside Down,zygomaticgames,http://www.kongregate.com/games/zygomaticgames/upside-down,11,1,2014-12-30,2014-12-30,,unclassified,,none,,none,not_assessed,none,,zygomaticgames,7,,0,none,,ready,1.0.0
www.kongregate.com/games/newgamess/vorsteiner-lamborghini,Vorsteiner Lamborghini,newgamess,http://www.kongregate.com/games/newgamess/vorsteiner-lamborghini,11,1,2016-07-27,2016-07-27,,unclassified,,none,,none,not_assessed,none,,newgamess,37,,0,none,,ready,1.0.0
www.kongregate.com/games/rajeshstp/watergames,watergames,rajeshstp,http://www.kongregate.com/games/rajeshstp/watergames,11,1,2017-06-04,2017-06-04,,unclassified,,none,,none,not_assessed,none,,rajeshstp,1,,0,none,,ready,1.0.0
www.kongregate.com/games/coisadegenio/world-tycoon-game,World Tycoon Game,Coisadegenio,http://www.kongregate.com/games/Coisadegenio/world-tycoon-game,11,1,2016-05-15,2016-05-15,,unclassified,,none,,none,not_assessed,none,,coisadegenio,1,,0,none,,ready,1.0.0
www.kongregate.com/games/algogames/yamb-dice,Yamb Dice,algogames,http://www.kongregate.com/games/algogames/yamb-dice,11,1,2017-11-06,2017-11-06,,unclassified,,none,,none,not_assessed,none,,algogames,1,,0,none,,ready,1.0.0
www.kongregate.com/games/toffeegames/earn-to-die,Earn to Die,ToffeeGames,https://www.kongregate.com/games/ToffeeGames/earn-to-die,12,76,2014-08-22,2014-08-22,action,action,action,high_observed_category,,none,not_assessed,none,,toffeegames,1,,0,high,observed_category:action,ready,1.0.0
www.kongregate.com/games/cael/reactor-incremental,Reactor Incremental,Cael,https://www.kongregate.com/en/games/Cael/reactor-incremental,12,60,2015-02-16,2015-01-22,idle; strategy,idle_incremental,idle_incremental; strategy,high_observed_category,idle_progression,high_observed_category,not_assessed,none,,cael,1,,0,high,observed_category:idle_incremental; observed_category:idle,ready,1.0.0
www.kongregate.com/games/nplay/begone-guerra,BeGone: Guerra,nplay,https://www.kongregate.com/games/nplay/begone-guerra,12,59,2015-03-18,2015-03-18,shooter,shooter,shooter,high_observed_category,,none,not_assessed,none,,nplay,1,,0,high,observed_category:shooter,ready,1.0.0
www.kongregate.com/games/tovrick/sword-fight,Sword Fight,tovrick,https://www.kongregate.com/en/games/tovrick/sword-fight,12,57,2017-11-01,2017-08-18,idle; strategy,idle_incremental,idle_incremental; strategy,high_observed_category,idle_progression,high_observed_category,not_assessed,none,,tovrick,1,,0,high,observed_category:idle_incremental; observed_category:idle,ready,1.0.0
www.kongregate.com/games/miniclip/man-or-monster,Man or Monster,miniclip,http://www.kongregate.com/games/miniclip/man-or-monster,12,36,2015-04-30,2015-04-30,action,action,action,high_observed_category,,none,not_assessed,none,,miniclip,2,,0,high,observed_category:action,ready,1.0.0
www.kongregate.com/games/pestoforce/abobos-big-adventure,Abobo's Big Adventure,pestoforce,https://www.kongregate.com/en/games/pestoforce/abobos-big-adventure,12,29,2020-07-19,2012-02-09,action,action,action,high_observed_category,,none,not_assessed,none,,pestoforce,1,,0,high,observed_category:action,ready,1.0.0
www.kongregate.com/games/game4joy/crazy-zombie-v2-0-crossing-hero,Crazy Zombie v2.0 Crossing Hero,game4joy,http://www.kongregate.com/games/game4joy/crazy-zombie-v2-0-crossing-hero,12,21,2014-02-28,2014-02-28,action,action,action,high_observed_category,,none,not_assessed,none,,game4joy,2,,0,high,observed_category:action,ready,1.0.0
www.kongregate.com/games/jorjeade/seven-deadly-sins,Seven Deadly Sins,JorjEade,http://www.kongregate.com/games/JorjEade/seven-deadly-sins,12,15,2007-01-25,2007-01-25,,unclassified,,none,,none,not_assessed,none,,jorjeade,3,,0,none,,ready,1.0.0
www.kongregate.com/games/kongregate/idleplex,Idleplex,Kongregate,http://www.kongregate.com/games/Kongregate/idleplex,12,13,2014-11-02,2014-02-14,idle,idle_incremental,idle_incremental,high_observed_category,idle_progression,high_observed_category,not_assessed,none,,kongregate,3,,0,high,observed_category:idle_incremental; observed_category:idle,ready,1.0.0
www.kongregate.com/games/holydaystudios/midas-gold-plus,Midas' Gold Plus,HolydayStudios,http://www.kongregate.com/games/HolydayStudios/midas-gold-plus,12,12,2016-02-17,2016-02-17,,unclassified,,none,,none,not_assessed,none,,holydaystudios,4,,0,none,,ready,1.0.0
www.kongregate.com/games/rustylake/cube-escape-birthday,Cube Escape: Birthday,RustyLake,http://www.kongregate.com/games/RustyLake/cube-escape-birthday,12,11,2016-04-05,2016-02-22,puzzle,puzzle,puzzle,high_observed_category,,none,not_assessed,none,,rustylake,4,,0,high,observed_category:puzzle,ready,1.0.0
www.kongregate.com/games/kajenx/william-and-sly-2,William and Sly 2,Kajenx,https://www.kongregate.com/en/games/Kajenx/william-and-sly-2,12,11,2020-05-11,2011-12-19,adventure; adventure-rpg,role_playing,adventure; role_playing,high_observed_category,,none,not_assessed,none,,kajenx,2,,0,high,observed_category:role_playing,ready,1.0.0
www.kongregate.com/games/rocketeergames/red-crucible-reloaded,Red Crucible: Reloaded,rocketeergames,http://www.kongregate.com/games/rocketeergames/red-crucible-reloaded,12,10,2017-01-12,2017-01-12,shooter,shooter,shooter,high_observed_category,,none,not_assessed,none,,rocketeergames,3,,0,high,observed_category:shooter,ready,1.0.0
www.kongregate.com/games/lutgames/straw-hat-samurai,Straw Hat Samurai,Lutgames,http://www.kongregate.com/games/Lutgames/straw-hat-samurai,12,10,2008-11-02,2008-11-02,action,action,action,high_observed_category,,none,not_assessed,none,,lutgames,2,,0,high,observed_category:action,ready,1.0.0
www.kongregate.com/games/carbontech/carbon-combat,Carbon Combat,CarbonTech,http://www.kongregate.com/games/CarbonTech/carbon-combat,12,7,2016-08-17,2016-08-17,shooter,shooter,shooter,high_observed_category,,none,not_assessed,none,,carbontech,1,,0,high,observed_category:shooter,ready,1.0.0
www.kongregate.com/games/dz2001/momentum-missile-mayhem-2,Momentum Missile Mayhem 2,dz2001,http://www.kongregate.com/games/dz2001/momentum-missile-mayhem-2,12,7,2008-02-22,2008-02-22,action,action,action,high_observed_category,,none,not_assessed,none,,dz2001,1,,0,high,observed_category:action,ready,1.0.0
www.kongregate.com/games/edgebeestudios/swords-and-potions-2,Swords & Potions 2,EdgebeeStudios,http://www.kongregate.com/games/EdgebeeStudios/swords-and-potions-2,12,7,2014-12-17,2014-12-17,,unclassified,,none,,none,not_assessed,none,,edgebeestudios,1,,0,none,,ready,1.0.0
www.kongregate.com/games/armegalo/galactic-gravity-golf-deluxe,Galactic Gravity Golf Deluxe,Armegalo,http://www.kongregate.com/games/Armegalo/galactic-gravity-golf-deluxe,12,6,2016-05-25,2016-05-25,,unclassified,,none,,none,not_assessed,none,,armegalo,3,,0,none,,ready,1.0.0
www.kongregate.com/games/loadsbadges/drag-racer-v-3,Drag Racer V 3,,https://www.kongregate.com/en/games/loadsbadges/drag-racer-v-3,12,4,2026-07-01,2013-01-07,sports-racing,sports_racing,sports_racing,high_observed_category,,none,not_assessed,none,,unknown,252,,0,high,observed_category:sports_racing,ready,1.0.0
www.kongregate.com/games/youzu/league-of-angels-ii-gta,League of Angels II,,https://www.kongregate.com/en/games/Youzu/league-of-angels-ii-gta,12,4,2026-07-01,2017-01-15,mmo,role_playing,role_playing,high_observed_category,massively_multiplayer,high_observed_category,not_assessed,none,,unknown,252,,0,high,observed_category:role_playing; observed_category:mmo,ready,1.0.0
www.kongregate.com/games/locos/rotatix,Rotatix,,https://www.kongregate.com/en/games/locos/rotatix,12,4,2026-07-01,2009-07-16,more,other,other,high_observed_category,,none,not_assessed,none,,unknown,252,,0,high,observed_category:other,ready,1.0.0
www.kongregate.com/games/paladinstudios/stormbound,Stormbound,,https://www.kongregate.com/en/games/paladinstudios/stormbound,12,4,2026-07-01,2018-01-11,card,card_strategy,card_strategy,high_observed_category,persistent_card_game,high_observed_category,not_assessed,none,,unknown,252,,0,high,observed_category:card_strategy; observed_category:card,ready,1.0.0
www.kongregate.com/games/rokawar/war-attack,War Attack,,https://www.kongregate.com/en/games/rokawar/war-attack,12,4,2026-07-01,2017-01-13,multiplayer,multiplayer,multiplayer,high_observed_category,online_multiplayer,high_observed_category,not_assessed,none,,unknown,252,,0,high,observed_category:multiplayer; observed_category:multiplayer,ready,1.0.0
www.kongregate.com/games/sugarfreegames/caravaneer,Caravaneer,SugarFreeGames,http://kongregate.com/games/SugarFreeGames/caravaneer,12,3,2007-09-03,2007-09-03,,unclassified,,none,,none,not_assessed,none,,sugarfreegames,1,,0,none,,ready,1.0.0
www.kongregate.com/games/entforge/epic-boss-fighter-2,Epic Boss Fighter 2,EntForge,http://www.kongregate.com/games/EntForge/epic-boss-fighter-2,12,3,2015-03-02,2015-03-02,,unclassified,,none,,none,not_assessed,none,,entforge,1,,0,none,,ready,1.0.0
www.kongregate.com/games/scorzy88/idle-ants,Idle Ants,scorzy88,http://www.kongregate.com/games/scorzy88/idle-ants,12,3,2017-11-01,2017-11-01,,idle_incremental,idle_incremental,medium_title_signal,,none,not_assessed,none,,scorzy88,1,,0,medium,title_signal:idle_incremental,review_title_inference,1.0.0
www.kongregate.com/games/vasantj/medieval-shorts-2,Medieval Shorts 2,VasantJ,http://www.kongregate.com/games/VasantJ/medieval-shorts-2,12,3,2016-11-29,2016-11-29,adventure,adventure,adventure,high_observed_category,,none,not_assessed,none,,vasantj,20,,0,high,observed_category:adventure,ready,1.0.0
www.kongregate.com/games/arseniy/orbox,Orbox,Arseniy,http://www.kongregate.com/games/Arseniy/orbox,12,3,2007-01-20,2007-01-05,,unclassified,,none,,none,not_assessed,none,,arseniy,3,,0,none,,ready,1.0.0
www.kongregate.com/games/game4joy1/bean-and-boy,Bean and Boy,game4joy1,http://www.kongregate.com/games/game4joy1/bean-and-boy,12,2,2014-09-19,2014-09-19,,unclassified,,none,,none,not_assessed,none,,game4joy1,7,,0,none,,ready,1.0.0
www.kongregate.com/games/taptapinfinity/tap-tap-infinity,Tap Tap Infinity,TapTapInfinity,http://www.kongregate.com/games/TapTapInfinity/tap-tap-infinity,12,2,2015-01-03,2015-01-03,,unclassified,,none,,none,not_assessed,none,,taptapinfinity,1,,0,none,,ready,1.0.0
www.kongregate.com/games/sandrakim/a-special-day,A Special Day,SandraKim,http://www.kongregate.com/games/SandraKim/a-special-day,12,1,2014-08-29,2014-08-29,,unclassified,,none,,none,not_assessed,none,,sandrakim,31,,0,none,,ready,1.0.0
www.kongregate.com/games/rheyank/agents-of-mayhem-splatter-effect,Agents of Mayhem: Splatter Effect,rheyank,http://www.kongregate.com/games/rheyank/agents-of-mayhem-splatter-effect,12,1,2017-07-28,2017-07-28,,unclassified,,none,,none,not_assessed,none,,rheyank,2,,0,none,,ready,1.0.0
www.kongregate.com/games/404notfound999/air-hockey-on-kongregate,Air Hockey On Kongregate,404notfound999,http://www.kongregate.com/games/404notfound999/air-hockey-on-kongregate,12,1,2015-12-26,2015-12-26,,unclassified,,none,,none,not_assessed,none,,404notfound999,1,,0,none,,ready,1.0.0
www.kongregate.com/games/natalibt/alfa-romeo-brera-puzzle,Alfa Romeo Brera Puzzle,natalibt,http://www.kongregate.com/games/natalibt/alfa-romeo-brera-puzzle,12,1,2015-09-23,2015-09-23,,unclassified,,none,,none,not_assessed,none,,natalibt,15,,0,none,,ready,1.0.0
www.kongregate.com/games/sanosverd/apocalypse-z,Apocalypse Z,SanosVerd,http://www.kongregate.com/games/SanosVerd/apocalypse-z,12,1,2017-10-15,2017-10-15,,unclassified,,none,,none,not_assessed,none,,sanosverd,1,,0,none,,ready,1.0.0
www.kongregate.com/games/porcelles/baby-dino-ptero,Baby Dino Ptero,porcelles,http://www.kongregate.com/games/porcelles/baby-dino-ptero,12,1,2016-02-17,2016-02-17,,unclassified,,none,,none,not_assessed,none,,porcelles,1,,0,none,,ready,1.0.0
www.kongregate.com/games/yugimongx/bad-manors,Bad Manors,YugimonGX,http://www.kongregate.com/games/YugimonGX/bad-manors,12,1,2017-09-04,2017-09-04,,unclassified,,none,,none,not_assessed,none,,yugimongx,1,,0,none,,ready,1.0.0
www.kongregate.com/games/pixselstudios/baw-alpha-version,BAW(Alpha Version),PixSelStudios,http://www.kongregate.com/games/PixSelStudios/baw-alpha-version,12,1,2017-05-26,2017-05-26,,unclassified,,none,,none,not_assessed,none,,pixselstudios,2,,0,none,,ready,1.0.0
www.kongregate.com/games/georgese4/beater-a,Beater A,GeorgesE4,http://www.kongregate.com/games/GeorgesE4/beater-a,12,1,2017-07-29,2017-07-29,,unclassified,,none,,none,not_assessed,none,,georgese4,1,,0,none,,ready,1.0.0
www.kongregate.com/games/surre02/bigfarm-online-sweden,BigFarm Online(Sweden),surre02,http://www.kongregate.com/games/surre02/bigfarm-online-sweden,12,1,2014-09-05,2014-09-05,,unclassified,,none,,none,not_assessed,none,,surre02,2,,0,none,,ready,1.0.0
www.kongregate.com/games/newgamess/bmw-m6-jigsaw,BMW M6 Jigsaw,newgamess,http://www.kongregate.com/games/newgamess/bmw-m6-jigsaw,12,1,2015-09-30,2015-09-30,,unclassified,,none,,none,not_assessed,none,,newgamess,37,,0,none,,ready,1.0.0
www.kongregate.com/games/mastermanxd/bmx-master,BMX MASTER,MASTERMANXD,http://www.kongregate.com/games/MASTERMANXD/bmx-master,12,1,2016-06-05,2016-06-05,,unclassified,,none,,none,not_assessed,none,,mastermanxd,1,,0,none,,ready,1.0.0
www.kongregate.com/games/andrewzimmer/bobblehead-boxing,Bobblehead Boxing,AndrewZimmer,http://www.kongregate.com/games/AndrewZimmer/bobblehead-boxing,12,1,2016-08-13,2016-08-13,,unclassified,,none,,none,not_assessed,none,,andrewzimmer,1,,0,none,,ready,1.0.0
www.kongregate.com/games/pandanymous/bodywalk,BodyWalk,pandanymous,http://www.kongregate.com/games/pandanymous/bodywalk,12,1,2016-03-24,2016-03-24,,unclassified,,none,,none,not_assessed,none,,pandanymous,1,,0,none,,ready,1.0.0
www.kongregate.com/games/awesomeapps/bouncy-ball,Bouncy Ball,AwesomeApps,http://www.kongregate.com/games/AwesomeApps/bouncy-ball,12,1,2016-07-27,2016-07-27,,unclassified,,none,,none,not_assessed,none,,awesomeapps,1,,0,none,,ready,1.0.0
www.kongregate.com/games/eyesteam/burning-scarecrow,Burning Scarecrow,EyesTeam,http://www.kongregate.com/games/EyesTeam/burning-scarecrow,12,1,2014-10-24,2014-10-24,,unclassified,,none,,none,not_assessed,none,,eyesteam,1,,0,none,,ready,1.0.0
www.kongregate.com/games/homeworldarts/car-race-2,Car Race 2,homeworldarts,http://www.kongregate.com/games/homeworldarts/car-race-2,12,1,2014-11-25,2014-11-25,,unclassified,,none,,none,not_assessed,none,,homeworldarts,1,,0,none,,ready,1.0.0
www.kongregate.com/games/orndotio/cararena-io,CarArena.io,orndotio,http://www.kongregate.com/games/orndotio/cararena-io,12,1,2017-07-03,2017-07-03,,unclassified,,none,,none,not_assessed,none,,orndotio,4,,0,none,,ready,1.0.0
www.kongregate.com/games/oscarkim/city-bird,City bird,oscarkim,http://www.kongregate.com/games/oscarkim/city-bird,12,1,2014-09-26,2014-09-26,,unclassified,,none,,none,not_assessed,none,,oscarkim,1,,0,none,,ready,1.0.0
www.kongregate.com/games/yolkgamez/cotswold-house-crown-escape,Cotswold House Crown Escape,yolkgamez,http://www.kongregate.com/games/yolkgamez/cotswold-house-crown-escape,12,1,2016-08-20,2016-08-20,,escape_room,escape_room,medium_title_signal,,none,not_assessed,none,,yolkgamez,6,,0,medium,title_signal:escape_room,review_title_inference,1.0.0
www.kongregate.com/games/pacogame5/crunched-metal-drifting-wars,Crunched metal: Drifting Wars,PacoGame5,http://www.kongregate.com/games/PacoGame5/crunched-metal-drifting-wars,12,1,2016-09-16,2016-09-16,,unclassified,,none,,none,not_assessed,none,,pacogame5,2,,0,none,,ready,1.0.0
www.kongregate.com/games/reconj/cubebolt,CubeBolt,Reconj,http://www.kongregate.com/games/Reconj/cubebolt,12,1,2016-09-03,2016-09-03,,unclassified,,none,,none,not_assessed,none,,reconj,1,,0,none,,ready,1.0.0
www.kongregate.com/games/aanrylinkage/devil-cat-lands-of-azudar,"Devil Cat ""Lands of Azudar""",AanryLinkage,http://www.kongregate.com/games/AanryLinkage/devil-cat-lands-of-azudar,12,1,2015-09-14,2015-09-14,,unclassified,,none,,none,not_assessed,none,,aanrylinkage,1,,0,none,,ready,1.0.0
www.kongregate.com/games/niconosave/dinamic-chess,Dinamic Chess,niconosave,http://www.kongregate.com/games/niconosave/dinamic-chess,12,1,2016-10-04,2016-10-04,,unclassified,,none,,none,not_assessed,none,,niconosave,1,,0,none,,ready,1.0.0
www.kongregate.com/games/olegf21/drawing-online,Drawing online,OlegF21,http://www.kongregate.com/games/OlegF21/drawing-online,12,1,2016-03-20,2016-03-20,,unclassified,,none,,none,not_assessed,none,,olegf21,2,,0,none,,ready,1.0.0
www.kongregate.com/games/lordcripplus/drill-wars,Drill Wars,LordCripplus,http://www.kongregate.com/games/LordCripplus/drill-wars,12,1,2017-05-16,2017-05-16,,unclassified,,none,,none,not_assessed,none,,lordcripplus,1,,0,none,,ready,1.0.0
www.kongregate.com/games/asesinopro995/el-juego-del-adivinador,El Juego Del adivinador,Asesinopro995,http://www.kongregate.com/games/Asesinopro995/el-juego-del-adivinador,12,1,2016-07-20,2016-07-20,,unclassified,,none,,none,not_assessed,none,,asesinopro995,1,,0,none,,ready,1.0.0
www.kongregate.com/games/farmerboy562/endless-planes,Endless Planes,Farmerboy562,http://www.kongregate.com/games/Farmerboy562/endless-planes,12,1,2017-07-20,2017-07-20,,unclassified,,none,,none,not_assessed,none,,farmerboy562,1,,0,none,,ready,1.0.0
www.kongregate.com/games/enagamess/escape-dead-end-4,Escape Dead End 4,Enagamess,http://www.kongregate.com/games/Enagamess/escape-dead-end-4,12,1,2016-09-23,2016-09-23,,escape_room,escape_room,medium_title_signal,,none,not_assessed,none,,enagamess,68,enagamess:escape-dead-end,2,medium,title_signal:escape_room; same_developer_series_stem,review_title_inference,1.0.0
www.kongregate.com/games/aaronoftomorrow/fat-slice,Fat Slice,AaronOfTomorrow,http://www.kongregate.com/games/AaronOfTomorrow/fat-slice,12,1,2009-06-17,2009-06-17,,unclassified,,none,,none,not_assessed,none,,aaronoftomorrow,1,,0,none,,ready,1.0.0
www.kongregate.com/games/ainarsa/ferret-room-escape,Ferret Room Escape,ainarsa,http://www.kongregate.com/games/ainarsa/ferret-room-escape,12,1,2015-09-09,2015-09-09,,escape_room,escape_room,medium_title_signal,,none,not_assessed,none,,ainarsa,7,,0,medium,title_signal:escape_room,review_title_inference,1.0.0
www.kongregate.com/games/mamdohreda/find-pearl,Find Pearl,mamdohreda,http://www.kongregate.com/games/mamdohreda/find-pearl,12,1,2015-12-05,2015-12-05,,unclassified,,none,,none,not_assessed,none,,mamdohreda,1,,0,none,,ready,1.0.0
www.kongregate.com/games/mafagames/freekick-training,Freekick Training,mafagames,http://www.kongregate.com/games/mafagames/freekick-training,12,1,2017-09-13,2017-09-13,,unclassified,,none,,none,not_assessed,none,,mafagames,41,,0,none,,ready,1.0.0
www.kongregate.com/games/girlsgames01/frozen-elsa-room-cleaning-time,Frozen Elsa Room Cleaning Time,Girlsgames01,http://www.kongregate.com/games/Girlsgames01/frozen-elsa-room-cleaning-time,12,1,2014-12-30,2014-12-30,,unclassified,,none,,none,not_assessed,none,,girlsgames01,1,,0,none,,ready,1.0.0
www.kongregate.com/games/game4joy1/frozen-magic-remove,Frozen Magic Remove,game4joy1,http://www.kongregate.com/games/game4joy1/frozen-magic-remove,12,1,2014-09-12,2014-09-12,,unclassified,,none,,none,not_assessed,none,,game4joy1,7,,0,none,,ready,1.0.0
www.kongregate.com/games/dexterreal/galactic-convoy-2,Galactic Convoy 2,DexterReal,http://www.kongregate.com/games/DexterReal/galactic-convoy-2,12,1,2017-08-05,2017-08-05,,unclassified,,none,,none,not_assessed,none,,dexterreal,2,,0,none,,ready,1.0.0
www.kongregate.com/games/jewelsgames/gold-of-knights,Gold of Knights,jewelsgames,http://www.kongregate.com/games/jewelsgames/gold-of-knights,12,1,2014-10-13,2014-10-13,,unclassified,,none,,none,not_assessed,none,,jewelsgames,1,,0,none,,ready,1.0.0
www.kongregate.com/games/jeuxbebel/goodwitch,GoodWitch,JeuxBebel,http://www.kongregate.com/games/JeuxBebel/goodwitch,12,1,2017-09-30,2017-09-30,,unclassified,,none,,none,not_assessed,none,,jeuxbebel,1,,0,none,,ready,1.0.0
www.kongregate.com/games/dphsoftwareltd/hamsterball-sports,Hamsterball Sports,DPHSoftwareLtd,http://www.kongregate.com/games/DPHSoftwareLtd/hamsterball-sports,12,1,2015-04-01,2015-04-01,,unclassified,,none,,none,not_assessed,none,,dphsoftwareltd,1,,0,none,,ready,1.0.0
www.kongregate.com/games/kaizen101/hoop-n-line,Hoop N Line,kaizen101,http://www.kongregate.com/games/kaizen101/hoop-n-line,12,1,2014-10-04,2014-10-04,,unclassified,,none,,none,not_assessed,none,,kaizen101,1,,0,none,,ready,1.0.0
www.kongregate.com/games/odispl/inhuman-fruits,Inhuman Fruits,odispl,http://www.kongregate.com/games/odispl/inhuman-fruits,12,1,2014-10-17,2014-10-17,,unclassified,,none,,none,not_assessed,none,,odispl,1,,0,none,,ready,1.0.0
www.kongregate.com/games/gamesforgirlz/joy-and-disgust-shopping,Joy and Disgust Shopping,gamesforgirlz,http://www.kongregate.com/games/gamesforgirlz/joy-and-disgust-shopping,12,1,2016-08-05,2016-08-05,,unclassified,,none,,none,not_assessed,none,,gamesforgirlz,10,,0,none,,ready,1.0.0
www.kongregate.com/games/zombiefy/kidnapped,Kidnapped!,zombiefy,http://www.kongregate.com/games/zombiefy/kidnapped,12,1,2016-09-17,2016-09-17,,unclassified,,none,,none,not_assessed,none,,zombiefy,1,,0,none,,ready,1.0.0
www.kongregate.com/games/superols/kill-the-guys,kill the guys,superols,http://www.kongregate.com/games/superols/kill-the-guys,12,1,2017-08-17,2017-08-17,,unclassified,,none,,none,not_assessed,none,,superols,1,,0,none,,ready,1.0.0
www.kongregate.com/games/funtomic/kizi-sushi-train,Kizi Sushi Train,Funtomic,http://www.kongregate.com/games/Funtomic/kizi-sushi-train,12,1,2016-03-07,2016-03-07,,unclassified,,none,,none,not_assessed,none,,funtomic,7,,0,none,,ready,1.0.0
www.kongregate.com/games/knfgames/knf-halloween-abandoned-theatre-escape,Knf Halloween Abandoned Theatre Escape,knfgames,http://www.kongregate.com/games/knfgames/knf-halloween-abandoned-theatre-escape,12,1,2016-10-24,2016-10-24,,escape_room,escape_room,medium_title_signal,,none,not_assessed,none,,knfgames,1,,0,medium,title_signal:escape_room,review_title_inference,1.0.0
www.kongregate.com/games/heynongman/kongbot-in-love,Kongbot In Love,HeynongMan,http://www.kongregate.com/games/HeynongMan/kongbot-in-love,12,1,2016-06-04,2016-06-04,,unclassified,,none,,none,not_assessed,none,,heynongman,1,,0,none,,ready,1.0.0
www.kongregate.com/games/lndggomes/labirinth-chase,Labirinth Chase,lndggomes,http://www.kongregate.com/games/lndggomes/labirinth-chase,12,1,2014-12-10,2014-12-10,,unclassified,,none,,none,not_assessed,none,,lndggomes,1,,0,none,,ready,1.0.0
www.kongregate.com/games/saitenhazard/le-shoot-em-up,Le Shoot 'Em Up,SaitenHazard,http://www.kongregate.com/games/SaitenHazard/le-shoot-em-up,12,1,2016-10-10,2016-10-10,,unclassified,,none,,none,not_assessed,none,,saitenhazard,1,,0,none,,ready,1.0.0
www.kongregate.com/games/zkeen/lemonade-stand,Lemonade Stand!,zKeen,http://www.kongregate.com/games/zKeen/lemonade-stand,12,1,2014-10-31,2014-10-31,,unclassified,,none,,none,not_assessed,none,,zkeen,1,,0,none,,ready,1.0.0
www.kongregate.com/games/maplegames/lilyleap,LilyLeap,MapleGames,http://www.kongregate.com/games/MapleGames/lilyleap,12,1,2016-03-05,2016-03-05,,unclassified,,none,,none,not_assessed,none,,maplegames,1,,0,none,,ready,1.0.0
www.kongregate.com/games/enagamess/lost-of-kingdom-tunnels,Lost Of Kingdom Tunnels,Enagamess,http://www.kongregate.com/games/Enagamess/lost-of-kingdom-tunnels,12,1,2017-05-05,2017-05-05,,unclassified,,none,,none,not_assessed,none,,enagamess,68,,0,none,,ready,1.0.0
www.kongregate.com/games/trashmail1/lumber-jack,Lumber Jack,trashmail1,http://www.kongregate.com/games/trashmail1/lumber-jack,12,1,2017-10-08,2017-10-08,,unclassified,,none,,none,not_assessed,none,,trashmail1,1,,0,none,,ready,1.0.0
www.kongregate.com/games/lokarunith/marbles,Marbles,Lokarunith,http://www.kongregate.com/games/Lokarunith/marbles,12,1,2014-08-26,2014-08-26,,unclassified,,none,,none,not_assessed,none,,lokarunith,1,,0,none,,ready,1.0.0
www.kongregate.com/games/juegosmasha/masha-easter-egg,Masha Easter Egg,juegosmasha,http://www.kongregate.com/games/juegosmasha/masha-easter-egg,12,1,2016-03-16,2016-03-16,,unclassified,,none,,none,not_assessed,none,,juegosmasha,1,,0,none,,ready,1.0.0
www.kongregate.com/games/naghistefan94/minecraft-block-match,Minecraft Block Match,naghistefan94,http://www.kongregate.com/games/naghistefan94/minecraft-block-match,12,1,2017-08-11,2017-08-11,,unclassified,,none,,none,not_assessed,none,,naghistefan94,1,,0,none,,ready,1.0.0
www.kongregate.com/games/nemorisgames/missile-clonando,Missile Clonando,NemorisGames,http://www.kongregate.com/games/NemorisGames/missile-clonando,12,1,2016-06-22,2016-06-22,,unclassified,,none,,none,not_assessed,none,,nemorisgames,1,,0,none,,ready,1.0.0
www.kongregate.com/games/demeko/missile-mayhem,Missile Mayhem,demeko,http://www.kongregate.com/games/demeko/missile-mayhem,12,1,2016-07-14,2016-07-14,,unclassified,,none,,none,not_assessed,none,,demeko,2,,0,none,,ready,1.0.0
www.kongregate.com/games/luigiplayer/moleman,MoleMan,Luigiplayer,https://www.kongregate.com/games/Luigiplayer/moleman,12,1,2019-08-25,2019-08-25,,unclassified,,none,,none,not_assessed,none,,luigiplayer,1,,0,none,,ready,1.0.0
www.kongregate.com/games/gregorio236/monstermash,MonsterMash,Gregorio236,http://www.kongregate.com/games/Gregorio236/monstermash,12,1,2017-07-12,2017-07-12,,unclassified,,none,,none,not_assessed,none,,gregorio236,1,,0,none,,ready,1.0.0
www.kongregate.com/games/gamer70008000/move-the-blocks,Move the Blocks,gamer70008000,http://www.kongregate.com/games/gamer70008000/move-the-blocks,12,1,2016-10-18,2016-10-18,,unclassified,,none,,none,not_assessed,none,,gamer70008000,8,,0,none,,ready,1.0.0
www.kongregate.com/games/enagamess/mr-lal-the-detective-13,MR LAL The Detective 13,Enagamess,http://www.kongregate.com/games/Enagamess/mr-lal-the-detective-13,12,1,2016-06-13,2016-06-13,,unclassified,,none,,none,not_assessed,none,,enagamess,68,,0,none,,ready,1.0.0
www.kongregate.com/games/tmifx/mr-vengeance-upgrade,Mr.Vengeance: Upgrade,tmifx,http://www.kongregate.com/games/tmifx/mr-vengeance-upgrade,12,1,2014-08-22,2014-08-22,,unclassified,,none,,none,not_assessed,none,,tmifx,1,,0,none,,ready,1.0.0
www.kongregate.com/games/hazard_gamer/nightfall,Nightfall,hazard_Gamer,http://www.kongregate.com/games/hazard_Gamer/nightfall,12,1,2017-08-23,2017-08-23,,unclassified,,none,,none,not_assessed,none,,hazard-gamer,1,,0,none,,ready,1.0.0
www.kongregate.com/games/spacegrid/paradise,Paradise,spacegrid,http://www.kongregate.com/games/spacegrid/paradise,12,1,2017-05-25,2017-05-25,,unclassified,,none,,none,not_assessed,none,,spacegrid,5,,0,none,,ready,1.0.0
www.kongregate.com/games/dararan/parkour-city,Parkour City!,dararan,http://www.kongregate.com/games/dararan/parkour-city,12,1,2014-09-02,2014-09-02,,unclassified,,none,,none,not_assessed,none,,dararan,1,,0,none,,ready,1.0.0
www.kongregate.com/games/bullersweety/penguin-clicker-beta,Penguin Clicker (Beta),BullerSweety,http://www.kongregate.com/games/BullerSweety/penguin-clicker-beta,12,1,2017-10-24,2017-10-24,,idle_incremental,idle_incremental,medium_title_signal,,none,not_assessed,none,,bullersweety,2,,0,medium,title_signal:idle_incremental,review_title_inference,1.0.0
www.kongregate.com/games/kai3114/piggy-love-story,Piggy Love Story,kai3114,http://www.kongregate.com/games/kai3114/piggy-love-story,12,1,2014-09-26,2014-09-26,,unclassified,,none,,none,not_assessed,none,,kai3114,1,,0,none,,ready,1.0.0
www.kongregate.com/games/dslevis/foodzong,Pizza Delivery Puzzles,dslevis,https://www.kongregate.com/games/dslevis/foodzong,12,1,2021-11-12,2021-11-12,,unclassified,,none,,none,not_assessed,none,,dslevis,6,,0,none,,ready,1.0.0
www.kongregate.com/games/a72_games/platform-legend,Platform Legend,A72_Games,http://www.kongregate.com/games/A72_Games/platform-legend,12,1,2016-08-28,2016-08-28,,unclassified,,none,,none,not_assessed,none,,a72-games,1,,0,none,,ready,1.0.0
www.kongregate.com/games/bombikoyun/podium-beauty,Podium Beauty,BombikOyun,http://www.kongregate.com/games/BombikOyun/podium-beauty,12,1,2014-10-09,2014-10-09,,unclassified,,none,,none,not_assessed,none,,bombikoyun,2,,0,none,,ready,1.0.0
www.kongregate.com/games/likenot/pong,Pong,likenot,http://www.kongregate.com/games/likenot/pong,12,1,2014-10-29,2014-10-29,,unclassified,,none,,none,not_assessed,none,,likenot,1,,0,none,,ready,1.0.0
www.kongregate.com/games/mafagames/powerblocks,Powerblocks,mafagames,http://www.kongregate.com/games/mafagames/powerblocks,12,1,2016-05-23,2016-05-23,,unclassified,,none,,none,not_assessed,none,,mafagames,41,,0,none,,ready,1.0.0
www.kongregate.com/games/fathomschmidt/pumpkin-dash,Pumpkin Dash,FathomSchmidt,http://www.kongregate.com/games/FathomSchmidt/pumpkin-dash,12,1,2016-10-30,2016-10-30,,unclassified,,none,,none,not_assessed,none,,fathomschmidt,1,,0,none,,ready,1.0.0
www.kongregate.com/games/ric3d/ripple,Ripple,Ric3D,http://www.kongregate.com/games/Ric3D/ripple,12,1,2017-06-04,2017-06-04,,unclassified,,none,,none,not_assessed,none,,ric3d,1,,0,none,,ready,1.0.0
www.kongregate.com/games/garyrossiter0/round-adventures,Round Adventures,garyrossiter0,http://www.kongregate.com/games/garyrossiter0/round-adventures,12,1,2015-09-15,2015-09-15,,unclassified,,none,,none,not_assessed,none,,garyrossiter0,1,,0,none,,ready,1.0.0
www.kongregate.com/games/omerturac/salata-man,Salata Man,omerturac,http://www.kongregate.com/games/omerturac/salata-man,12,1,2016-10-17,2016-10-17,,unclassified,,none,,none,not_assessed,none,,omerturac,1,,0,none,,ready,1.0.0
www.kongregate.com/games/acpkhurana/sams-hely-cop,sam's hely-cop,acpkhurana,http://www.kongregate.com/games/acpkhurana/sams-hely-cop,12,1,2014-12-28,2014-12-28,,unclassified,,none,,none,not_assessed,none,,acpkhurana,1,,0,none,,ready,1.0.0
www.kongregate.com/games/enagamess/save-the-shepherd,Save The Shepherd,Enagamess,http://www.kongregate.com/games/Enagamess/save-the-shepherd,12,1,2016-05-06,2016-05-06,,unclassified,,none,,none,not_assessed,none,,enagamess,68,,0,none,,ready,1.0.0
www.kongregate.com/games/cruzami4life/shift-deviate,Shift Deviate,cruzami4life,http://www.kongregate.com/games/cruzami4life/shift-deviate,12,1,2017-06-15,2017-06-15,,unclassified,,none,,none,not_assessed,none,,cruzami4life,1,,0,none,,ready,1.0.0
www.kongregate.com/games/dukesofdevon/simple-pong,Simple Pong,DukesOfDevon,http://www.kongregate.com/games/DukesOfDevon/simple-pong,12,1,2016-01-02,2016-01-02,,unclassified,,none,,none,not_assessed,none,,dukesofdevon,2,,0,none,,ready,1.0.0
www.kongregate.com/games/zuvaygame/soccer-player-idle,Soccer Player Idle,ZuvayGame,http://www.kongregate.com/games/ZuvayGame/soccer-player-idle,12,1,2017-11-06,2017-11-06,,idle_incremental,idle_incremental,medium_title_signal,,none,not_assessed,none,,zuvaygame,2,,0,medium,title_signal:idle_incremental,review_title_inference,1.0.0
www.kongregate.com/games/denzel_justin/soul-savers,Soul Savers,denzel_justin,http://www.kongregate.com/games/denzel_justin/soul-savers,12,1,2016-01-16,2016-01-16,,unclassified,,none,,none,not_assessed,none,,denzel-justin,1,,0,none,,ready,1.0.0
www.kongregate.com/games/newgamess/spongebob-squarepants,SpongeBob Squarepants,newgamess,http://www.kongregate.com/games/newgamess/spongebob-squarepants,12,1,2014-11-11,2014-11-11,,unclassified,,none,,none,not_assessed,none,,newgamess,37,,0,none,,ready,1.0.0
www.kongregate.com/games/halvarssongames/stupid-stones-adventure,Stupid Stones Adventure,Halvarssongames,http://www.kongregate.com/games/Halvarssongames/stupid-stones-adventure,12,1,2016-06-29,2016-06-29,,unclassified,,none,,none,not_assessed,none,,halvarssongames,1,,0,none,,ready,1.0.0
www.kongregate.com/games/daoudsammer/tappy-bird,Tappy Bird,daoudsammer,http://www.kongregate.com/games/daoudsammer/tappy-bird,12,1,2014-12-02,2014-12-02,,unclassified,,none,,none,not_assessed,none,,daoudsammer,2,,0,none,,ready,1.0.0
www.kongregate.com/games/airaku/teknotic,Teknotic,Airaku,http://www.kongregate.com/games/Airaku/teknotic,12,1,2015-12-18,2015-12-18,,unclassified,,none,,none,not_assessed,none,,airaku,1,,0,none,,ready,1.0.0
www.kongregate.com/games/whatahooda/test,test,Whatahooda,http://www.kongregate.com/games/Whatahooda/test,12,1,2021-01-25,2021-01-25,,unclassified,,none,,none,not_assessed,none,,whatahooda,1,,0,none,,ready,1.0.0
www.kongregate.com/games/mostafamatar/the-caveman-run,The Caveman Run,MostafaMatar,http://www.kongregate.com/games/MostafaMatar/the-caveman-run,12,1,2014-12-17,2014-12-17,,unclassified,,none,,none,not_assessed,none,,mostafamatar,1,,0,none,,ready,1.0.0
www.kongregate.com/games/sandrakim/the-forgotten-soul,The Forgotten Soul,SandraKim,http://www.kongregate.com/games/SandraKim/the-forgotten-soul,12,1,2014-10-03,2014-10-03,,unclassified,,none,,none,not_assessed,none,,sandrakim,31,,0,none,,ready,1.0.0
www.kongregate.com/games/indigames/the-legends-of-ninja,The legends of ninja,indigames,http://www.kongregate.com/games/indigames/the-legends-of-ninja,12,1,2016-05-15,2016-05-15,,unclassified,,none,,none,not_assessed,none,,indigames,1,,0,none,,ready,1.0.0
www.kongregate.com/games/littlerockplanet/the-sketch-project-concept,The Sketch Project Concept,littlerockplanet,http://www.kongregate.com/games/littlerockplanet/the-sketch-project-concept,12,1,2014-09-20,2014-09-20,,unclassified,,none,,none,not_assessed,none,,littlerockplanet,1,,0,none,,ready,1.0.0
www.kongregate.com/games/girdf/the-super-duper-tutorial,The Super Duper Tutorial,Girdf,http://www.kongregate.com/games/Girdf/the-super-duper-tutorial,12,1,2009-10-14,2009-10-14,,unclassified,,none,,none,not_assessed,none,,girdf,3,,0,none,,ready,1.0.0
www.kongregate.com/games/brvasil/the-world-of-zolcraft,The World of Zolcraft,brvasil,http://www.kongregate.com/games/brvasil/the-world-of-zolcraft,12,1,2017-08-25,2017-08-25,,unclassified,,none,,none,not_assessed,none,,brvasil,9,,0,none,,ready,1.0.0
www.kongregate.com/games/rafaelferca/troncedo-aliens,Troncedo Aliens,rafaelferca,http://www.kongregate.com/games/rafaelferca/troncedo-aliens,12,1,2016-01-25,2016-01-25,,unclassified,,none,,none,not_assessed,none,,rafaelferca,1,,0,none,,ready,1.0.0
www.kongregate.com/games/snoboxstudio/trump-jump-the-game,Trump Jump: The Game,SnoBoxStudio,http://www.kongregate.com/games/SnoBoxStudio/trump-jump-the-game,12,1,2016-07-07,2016-07-07,,unclassified,,none,,none,not_assessed,none,,snoboxstudio,1,,0,none,,ready,1.0.0
www.kongregate.com/games/legion111/typing-invaders,Typing Invaders,Legion111,http://www.kongregate.com/games/Legion111/typing-invaders,12,1,2017-06-25,2017-06-25,,unclassified,,none,,none,not_assessed,none,,legion111,1,,0,none,,ready,1.0.0
www.kongregate.com/games/sandrakim/undiscovered-paradise,Undiscovered Paradise,SandraKim,http://www.kongregate.com/games/SandraKim/undiscovered-paradise,12,1,2014-10-10,2014-10-10,,unclassified,,none,,none,not_assessed,none,,sandrakim,31,,0,none,,ready,1.0.0
www.kongregate.com/games/mafagames/virus-attack,Virus Attack,mafagames,http://www.kongregate.com/games/mafagames/virus-attack,12,1,2016-05-24,2016-05-24,,unclassified,,none,,none,not_assessed,none,,mafagames,41,,0,none,,ready,1.0.0
www.kongregate.com/games/sebbedan/water-apocalypse,Water Apocalypse,Sebbedan,http://www.kongregate.com/games/Sebbedan/water-apocalypse,12,1,2014-09-14,2014-09-14,,unclassified,,none,,none,not_assessed,none,,sebbedan,1,,0,none,,ready,1.0.0
www.kongregate.com/games/negativities/yodas-shrine,Yoda's Shrine,Negativities,http://www.kongregate.com/games/Negativities/yodas-shrine,12,1,2016-02-28,2016-02-28,,unclassified,,none,,none,not_assessed,none,,negativities,1,,0,none,,ready,1.0.0
www.kongregate.com/games/selfishdream/you-are-getting-tired,You Are Getting Tired,SelfishDream,http://www.kongregate.com/games/SelfishDream/you-are-getting-tired,12,1,2017-06-16,2017-06-16,,unclassified,,none,,none,not_assessed,none,,selfishdream,1,,0,none,,ready,1.0.0
www.kongregate.com/games/del7244009/zinku-kuiz-nga-kimia,Zinku - Kuiz nga Kimia,del7244009,http://www.kongregate.com/games/del7244009/zinku-kuiz-nga-kimia,12,1,2015-09-03,2015-09-03,,unclassified,,none,,none,not_assessed,none,,del7244009,6,,0,none,,ready,1.0.0
www.kongregate.com/games/mafagames/zombie-buster,Zombie Buster,mafagames,http://www.kongregate.com/games/mafagames/zombie-buster,12,1,2017-09-20,2017-09-20,,unclassified,,none,,none,not_assessed,none,,mafagames,41,,0,none,,ready,1.0.0
www.kongregate.com/games/truefire/press-the-button,Press The Button,truefire,https://www.kongregate.com/games/truefire/press-the-button,13,76,2019-10-10,2019-10-10,idle,idle_incremental,idle_incremental,high_observed_category,idle_progression,high_observed_category,not_assessed,none,,truefire,1,,0,high,observed_category:idle_incremental; observed_category:idle,ready,1.0.0
www.kongregate.com/games/ajs11893/falling-sands,Falling Sands,ajs11893,http://www.kongregate.com/games/ajs11893/falling-sands,13,43,2015-10-03,2011-09-05,puzzle,puzzle,puzzle,high_observed_category,,none,not_assessed,none,,ajs11893,1,,0,high,observed_category:puzzle,ready,1.0.0
www.kongregate.com/games/tanoku/mike-shadow-i-paid-for-it,Mike Shadow: I paid for it!,Tanoku,http://www.kongregate.com/games/Tanoku/mike-shadow-i-paid-for-it,13,43,2014-11-18,2014-11-18,action,action,action,high_observed_category,,none,not_assessed,none,,tanoku,1,,0,high,observed_category:action,ready,1.0.0
www.kongregate.com/games/webcypher/sift-heads-world-act-2-the-treacherous-return,Sift Heads World Act 2 - The Treacherous Return,WebCypher,https://www.kongregate.com/en/games/WebCypher/sift-heads-world-act-2-the-treacherous-return,13,34,2021-09-09,2010-04-29,shooter; adventure,shooter,adventure; shooter,high_observed_category,,none,not_assessed,none,,webcypher,7,,0,high,observed_category:shooter,ready,1.0.0
www.kongregate.com/games/swartag/mighty-knight,Mighty Knight,swartag,https://www.kongregate.com/en/games/swartag/mighty-knight,13,29,2019-02-05,2014-04-18,action,action,action,high_observed_category,,none,not_assessed,none,,swartag,1,,0,high,observed_category:action,ready,1.0.0
www.kongregate.com/games/funnaut/arcuz-full-version,Arcuz (Full Version),funnaut,http://www.kongregate.com/games/funnaut/arcuz-full-version,13,28,2014-12-27,2014-12-27,adventure,adventure,adventure,high_observed_category,,none,not_assessed,none,,funnaut,1,,0,high,observed_category:adventure,ready,1.0.0
www.kongregate.com/games/adrianks47/zumbi-blocks,Zumbi Blocks,adrianks47,http://www.kongregate.com/games/adrianks47/zumbi-blocks,13,27,2015-10-08,2015-10-08,action,action,action,high_observed_category,,none,not_assessed,none,,adrianks47,1,,0,high,observed_category:action,ready,1.0.0
www.kongregate.com/games/garin/monsters-den-chronicles,Monsters' Den Chronicles,garin,http://www.kongregate.com/games/garin/monsters-den-chronicles,13,26,2014-09-24,2014-09-24,adventure,adventure,adventure,high_observed_category,,none,not_assessed,none,,garin,3,,0,high,observed_category:adventure,ready,1.0.0
www.kongregate.com/games/simonhason/sierra-7,Sierra 7,simonhason,http://www.kongregate.com/games/simonhason/sierra-7,13,23,2014-11-01,2014-11-01,shooter,shooter,shooter,high_observed_category,,none,not_assessed,none,,simonhason,3,,0,high,observed_category:shooter,ready,1.0.0
www.kongregate.com/games/tbiz5270/idle-monster-td,Idle Monster TD,tbiz5270,https://www.kongregate.com/en/games/tbiz5270/idle-monster-td,13,14,2020-04-29,2020-01-16,tower-defense,tower_defense,tower_defense,high_observed_category,,none,not_assessed,none,,tbiz5270,2,,0,high,observed_category:tower_defense,ready,1.0.0
www.kongregate.com/games/nerdook/cluesweeper,ClueSweeper,nerdook,http://www.kongregate.com/games/nerdook/cluesweeper,13,11,2014-08-22,2010-03-11,puzzle,puzzle,puzzle,high_observed_category,,none,not_assessed,none,,nerdook,4,,0,high,observed_category:puzzle,ready,1.0.0
www.kongregate.com/games/weasel/thing-thing-arena,Thing-Thing Arena,Weasel,http://www.kongregate.com/games/Weasel/thing-thing-arena,13,11,2008-02-25,2008-02-25,shooter,shooter,shooter,high_observed_category,,none,not_assessed,none,,weasel,8,weasel:thing-thing-arena,3,high,observed_category:shooter; same_developer_series_stem,ready,1.0.0
www.kongregate.com/games/thewaste/bot-arena-3,Bot Arena 3,TheWaste,http://www.kongregate.com/games/TheWaste/bot-arena-3,13,8,2007-10-11,2007-10-11,action,action,action,high_observed_category,,none,not_assessed,none,,thewaste,1,,0,high,observed_category:action,ready,1.0.0
www.kongregate.com/games/deeperbeige/hanna-in-a-choppa,Hanna in a Choppa,Deeperbeige,http://www.kongregate.com/games/Deeperbeige/hanna-in-a-choppa,13,8,2008-11-05,2008-11-02,action,action,action,high_observed_category,,none,not_assessed,none,,deeperbeige,1,,0,high,observed_category:action,ready,1.0.0
www.kongregate.com/games/mike_id/doom-1,Doom 1,mike_id,http://www.kongregate.com/games/mike_id/doom-1,13,7,2009-01-15,2009-01-15,shooter,shooter,shooter,high_observed_category,,none,not_assessed,none,,mike-id,1,,0,high,observed_category:shooter,ready,1.0.0
www.kongregate.com/games/grubbygames/incredibots,IncrediBots,GrubbyGames,http://www.kongregate.com/games/GrubbyGames/incredibots,13,7,2009-03-02,2009-03-02,puzzle,puzzle,puzzle,high_observed_category,,none,not_assessed,none,,grubbygames,1,,0,high,observed_category:puzzle,ready,1.0.0
www.kongregate.com/games/quarob/ufomania,UFOMania,Quarob,http://www.kongregate.com/games/Quarob/ufomania,13,7,2007-02-16,2007-02-03,,unclassified,,none,,none,not_assessed,none,,quarob,1,,0,none,,ready,1.0.0
www.kongregate.com/games/james_kholamian/power-copter,Power-Copter,James_Kholamian,http://www.kongregate.com/games/James_Kholamian/power-copter,13,6,2016-05-25,2006-10-19,,unclassified,,none,,none,not_assessed,none,,james-kholamian,1,,0,none,,ready,1.0.0
www.kongregate.com/games/scarybee/slurpy-derpy,Slurpy Derpy,ScaryBee,http://www.kongregate.com/games/ScaryBee/slurpy-derpy,13,6,2017-05-06,2017-03-14,,unclassified,,none,,none,not_assessed,none,,scarybee,1,,0,none,,ready,1.0.0
www.kongregate.com/games/mateuszskutnik/submachine-5-the-root,Submachine 5: the root,MateuszSkutnik,http://www.kongregate.com/games/MateuszSkutnik/submachine-5-the-root,13,6,2008-02-22,2008-02-22,puzzle,puzzle,puzzle,high_observed_category,,none,not_assessed,none,,mateuszskutnik,4,,0,high,observed_category:puzzle,ready,1.0.0
www.kongregate.com/games/robotjam/synapsis,Synapsis,robotJAM,http://www.kongregate.com/games/robotJAM/synapsis,13,5,2008-04-21,2008-04-21,puzzle,puzzle,puzzle,high_observed_category,,none,not_assessed,none,,robotjam,1,,0,high,observed_category:puzzle,ready,1.0.0
www.kongregate.com/games/feerik/eredan-arena,Eredan Arena,,https://www.kongregate.com/en/games/feerik/eredan-arena,13,4,2026-07-01,2013-11-12,card,card_strategy,card_strategy,high_observed_category,persistent_card_game,high_observed_category,not_assessed,none,,unknown,252,,0,high,observed_category:card_strategy; observed_category:card,ready,1.0.0
www.kongregate.com/games/djsonicx/filipe-sheepwolf-mixer-2,Filipe Sheepwolf Mixer 2,,https://www.kongregate.com/en/games/DjSonicx/filipe-sheepwolf-mixer-2,13,4,2026-07-01,2010-05-07,more,other,other,high_observed_category,,none,not_assessed,none,,unknown,252,,0,high,observed_category:other,ready,1.0.0
www.kongregate.com/games/pixtiz/rotazion,rotaZion,pixtiz,http://www.kongregate.com/games/pixtiz/rotazion,13,4,2007-01-20,2007-01-20,,unclassified,,none,,none,not_assessed,none,,pixtiz,1,,0,none,,ready,1.0.0
www.kongregate.com/games/mousebreaker/sports-heads-football,Sports Heads: Football,,https://www.kongregate.com/en/games/Mousebreaker/sports-heads-football,13,4,2026-07-01,2011-09-02,sports-racing,sports_racing,sports_racing,high_observed_category,,none,not_assessed,none,,unknown,252,,0,high,observed_category:sports_racing,ready,1.0.0
www.kongregate.com/games/allkiko1/mike-shadow-i-paid-for-it-mochi-premiums,Mike Shadow: I Paid For It! (Mochi Premiums),Allkiko1,http://www.kongregate.com/games/Allkiko1/mike-shadow-i-paid-for-it-mochi-premiums,13,3,2017-04-01,2017-04-01,action,action,action,high_observed_category,,none,not_assessed,none,,allkiko1,1,,0,high,observed_category:action,ready,1.0.0
www.kongregate.com/games/ninjakiwi/tower-keepers,Tower Keepers,Ninjakiwi,http://www.kongregate.com/games/Ninjakiwi/tower-keepers,13,3,2017-11-01,2017-11-01,,unclassified,,none,,none,not_assessed,none,,ninjakiwi,11,,0,none,,ready,1.0.0
www.kongregate.com/games/zanzarino/elements,Elements,zanzarino,http://www.kongregate.com/games/zanzarino/elements,13,2,2010-01-29,2010-01-29,,unclassified,,none,,none,not_assessed,none,,zanzarino,1,,0,none,,ready,1.0.0
www.kongregate.com/games/rhmongame/kamacy-kamaci-vs-kermidde-kermaid,Kamacy (kamaci) VS Kermidde (kermaid),RHMonGAME,http://www.kongregate.com/games/RHMonGAME/kamacy-kamaci-vs-kermidde-kermaid,13,2,2014-09-19,2014-09-19,,unclassified,,none,,none,not_assessed,none,,rhmongame,1,,0,none,,ready,1.0.0
www.kongregate.com/games/vasantj/medieval-chronicles-1,Medieval Chronicles 1,VasantJ,https://www.kongregate.com/games/VasantJ/medieval-chronicles-1,13,2,2019-02-01,2019-02-01,puzzle,puzzle,puzzle,high_observed_category,,none,not_assessed,none,,vasantj,20,vasantj:medieval-chronicles,8,high,observed_category:puzzle; same_developer_series_stem,ready,1.0.0
www.kongregate.com/games/truedarkness/prehistoric,Prehistoric.,TrueDarkness,http://www.kongregate.com/games/TrueDarkness/prehistoric,13,2,2007-01-20,2007-01-20,,unclassified,,none,,none,not_assessed,none,,truedarkness,1,,0,none,,ready,1.0.0
www.kongregate.com/games/weasel/thing-thing-2,Thing-Thing 2,Weasel,http://www.kongregate.com/games/Weasel/thing-thing-2,13,2,2008-02-25,2008-02-25,shooter,shooter,shooter,high_observed_category,,none,not_assessed,none,,weasel,8,weasel:thing-thing,2,high,observed_category:shooter; same_developer_series_stem,ready,1.0.0
www.kongregate.com/games/wigardju/101-a-video-game-about-video-games-okay-a-really-early-one,"101: A Video Game about Video Games (okay, a really early one)",wigardju,http://www.kongregate.com/games/wigardju/101-a-video-game-about-video-games-okay-a-really-early-one,13,1,2017-08-05,2017-08-05,,unclassified,,none,,none,not_assessed,none,,wigardju,1,,0,none,,ready,1.0.0
www.kongregate.com/games/kijamus/adventure-matigames,Adventure MatiGames,Kijamus,http://www.kongregate.com/games/Kijamus/adventure-matigames,13,1,2016-03-24,2016-03-24,,unclassified,,none,,none,not_assessed,none,,kijamus,1,,0,none,,ready,1.0.0
www.kongregate.com/games/enagamess/adventures-of-j,ADVENTURES OF J,Enagamess,http://www.kongregate.com/games/Enagamess/adventures-of-j,13,1,2016-07-27,2016-07-27,,unclassified,,none,,none,not_assessed,none,,enagamess,68,enagamess:adventures-of-j,2,low,same_developer_series_stem,ready,1.0.0
www.kongregate.com/games/davetech/an-unconventional-weapon,An Unconventional Weapon,DaveTech,http://www.kongregate.com/games/DaveTech/an-unconventional-weapon,13,1,2016-03-16,2016-03-16,,unclassified,,none,,none,not_assessed,none,,davetech,1,,0,none,,ready,1.0.0
www.kongregate.com/games/zygomaticgames/ancient-mahjong,Ancient Mahjong,zygomaticgames,http://www.kongregate.com/games/zygomaticgames/ancient-mahjong,13,1,2014-12-17,2014-12-17,,unclassified,,none,,none,not_assessed,none,,zygomaticgames,7,,0,none,,ready,1.0.0
www.kongregate.com/games/k25507891/baby-turtle-adventure,Baby Turtle Adventure,k25507891,http://www.kongregate.com/games/k25507891/baby-turtle-adventure,13,1,2017-07-28,2017-07-28,,unclassified,,none,,none,not_assessed,none,,k25507891,8,,0,none,,ready,1.0.0
www.kongregate.com/games/hoqpe/backcolor,BACKCOLOR,hoqpe,http://www.kongregate.com/games/hoqpe/backcolor,13,1,2016-10-24,2016-10-24,,unclassified,,none,,none,not_assessed,none,,hoqpe,2,,0,none,,ready,1.0.0
www.kongregate.com/games/gamesdeveloper/batman-vs-superman-race,Batman VS Superman Race,Gamesdeveloper,http://www.kongregate.com/games/Gamesdeveloper/batman-vs-superman-race,13,1,2016-03-20,2016-03-20,,unclassified,,none,,none,not_assessed,none,,gamesdeveloper,7,,0,none,,ready,1.0.0
www.kongregate.com/games/battlegroupio/battlegroup-io,battlegroup.io,battlegroupio,http://www.kongregate.com/games/battlegroupio/battlegroup-io,13,1,2017-06-04,2017-06-04,,unclassified,,none,,none,not_assessed,none,,battlegroupio,1,,0,none,,ready,1.0.0
www.kongregate.com/games/jadaspan/berta-ld30,Berta - LD30,JaDaSpan,http://www.kongregate.com/games/JaDaSpan/berta-ld30,13,1,2014-08-26,2014-08-26,,unclassified,,none,,none,not_assessed,none,,jadaspan,1,,0,none,,ready,1.0.0
www.kongregate.com/games/neighfox3/billy-where-ya-babas,Billy Where ya Babas' @,neighfox3,http://www.kongregate.com/games/neighfox3/billy-where-ya-babas,13,1,2014-10-29,2014-10-29,,unclassified,,none,,none,not_assessed,none,,neighfox3,1,,0,none,,ready,1.0.0
www.kongregate.com/games/mafagames/break-the-line,Break The Line,mafagames,http://www.kongregate.com/games/mafagames/break-the-line,13,1,2017-09-20,2017-09-20,,unclassified,,none,,none,not_assessed,none,,mafagames,41,,0,none,,ready,1.0.0
www.kongregate.com/games/ismaelassassin/cafeina,Cafeina,ismaelassassin,http://www.kongregate.com/games/ismaelassassin/cafeina,13,1,2017-05-16,2017-05-16,,unclassified,,none,,none,not_assessed,none,,ismaelassassin,1,,0,none,,ready,1.0.0
www.kongregate.com/games/slewth1/calming,Calming,Slewth1,http://www.kongregate.com/games/Slewth1/calming,13,1,2014-09-26,2014-09-26,,unclassified,,none,,none,not_assessed,none,,slewth1,1,,0,none,,ready,1.0.0
www.kongregate.com/games/19392/carentan-shooter,Carentan Shooter,19392,http://www.kongregate.com/games/19392/carentan-shooter,13,1,2014-10-31,2014-10-31,,unclassified,,none,,none,not_assessed,none,,19392,1,,0,none,,ready,1.0.0
www.kongregate.com/games/hyperhippogames/catroom-drama-case-2,Catroom Drama - CASE 2,HyperHippoGames,http://www.kongregate.com/games/HyperHippoGames/catroom-drama-case-2,13,1,2016-07-07,2016-07-07,,unclassified,,none,,none,not_assessed,none,,hyperhippogames,4,,0,none,,ready,1.0.0
www.kongregate.com/games/ainarsa/cinderella-s-magic-ring,Cinderella’s Magic Ring,ainarsa,http://www.kongregate.com/games/ainarsa/cinderella-s-magic-ring,13,1,2015-12-05,2015-12-05,,unclassified,,none,,none,not_assessed,none,,ainarsa,7,,0,none,,ready,1.0.0
www.kongregate.com/games/jrokas01/circles,Circles,jrokas01,http://www.kongregate.com/games/jrokas01/circles,13,1,2016-01-25,2016-01-25,,unclassified,,none,,none,not_assessed,none,,jrokas01,1,,0,none,,ready,1.0.0
www.kongregate.com/games/palazoles/colotap,Colotap,Palazoles,http://www.kongregate.com/games/Palazoles/colotap,13,1,2016-10-30,2016-10-30,,unclassified,,none,,none,not_assessed,none,,palazoles,2,,0,none,,ready,1.0.0
www.kongregate.com/games/coolappsgame/crazy-zombie-v3-0,Crazy Zombie v3.0,coolappsgame,http://www.kongregate.com/games/coolappsgame/crazy-zombie-v3-0,13,1,2014-08-22,2014-08-22,,unclassified,,none,,none,not_assessed,none,,coolappsgame,3,,0,none,,ready,1.0.0
www.kongregate.com/games/vitynte2/cube-wars,cube wars,vitynte2,http://www.kongregate.com/games/vitynte2/cube-wars,13,1,2016-08-13,2016-08-13,,unclassified,,none,,none,not_assessed,none,,vitynte2,1,,0,none,,ready,1.0.0
www.kongregate.com/games/mafagames/death-soul,Death Soul,mafagames,http://www.kongregate.com/games/mafagames/death-soul,13,1,2016-05-06,2016-05-06,,unclassified,,none,,none,not_assessed,none,,mafagames,41,,0,none,,ready,1.0.0
www.kongregate.com/games/chrisfry/dig-them-up,Dig Them Up,chrisfry,http://www.kongregate.com/games/chrisfry/dig-them-up,13,1,2015-09-09,2015-09-09,,unclassified,,none,,none,not_assessed,none,,chrisfry,1,,0,none,,ready,1.0.0
www.kongregate.com/games/orndotio/dodgeballs-io-multiplayer-io-game,Dodgeballs.io - Multiplayer .iO Game!,orndotio,http://www.kongregate.com/games/orndotio/dodgeballs-io-multiplayer-io-game,13,1,2017-07-03,2017-07-03,,unclassified,,none,online_multiplayer_title_signal,medium_title_signal,not_assessed,none,,orndotio,4,,0,medium,title_signal:multiplayer,review_title_inference,1.0.0
www.kongregate.com/games/yolkgamez/dont-breathe,Don't Breathe,yolkgamez,http://www.kongregate.com/games/yolkgamez/dont-breathe,13,1,2016-09-23,2016-09-23,,unclassified,,none,,none,not_assessed,none,,yolkgamez,6,,0,none,,ready,1.0.0
www.kongregate.com/games/nerderror/dualforce-idle,DualForce Idle,nerderror,https://www.kongregate.com/games/nerderror/dualforce-idle,13,1,2020-12-12,2020-01-25,,idle_incremental,idle_incremental,medium_title_signal,,none,not_assessed,none,,nerderror,1,,0,medium,title_signal:idle_incremental,review_title_inference,1.0.0
www.kongregate.com/games/destructor523/dungeon-runner,Dungeon Runner,Destructor523,http://www.kongregate.com/games/Destructor523/dungeon-runner,13,1,2017-05-05,2017-05-05,,unclassified,,none,,none,not_assessed,none,,destructor523,1,,0,none,,ready,1.0.0
www.kongregate.com/games/aguahervida/duplicity,Duplicity,AguaHervida,http://www.kongregate.com/games/AguaHervida/duplicity,13,1,2017-11-06,2017-11-06,,unclassified,,none,,none,not_assessed,none,,aguahervida,1,,0,none,,ready,1.0.0
www.kongregate.com/games/quicksailor/escape-mystic-room,Escape Mystic Room,quicksailor,http://www.kongregate.com/games/quicksailor/escape-mystic-room,13,1,2014-10-03,2014-10-03,,escape_room,escape_room,medium_title_signal,,none,not_assessed,none,,quicksailor,7,,0,medium,title_signal:escape_room,review_title_inference,1.0.0
www.kongregate.com/games/rahchel321/escape-rooms-2,Escape Rooms 2,rahchel321,http://www.kongregate.com/games/rahchel321/escape-rooms-2,13,1,2016-09-16,2016-09-16,,escape_room,escape_room,medium_title_signal,,none,not_assessed,none,,rahchel321,10,rahchel321:escape-rooms,4,medium,title_signal:escape_room; same_developer_series_stem,review_title_inference,1.0.0
www.kongregate.com/games/paulocosta1909/evo-the-evolutionary-journey,EVO - The evolutionary journey,paulocosta1909,http://www.kongregate.com/games/paulocosta1909/evo-the-evolutionary-journey,13,1,2017-07-12,2017-07-12,,unclassified,,none,,none,not_assessed,none,,paulocosta1909,1,,0,none,,ready,1.0.0
www.kongregate.com/games/zueirao34/fighting-for-glorton-1-2v,Fighting For Glorton 1.2v,Zueirao34,http://www.kongregate.com/games/Zueirao34/fighting-for-glorton-1-2v,13,1,2017-09-04,2017-09-04,,unclassified,,none,,none,not_assessed,none,,zueirao34,3,,0,none,,ready,1.0.0
www.kongregate.com/games/sunaj10/firewall-frenzy,Firewall Frenzy,sunaj10,http://www.kongregate.com/games/sunaj10/firewall-frenzy,13,1,2014-10-09,2014-10-09,,unclassified,,none,,none,not_assessed,none,,sunaj10,1,,0,none,,ready,1.0.0
www.kongregate.com/games/giwrgosch/fotis-kodos,Fotis kodos,GiwrgosCh,http://www.kongregate.com/games/GiwrgosCh/fotis-kodos,13,1,2017-10-24,2017-10-24,,unclassified,,none,,none,not_assessed,none,,giwrgosch,2,,0,none,,ready,1.0.0
www.kongregate.com/games/gamesdeveloper/fruit-monkey,Fruit Monkey,Gamesdeveloper,http://www.kongregate.com/games/Gamesdeveloper/fruit-monkey,13,1,2016-06-29,2016-06-29,,unclassified,,none,,none,not_assessed,none,,gamesdeveloper,7,,0,none,,ready,1.0.0
www.kongregate.com/games/gamemakerunknown/gamemakerunknowns-bomberplane,GameMakerUnknowns Bomberplane,GameMakerUnknown,http://www.kongregate.com/games/GameMakerUnknown/gamemakerunknowns-bomberplane,13,1,2017-08-11,2017-08-11,,unclassified,,none,,none,not_assessed,none,,gamemakerunknown,1,,0,none,,ready,1.0.0
www.kongregate.com/games/mediumbradley1/ghost-runner,Ghost Runner,mediumbradley1,http://www.kongregate.com/games/mediumbradley1/ghost-runner,13,1,2017-06-15,2017-06-15,,unclassified,,none,,none,not_assessed,none,,mediumbradley1,1,,0,none,,ready,1.0.0
www.kongregate.com/games/gamereclaim/glue-knight-1-3-editor,Glue Knight 1.3 + Editor,GameReclaim,http://www.kongregate.com/games/GameReclaim/glue-knight-1-3-editor,13,1,2014-09-26,2014-09-26,,unclassified,,none,,none,not_assessed,none,,gamereclaim,2,,0,none,,ready,1.0.0
www.kongregate.com/games/crazyschoolgames/gold-miner-jack-2,Gold Miner Jack 2,crazyschoolgames,https://www.kongregate.com/games/crazyschoolgames/gold-miner-jack-2,13,1,2019-08-25,2019-08-25,,unclassified,,none,,none,not_assessed,none,,crazyschoolgames,1,,0,none,,ready,1.0.0
www.kongregate.com/games/florentpoujol/grave-screen-of-death,Grave Screen Of Death,FlorentPoujol,http://www.kongregate.com/games/FlorentPoujol/grave-screen-of-death,13,1,2014-12-10,2014-12-10,,unclassified,,none,,none,not_assessed,none,,florentpoujol,1,,0,none,,ready,1.0.0
www.kongregate.com/games/gravityhunt/gravityhunt,GravityHunt,GravityHunt,http://www.kongregate.com/games/GravityHunt/gravityhunt,13,1,2014-09-14,2014-09-14,,unclassified,,none,,none,not_assessed,none,,gravityhunt,1,,0,none,,ready,1.0.0
www.kongregate.com/games/domjotebit/gray-tank,Gray Tank,domjotebit,http://www.kongregate.com/games/domjotebit/gray-tank,13,1,2016-06-05,2016-06-05,,unclassified,,none,,none,not_assessed,none,,domjotebit,1,,0,none,,ready,1.0.0
www.kongregate.com/games/maury71/guerra-de-quatro-mundos-clique-em-like,Guerra de Quatro Mundos clique em [♥Like],Maury71,http://www.kongregate.com/games/Maury71/guerra-de-quatro-mundos-clique-em-like,13,1,2016-08-28,2016-08-28,,unclassified,,none,,none,not_assessed,none,,maury71,1,,0,none,,ready,1.0.0
www.kongregate.com/games/ainarsa/halloween-night-mystery,Halloween Night Mystery,ainarsa,http://www.kongregate.com/games/ainarsa/halloween-night-mystery,13,1,2015-12-18,2015-12-18,,unclassified,,none,,none,not_assessed,none,,ainarsa,7,,0,none,,ready,1.0.0
www.kongregate.com/games/yolkgames/halloween-trick-or-treat,Halloween Trick or Treat,yolkgames,http://www.kongregate.com/games/yolkgames/halloween-trick-or-treat,13,1,2016-10-18,2016-10-18,,unclassified,,none,,none,not_assessed,none,,yolkgames,1,,0,none,,ready,1.0.0
www.kongregate.com/games/littlegiantworld/happy-mart,Happy Mart,littlegiantworld,http://www.kongregate.com/games/littlegiantworld/happy-mart,13,1,2014-11-11,2014-11-11,,unclassified,,none,,none,not_assessed,none,,littlegiantworld,3,,0,none,,ready,1.0.0
www.kongregate.com/games/mafagames/hold-position-2-medieval,Hold Position 2: Medieval,mafagames,http://www.kongregate.com/games/mafagames/hold-position-2-medieval,13,1,2016-10-10,2016-10-10,,unclassified,,none,,none,not_assessed,none,,mafagames,41,,0,none,,ready,1.0.0
www.kongregate.com/games/sandrakim/hollywood-sellout,Hollywood Sellout,SandraKim,http://www.kongregate.com/games/SandraKim/hollywood-sellout,13,1,2016-02-17,2016-02-17,,unclassified,,none,,none,not_assessed,none,,sandrakim,31,,0,none,,ready,1.0.0
www.kongregate.com/games/jeremyw/humptys-shootout,Humpty's shootout,JeremyW,http://www.kongregate.com/games/JeremyW/humptys-shootout,13,1,2014-09-20,2014-09-20,,unclassified,,none,,none,not_assessed,none,,jeremyw,2,,0,none,,ready,1.0.0
www.kongregate.com/games/blobzone/idle-game-dev,Idle Game Dev,Blobzone,http://www.kongregate.com/games/Blobzone/idle-game-dev,13,1,2016-07-20,2016-07-20,,idle_incremental,idle_incremental,medium_title_signal,,none,not_assessed,none,,blobzone,1,,0,medium,title_signal:idle_incremental,review_title_inference,1.0.0
www.kongregate.com/games/giulio321/idle-war,Idle War,giulio321,http://www.kongregate.com/games/giulio321/idle-war,13,1,2016-08-05,2016-08-05,,idle_incremental,idle_incremental,medium_title_signal,,none,not_assessed,none,,giulio321,1,,0,medium,title_signal:idle_incremental,review_title_inference,1.0.0
www.kongregate.com/games/magiccube/island-tour,Island Tour,MagicCube,http://www.kongregate.com/games/MagicCube/island-tour,13,1,2014-09-02,2014-09-02,,unclassified,,none,,none,not_assessed,none,,magiccube,1,,0,none,,ready,1.0.0
www.kongregate.com/games/tresensa/jelly-slice,Jelly Slice,TreSensa,http://www.kongregate.com/games/TreSensa/jelly-slice,13,1,2014-10-24,2014-10-24,,unclassified,,none,,none,not_assessed,none,,tresensa,4,,0,none,,ready,1.0.0
www.kongregate.com/games/mafagames/jumpy-shark,Jumpy Shark,mafagames,http://www.kongregate.com/games/mafagames/jumpy-shark,13,1,2016-05-24,2016-05-24,,unclassified,,none,,none,not_assessed,none,,mafagames,41,,0,none,,ready,1.0.0
www.kongregate.com/games/shadyshock/just-testing-something,Just Testing Something,ShadyShock,http://www.kongregate.com/games/ShadyShock/just-testing-something,13,1,2014-11-25,2014-11-25,,unclassified,,none,,none,not_assessed,none,,shadyshock,1,,0,none,,ready,1.0.0
www.kongregate.com/games/captainjens/kogama-super-mario-n-64,KoGaMa: Super Mario N-64,CaptainJens,http://www.kongregate.com/games/CaptainJens/kogama-super-mario-n-64,13,1,2017-05-26,2017-05-26,,unclassified,,none,,none,not_assessed,none,,captainjens,2,,0,none,,ready,1.0.0
www.kongregate.com/games/del7244009/kuizi-biologjia-pjesa-e-3,Kuizi Biologjia - Pjesa e 3,del7244009,http://www.kongregate.com/games/del7244009/kuizi-biologjia-pjesa-e-3,13,1,2015-09-03,2015-09-03,,unclassified,,none,,none,not_assessed,none,,del7244009,6,del7244009:kuizi-biologjia-pjesa-e,3,low,same_developer_series_stem,ready,1.0.0
www.kongregate.com/games/endorushdev/laser-defender,Laser Defender,EndoRushDev,http://www.kongregate.com/games/EndoRushDev/laser-defender,13,1,2017-09-30,2017-09-30,,unclassified,,none,,none,not_assessed,none,,endorushdev,1,,0,none,,ready,1.0.0
www.kongregate.com/games/eurocrem/lets-click,Let's Click,eurocrem,http://www.kongregate.com/games/eurocrem/lets-click,13,1,2016-03-05,2016-03-05,,unclassified,,none,,none,not_assessed,none,,eurocrem,2,,0,none,,ready,1.0.0
www.kongregate.com/games/ainarsa/locked-doors-escape,Locked Doors Escape,ainarsa,http://www.kongregate.com/games/ainarsa/locked-doors-escape,13,1,2015-09-30,2015-09-30,,escape_room,escape_room,medium_title_signal,,none,not_assessed,none,,ainarsa,7,,0,medium,title_signal:escape_room,review_title_inference,1.0.0
www.kongregate.com/games/sandrakim/lost-clues,Lost Clues,SandraKim,http://www.kongregate.com/games/SandraKim/lost-clues,13,1,2016-09-03,2016-09-03,,unclassified,,none,,none,not_assessed,none,,sandrakim,31,,0,none,,ready,1.0.0
www.kongregate.com/games/mskittlez/marsquest,MarsQuest,mskittlez,http://www.kongregate.com/games/mskittlez/marsquest,13,1,2016-08-20,2016-08-20,,unclassified,,none,,none,not_assessed,none,,mskittlez,1,,0,none,,ready,1.0.0
www.kongregate.com/games/brvasil/me-alone-2,Me Alone 2,brvasil,http://www.kongregate.com/games/brvasil/me-alone-2,13,1,2017-08-25,2017-08-25,,unclassified,,none,,none,not_assessed,none,,brvasil,9,,0,none,,ready,1.0.0
www.kongregate.com/games/demeko/missile-mayhem-mobile,Missile Mayhem Mobile,demeko,http://www.kongregate.com/games/demeko/missile-mayhem-mobile,13,1,2016-07-14,2016-07-14,,unclassified,,none,,none,not_assessed,none,,demeko,2,,0,none,,ready,1.0.0
www.kongregate.com/games/girdf/muffins-life,Muffin's Life,Girdf,http://www.kongregate.com/games/Girdf/muffins-life,13,1,2009-10-14,2009-10-14,,unclassified,,none,,none,not_assessed,none,,girdf,3,,0,none,,ready,1.0.0
www.kongregate.com/games/normalpowerplus/nego-bam-ao-attack,Nego Bam Ao Attack,NormalPowerPlus,http://www.kongregate.com/games/NormalPowerPlus/nego-bam-ao-attack,13,1,2017-10-15,2017-10-15,,unclassified,,none,,none,not_assessed,none,,normalpowerplus,1,,0,none,,ready,1.0.0
www.kongregate.com/games/mafagames/ninja-balance,Ninja Balance,mafagames,http://www.kongregate.com/games/mafagames/ninja-balance,13,1,2017-08-23,2017-08-23,,unclassified,,none,,none,not_assessed,none,,mafagames,41,,0,none,,ready,1.0.0
www.kongregate.com/games/alexkls/photo-grab,Photo Grab!,AlexKLS,http://www.kongregate.com/games/AlexKLS/photo-grab,13,1,2016-10-17,2016-10-17,,unclassified,,none,,none,not_assessed,none,,alexkls,1,,0,none,,ready,1.0.0
www.kongregate.com/games/deanomyite/piggy-bank,Piggy Bank,Deanomyite,http://www.kongregate.com/games/Deanomyite/piggy-bank,13,1,2014-12-02,2014-12-02,,unclassified,,none,,none,not_assessed,none,,deanomyite,1,,0,none,,ready,1.0.0
www.kongregate.com/games/rafaqlo/pios-adventure,Pio's Adventure,RafaQlo,http://www.kongregate.com/games/RafaQlo/pios-adventure,13,1,2016-01-16,2016-01-16,,unclassified,,none,,none,not_assessed,none,,rafaqlo,1,,0,none,,ready,1.0.0
www.kongregate.com/games/pjmasks/pj-masks-pac-man,PJ Masks Pac-Man,pjmasks,http://www.kongregate.com/games/pjmasks/pj-masks-pac-man,13,1,2017-06-16,2017-06-16,,unclassified,,none,,none,not_assessed,none,,pjmasks,1,,0,none,,ready,1.0.0
www.kongregate.com/games/xiatiandaole/plants-attack,Plants Attack,xiatiandaole,http://www.kongregate.com/games/xiatiandaole/plants-attack,13,1,2014-10-10,2014-10-10,,unclassified,,none,,none,not_assessed,none,,xiatiandaole,2,,0,none,,ready,1.0.0
www.kongregate.com/games/pupugames/pou-jelly-world-3,Pou Jelly World 3,pupugames,http://www.kongregate.com/games/pupugames/pou-jelly-world-3,13,1,2014-09-12,2014-09-12,,unclassified,,none,,none,not_assessed,none,,pupugames,1,,0,none,,ready,1.0.0
www.kongregate.com/games/funtomic/princess-prom-photoshoot,Princess Prom Photoshoot,Funtomic,http://www.kongregate.com/games/Funtomic/princess-prom-photoshoot,13,1,2016-03-07,2016-03-07,,unclassified,,none,,none,not_assessed,none,,funtomic,7,,0,none,,ready,1.0.0
www.kongregate.com/games/iriysoft/road-of-fury-2,Road Of Fury 2,IriySoft,http://www.kongregate.com/games/IriySoft/road-of-fury-2,13,1,2014-12-30,2014-12-30,,unclassified,,none,,none,not_assessed,none,,iriysoft,7,,0,none,,ready,1.0.0
www.kongregate.com/games/johnny_k/roly-poly-cannon-2,ROLY-POLY Cannon 2,Johnny_K,http://www.kongregate.com/games/Johnny_K/roly-poly-cannon-2,13,1,2009-06-17,2009-06-17,,unclassified,,none,,none,not_assessed,none,,johnny-k,1,,0,none,,ready,1.0.0
www.kongregate.com/games/rhmgames/royal-city-clashers-2,Royal City Clashers 2,RHMGames,http://www.kongregate.com/games/RHMGames/royal-city-clashers-2,13,1,2017-10-08,2017-10-08,,unclassified,,none,,none,not_assessed,none,,rhmgames,4,,0,none,,ready,1.0.0
www.kongregate.com/games/loogames/sara-motocross-climb,Sara Motocross Climb,loogames,http://www.kongregate.com/games/loogames/sara-motocross-climb,13,1,2014-09-05,2014-09-05,,unclassified,,none,,none,not_assessed,none,,loogames,6,,0,none,,ready,1.0.0
www.kongregate.com/games/coolstronggames/shoot-the-roy-minions,Shoot the Roy Minions,coolstronggames,http://www.kongregate.com/games/coolstronggames/shoot-the-roy-minions,13,1,2017-08-17,2017-08-17,,unclassified,,none,,none,not_assessed,none,,coolstronggames,1,,0,none,,ready,1.0.0
www.kongregate.com/games/htejera/simple,Simple,htejera,http://www.kongregate.com/games/htejera/simple,13,1,2014-12-28,2014-12-28,,unclassified,,none,,none,not_assessed,none,,htejera,1,,0,none,,ready,1.0.0
www.kongregate.com/games/n0lb0dy2/ski-t1,SKI T1,n0lb0dy2,http://www.kongregate.com/games/n0lb0dy2/ski-t1,13,1,2015-09-23,2015-09-23,,unclassified,,none,,none,not_assessed,none,,n0lb0dy2,1,,0,none,,ready,1.0.0
www.kongregate.com/games/mafagames/snake-and-blocks,Snake And Blocks,mafagames,http://www.kongregate.com/games/mafagames/snake-and-blocks,13,1,2017-07-20,2017-07-20,,unclassified,,none,,none,not_assessed,none,,mafagames,41,,0,none,,ready,1.0.0
www.kongregate.com/games/niiqolas/spaceship-and-asteroids,Spaceship and asteroids,NiiQolas,http://www.kongregate.com/games/NiiQolas/spaceship-and-asteroids,13,1,2016-06-22,2016-06-22,,unclassified,,none,,none,not_assessed,none,,niiqolas,1,,0,none,,ready,1.0.0
www.kongregate.com/games/7echnomancer/strange-science,Strange Science,7ECHNOMANCER,http://www.kongregate.com/games/7ECHNOMANCER/strange-science,13,1,2015-04-01,2015-04-01,,unclassified,,none,,none,not_assessed,none,,7echnomancer,1,,0,none,,ready,1.0.0
www.kongregate.com/games/alimohammed/sugar-rush-speedway,Sugar Rush Speedway,AliMohammed,http://www.kongregate.com/games/AliMohammed/sugar-rush-speedway,13,1,2016-01-02,2016-01-02,,unclassified,,none,,none,not_assessed,none,,alimohammed,1,,0,none,,ready,1.0.0
www.kongregate.com/games/gamesdeveloper/super-candy-match-2,Super Candy Match 2,Gamesdeveloper,http://www.kongregate.com/games/Gamesdeveloper/super-candy-match-2,13,1,2015-09-14,2015-09-14,,unclassified,,none,,none,not_assessed,none,,gamesdeveloper,7,,0,none,,ready,1.0.0
www.kongregate.com/games/mafagames/super-cowboy-run,Super Cowboy Run,mafagames,http://www.kongregate.com/games/mafagames/super-cowboy-run,13,1,2016-05-23,2016-05-23,,unclassified,,none,,none,not_assessed,none,,mafagames,41,,0,none,,ready,1.0.0
www.kongregate.com/games/fakitaki/sweet-candy-mahjong,Sweet Candy Mahjong,fakitaki,http://www.kongregate.com/games/fakitaki/sweet-candy-mahjong,13,1,2016-10-04,2016-10-04,,unclassified,,none,,none,not_assessed,none,,fakitaki,1,,0,none,,ready,1.0.0
www.kongregate.com/games/mafagames/tangrid,Tangrid,mafagames,http://www.kongregate.com/games/mafagames/tangrid,13,1,2017-09-13,2017-09-13,,unclassified,,none,,none,not_assessed,none,,mafagames,41,,0,none,,ready,1.0.0
www.kongregate.com/games/munoz20/tds-game-2,TDS game 2,munoz20,http://www.kongregate.com/games/munoz20/tds-game-2,13,1,2015-12-26,2015-12-26,,unclassified,,none,,none,not_assessed,none,,munoz20,3,,0,none,,ready,1.0.0
www.kongregate.com/games/gamescarab/temple-of-impalement,Temple of Impalement,gamescarab,http://www.kongregate.com/games/gamescarab/temple-of-impalement,13,1,2017-06-25,2017-06-25,,unclassified,,none,,none,not_assessed,none,,gamescarab,1,,0,none,,ready,1.0.0
www.kongregate.com/games/edugame12/testeeee,testeeee,edugame12,https://www.kongregate.com/games/edugame12/testeeee,13,1,2021-11-12,2021-11-12,,unclassified,,none,,none,not_assessed,none,,edugame12,1,,0,none,,ready,1.0.0
www.kongregate.com/games/sherazbhatti226/the-flying-bird,The Flying Bird,sherazbhatti226,http://www.kongregate.com/games/sherazbhatti226/the-flying-bird,13,1,2017-07-29,2017-07-29,,unclassified,,none,,none,not_assessed,none,,sherazbhatti226,2,,0,none,,ready,1.0.0
www.kongregate.com/games/hlokhamz/the-fps-training-prealpha,The FPS Training PreAlpha,HLoKHaMZ,http://www.kongregate.com/games/HLoKHaMZ/the-fps-training-prealpha,13,1,2014-10-17,2014-10-17,,unclassified,,none,,none,not_assessed,none,,hlokhamz,1,,0,none,,ready,1.0.0
www.kongregate.com/games/bigblingthing/the-hideous-dreamer,The Hideous Dreamer,BigBlingThing,http://www.kongregate.com/games/BigBlingThing/the-hideous-dreamer,13,1,2016-06-04,2016-06-04,,unclassified,,none,,none,not_assessed,none,,bigblingthing,1,,0,none,,ready,1.0.0
www.kongregate.com/games/hyperhippogames/the-last-bunker,The Last Bunker,HyperHippoGames,http://www.kongregate.com/games/HyperHippoGames/the-last-bunker,13,1,2017-05-25,2017-05-25,,unclassified,,none,,none,not_assessed,none,,hyperhippogames,4,,0,none,,ready,1.0.0
www.kongregate.com/games/charboozi/ultimate-time-waster,Ultimate Time Waster,charboozi,http://www.kongregate.com/games/charboozi/ultimate-time-waster,13,1,2016-02-28,2016-02-28,,unclassified,,none,,none,not_assessed,none,,charboozi,2,,0,none,,ready,1.0.0
www.kongregate.com/games/coolappsgame/ultraman-vs-devils,Ultraman vs devils,coolappsgame,http://www.kongregate.com/games/coolappsgame/ultraman-vs-devils,13,1,2014-08-29,2014-08-29,,unclassified,,none,,none,not_assessed,none,,coolappsgame,3,,0,none,,ready,1.0.0
www.kongregate.com/games/sandrakim/unexpected-movement,Unexpected Movement,SandraKim,http://www.kongregate.com/games/SandraKim/unexpected-movement,13,1,2014-10-13,2014-10-13,,unclassified,,none,,none,not_assessed,none,,sandrakim,31,,0,none,,ready,1.0.0
www.kongregate.com/games/kolloldas/unmind,Unmind,kolloldas,http://www.kongregate.com/games/kolloldas/unmind,13,1,2016-06-13,2016-06-13,,unclassified,,none,,none,not_assessed,none,,kolloldas,1,,0,none,,ready,1.0.0
www.kongregate.com/games/iamfluzzy/warzone-beta-1,WarZone Beta .1,IAmFluzzy,http://www.kongregate.com/games/IAmFluzzy/warzone-beta-1,13,1,2016-09-17,2016-09-17,,unclassified,,none,,none,not_assessed,none,,iamfluzzy,1,,0,none,,ready,1.0.0
www.kongregate.com/games/sandrakim/worthwood-castle-prophecy,Worthwood Castle Prophecy,SandraKim,http://www.kongregate.com/games/SandraKim/worthwood-castle-prophecy,13,1,2015-09-15,2015-09-15,,unclassified,,none,,none,not_assessed,none,,sandrakim,31,,0,none,,ready,1.0.0
www.kongregate.com/games/memolestas/yolo-animals,YOLO Animals,Memolestas,http://www.kongregate.com/games/Memolestas/yolo-animals,13,1,2016-05-15,2016-05-15,,unclassified,,none,,none,not_assessed,none,,memolestas,1,,0,none,,ready,1.0.0
www.kongregate.com/games/ianstokes/zombies-mashed-potatoes,Zombies Mashed Potatoes,IanStokes,http://www.kongregate.com/games/IanStokes/zombies-mashed-potatoes,13,1,2014-10-04,2014-10-04,,unclassified,,none,,none,not_assessed,none,,ianstokes,2,,0,none,,ready,1.0.0
www.kongregate.com/games/booblyccom/incursion,Incursion,booblycCom,http://www.kongregate.com/games/booblycCom/incursion,14,55,2014-11-01,2014-11-01,tower-defense,tower_defense,tower_defense,high_observed_category,,none,not_assessed,none,,booblyccom,2,,0,high,observed_category:tower_defense,ready,1.0.0
www.kongregate.com/games/fizzerwl/warlight-multi-player,WarLight: Multi-Player,FizzerWL,https://www.kongregate.com/games/FizzerWL/warlight-multi-player,14,54,2017-04-08,2017-04-08,action,action,action,high_observed_category,,none,not_assessed,none,,fizzerwl,1,,0,high,observed_category:action,ready,1.0.0
www.kongregate.com/games/gameinabottle/gemcraft-chasing-shadows,GemCraft - Chasing Shadows,gameinabottle,http://www.kongregate.com/games/gameinabottle/gemcraft-chasing-shadows,14,42,2015-10-09,2015-10-09,tower-defense,tower_defense,tower_defense,high_observed_category,,none,not_assessed,none,,gameinabottle,5,,0,high,observed_category:tower_defense,ready,1.0.0
www.kongregate.com/games/luts91/idle-dice,Idle Dice,Luts91,https://www.kongregate.com/en/games/Luts91/idle-dice,14,34,2020-01-09,2019-01-15,idle,idle_incremental,idle_incremental,high_observed_category,idle_progression,high_observed_category,not_assessed,none,,luts91,2,,0,high,observed_category:idle_incremental; observed_category:idle,ready,1.0.0
www.kongregate.com/games/achilles015/buttonhunt-3,ButtonHunt 3,Achilles015,http://www.kongregate.com/games/Achilles015/buttonhunt-3,14,28,2008-07-20,2008-07-20,puzzle,puzzle,puzzle,high_observed_category,,none,not_assessed,none,,achilles015,1,,0,high,observed_category:puzzle,ready,1.0.0
www.kongregate.com/games/nsdesigngames/warmerise-red-vs-blue-lite-version,Warmerise | Red vs Blue - Lite Version,NSdesignGames,https://www.kongregate.com/en/games/NSdesignGames/warmerise-red-vs-blue-lite-version,14,27,2019-10-22,2013-01-26,shooter,shooter,shooter,high_observed_category,,none,not_assessed,none,,nsdesigngames,1,,0,high,observed_category:shooter,ready,1.0.0
www.kongregate.com/games/meetreen_games/long-way,Long Way,meetreen_games,https://www.kongregate.com/en/games/meetreen_games/long-way,14,14,2024-08-28,2011-12-01,tower-defense,tower_defense,tower_defense,high_observed_category,,none,not_assessed,none,,meetreen-games,1,,0,high,observed_category:tower_defense,ready,1.0.0
www.kongregate.com/games/abra24/grindquest-censored,GrindQuest Censored,Abra24,http://www.kongregate.com/games/Abra24/grindquest-censored,14,11,2014-11-02,2014-11-02,idle,idle_incremental,idle_incremental,high_observed_category,idle_progression,high_observed_category,not_assessed,none,,abra24,3,,0,high,observed_category:idle_incremental; observed_category:idle,ready,1.0.0
www.kongregate.com/games/scotty42/space-invaderz-tutorial,Space Invaderz Tutorial,scotty42,http://www.kongregate.com/games/scotty42/space-invaderz-tutorial,14,6,2016-05-25,2016-05-25,,unclassified,,none,,none,not_assessed,none,,scotty42,1,,0,none,,ready,1.0.0
www.kongregate.com/games/legitgames/more-mindless-violence,More Mindless Violence,legitgames,http://www.kongregate.com/games/legitgames/more-mindless-violence,14,5,2008-04-04,2008-04-04,shooter,shooter,shooter,high_observed_category,,none,not_assessed,none,,legitgames,1,,0,high,observed_category:shooter,ready,1.0.0
www.kongregate.com/games/matty/spacewars,SpaceWars!,Matty,http://www.kongregate.com/games/Matty/spacewars,14,5,2007-07-06,2006-10-21,,unclassified,,none,,none,not_assessed,none,,matty,1,,0,none,,ready,1.0.0
www.kongregate.com/games/herointeractive/stormwinds-the-lost-campaigns,StormWinds: The Lost Campaigns,HeroInteractive,http://www.kongregate.com/games/HeroInteractive/stormwinds-the-lost-campaigns,14,5,2009-03-02,2009-03-02,shooter,shooter,shooter,high_observed_category,,none,not_assessed,none,,herointeractive,8,,0,high,observed_category:shooter,ready,1.0.0
www.kongregate.com/games/pistolkahoona/commando,Commando,,https://www.kongregate.com/en/games/PistolKahoona/commando,14,4,2026-07-01,2019-11-29,multiplayer,multiplayer,multiplayer,high_observed_category,online_multiplayer,high_observed_category,not_assessed,none,,unknown,252,,0,high,observed_category:multiplayer; observed_category:multiplayer,ready,1.0.0
www.kongregate.com/games/karolinagames/downhill-snowboard-3,Downhill snowboard 3,,https://www.kongregate.com/en/games/KarolinaGames/downhill-snowboard-3,14,4,2026-07-01,2009-08-16,sports-racing,sports_racing,sports_racing,high_observed_category,,none,not_assessed,none,,unknown,252,,0,high,observed_category:sports_racing,ready,1.0.0
www.kongregate.com/games/rudy_sudarto/epic-war-2,Epic War 2,,https://www.kongregate.com/en/games/rudy_sudarto/epic-war-2,14,4,2025-11-22,2008-12-15,strategy-defense,strategy,strategy,high_observed_category,,none,not_assessed,none,,unknown,252,,0,high,observed_category:strategy,ready,1.0.0
www.kongregate.com/games/gyre_o_guile/lolcaptions,LOLcaptions,,https://www.kongregate.com/en/games/gyre_o_guile/lolcaptions,14,4,2026-07-01,2009-02-24,more,other,other,high_observed_category,,none,not_assessed,none,,unknown,252,,0,high,observed_category:other,ready,1.0.0
www.kongregate.com/games/gamefuse/rise-of-mythos,Rise of Mythos,GameFuse,http://www.kongregate.com/games/GameFuse/rise-of-mythos,14,4,2014-12-17,2014-12-17,,unclassified,,none,,none,not_assessed,none,,gamefuse,1,,0,none,,ready,1.0.0
www.kongregate.com/games/monumental/storm-wars,Storm Wars,,https://www.kongregate.com/en/games/Monumental/storm-wars,14,4,2026-07-01,2016-03-24,card,card_strategy,card_strategy,high_observed_category,persistent_card_game,high_observed_category,not_assessed,none,,unknown,252,,0,high,observed_category:card_strategy; observed_category:card,ready,1.0.0
www.kongregate.com/games/vitaly/feudalism-ii,Feudalism II,Vitaly,http://www.kongregate.com/games/Vitaly/feudalism-ii,14,2,2008-11-05,2008-11-01,,unclassified,,none,,none,not_assessed,none,,vitaly,2,,0,none,,ready,1.0.0
www.kongregate.com/games/grapefrukt/hovercrafty,Hovercrafty,grapefrukt,http://www.kongregate.com/games/grapefrukt/hovercrafty,14,2,2007-01-20,2006-11-27,,unclassified,,none,,none,not_assessed,none,,grapefrukt,1,,0,none,,ready,1.0.0
www.kongregate.com/games/fliplinestudios/papa-louie-when-pizzas-attack-kongregate-version,Papa Louie: When Pizzas Attack! - Kongregate Version,FliplineStudios,http://kongregate.com/games/FliplineStudios/papa-louie-when-pizzas-attack-kongregate-version,14,2,2007-04-06,2007-04-06,,unclassified,,none,,none,not_assessed,none,,fliplinestudios,5,,0,none,,ready,1.0.0
www.kongregate.com/games/platon_skedow/royal-squad,Royal Squad,platon_skedow,http://www.kongregate.com/games/platon_skedow/royal-squad,14,2,2015-05-06,2015-03-25,,unclassified,,none,,none,not_assessed,none,,platon-skedow,1,,0,none,,ready,1.0.0
www.kongregate.com/games/alpagagames/the-money-makers,The Money Makers,AlpagaGames,http://www.kongregate.com/games/AlpagaGames/the-money-makers,14,2,2015-08-09,2015-08-09,,unclassified,,none,,none,not_assessed,none,,alpagagames,1,,0,none,,ready,1.0.0
www.kongregate.com/games/azoo/age-of-colors,Age of Colors,azoo,http://www.kongregate.com/games/azoo/age-of-colors,14,1,2020-12-01,2020-12-01,,unclassified,,none,,none,not_assessed,none,,azoo,1,,0,none,,ready,1.0.0
www.kongregate.com/games/hyoungukk/airline-service,Airline Service,HyoungukK,http://www.kongregate.com/games/HyoungukK/airline-service,14,1,2014-09-19,2014-09-19,,unclassified,,none,,none,not_assessed,none,,hyoungukk,1,,0,none,,ready,1.0.0
www.kongregate.com/games/3rimgames/alien-hunt,Alien Hunt,3rimgames,http://www.kongregate.com/games/3rimgames/alien-hunt,14,1,2016-01-02,2016-01-02,,unclassified,,none,,none,not_assessed,none,,3rimgames,1,,0,none,,ready,1.0.0
www.kongregate.com/games/crazyescapegames/area-51-aliens,Area 51 Aliens,CrazyEscapeGames,http://www.kongregate.com/games/CrazyEscapeGames/area-51-aliens,14,1,2017-05-05,2017-05-05,,unclassified,,none,,none,not_assessed,none,,crazyescapegames,6,,0,none,,ready,1.0.0
www.kongregate.com/games/markantony/baby-sophia-haircut,Baby Sophia Haircut,MarkAntony,http://www.kongregate.com/games/MarkAntony/baby-sophia-haircut,14,1,2015-09-23,2015-09-23,,unclassified,,none,,none,not_assessed,none,,markantony,1,,0,none,,ready,1.0.0
www.kongregate.com/games/coolappsgame/barbie-match-up,Barbie Match Up,coolappsgame,http://www.kongregate.com/games/coolappsgame/barbie-match-up,14,1,2014-08-22,2014-08-22,,unclassified,,none,,none,not_assessed,none,,coolappsgame,3,,0,none,,ready,1.0.0
www.kongregate.com/games/minininja956/beast-in-the-cave,Beast in the cave.,minininja956,http://www.kongregate.com/games/minininja956/beast-in-the-cave,14,1,2017-08-17,2017-08-17,,unclassified,,none,,none,not_assessed,none,,minininja956,6,,0,none,,ready,1.0.0
www.kongregate.com/games/tahirg8/beatdash,BeatDash,TahirG8,http://www.kongregate.com/games/TahirG8/beatdash,14,1,2015-12-26,2015-12-26,,unclassified,,none,,none,not_assessed,none,,tahirg8,1,,0,none,,ready,1.0.0
www.kongregate.com/games/sandrakim/book-of-shadows,Book of Shadows,SandraKim,http://www.kongregate.com/games/SandraKim/book-of-shadows,14,1,2015-09-14,2015-09-14,,unclassified,,none,,none,not_assessed,none,,sandrakim,31,,0,none,,ready,1.0.0
www.kongregate.com/games/herlyke/cannon-lord,Cannon Lord,Herlyke,http://www.kongregate.com/games/Herlyke/cannon-lord,14,1,2017-08-05,2017-08-05,,unclassified,,none,,none,not_assessed,none,,herlyke,2,,0,none,,ready,1.0.0
www.kongregate.com/games/jawadsatti/chota-bheem-run-game,Chota Bheem Run Game,jawadsatti,http://www.kongregate.com/games/jawadsatti/chota-bheem-run-game,14,1,2014-09-05,2014-09-05,,unclassified,,none,,none,not_assessed,none,,jawadsatti,1,,0,none,,ready,1.0.0
www.kongregate.com/games/12345102/clicker-farm,clicker farm,12345102,http://www.kongregate.com/games/12345102/clicker-farm,14,1,2016-10-30,2016-10-30,,idle_incremental,idle_incremental,medium_title_signal,,none,not_assessed,none,,12345102,1,,0,medium,title_signal:idle_incremental,review_title_inference,1.0.0
www.kongregate.com/games/sampearce8/color,Color,sampearce8,http://www.kongregate.com/games/sampearce8/color,14,1,2014-12-30,2014-12-30,,unclassified,,none,,none,not_assessed,none,,sampearce8,1,,0,none,,ready,1.0.0
www.kongregate.com/games/ydkr/dps-idle,DPS IDLE,YDKR,http://www.kongregate.com/games/YDKR/dps-idle,14,1,2021-12-27,2021-12-27,,idle_incremental,idle_incremental,medium_title_signal,,none,not_assessed,none,,ydkr,1,,0,medium,title_signal:idle_incremental,review_title_inference,1.0.0
www.kongregate.com/games/andreu1415/dragon-quest,Dragon Quest,Andreu1415,http://www.kongregate.com/games/Andreu1415/dragon-quest,14,1,2017-09-30,2017-09-30,,unclassified,,none,,none,not_assessed,none,,andreu1415,1,,0,none,,ready,1.0.0
www.kongregate.com/games/stupidpiglet_com/eggcatcher,EggCatcher,StupidPiglet_com,http://www.kongregate.com/games/StupidPiglet_com/eggcatcher,14,1,2015-04-01,2015-04-01,,unclassified,,none,,none,not_assessed,none,,stupidpiglet-com,1,,0,none,,ready,1.0.0
www.kongregate.com/games/vinialeixo/emergency-ninja-training,Emergency Ninja Training,ViniAleixo,http://www.kongregate.com/games/ViniAleixo/emergency-ninja-training,14,1,2016-10-17,2016-10-17,,unclassified,,none,,none,not_assessed,none,,vinialeixo,1,,0,none,,ready,1.0.0
www.kongregate.com/games/thegames8dotcom/empire-defender-7,Empire Defender 7,thegames8dotcom,http://www.kongregate.com/games/thegames8dotcom/empire-defender-7,14,1,2016-06-13,2016-06-13,,unclassified,,none,,none,not_assessed,none,,thegames8dotcom,7,,0,none,,ready,1.0.0
www.kongregate.com/games/sandrakim/employee-of-the-month,Employee of the month,SandraKim,http://www.kongregate.com/games/SandraKim/employee-of-the-month,14,1,2016-03-24,2016-03-24,,unclassified,,none,,none,not_assessed,none,,sandrakim,31,,0,none,,ready,1.0.0
www.kongregate.com/games/afroninja/escape-4-the-bathroom,Escape #4: The Bathroom,AfroNinja,http://www.kongregate.com/games/AfroNinja/escape-4-the-bathroom,14,1,2009-06-17,2009-06-17,,escape_room,escape_room,medium_title_signal,,none,not_assessed,none,,afroninja,1,,0,medium,title_signal:escape_room,review_title_inference,1.0.0
www.kongregate.com/games/top10newgames/escape-from-ghost-house,Escape From Ghost House,top10newgames,http://www.kongregate.com/games/top10newgames/escape-from-ghost-house,14,1,2017-10-08,2017-10-08,,escape_room,escape_room,medium_title_signal,,none,not_assessed,none,,top10newgames,8,top10newgames:escape-from-ghost-house,2,medium,title_signal:escape_room; same_developer_series_stem,review_title_inference,1.0.0
www.kongregate.com/games/ajazgames/escape-game-love-fever,Escape Game Love Fever,ajazgames,http://www.kongregate.com/games/ajazgames/escape-game-love-fever,14,1,2017-07-29,2017-07-29,,escape_room,escape_room,medium_title_signal,,none,not_assessed,none,,ajazgames,3,,0,medium,title_signal:escape_room,review_title_inference,1.0.0
www.kongregate.com/games/amber6794/escape-if-u-can-2d-game,Escape if u Can 2D game,Amber6794,http://www.kongregate.com/games/Amber6794/escape-if-u-can-2d-game,14,1,2015-12-18,2015-12-18,,escape_room,escape_room,medium_title_signal,,none,not_assessed,none,,amber6794,1,,0,medium,title_signal:escape_room,review_title_inference,1.0.0
www.kongregate.com/games/rahchel321/escape-rooms-1,Escape Rooms 1,rahchel321,http://www.kongregate.com/games/rahchel321/escape-rooms-1,14,1,2016-09-16,2016-09-16,,escape_room,escape_room,medium_title_signal,,none,not_assessed,none,,rahchel321,10,rahchel321:escape-rooms,4,medium,title_signal:escape_room; same_developer_series_stem,review_title_inference,1.0.0
www.kongregate.com/games/ktm00/escape-the-hotel-room,Escape the Hotel Room,ktm00,http://www.kongregate.com/games/ktm00/escape-the-hotel-room,14,1,2014-12-28,2014-12-28,,escape_room,escape_room,medium_title_signal,,none,not_assessed,none,,ktm00,1,,0,medium,title_signal:escape_room,review_title_inference,1.0.0
www.kongregate.com/games/matthewc272/evoiders,EVoiders,MatthewC272,http://www.kongregate.com/games/MatthewC272/evoiders,14,1,2014-09-14,2014-09-14,,unclassified,,none,,none,not_assessed,none,,matthewc272,1,,0,none,,ready,1.0.0
www.kongregate.com/games/fmstudio/f-h-memento-love-beyond,F.H. Memento: Love Beyond,FMStudio,http://www.kongregate.com/games/FMStudio/f-h-memento-love-beyond,14,1,2017-09-13,2017-09-13,,unclassified,,none,,none,not_assessed,none,,fmstudio,1,,0,none,,ready,1.0.0
www.kongregate.com/games/munguia/famous-paintings-parodies-2,Famous Paintings Parodies 2,Munguia,http://www.kongregate.com/games/Munguia/famous-paintings-parodies-2,14,1,2016-08-13,2016-08-13,,unclassified,,none,,none,not_assessed,none,,munguia,3,munguia:famous-paintings-parodies,2,low,same_developer_series_stem,ready,1.0.0
www.kongregate.com/games/deivisongamerbr/fire-hit-beta,Fire hit .Beta,deivisonGamerBr,http://www.kongregate.com/games/deivisonGamerBr/fire-hit-beta,14,1,2016-03-16,2016-03-16,,unclassified,,none,,none,not_assessed,none,,deivisongamerbr,1,,0,none,,ready,1.0.0
www.kongregate.com/games/the531stgamer/five-nights-at-freddys-1-pacman,Five Nights At Freddy's 1 Pacman,The531stGamer,http://www.kongregate.com/games/The531stGamer/five-nights-at-freddys-1-pacman,14,1,2015-12-05,2015-12-05,,unclassified,,none,,none,not_assessed,none,,the531stgamer,1,,0,none,,ready,1.0.0
www.kongregate.com/games/funnychasegames/flappy-rush,Flappy Rush,funnychasegames,http://www.kongregate.com/games/funnychasegames/flappy-rush,14,1,2014-10-17,2014-10-17,,unclassified,,none,,none,not_assessed,none,,funnychasegames,2,,0,none,,ready,1.0.0
www.kongregate.com/games/jimgiant/flying-snake,Flying Snake,JimGiant,http://www.kongregate.com/games/JimGiant/flying-snake,14,1,2017-06-04,2017-06-04,,unclassified,,none,,none,not_assessed,none,,jimgiant,1,,0,none,,ready,1.0.0
www.kongregate.com/games/giwrgosch/fotis-putsos,Fotis putsos,GiwrgosCh,http://www.kongregate.com/games/GiwrgosCh/fotis-putsos,14,1,2017-10-24,2017-10-24,,unclassified,,none,,none,not_assessed,none,,giwrgosch,2,,0,none,,ready,1.0.0
www.kongregate.com/games/boblova/fun-with-physics-1-1,Fun With Physics (1.1),boblova,http://www.kongregate.com/games/boblova/fun-with-physics-1-1,14,1,2016-05-15,2016-05-15,,unclassified,,none,,none,not_assessed,none,,boblova,1,,0,none,,ready,1.0.0
www.kongregate.com/games/arseng1/furlight,FurLight,ArsenG1,http://www.kongregate.com/games/ArsenG1/furlight,14,1,2016-06-04,2016-06-04,,unclassified,,none,,none,not_assessed,none,,arseng1,1,,0,none,,ready,1.0.0
www.kongregate.com/games/nessiegaming/gravity-game-charity-edition,Gravity Game - Charity Edition,NessieGaming,https://www.kongregate.com/games/NessieGaming/gravity-game-charity-edition,14,1,2019-08-25,2019-08-25,,unclassified,,none,,none,not_assessed,none,,nessiegaming,1,,0,none,,ready,1.0.0
www.kongregate.com/games/enagamess/halloween-why-lucent-skull,Halloween Why Lucent Skull,Enagamess,http://www.kongregate.com/games/Enagamess/halloween-why-lucent-skull,14,1,2016-10-18,2016-10-18,,unclassified,,none,,none,not_assessed,none,,enagamess,68,,0,none,,ready,1.0.0
www.kongregate.com/games/djugan/hands-of-war,Hands of War,Djugan,http://www.kongregate.com/games/Djugan/hands-of-war,14,1,2008-12-05,2008-12-01,,unclassified,,none,,none,not_assessed,none,,djugan,2,,0,none,,ready,1.0.0
www.kongregate.com/games/azad187/hard-case,Hard Case,azad187,http://www.kongregate.com/games/azad187/hard-case,14,1,2014-09-20,2014-09-20,,unclassified,,none,,none,not_assessed,none,,azad187,1,,0,none,,ready,1.0.0
www.kongregate.com/games/paskuda13/hexa-match,Hexa_Match,PasKuda13,http://www.kongregate.com/games/PasKuda13/hexa-match,14,1,2017-08-11,2017-08-11,,unclassified,,none,,none,not_assessed,none,,paskuda13,1,,0,none,,ready,1.0.0
www.kongregate.com/games/kasparsm/idle-capitalist-6,Idle Capitalist 6,KasparsM,http://www.kongregate.com/games/KasparsM/idle-capitalist-6,14,1,2015-09-09,2015-09-09,,idle_incremental,idle_incremental,medium_title_signal,,none,not_assessed,none,,kasparsm,1,,0,medium,title_signal:idle_incremental,review_title_inference,1.0.0
www.kongregate.com/games/qmario1/idle-photosynthesis,Idle Photosynthesis,Qmario1,http://www.kongregate.com/games/Qmario1/idle-photosynthesis,14,1,2017-10-15,2017-10-15,,idle_incremental,idle_incremental,medium_title_signal,,none,not_assessed,none,,qmario1,1,,0,medium,title_signal:idle_incremental,review_title_inference,1.0.0
www.kongregate.com/games/studionum43/insane-hardcore-physics-puzzle-platformer,Insane - hardcore physics puzzle-platformer,Studionum43,http://www.kongregate.com/games/Studionum43/insane-hardcore-physics-puzzle-platformer,14,1,2016-07-14,2016-07-14,,unclassified,,none,,none,not_assessed,none,,studionum43,1,,0,none,,ready,1.0.0
www.kongregate.com/games/egees/ittwbi-attempt-2,ittwbi attempt 2,EGees,http://www.kongregate.com/games/EGees/ittwbi-attempt-2,14,1,2016-06-29,2016-06-29,,unclassified,,none,,none,not_assessed,none,,egees,2,,0,none,,ready,1.0.0
www.kongregate.com/games/jakejuegos/jake-the-pirate-hook,Jake the Pirate Hook,jakejuegos,http://www.kongregate.com/games/jakejuegos/jake-the-pirate-hook,14,1,2016-01-25,2016-01-25,,unclassified,,none,,none,not_assessed,none,,jakejuegos,1,,0,none,,ready,1.0.0
www.kongregate.com/games/tensquaregames/jungle-wars,Jungle Wars,tensquaregames,http://www.kongregate.com/games/tensquaregames/jungle-wars,14,1,2014-11-25,2014-11-25,,unclassified,,none,,none,not_assessed,none,,tensquaregames,1,,0,none,,ready,1.0.0
www.kongregate.com/games/mafagames/karting-racing,Karting Racing,mafagames,http://www.kongregate.com/games/mafagames/karting-racing,14,1,2016-10-10,2016-10-10,,sports_racing,sports_racing,medium_title_signal,,none,not_assessed,none,,mafagames,41,,0,medium,title_signal:sports_racing,review_title_inference,1.0.0
www.kongregate.com/games/knfescapegame/knf-escape-with-boat-from-villa,Knf Escape With Boat From Villa,knfescapegame,http://www.kongregate.com/games/knfescapegame/knf-escape-with-boat-from-villa,14,1,2017-05-25,2017-05-25,,escape_room,escape_room,medium_title_signal,,none,not_assessed,none,,knfescapegame,9,,0,medium,title_signal:escape_room,review_title_inference,1.0.0
www.kongregate.com/games/captainjens/kogama-war-4,KoGaMa: WAR 4,CaptainJens,http://www.kongregate.com/games/CaptainJens/kogama-war-4,14,1,2017-05-26,2017-05-26,,unclassified,,none,,none,not_assessed,none,,captainjens,2,,0,none,,ready,1.0.0
www.kongregate.com/games/del7244009/kuizi-biologjia-pjesa-e-4,Kuizi Biologjia - Pjesa e 4,del7244009,http://www.kongregate.com/games/del7244009/kuizi-biologjia-pjesa-e-4,14,1,2015-09-03,2015-09-03,,unclassified,,none,,none,not_assessed,none,,del7244009,6,del7244009:kuizi-biologjia-pjesa-e,3,low,same_developer_series_stem,ready,1.0.0
www.kongregate.com/games/thays36/la-invasi-n-de-los-arqueros,La invasión de los arqueros,thays36,http://www.kongregate.com/games/thays36/la-invasi-n-de-los-arqueros,14,1,2016-03-05,2016-03-05,,unclassified,,none,,none,not_assessed,none,,thays36,1,,0,none,,ready,1.0.0
www.kongregate.com/games/gamolition/lava-car-escape,Lava Car Escape,gamolition,http://www.kongregate.com/games/gamolition/lava-car-escape,14,1,2014-12-17,2014-12-17,,escape_room,escape_room,medium_title_signal,,none,not_assessed,none,,gamolition,5,,0,medium,title_signal:escape_room,review_title_inference,1.0.0
www.kongregate.com/games/therobby3/lucas-vs-crocodile,Lucas vs Crocodile,therobby3,http://www.kongregate.com/games/therobby3/lucas-vs-crocodile,14,1,2014-10-10,2014-10-10,,unclassified,,none,,none,not_assessed,none,,therobby3,1,,0,none,,ready,1.0.0
www.kongregate.com/games/mafagames/mad-taxi,Mad Taxi,mafagames,http://www.kongregate.com/games/mafagames/mad-taxi,14,1,2017-07-20,2017-07-20,,unclassified,,none,,none,not_assessed,none,,mafagames,41,,0,none,,ready,1.0.0
www.kongregate.com/games/taiguaraguerra/madrugahalla,MadrugaHalla,TaiguaraGuerra,http://www.kongregate.com/games/TaiguaraGuerra/madrugahalla,14,1,2017-07-12,2017-07-12,,unclassified,,none,,none,not_assessed,none,,taiguaraguerra,1,,0,none,,ready,1.0.0
www.kongregate.com/games/mafiabattle/mafiabattle,MafiaBattle,mafiabattle,http://www.kongregate.com/games/mafiabattle/mafiabattle,14,1,2016-03-20,2016-03-20,,unclassified,,none,,none,not_assessed,none,,mafiabattle,1,,0,none,,ready,1.0.0
www.kongregate.com/games/spookymcslave/mambo-vs-pronger,Mambo vs Pronger,spookymcslave,http://www.kongregate.com/games/spookymcslave/mambo-vs-pronger,14,1,2014-10-24,2014-10-24,,unclassified,,none,,none,not_assessed,none,,spookymcslave,1,,0,none,,ready,1.0.0
www.kongregate.com/games/elespio/man-versus-the-universe,Man versus the universe,ELespio,http://www.kongregate.com/games/ELespio/man-versus-the-universe,14,1,2016-01-16,2016-01-16,,unclassified,,none,,none,not_assessed,none,,elespio,1,,0,none,,ready,1.0.0
www.kongregate.com/games/geagles/mazegame,MazeGame,Geagles,http://www.kongregate.com/games/Geagles/mazegame,14,1,2016-06-22,2016-06-22,,unclassified,,none,,none,not_assessed,none,,geagles,1,,0,none,,ready,1.0.0
www.kongregate.com/games/k25507891/moana-appendicitis-surgery,Moana Appendicitis Surgery,k25507891,http://www.kongregate.com/games/k25507891/moana-appendicitis-surgery,14,1,2017-07-28,2017-07-28,,unclassified,,none,,none,not_assessed,none,,k25507891,8,,0,none,,ready,1.0.0
www.kongregate.com/games/imsynclair/more-ore,More Ore,imsynclair,https://www.kongregate.com/games/imsynclair/more-ore,14,1,2021-06-11,2021-06-11,,unclassified,,none,,none,not_assessed,none,,imsynclair,1,,0,none,,ready,1.0.0
www.kongregate.com/games/sandrudarius/multiplayer-island-survivel-rpg,Multiplayer Island Survivel RPG,sandrudarius,http://www.kongregate.com/games/sandrudarius/multiplayer-island-survivel-rpg,14,1,2016-07-07,2016-07-07,,role_playing,role_playing,medium_title_signal,online_multiplayer_title_signal,medium_title_signal,not_assessed,none,,sandrudarius,2,,0,medium,title_signal:role_playing; title_signal:multiplayer,review_title_inference,1.0.0
www.kongregate.com/games/mafagames/my-little-pony-winter-fashion-2,My Little Pony Winter Fashion 2,mafagames,http://www.kongregate.com/games/mafagames/my-little-pony-winter-fashion-2,14,1,2016-05-24,2016-05-24,,unclassified,,none,,none,not_assessed,none,,mafagames,41,,0,none,,ready,1.0.0
www.kongregate.com/games/natalibt/my-summer-items,My Summer Items,natalibt,http://www.kongregate.com/games/natalibt/my-summer-items,14,1,2017-06-15,2017-06-15,,unclassified,,none,,none,not_assessed,none,,natalibt,15,,0,none,,ready,1.0.0
www.kongregate.com/games/alaanasro1337/nights-within-zombies,Nights Within Zombies,alaanasro1337,http://www.kongregate.com/games/alaanasro1337/nights-within-zombies,14,1,2017-08-23,2017-08-23,,unclassified,,none,,none,not_assessed,none,,alaanasro1337,1,,0,none,,ready,1.0.0
www.kongregate.com/games/dev9k/nirvana-pilot-yume-promo,Nirvana Pilot Yume Promo,Dev9K,http://www.kongregate.com/games/Dev9K/nirvana-pilot-yume-promo,14,1,2017-09-04,2017-09-04,,unclassified,,none,,none,not_assessed,none,,dev9k,1,,0,none,,ready,1.0.0
www.kongregate.com/games/karlj86/no-more-terrorism,"No More ""Terrorism""",KarlJ86,http://www.kongregate.com/games/KarlJ86/no-more-terrorism,14,1,2016-09-17,2016-09-17,,unclassified,,none,,none,not_assessed,none,,karlj86,1,,0,none,,ready,1.0.0
www.kongregate.com/games/hyperhippogames/odc-one-click-daily,ODC: One Click Daily,HyperHippoGames,http://www.kongregate.com/games/HyperHippoGames/odc-one-click-daily,14,1,2015-09-30,2015-09-30,,unclassified,,none,,none,not_assessed,none,,hyperhippogames,4,,0,none,,ready,1.0.0
www.kongregate.com/games/oldrookstudio/one-among-zombies,One Among Zombies,OldRookStudio,https://www.kongregate.com/games/OldRookStudio/one-among-zombies,14,1,2023-10-30,2023-10-30,,unclassified,,none,,none,not_assessed,none,,oldrookstudio,1,,0,none,,ready,1.0.0
www.kongregate.com/games/nukermage/penta-cake,Penta Cake,nukermage,http://www.kongregate.com/games/nukermage/penta-cake,14,1,2014-09-26,2014-09-26,,unclassified,,none,,none,not_assessed,none,,nukermage,1,,0,none,,ready,1.0.0
www.kongregate.com/games/brunuu/perfect-aim,Perfect Aim,Brunuu,http://www.kongregate.com/games/Brunuu/perfect-aim,14,1,2017-05-16,2017-05-16,,unclassified,,none,,none,not_assessed,none,,brunuu,1,,0,none,,ready,1.0.0
www.kongregate.com/games/ozdy/pets-swap,Pets Swap,ozdy,http://www.kongregate.com/games/ozdy/pets-swap,14,1,2014-10-03,2014-10-03,,unclassified,,none,,none,not_assessed,none,,ozdy,1,,0,none,,ready,1.0.0
www.kongregate.com/games/kidsgamess/ping-pong-survival,Ping Pong Survival,kidsgamess,http://www.kongregate.com/games/kidsgamess/ping-pong-survival,14,1,2015-09-15,2015-09-15,,unclassified,,none,,none,not_assessed,none,,kidsgamess,2,,0,none,,ready,1.0.0
www.kongregate.com/games/rodaja/platform-31,Platform 31,Rodaja,http://www.kongregate.com/games/Rodaja/platform-31,14,1,2014-12-10,2014-12-10,,unclassified,,none,,none,not_assessed,none,,rodaja,1,,0,none,,ready,1.0.0
www.kongregate.com/games/borysk20/pong,PONG,BorysK20,http://www.kongregate.com/games/BorysK20/pong,14,1,2016-07-20,2016-07-20,,unclassified,,none,,none,not_assessed,none,,borysk20,1,,0,none,,ready,1.0.0
www.kongregate.com/games/sandhillgames/ring-pass-not,Ring Pass Not,SandhillGames,http://www.kongregate.com/games/SandhillGames/ring-pass-not,14,1,2008-02-22,2008-02-22,puzzle,puzzle,puzzle,high_observed_category,,none,not_assessed,none,,sandhillgames,1,,0,high,observed_category:puzzle,ready,1.0.0
www.kongregate.com/games/kizigames/roadkill-revenge,Roadkill Revenge,kizigames,http://www.kongregate.com/games/kizigames/roadkill-revenge,14,1,2016-03-07,2016-03-07,,unclassified,,none,,none,not_assessed,none,,kizigames,3,,0,none,,ready,1.0.0
www.kongregate.com/games/rm2369/roller-runner,Roller Runner,RM2369,http://www.kongregate.com/games/RM2369/roller-runner,14,1,2017-11-06,2017-11-06,,unclassified,,none,,none,not_assessed,none,,rm2369,1,,0,none,,ready,1.0.0
www.kongregate.com/games/jishtnm/sandbox-game,Sandbox Game,JishTNM,http://www.kongregate.com/games/JishTNM/sandbox-game,14,1,2016-09-23,2016-09-23,,unclassified,,none,,none,not_assessed,none,,jishtnm,1,,0,none,,ready,1.0.0
www.kongregate.com/games/thegamehomepage/scope-first-blood,Scope: First Blood,thegamehomepage,http://www.kongregate.com/games/thegamehomepage/scope-first-blood,14,1,2008-08-13,2008-08-13,shooter,shooter,shooter,high_observed_category,,none,not_assessed,none,,thegamehomepage,3,,0,high,observed_category:shooter,ready,1.0.0
www.kongregate.com/games/pitchmobile/shield-defense,Shield Defense,PitchMobile,http://www.kongregate.com/games/PitchMobile/shield-defense,14,1,2008-02-22,2008-02-22,action,action,action,high_observed_category,,none,not_assessed,none,,pitchmobile,1,,0,high,observed_category:action,ready,1.0.0
www.kongregate.com/games/kirignatev/shotfirer,Shotfirer,KirIgnatev,http://www.kongregate.com/games/KirIgnatev/shotfirer,14,1,2014-10-29,2014-10-29,,unclassified,,none,,none,not_assessed,none,,kirignatev,1,,0,none,,ready,1.0.0
www.kongregate.com/games/josehzz/soke,Soke,josehzz,http://www.kongregate.com/games/josehzz/soke,14,1,2016-06-05,2016-06-05,,unclassified,,none,,none,not_assessed,none,,josehzz,2,,0,none,,ready,1.0.0
www.kongregate.com/games/newgamess/speed-taxi-hidden-letters,Speed Taxi Hidden Letters,newgamess,http://www.kongregate.com/games/newgamess/speed-taxi-hidden-letters,14,1,2014-10-13,2014-10-13,,unclassified,,none,,none,not_assessed,none,,newgamess,37,,0,none,,ready,1.0.0
www.kongregate.com/games/mafagames/spike-bird,Spike Bird,mafagames,http://www.kongregate.com/games/mafagames/spike-bird,14,1,2016-05-06,2016-05-06,,unclassified,,none,,none,not_assessed,none,,mafagames,41,,0,none,,ready,1.0.0
www.kongregate.com/games/loogames/splendid-fairy-dress-up,Splendid Fairy Dress Up,loogames,http://www.kongregate.com/games/loogames/splendid-fairy-dress-up,14,1,2014-08-29,2014-08-29,,unclassified,,none,,none,not_assessed,none,,loogames,6,,0,none,,ready,1.0.0
www.kongregate.com/games/nobodyadam/spooky-john,Spooky John,NoBodyAdam,http://www.kongregate.com/games/NoBodyAdam/spooky-john,14,1,2014-10-31,2014-10-31,,unclassified,,none,,none,not_assessed,none,,nobodyadam,1,,0,none,,ready,1.0.0
www.kongregate.com/games/tinrune/squares-tinrune,Squares TinRune,TinRune,http://www.kongregate.com/games/TinRune/squares-tinrune,14,1,2016-10-04,2016-10-04,,unclassified,,none,,none,not_assessed,none,,tinrune,1,,0,none,,ready,1.0.0
www.kongregate.com/games/vasantj/steampunk-rabbit-alpha-version,SteamPunk Rabbit Alpha Version,VasantJ,http://www.kongregate.com/games/VasantJ/steampunk-rabbit-alpha-version,14,1,2014-09-02,2014-09-02,,unclassified,,none,,none,not_assessed,none,,vasantj,20,,0,none,,ready,1.0.0
www.kongregate.com/games/tungnguyendev/stupid-hero,Stupid Hero,tungnguyendev,http://www.kongregate.com/games/tungnguyendev/stupid-hero,14,1,2014-12-02,2014-12-02,,unclassified,,none,,none,not_assessed,none,,tungnguyendev,2,,0,none,,ready,1.0.0
www.kongregate.com/games/chilican/super-trucks-3d,Super Trucks 3D,Chilican,http://www.kongregate.com/games/Chilican/super-trucks-3d,14,1,2016-09-03,2016-09-03,,unclassified,,none,,none,not_assessed,none,,chilican,1,,0,none,,ready,1.0.0
www.kongregate.com/games/orndotio/survival-sandbox-simulator,Survival Sandbox Simulator,orndotio,http://www.kongregate.com/games/orndotio/survival-sandbox-simulator,14,1,2017-07-03,2017-07-03,,unclassified,,none,,none,not_assessed,none,,orndotio,4,,0,none,,ready,1.0.0
www.kongregate.com/games/joeb59/texas-instruments-calculator-clock,Texas instruments calculator/clock,JoeB59,http://www.kongregate.com/games/JoeB59/texas-instruments-calculator-clock,14,1,2014-09-12,2014-09-12,,unclassified,,none,,none,not_assessed,none,,joeb59,1,,0,none,,ready,1.0.0
www.kongregate.com/games/thiagosheckler/the-escape-of-the-bird-beta-1,The Escape of The Bird Beta 1,thiagosheckler,http://www.kongregate.com/games/thiagosheckler/the-escape-of-the-bird-beta-1,14,1,2014-08-26,2014-08-26,,escape_room,escape_room,medium_title_signal,,none,not_assessed,none,,thiagosheckler,1,,0,medium,title_signal:escape_room,review_title_inference,1.0.0
www.kongregate.com/games/mafagames/transport,Transport,mafagames,http://www.kongregate.com/games/mafagames/transport,14,1,2016-05-23,2016-05-23,,unclassified,,none,,none,not_assessed,none,,mafagames,41,,0,none,,ready,1.0.0
www.kongregate.com/games/brrrice/trash-king,Trash King,BrrrIce,http://www.kongregate.com/games/BrrrIce/trash-king,14,1,2016-08-28,2016-08-28,,unclassified,,none,,none,not_assessed,none,,brrrice,1,,0,none,,ready,1.0.0
www.kongregate.com/games/balbal1/trick-the-cat,Trick the Cat,balbal1,http://www.kongregate.com/games/balbal1/trick-the-cat,14,1,2016-10-24,2016-10-24,,unclassified,,none,,none,not_assessed,none,,balbal1,1,,0,none,,ready,1.0.0
www.kongregate.com/games/pitergames/troll-tale,Troll Tale,pitergames,http://www.kongregate.com/games/pitergames/troll-tale,14,1,2014-09-26,2014-09-26,,unclassified,,none,,none,not_assessed,none,,pitergames,1,,0,none,,ready,1.0.0
www.kongregate.com/games/rodolfodth/try-die-repeat,TRY. DIE. REPEAT.,rodolfodth,http://www.kongregate.com/games/rodolfodth/try-die-repeat,14,1,2017-06-16,2017-06-16,,unclassified,,none,,none,not_assessed,none,,rodolfodth,1,,0,none,,ready,1.0.0
www.kongregate.com/games/girdf/ucreator,uCreator,Girdf,http://www.kongregate.com/games/Girdf/ucreator,14,1,2009-10-14,2009-10-14,,unclassified,,none,,none,not_assessed,none,,girdf,3,,0,none,,ready,1.0.0
www.kongregate.com/games/comrad_gremlin/unblocking,Unblocking,comrad_gremlin,http://www.kongregate.com/games/comrad_gremlin/unblocking,14,1,2016-08-05,2016-08-05,,unclassified,,none,,none,not_assessed,none,,comrad-gremlin,1,,0,none,,ready,1.0.0
www.kongregate.com/games/hhh3112/up-to-the-sky,Up to the Sky,hhh3112,http://www.kongregate.com/games/hhh3112/up-to-the-sky,14,1,2016-02-02,2016-02-02,,unclassified,,none,,none,not_assessed,none,,hhh3112,1,,0,none,,ready,1.0.0
www.kongregate.com/games/rahchel321/who-can-escape-the-house,Who Can Escape The House,rahchel321,http://www.kongregate.com/games/rahchel321/who-can-escape-the-house,14,1,2016-07-27,2016-07-27,,escape_room,escape_room,medium_title_signal,,none,not_assessed,none,,rahchel321,10,,0,medium,title_signal:escape_room,review_title_inference,1.0.0
www.kongregate.com/games/tenfor/winged-wheels,Winged Wheels,Tenfor,http://www.kongregate.com/games/Tenfor/winged-wheels,14,1,2017-09-20,2017-09-20,,unclassified,,none,,none,not_assessed,none,,tenfor,2,,0,none,,ready,1.0.0
www.kongregate.com/games/enagamess/wings-of-infinity,Wings Of Infinity,Enagamess,http://www.kongregate.com/games/Enagamess/wings-of-infinity,14,1,2017-06-25,2017-06-25,,unclassified,,none,,none,not_assessed,none,,enagamess,68,,0,none,,ready,1.0.0
www.kongregate.com/games/oninou/wami,Wizard (And Minion) Idle,Oninou,https://www.kongregate.com/games/Oninou/wami,14,1,2018-12-22,2018-10-30,,idle_incremental,idle_incremental,medium_title_signal,,none,not_assessed,none,,oninou,1,,0,medium,title_signal:idle_incremental,review_title_inference,1.0.0
www.kongregate.com/games/londonlad/xspot,XSpot,LONDONLAD,http://www.kongregate.com/games/LONDONLAD/xspot,14,1,2014-11-11,2014-11-11,,unclassified,,none,,none,not_assessed,none,,londonlad,1,,0,none,,ready,1.0.0
www.kongregate.com/games/swiftmoon12/yandere-heartbreak,Yandere - Heartbreak,swiftmoon12,http://www.kongregate.com/games/swiftmoon12/yandere-heartbreak,14,1,2016-08-20,2016-08-20,,unclassified,,none,,none,not_assessed,none,,swiftmoon12,1,,0,none,,ready,1.0.0
www.kongregate.com/games/brvasil/zombie-vs-janitor,Zombie vs Janitor,brvasil,http://www.kongregate.com/games/brvasil/zombie-vs-janitor,14,1,2017-08-25,2017-08-25,,unclassified,,none,,none,not_assessed,none,,brvasil,9,,0,none,,ready,1.0.0
www.kongregate.com/games/phoboslab/ztype,ZType,PhobosLab,http://www.kongregate.com/games/PhobosLab/ztype,14,1,2016-02-28,2016-02-28,,unclassified,,none,,none,not_assessed,none,,phoboslab,1,,0,none,,ready,1.0.0
www.kongregate.com/games/mateuszskutnik/daymare-cat,Daymare Cat,MateuszSkutnik,https://www.kongregate.com/en/games/MateuszSkutnik/daymare-cat,15,29,2019-07-02,2013-06-24,action,action,action,high_observed_category,,none,not_assessed,none,,mateuszskutnik,4,,0,high,observed_category:action,ready,1.0.0
www.kongregate.com/games/thepodge/inferno-2-meltdown,Inferno 2: Meltdown,thepodge,https://www.kongregate.com/en/games/thepodge/inferno-2-meltdown,15,29,2024-06-05,2010-12-29,action,action,action,high_observed_category,,none,not_assessed,none,,thepodge,2,,0,high,observed_category:action,ready,1.0.0
www.kongregate.com/games/wolfcom/gunblood,GunBlood,Wolfcom,https://www.kongregate.com/en/games/Wolfcom/gunblood,15,27,2019-10-17,2010-11-26,shooter,shooter,shooter,high_observed_category,,none,not_assessed,none,,wolfcom,1,,0,high,observed_category:shooter,ready,1.0.0
www.kongregate.com/games/lafunk/idle-sword-2,Idle Sword 2,laFunk,http://www.kongregate.com/games/laFunk/idle-sword-2,15,15,2017-01-05,2016-04-15,idle; adventure,idle_incremental,adventure; idle_incremental,high_observed_category,idle_progression,high_observed_category,not_assessed,none,,lafunk,2,,0,high,observed_category:idle_incremental; observed_category:idle,ready,1.0.0
www.kongregate.com/games/ridiculous/areas,Areas,Ridiculous,http://www.kongregate.com/games/Ridiculous/areas,15,5,2008-02-25,2008-02-25,shooter,shooter,shooter,high_observed_category,,none,not_assessed,none,,ridiculous,1,,0,high,observed_category:shooter,ready,1.0.0
www.kongregate.com/games/mousebreaker/sports-heads-tennis,Sports Heads: Tennis,,https://www.kongregate.com/en/games/Mousebreaker/sports-heads-tennis,15,4,2026-07-01,2010-09-21,sports-racing,sports_racing,sports_racing,high_observed_category,,none,not_assessed,none,,unknown,252,,0,high,observed_category:sports_racing,ready,1.0.0
www.kongregate.com/games/gamezhero/tentacle-wars-the-purple-menace,Tentacle Wars. The Purple Menace,,https://www.kongregate.com/en/games/gamezhero/tentacle-wars-the-purple-menace,15,4,2025-11-22,2011-03-14,strategy-defense,strategy,strategy,high_observed_category,,none,not_assessed,none,,unknown,252,,0,high,observed_category:strategy,ready,1.0.0
www.kongregate.com/games/soulkey/trackracing-pursuit,TrackRacing Pursuit,,https://www.kongregate.com/en/games/SoulKey/trackracing-pursuit,15,4,2026-07-01,2014-07-09,multiplayer,multiplayer,multiplayer,high_observed_category,online_multiplayer,high_observed_category,not_assessed,none,,unknown,252,,0,high,observed_category:multiplayer; observed_category:multiplayer,ready,1.0.0
www.kongregate.com/games/ninjakiwi/bloons-player-pack-1,Bloons: Player Pack 1,Ninjakiwi,http://www.kongregate.com/games/Ninjakiwi/bloons-player-pack-1,15,2,2008-02-22,2008-02-22,puzzle,puzzle,puzzle,high_observed_category,,none,not_assessed,none,,ninjakiwi,11,,0,high,observed_category:puzzle,ready,1.0.0
www.kongregate.com/games/urbz/mud-and-blood-2,Mud and Blood 2,urbz,http://www.kongregate.com/games/urbz/mud-and-blood-2,15,2,2009-12-09,2009-12-09,,unclassified,,none,,none,not_assessed,none,,urbz,1,,0,none,,ready,1.0.0
www.kongregate.com/games/geosmedia/1010-puzzle-blocks-game,1010 Puzzle Blocks Game,GeosMedia,http://www.kongregate.com/games/GeosMedia/1010-puzzle-blocks-game,15,1,2016-02-02,2016-02-02,,unclassified,,none,,none,not_assessed,none,,geosmedia,3,,0,none,,ready,1.0.0
www.kongregate.com/games/mdgani11/20-clicks,20 Clicks,mdgani11,http://www.kongregate.com/games/mdgani11/20-clicks,15,1,2016-02-28,2016-02-28,,unclassified,,none,,none,not_assessed,none,,mdgani11,1,,0,none,,ready,1.0.0
www.kongregate.com/games/shurf771/3-2-chess,3/2 Chess,shurf771,http://www.kongregate.com/games/shurf771/3-2-chess,15,1,2015-12-05,2015-12-05,,unclassified,,none,,none,not_assessed,none,,shurf771,1,,0,none,,ready,1.0.0
www.kongregate.com/games/rjgonzaleapps/8-ball-pool-multiplayer,8 Ball Pool Multiplayer,rjgonzaleapps,http://www.kongregate.com/games/rjgonzaleapps/8-ball-pool-multiplayer,15,1,2017-07-03,2017-07-03,,unclassified,,none,online_multiplayer_title_signal,medium_title_signal,not_assessed,none,,rjgonzaleapps,1,,0,medium,title_signal:multiplayer,review_title_inference,1.0.0
www.kongregate.com/games/swirly/redacted,[Redacted],swirly,http://www.kongregate.com/games/swirly/redacted,15,1,2016-03-16,2016-03-16,,unclassified,,none,,none,not_assessed,none,,swirly,1,,0,none,,ready,1.0.0
www.kongregate.com/games/amgelescape/amgel-kids-room-escape-26,Amgel Kids Room Escape 26,amgelescape,https://www.kongregate.com/games/amgelescape/amgel-kids-room-escape-26,15,1,2019-08-25,2019-08-25,,escape_room,escape_room,medium_title_signal,,none,not_assessed,none,,amgelescape,2,,0,medium,title_signal:escape_room,review_title_inference,1.0.0
www.kongregate.com/games/rhettblood/annihilation-derby,Annihilation Derby,RhettBlood,http://www.kongregate.com/games/RhettBlood/annihilation-derby,15,1,2016-03-07,2016-03-07,,unclassified,,none,,none,not_assessed,none,,rhettblood,1,,0,none,,ready,1.0.0
www.kongregate.com/games/antraxxgame/antraxx-alpha-demo,Antraxx Alpha Demo,AntraxxGame,http://www.kongregate.com/games/AntraxxGame/antraxx-alpha-demo,15,1,2016-06-22,2016-06-22,,unclassified,,none,,none,not_assessed,none,,antraxxgame,1,,0,none,,ready,1.0.0
www.kongregate.com/games/uranio235/asasdasfdg,asasdasfdg,uranio235,http://www.kongregate.com/games/uranio235/asasdasfdg,15,1,2021-11-12,2021-11-12,,unclassified,,none,,none,not_assessed,none,,uranio235,1,,0,none,,ready,1.0.0
www.kongregate.com/games/king34/ascending-lsd,Ascending LSD,KING34,http://www.kongregate.com/games/KING34/ascending-lsd,15,1,2017-10-24,2017-10-24,,unclassified,,none,,none,not_assessed,none,,king34,1,,0,none,,ready,1.0.0
www.kongregate.com/games/funnypeppygames/babysitting-for-halloween,Babysitting for Halloween,funnypeppygames,http://www.kongregate.com/games/funnypeppygames/babysitting-for-halloween,15,1,2014-10-29,2014-10-29,,unclassified,,none,,none,not_assessed,none,,funnypeppygames,2,,0,none,,ready,1.0.0
www.kongregate.com/games/hibiscus070133/beach-head-angry-birds,Beach Head Angry Birds,hibiscus070133,http://www.kongregate.com/games/hibiscus070133/beach-head-angry-birds,15,1,2014-09-19,2014-09-19,,unclassified,,none,,none,not_assessed,none,,hibiscus070133,4,,0,none,,ready,1.0.0
www.kongregate.com/games/blazejuegos/blaze-bubble,Blaze Bubble,blazejuegos,http://www.kongregate.com/games/blazejuegos/blaze-bubble,15,1,2017-06-16,2017-06-16,,unclassified,,none,,none,not_assessed,none,,blazejuegos,2,,0,none,,ready,1.0.0
www.kongregate.com/games/hushfield/blockbustoid,Blockbustoid,Hushfield,http://www.kongregate.com/games/Hushfield/blockbustoid,15,1,2017-07-12,2017-07-12,,unclassified,,none,,none,not_assessed,none,,hushfield,1,,0,none,,ready,1.0.0
www.kongregate.com/games/gorilazgames/blockpuzzle,blockPuzzle,gorilazgames,http://www.kongregate.com/games/gorilazgames/blockpuzzle,15,1,2017-06-15,2017-06-15,,unclassified,,none,,none,not_assessed,none,,gorilazgames,2,,0,none,,ready,1.0.0
www.kongregate.com/games/jurgist/bloosso-run,Bloosso Run,JurgisT,http://www.kongregate.com/games/JurgisT/bloosso-run,15,1,2016-05-15,2016-05-15,,unclassified,,none,,none,not_assessed,none,,jurgist,1,,0,none,,ready,1.0.0
www.kongregate.com/games/brvasil/botken-assault-and-battery,BOTKEN Assault And Battery,brvasil,http://www.kongregate.com/games/brvasil/botken-assault-and-battery,15,1,2017-08-25,2017-08-25,,unclassified,,none,,none,not_assessed,none,,brvasil,9,,0,none,,ready,1.0.0
www.kongregate.com/games/superma021/boxfall,BoxFall,superma021,http://www.kongregate.com/games/superma021/boxfall,15,1,2017-10-15,2017-10-15,,unclassified,,none,,none,not_assessed,none,,superma021,1,,0,none,,ready,1.0.0
www.kongregate.com/games/mafagames/car-rush-2,Car Rush 2,mafagames,http://www.kongregate.com/games/mafagames/car-rush-2,15,1,2017-09-13,2017-09-13,,unclassified,,none,,none,not_assessed,none,,mafagames,41,,0,none,,ready,1.0.0
www.kongregate.com/games/gunsling3r/car-stunt-simulator,Car Stunt Simulator,Gunsling3r,http://www.kongregate.com/games/Gunsling3r/car-stunt-simulator,15,1,2014-12-17,2014-12-17,,unclassified,,none,,none,not_assessed,none,,gunsling3r,1,,0,none,,ready,1.0.0
www.kongregate.com/games/leaf2games2015/cellblock-prison-escape,Cellblock prison escape,leaf2games2015,http://www.kongregate.com/games/leaf2games2015/cellblock-prison-escape,15,1,2017-05-25,2017-05-25,,escape_room,escape_room,medium_title_signal,,none,not_assessed,none,,leaf2games2015,2,,0,medium,title_signal:escape_room,review_title_inference,1.0.0
www.kongregate.com/games/sandrakim/charmed-in-the-garden,Charmed in the Garden,SandraKim,http://www.kongregate.com/games/SandraKim/charmed-in-the-garden,15,1,2014-09-26,2014-09-26,,unclassified,,none,,none,not_assessed,none,,sandrakim,31,,0,none,,ready,1.0.0
www.kongregate.com/games/enagamess/chase-the-question-paper,Chase the question paper,Enagamess,http://www.kongregate.com/games/Enagamess/chase-the-question-paper,15,1,2016-03-20,2016-03-20,,unclassified,,none,,none,not_assessed,none,,enagamess,68,,0,none,,ready,1.0.0
www.kongregate.com/games/pitanello/chess-3d-the-classic-strategy-game,Chess 3d - the classic strategy game,pitanello,http://www.kongregate.com/games/pitanello/chess-3d-the-classic-strategy-game,15,1,2014-10-24,2014-10-24,,unclassified,,none,,none,not_assessed,none,,pitanello,1,,0,none,,ready,1.0.0
www.kongregate.com/games/hihoy/christmas-tree-decorations,Christmas Tree Decorations,HiHoy,http://www.kongregate.com/games/HiHoy/christmas-tree-decorations,15,1,2014-12-28,2014-12-28,,unclassified,,none,,none,not_assessed,none,,hihoy,1,,0,none,,ready,1.0.0
www.kongregate.com/games/gorilazgames/classictetris,ClassicTetris,gorilazgames,http://www.kongregate.com/games/gorilazgames/classictetris,15,1,2016-08-28,2016-08-28,,unclassified,,none,,none,not_assessed,none,,gorilazgames,2,,0,none,,ready,1.0.0
www.kongregate.com/games/jocmania/crazy-dice,crazy dice,jocmania,http://www.kongregate.com/games/jocmania/crazy-dice,15,1,2015-09-30,2015-09-30,,unclassified,,none,,none,not_assessed,none,,jocmania,1,,0,none,,ready,1.0.0
www.kongregate.com/games/kongregate/curl-up-and-fly,Curl Up and Fly!,Kongregate,http://www.kongregate.com/games/Kongregate/curl-up-and-fly,15,1,2014-08-22,2014-08-22,action,action,action,high_observed_category,,none,not_assessed,none,,kongregate,3,,0,high,observed_category:action,ready,1.0.0
www.kongregate.com/games/newgamess/daf-truck-differences,DAF Truck Differences,newgamess,http://www.kongregate.com/games/newgamess/daf-truck-differences,15,1,2016-08-05,2016-08-05,,unclassified,,none,,none,not_assessed,none,,newgamess,37,,0,none,,ready,1.0.0
www.kongregate.com/games/tommtom9/dark-ascent-wip,Dark Ascent (WIP),tommtom9,http://www.kongregate.com/games/tommtom9/dark-ascent-wip,15,1,2016-01-16,2016-01-16,,unclassified,,none,,none,not_assessed,none,,tommtom9,1,,0,none,,ready,1.0.0
www.kongregate.com/games/armorgames/dark-cut-2,Dark Cut 2,ArmorGames,http://www.kongregate.com/games/ArmorGames/dark-cut-2,15,1,2008-05-01,2008-05-01,puzzle,puzzle,puzzle,high_observed_category,,none,not_assessed,none,,armorgames,22,,0,high,observed_category:puzzle,ready,1.0.0
www.kongregate.com/games/schambulat20/delta-warfare,DELTA warfare,schambulat20,http://www.kongregate.com/games/schambulat20/delta-warfare,15,1,2016-09-03,2016-09-03,,unclassified,,none,,none,not_assessed,none,,schambulat20,1,,0,none,,ready,1.0.0
www.kongregate.com/games/buffalophil/destructodon,Destructodon,BuffaloPhil,http://www.kongregate.com/games/BuffaloPhil/destructodon,15,1,2014-10-09,2014-10-09,,unclassified,,none,,none,not_assessed,none,,buffalophil,2,,0,none,,ready,1.0.0
www.kongregate.com/games/savageselite/discord,discord,savageselite,http://www.kongregate.com/games/savageselite/discord,15,1,2017-08-17,2017-08-17,,unclassified,,none,,none,not_assessed,none,,savageselite,1,,0,none,,ready,1.0.0
www.kongregate.com/games/zueirao34/doblons-oi,Doblons.oi,Zueirao34,http://www.kongregate.com/games/Zueirao34/doblons-oi,15,1,2017-09-04,2017-09-04,,unclassified,,none,,none,not_assessed,none,,zueirao34,3,,0,none,,ready,1.0.0
www.kongregate.com/games/statichs/dodger-ragdoll-edition,Dodger: Ragdoll Edition,StaticHS,http://www.kongregate.com/games/StaticHS/dodger-ragdoll-edition,15,1,2014-09-14,2014-09-14,,unclassified,,none,,none,not_assessed,none,,statichs,1,,0,none,,ready,1.0.0
www.kongregate.com/games/phacanu/dont-destroy-the-ball,DON'T DESTROY THE BALL!,phacanu,http://www.kongregate.com/games/phacanu/dont-destroy-the-ball,15,1,2017-06-04,2017-06-04,,unclassified,,none,,none,not_assessed,none,,phacanu,2,,0,none,,ready,1.0.0
www.kongregate.com/games/qywlgame/dora-and-mermaid-birthday,Dora And Mermaid Birthday,qywlgame,http://www.kongregate.com/games/qywlgame/dora-and-mermaid-birthday,15,1,2014-12-30,2014-12-30,,unclassified,,none,,none,not_assessed,none,,qywlgame,4,,0,none,,ready,1.0.0
www.kongregate.com/games/kairek/dream-halloween,Dream Halloween,kairek,http://www.kongregate.com/games/kairek/dream-halloween,15,1,2016-10-30,2016-10-30,,unclassified,,none,,none,not_assessed,none,,kairek,1,,0,none,,ready,1.0.0
www.kongregate.com/games/paulhtml5/drunk-driver,Drunk Driver,PaulHTML5,http://www.kongregate.com/games/PaulHTML5/drunk-driver,15,1,2016-05-24,2016-05-24,,unclassified,,none,,none,not_assessed,none,,paulhtml5,5,,0,none,,ready,1.0.0
www.kongregate.com/games/mafagames/duck-shooter,Duck Shooter,mafagames,http://www.kongregate.com/games/mafagames/duck-shooter,15,1,2016-05-06,2016-05-06,,unclassified,,none,,none,not_assessed,none,,mafagames,41,,0,none,,ready,1.0.0
www.kongregate.com/games/roguesword/dungeoneers,Dungeoneers,RogueSword,https://www.kongregate.com/games/RogueSword/dungeoneers,15,1,2018-12-22,2018-12-22,,unclassified,,none,,none,not_assessed,none,,roguesword,1,,0,none,,ready,1.0.0
www.kongregate.com/games/gravendusk/e-vade,E-Vade,GravenDusk,http://www.kongregate.com/games/GravenDusk/e-vade,15,1,2017-09-20,2017-09-20,,unclassified,,none,,none,not_assessed,none,,gravendusk,1,,0,none,,ready,1.0.0
www.kongregate.com/games/newgamess/easter-eggs-memory,Easter Eggs Memory,newgamess,http://www.kongregate.com/games/newgamess/easter-eggs-memory,15,1,2016-03-24,2016-03-24,,unclassified,,none,,none,not_assessed,none,,newgamess,37,,0,none,,ready,1.0.0
www.kongregate.com/games/geokureli/endless-flight-2,Endless Flight 2,GeoKureli,https://www.kongregate.com/games/GeoKureli/endless-flight-2,15,1,2023-11-23,2023-11-23,,unclassified,,none,,none,not_assessed,none,,geokureli,1,,0,none,,ready,1.0.0
www.kongregate.com/games/ajazgamesa/escape-game-love-fever,Escape Game Love Fever,AjazgamesA,http://www.kongregate.com/games/AjazgamesA/escape-game-love-fever,15,1,2017-07-29,2017-07-29,,escape_room,escape_room,medium_title_signal,,none,not_assessed,none,,ajazgamesa,1,,0,medium,title_signal:escape_room,review_title_inference,1.0.0
www.kongregate.com/games/nagolinc/fantasy-city-builder,Fantasy City Builder,nagolinc,http://www.kongregate.com/games/nagolinc/fantasy-city-builder,15,1,2016-07-07,2016-07-07,,unclassified,,none,,none,not_assessed,none,,nagolinc,1,,0,none,,ready,1.0.0
www.kongregate.com/games/sandrakim/five-camping-tips,Five Camping Tips,SandraKim,http://www.kongregate.com/games/SandraKim/five-camping-tips,15,1,2015-09-23,2015-09-23,,unclassified,,none,,none,not_assessed,none,,sandrakim,31,,0,none,,ready,1.0.0
www.kongregate.com/games/thenoob20/future-pong-n-w-o,Future PONG N.W.O,TheNoob20,http://www.kongregate.com/games/TheNoob20/future-pong-n-w-o,15,1,2016-08-13,2016-08-13,,unclassified,,none,,none,not_assessed,none,,thenoob20,2,,0,none,,ready,1.0.0
www.kongregate.com/games/nsrgames/girls-room-escape-8,Girls Room Escape 8,Nsrgames,http://www.kongregate.com/games/Nsrgames/girls-room-escape-8,15,1,2017-09-30,2017-09-30,,escape_room,escape_room,medium_title_signal,,none,not_assessed,none,,nsrgames,10,,0,medium,title_signal:escape_room,review_title_inference,1.0.0
www.kongregate.com/games/ruinmasters/guess-the-number,Guess the Number,ruinmasters,http://www.kongregate.com/games/ruinmasters/guess-the-number,15,1,2014-09-12,2014-09-12,,unclassified,,none,,none,not_assessed,none,,ruinmasters,1,,0,none,,ready,1.0.0
www.kongregate.com/games/dslevis/halloween-chunks,Halloween Chunks,dslevis,http://www.kongregate.com/games/dslevis/halloween-chunks,15,1,2016-10-04,2016-10-04,,unclassified,,none,,none,not_assessed,none,,dslevis,6,,0,none,,ready,1.0.0
www.kongregate.com/games/dslevis/halloween-tetriz,Halloween Tetriz,dslevis,http://www.kongregate.com/games/dslevis/halloween-tetriz,15,1,2016-10-18,2016-10-18,,unclassified,,none,,none,not_assessed,none,,dslevis,6,,0,none,,ready,1.0.0
www.kongregate.com/games/cheslava/heart-of-galaxy,Heart of Galaxy,Cheslava,http://www.kongregate.com/games/Cheslava/heart-of-galaxy,15,1,2017-04-01,2017-04-01,,unclassified,,none,,none,not_assessed,none,,cheslava,1,,0,none,,ready,1.0.0
www.kongregate.com/games/yyplay/hello-kitty-defend-the-flowers,Hello Kitty Defend The Flowers,yyplay,http://www.kongregate.com/games/yyplay/hello-kitty-defend-the-flowers,15,1,2014-11-11,2014-11-11,,unclassified,,none,,none,not_assessed,none,,yyplay,1,,0,none,,ready,1.0.0
www.kongregate.com/games/d3garcia/hide,Hide!,d3garcia,http://www.kongregate.com/games/d3garcia/hide,15,1,2017-08-23,2017-08-23,,unclassified,,none,,none,not_assessed,none,,d3garcia,1,,0,none,,ready,1.0.0
www.kongregate.com/games/nicoccino/idle-metropolis,Idle metropolis,NicoCcino,http://www.kongregate.com/games/NicoCcino/idle-metropolis,15,1,2016-03-05,2016-03-05,,idle_incremental,idle_incremental,medium_title_signal,,none,not_assessed,none,,nicoccino,1,,0,medium,title_signal:idle_incremental,review_title_inference,1.0.0
www.kongregate.com/games/cookingstudent2/insert-random-information-here,Insert Random Information Here,CookingStudent2,http://www.kongregate.com/games/CookingStudent2/insert-random-information-here,15,1,2021-01-25,2021-01-25,,unclassified,,none,,none,not_assessed,none,,cookingstudent2,1,,0,none,,ready,1.0.0
www.kongregate.com/games/egees/ittwbi,ittwbi,EGees,http://www.kongregate.com/games/EGees/ittwbi,15,1,2016-06-29,2016-06-29,,unclassified,,none,,none,not_assessed,none,,egees,2,,0,none,,ready,1.0.0
www.kongregate.com/games/kennethbscott/keep-watching,Keep Watching,KennethBScott,http://www.kongregate.com/games/KennethBScott/keep-watching,15,1,2014-12-10,2014-12-10,,unclassified,,none,,none,not_assessed,none,,kennethbscott,1,,0,none,,ready,1.0.0
www.kongregate.com/games/meok95/keep2,Keep2,meok95,http://www.kongregate.com/games/meok95/keep2,15,1,2014-10-13,2014-10-13,,unclassified,,none,,none,not_assessed,none,,meok95,1,,0,none,,ready,1.0.0
www.kongregate.com/games/del7244009/kuizi-biologjia-pjesa-e-2,Kuizi Biologjia - Pjesa e 2,del7244009,http://www.kongregate.com/games/del7244009/kuizi-biologjia-pjesa-e-2,15,1,2015-09-03,2015-09-03,,unclassified,,none,,none,not_assessed,none,,del7244009,6,del7244009:kuizi-biologjia-pjesa-e,3,low,same_developer_series_stem,ready,1.0.0
www.kongregate.com/games/mafagames/labyrinth,Labyrinth,mafagames,http://www.kongregate.com/games/mafagames/labyrinth,15,1,2016-05-23,2016-05-23,,unclassified,,none,,none,not_assessed,none,,mafagames,41,,0,none,,ready,1.0.0
www.kongregate.com/games/emeraldcitygames/lionheart-tactics-web,Lionheart Tactics,EmeraldCityGames,http://www.kongregate.com/games/EmeraldCityGames/lionheart-tactics-web,15,1,2015-03-01,2015-03-01,,unclassified,,none,,none,not_assessed,none,,emeraldcitygames,1,,0,none,,ready,1.0.0
www.kongregate.com/games/gamedots/little-bear-alpha,Little Bear ALPHA,GameDots,http://www.kongregate.com/games/GameDots/little-bear-alpha,15,1,2016-07-20,2016-07-20,,unclassified,,none,,none,not_assessed,none,,gamedots,1,,0,none,,ready,1.0.0
www.kongregate.com/games/mafagames/mad-boy-adventures,Mad Boy Adventures,mafagames,http://www.kongregate.com/games/mafagames/mad-boy-adventures,15,1,2016-10-10,2016-10-10,,unclassified,,none,,none,not_assessed,none,,mafagames,41,,0,none,,ready,1.0.0
www.kongregate.com/games/dakiu/mara-terminal-velocity,Mara Terminal Velocity,Dakiu,http://www.kongregate.com/games/Dakiu/mara-terminal-velocity,15,1,2014-10-10,2014-10-10,,unclassified,,none,,none,not_assessed,none,,dakiu,1,,0,none,,ready,1.0.0
www.kongregate.com/games/scumdog77/massengeschmack-episode-1,Massengeschmack - Episode 1,scumdog77,http://www.kongregate.com/games/scumdog77/massengeschmack-episode-1,15,1,2017-05-16,2017-05-16,,unclassified,,none,,none,not_assessed,none,,scumdog77,2,,0,none,,ready,1.0.0
www.kongregate.com/games/natalibt/mater-cars-puzzle,Mater Cars Puzzle,natalibt,http://www.kongregate.com/games/natalibt/mater-cars-puzzle,15,1,2015-09-09,2015-09-09,,unclassified,,none,,none,not_assessed,none,,natalibt,15,,0,none,,ready,1.0.0
www.kongregate.com/games/saekism/max-dirt-bike-3,Max Dirt Bike 3,Saekism,http://www.kongregate.com/games/Saekism/max-dirt-bike-3,15,1,2014-09-02,2014-09-02,,unclassified,,none,,none,not_assessed,none,,saekism,1,,0,none,,ready,1.0.0
www.kongregate.com/games/gamolition/miami-mafia-hitman,Miami Mafia Hitman,gamolition,http://www.kongregate.com/games/gamolition/miami-mafia-hitman,15,1,2015-09-15,2015-09-15,,unclassified,,none,,none,not_assessed,none,,gamolition,5,,0,none,,ready,1.0.0
www.kongregate.com/games/alberton/minimalistic-slotmachine,Minimalistic Slotmachine,Alberton,http://www.kongregate.com/games/Alberton/minimalistic-slotmachine,15,1,2016-01-25,2016-01-25,,unclassified,,none,,none,not_assessed,none,,alberton,1,,0,none,,ready,1.0.0
www.kongregate.com/games/newgamess/mixer-truck-jigsaw,Mixer Truck Jigsaw,newgamess,http://www.kongregate.com/games/newgamess/mixer-truck-jigsaw,15,1,2016-02-17,2016-02-17,,unclassified,,none,,none,not_assessed,none,,newgamess,37,,0,none,,ready,1.0.0
www.kongregate.com/games/benbean303/monopoly-io,Monopoly IO,benbean303,http://www.kongregate.com/games/benbean303/monopoly-io,15,1,2017-11-06,2017-11-06,,unclassified,,none,,none,not_assessed,none,,benbean303,1,,0,none,,ready,1.0.0
www.kongregate.com/games/darekapps/moto-jumper,Moto Jumper,darekapps,http://www.kongregate.com/games/darekapps/moto-jumper,15,1,2017-10-08,2017-10-08,,unclassified,,none,,none,not_assessed,none,,darekapps,1,,0,none,,ready,1.0.0
www.kongregate.com/games/sandrakim/my-fathers-hotel,My Fathers Hotel,SandraKim,http://www.kongregate.com/games/SandraKim/my-fathers-hotel,15,1,2014-09-05,2014-09-05,,unclassified,,none,,none,not_assessed,none,,sandrakim,31,,0,none,,ready,1.0.0
www.kongregate.com/games/munoz20/my-first-tds-game,my first TDS game,munoz20,http://www.kongregate.com/games/munoz20/my-first-tds-game,15,1,2015-12-26,2015-12-26,,unclassified,,none,,none,not_assessed,none,,munoz20,3,,0,none,,ready,1.0.0
www.kongregate.com/games/tigrra/nami-the-fox,Nami The Fox,Tigrra,http://www.kongregate.com/games/Tigrra/nami-the-fox,15,1,2014-08-29,2014-08-29,,unclassified,,none,,none,not_assessed,none,,tigrra,1,,0,none,,ready,1.0.0
www.kongregate.com/games/sigit_haryo/ninja-quest,Ninja Quest,Sigit_Haryo,http://www.kongregate.com/games/Sigit_Haryo/ninja-quest,15,1,2009-10-14,2009-10-14,,unclassified,,none,,none,not_assessed,none,,sigit-haryo,1,,0,none,,ready,1.0.0
www.kongregate.com/games/hoqpe/pixlaser,Pixlaser,hoqpe,http://www.kongregate.com/games/hoqpe/pixlaser,15,1,2016-07-27,2016-07-27,,unclassified,,none,,none,not_assessed,none,,hoqpe,2,,0,none,,ready,1.0.0
www.kongregate.com/games/doginlake/polygonal-fury,Polygonal Fury,DogInLake,http://www.kongregate.com/games/DogInLake/polygonal-fury,15,1,2009-06-17,2009-06-17,,unclassified,,none,,none,not_assessed,none,,doginlake,1,,0,none,,ready,1.0.0
www.kongregate.com/games/panprezydent/project-game,Project Game,panprezydent,http://www.kongregate.com/games/panprezydent/project-game,15,1,2016-10-24,2016-10-24,,unclassified,,none,,none,not_assessed,none,,panprezydent,1,,0,none,,ready,1.0.0
www.kongregate.com/games/thekastudio/raid-heroes-total-war,Raid Heroes: Total War,thekastudio,http://www.kongregate.com/games/thekastudio/raid-heroes-total-war,15,1,2020-07-16,2020-07-16,,unclassified,,none,,none,not_assessed,none,,thekastudio,1,,0,none,,ready,1.0.0
www.kongregate.com/games/swingshock/reaction-clicker,Reaction Clicker,SwingShock,http://www.kongregate.com/games/SwingShock/reaction-clicker,15,1,2015-09-14,2015-09-14,,idle_incremental,idle_incremental,medium_title_signal,,none,not_assessed,none,,swingshock,1,,0,medium,title_signal:idle_incremental,review_title_inference,1.0.0
www.kongregate.com/games/justin_wang123/rogue-fable-ii,Rogue Fable II,Justin_wang123,http://www.kongregate.com/games/Justin_wang123/rogue-fable-ii,15,1,2017-04-15,2017-03-14,,unclassified,,none,,none,not_assessed,none,,justin-wang123,3,justin-wang123:rogue-fable,3,low,same_developer_series_stem,ready,1.0.0
www.kongregate.com/games/naruku/roller,Roller,Naruku,http://www.kongregate.com/games/Naruku/roller,15,1,2014-08-26,2014-08-26,,unclassified,,none,,none,not_assessed,none,,naruku,1,,0,none,,ready,1.0.0
www.kongregate.com/games/enagamess/save-the-us-president,Save The US President,Enagamess,http://www.kongregate.com/games/Enagamess/save-the-us-president,15,1,2014-09-20,2014-09-20,,unclassified,,none,,none,not_assessed,none,,enagamess,68,,0,none,,ready,1.0.0
www.kongregate.com/games/enagamess/skull-castle,Skull Castle,Enagamess,http://www.kongregate.com/games/Enagamess/skull-castle,15,1,2017-07-28,2017-07-28,,unclassified,,none,,none,not_assessed,none,,enagamess,68,,0,none,,ready,1.0.0
www.kongregate.com/games/r_games/slimes-and-jumps2,slimes and jumps2,R_games,http://www.kongregate.com/games/R_games/slimes-and-jumps2,15,1,2016-09-17,2016-09-17,,unclassified,,none,,none,not_assessed,none,,r-games,1,,0,none,,ready,1.0.0
www.kongregate.com/games/mafagames/space-trip,Space Trip,mafagames,http://www.kongregate.com/games/mafagames/space-trip,15,1,2017-07-20,2017-07-20,,unclassified,,none,,none,not_assessed,none,,mafagames,41,,0,none,,ready,1.0.0
www.kongregate.com/games/alincviv/spacefight,SpaceFight,alincviv,http://www.kongregate.com/games/alincviv/spacefight,15,1,2014-10-17,2014-10-17,,unclassified,,none,,none,not_assessed,none,,alincviv,1,,0,none,,ready,1.0.0
www.kongregate.com/games/naivegames/spin-it,Spin It,NaiveGames,http://www.kongregate.com/games/NaiveGames/spin-it,15,1,2016-10-17,2016-10-17,,unclassified,,none,,none,not_assessed,none,,naivegames,1,,0,none,,ready,1.0.0
www.kongregate.com/games/jinfox91/stampede,Stampede,jinfox91,http://www.kongregate.com/games/jinfox91/stampede,15,1,2014-11-25,2014-11-25,,unclassified,,none,,none,not_assessed,none,,jinfox91,1,,0,none,,ready,1.0.0
www.kongregate.com/games/oyunlar1com/super-hair-salon,Super Hair Salon,oyunlar1com,http://www.kongregate.com/games/oyunlar1com/super-hair-salon,15,1,2014-08-22,2014-08-22,,unclassified,,none,,none,not_assessed,none,,oyunlar1com,1,,0,none,,ready,1.0.0
www.kongregate.com/games/kendrickj011/super-treasure-hunt,Super Treasure Hunt,kendrickj011,http://www.kongregate.com/games/kendrickj011/super-treasure-hunt,15,1,2017-05-05,2017-05-05,,unclassified,,none,,none,not_assessed,none,,kendrickj011,1,,0,none,,ready,1.0.0
www.kongregate.com/games/mossystump/sweet-colony,Sweet Colony!,MossyStump,http://www.kongregate.com/games/MossyStump/sweet-colony,15,1,2016-06-04,2016-06-04,,unclassified,,none,,none,not_assessed,none,,mossystump,1,,0,none,,ready,1.0.0
www.kongregate.com/games/gamebrew/tactics-100-live-v1-5,Tactics 100 Live v1.5,Gamebrew,http://www.kongregate.com/games/Gamebrew/tactics-100-live-v1-5,15,1,2007-10-11,2007-10-11,,unclassified,,none,,none,not_assessed,none,,gamebrew,1,,0,none,,ready,1.0.0
www.kongregate.com/games/varagtp/tap-heroes,Tap Heroes,VaragtP,http://www.kongregate.com/games/VaragtP/tap-heroes,15,1,2015-03-31,2015-03-31,,unclassified,,none,,none,not_assessed,none,,varagtp,1,,0,none,,ready,1.0.0
www.kongregate.com/games/herlyke/tei-gi,Tei-Gi,Herlyke,http://www.kongregate.com/games/Herlyke/tei-gi,15,1,2017-08-05,2017-08-05,,unclassified,,none,,none,not_assessed,none,,herlyke,2,,0,none,,ready,1.0.0
www.kongregate.com/games/newgamess/tesla-x-jigsaw,Tesla X Jigsaw,newgamess,http://www.kongregate.com/games/newgamess/tesla-x-jigsaw,15,1,2016-06-13,2016-06-13,,unclassified,,none,,none,not_assessed,none,,newgamess,37,,0,none,,ready,1.0.0
www.kongregate.com/games/nicolo974jtm34/test-2,Test 2,Nicolo974jtm34,http://www.kongregate.com/games/Nicolo974jtm34/test-2,15,1,2014-10-03,2014-10-03,,unclassified,,none,,none,not_assessed,none,,nicolo974jtm34,3,,0,none,,ready,1.0.0
www.kongregate.com/games/mrwillowb/tetrus-3d,Tetrus 3D,mrwillowb,http://www.kongregate.com/games/mrwillowb/tetrus-3d,15,1,2016-09-23,2016-09-23,,unclassified,,none,,none,not_assessed,none,,mrwillowb,1,,0,none,,ready,1.0.0
www.kongregate.com/games/danwon67/the-ball-game,The ball game,danwon67,http://www.kongregate.com/games/danwon67/the-ball-game,15,1,2016-07-14,2016-07-14,,unclassified,,none,,none,not_assessed,none,,danwon67,2,,0,none,,ready,1.0.0
www.kongregate.com/games/305070/the-grand-plaza-underground,The Grand Plaza Underground,305070,http://www.kongregate.com/games/305070/the-grand-plaza-underground,15,1,2017-05-26,2017-05-26,,unclassified,,none,,none,not_assessed,none,,305070,2,,0,none,,ready,1.0.0
www.kongregate.com/games/piglet777/the-impossible-game,The Impossible Game,piglet777,http://www.kongregate.com/games/piglet777/the-impossible-game,15,1,2016-06-05,2016-06-05,,unclassified,,none,,none,not_assessed,none,,piglet777,1,,0,none,,ready,1.0.0
www.kongregate.com/games/enagamess/the-scorpion-lair,The Scorpion Lair,Enagamess,http://www.kongregate.com/games/Enagamess/the-scorpion-lair,15,1,2017-06-25,2017-06-25,,unclassified,,none,,none,not_assessed,none,,enagamess,68,,0,none,,ready,1.0.0
www.kongregate.com/games/zeebarf/the-several-journeys-of-reemus-chapter-3,The Several Journeys of Reemus: Chapter 3,zeebarf,http://www.kongregate.com/games/zeebarf/the-several-journeys-of-reemus-chapter-3,15,1,2009-07-06,2009-07-06,,unclassified,,none,,none,not_assessed,none,,zeebarf,2,zeebarf:the-several-journeys-of-reemus,2,low,same_developer_series_stem,ready,1.0.0
www.kongregate.com/games/nsrgames/twist-escape-2,Twist Escape 2,Nsrgames,http://www.kongregate.com/games/Nsrgames/twist-escape-2,15,1,2017-08-11,2017-08-11,,escape_room,escape_room,medium_title_signal,,none,not_assessed,none,,nsrgames,10,nsrgames:twist-escape,2,medium,title_signal:escape_room; same_developer_series_stem,review_title_inference,1.0.0
www.kongregate.com/games/dgao2020/uh-oh-ufo-2,Uh-Oh UFO! 2,dgao2020,http://www.kongregate.com/games/dgao2020/uh-oh-ufo-2,15,1,2016-09-16,2016-09-16,,unclassified,,none,,none,not_assessed,none,,dgao2020,1,,0,none,,ready,1.0.0
www.kongregate.com/games/prepkunow/unity-ball-roller,Unity Ball Roller,prepkunow,http://www.kongregate.com/games/prepkunow/unity-ball-roller,15,1,2015-04-01,2015-04-01,,unclassified,,none,,none,not_assessed,none,,prepkunow,1,,0,none,,ready,1.0.0
www.kongregate.com/games/guruguy69/unitygametest1-v1-0,UnityGameTest1_v1.0,Guruguy69,http://www.kongregate.com/games/Guruguy69/unitygametest1-v1-0,15,1,2016-08-20,2016-08-20,,unclassified,,none,,none,not_assessed,none,,guruguy69,1,,0,none,,ready,1.0.0
www.kongregate.com/games/m2hgames/verdun,Verdun,M2Hgames,http://www.kongregate.com/games/M2Hgames/verdun,15,1,2016-08-17,2016-08-17,shooter,shooter,shooter,high_observed_category,,none,not_assessed,none,,m2hgames,1,,0,high,observed_category:shooter,ready,1.0.0
www.kongregate.com/games/darksharkmark/what-stars-are-made-of-pre-alpha,What Stars are Made of (Pre-Alpha),darksharkmark,http://www.kongregate.com/games/darksharkmark/what-stars-are-made-of-pre-alpha,15,1,2014-12-02,2014-12-02,,unclassified,,none,,none,not_assessed,none,,darksharkmark,1,,0,none,,ready,1.0.0
www.kongregate.com/games/aiursrage2k/xmas-brickout,Xmas Brickout,Aiursrage2k,http://www.kongregate.com/games/Aiursrage2k/xmas-brickout,15,1,2015-12-18,2015-12-18,,unclassified,,none,,none,not_assessed,none,,aiursrage2k,2,,0,none,,ready,1.0.0
www.kongregate.com/games/eaglelord567/zombieassault,ZombieAssault,eaglelord567,http://www.kongregate.com/games/eaglelord567/zombieassault,15,1,2016-01-02,2016-01-02,,unclassified,,none,,none,not_assessed,none,,eaglelord567,1,,0,none,,ready,1.0.0
www.kongregate.com/games/paulliam80/madness-project-nexus-party-mod,Madness Project Nexus [Party Mod],paulliam80,https://www.kongregate.com/games/paulliam80/madness-project-nexus-party-mod,16,31,2018-05-07,2018-05-07,shooter,shooter,shooter,high_observed_category,,none,not_assessed,none,,paulliam80,1,,0,high,observed_category:shooter,ready,1.0.0
www.kongregate.com/games/backburner/pirates-of-the-stupid-seas,Pirates of the Stupid Seas!,backburner,https://www.kongregate.com/en/games/backburner/pirates-of-the-stupid-seas,16,27,2024-06-05,2012-03-22,action,action,action,high_observed_category,,none,not_assessed,none,,backburner,1,,0,high,observed_category:action,ready,1.0.0
www.kongregate.com/games/herointeractive/bubble-tanks-td-1-5,Bubble Tanks TD 1.5,HeroInteractive,https://www.kongregate.com/en/games/HeroInteractive/bubble-tanks-td-1-5,16,14,2023-10-28,2010-08-26,tower-defense,tower_defense,tower_defense,high_observed_category,,none,not_assessed,none,,herointeractive,8,,0,high,observed_category:tower_defense,ready,1.0.0
www.kongregate.com/games/nivalpublishing/prime-world-defenders,Prime World: Defenders,NivalPublishing,http://www.kongregate.com/games/NivalPublishing/prime-world-defenders,16,12,2014-11-01,2014-11-01,tower-defense,tower_defense,tower_defense,high_observed_category,,none,not_assessed,none,,nivalpublishing,2,,0,high,observed_category:tower_defense,ready,1.0.0
www.kongregate.com/games/violatorgames/legend-of-the-void-2,Legend of the Void 2,violatorgames,http://www.kongregate.com/games/violatorgames/legend-of-the-void-2,16,8,2015-04-01,2015-04-01,adventure,adventure,adventure,high_observed_category,,none,not_assessed,none,,violatorgames,1,,0,high,observed_category:adventure,ready,1.0.0
www.kongregate.com/games/kingswill/idle-tree,Idle Tree,KingsWill,http://www.kongregate.com/games/KingsWill/idle-tree,16,7,2014-11-02,2014-11-02,idle,idle_incremental,idle_incremental,high_observed_category,idle_progression,high_observed_category,not_assessed,none,,kingswill,1,,0,high,observed_category:idle_incremental; observed_category:idle,ready,1.0.0
www.kongregate.com/games/fusionary/swoop-to-nuts,Swoop-to-Nuts,Fusionary,http://www.kongregate.com/games/Fusionary/swoop-to-nuts,16,6,2016-05-25,2016-05-25,,unclassified,,none,,none,not_assessed,none,,fusionary,1,,0,none,,ready,1.0.0
www.kongregate.com/games/imp2/endless-flight-2,Endless Flight 2,imp2,http://www.kongregate.com/games/imp2/endless-flight-2,16,5,2007-05-06,2006-10-21,,unclassified,,none,,none,not_assessed,none,,imp2,1,,0,none,,ready,1.0.0
www.kongregate.com/games/nplay/begone-warland-2,BeGone: WarLand 2,,https://www.kongregate.com/en/games/nplay/begone-warland-2,16,4,2026-07-01,2015-04-15,mmo,role_playing,role_playing,high_observed_category,massively_multiplayer,high_observed_category,not_assessed,none,,unknown,252,,0,high,observed_category:role_playing; observed_category:mmo,ready,1.0.0
www.kongregate.com/games/junjo/deck-adventurers-chapter-1,Deck Adventurers - Chapter 1,,https://www.kongregate.com/en/games/Junjo/deck-adventurers-chapter-1,16,4,2026-07-01,2020-04-26,card,card_strategy,card_strategy,high_observed_category,persistent_card_game,high_observed_category,not_assessed,none,,unknown,252,,0,high,observed_category:card_strategy; observed_category:card,ready,1.0.0
www.kongregate.com/games/jamesg466/dope-slinger-tycoon,Dope Slinger Tycoon,JamesG466,http://www.kongregate.com/games/JamesG466/dope-slinger-tycoon,16,4,2017-05-06,2017-05-06,,unclassified,,none,,none,not_assessed,none,,jamesg466,2,,0,none,,ready,1.0.0
www.kongregate.com/games/kingdotcom/reachin-pichin,Reachin' Pichin,,https://www.kongregate.com/en/games/KingDotCom/reachin-pichin,16,4,2026-07-01,2010-10-14,sports-racing,sports_racing,sports_racing,high_observed_category,,none,not_assessed,none,,unknown,252,,0,high,observed_category:sports_racing,ready,1.0.0
www.kongregate.com/games/zukhov/the-madness-scene-creator-beta,The madness scene creator BETA,,https://www.kongregate.com/en/games/Zukhov/the-madness-scene-creator-beta,16,4,2026-07-01,2015-06-17,more,other,other,high_observed_category,,none,not_assessed,none,,unknown,252,,0,high,observed_category:other,ready,1.0.0
www.kongregate.com/games/jumpinjackus/3d-puzzle-game-jumpin-jack,3D Puzzle Game - Jumpin Jack,jumpinjackus,http://www.kongregate.com/games/jumpinjackus/3d-puzzle-game-jumpin-jack,16,1,2014-08-29,2014-08-29,,unclassified,,none,,none,not_assessed,none,,jumpinjackus,2,,0,none,,ready,1.0.0
www.kongregate.com/games/enagamess/abandoned-castle,Abandoned Castle,Enagamess,http://www.kongregate.com/games/Enagamess/abandoned-castle,16,1,2017-07-20,2017-07-20,,unclassified,,none,,none,not_assessed,none,,enagamess,68,,0,none,,ready,1.0.0
www.kongregate.com/games/maximm205/abyss-dota,Abyss Dota | Информатор,MaximM205,http://www.kongregate.com/games/MaximM205/abyss-dota,16,1,2016-10-30,2016-10-30,,unclassified,,none,,none,not_assessed,none,,maximm205,1,,0,none,,ready,1.0.0
www.kongregate.com/games/edylanelap/alien-attack,Alien attack,Edylanelap,http://www.kongregate.com/games/Edylanelap/alien-attack,16,1,2014-10-09,2014-10-09,,unclassified,,none,,none,not_assessed,none,,edylanelap,1,,0,none,,ready,1.0.0
www.kongregate.com/games/hibiscus070133/angry-birds-space-labyrinth,Angry Birds Space Labyrinth,hibiscus070133,http://www.kongregate.com/games/hibiscus070133/angry-birds-space-labyrinth,16,1,2014-09-19,2014-09-19,,unclassified,,none,,none,not_assessed,none,,hibiscus070133,4,,0,none,,ready,1.0.0
www.kongregate.com/games/game4joy1/angry-daigekitou,Angry Daigekitou,game4joy1,http://www.kongregate.com/games/game4joy1/angry-daigekitou,16,1,2014-11-11,2014-11-11,,unclassified,,none,,none,not_assessed,none,,game4joy1,7,,0,none,,ready,1.0.0
www.kongregate.com/games/gamer70008000/ball-chase-4,Ball Chase 4,gamer70008000,http://www.kongregate.com/games/gamer70008000/ball-chase-4,16,1,2016-07-14,2016-07-14,,unclassified,,none,,none,not_assessed,none,,gamer70008000,8,,0,none,,ready,1.0.0
www.kongregate.com/games/bpdev/battle-pirates-hotfix,Battle Pirates Hotfix,BPDev,http://www.kongregate.com/games/BPDev/battle-pirates-hotfix,16,1,2017-07-12,2017-07-12,,unclassified,,none,,none,not_assessed,none,,bpdev,1,,0,none,,ready,1.0.0
www.kongregate.com/games/spencer1237/bow-and-hunt,Bow and hunt,spencer1237,https://www.kongregate.com/games/spencer1237/bow-and-hunt,16,1,2019-08-25,2019-08-25,,unclassified,,none,,none,not_assessed,none,,spencer1237,1,,0,none,,ready,1.0.0
www.kongregate.com/games/gamer70008000/bowling-game,Bowling Game,gamer70008000,http://www.kongregate.com/games/gamer70008000/bowling-game,16,1,2014-09-14,2014-09-14,,unclassified,,none,,none,not_assessed,none,,gamer70008000,8,,0,none,,ready,1.0.0
www.kongregate.com/games/enagamess/brothers-treasure-recovery-16,Brothers Treasure Recovery 16,Enagamess,http://www.kongregate.com/games/Enagamess/brothers-treasure-recovery-16,16,1,2016-05-24,2016-05-24,,unclassified,,none,,none,not_assessed,none,,enagamess,68,enagamess:brothers-treasure-recovery,3,low,same_developer_series_stem,ready,1.0.0
www.kongregate.com/games/newkrok/castle-monster,Castle Monster,NewKrok,http://www.kongregate.com/games/NewKrok/castle-monster,16,1,2014-09-26,2014-09-26,,unclassified,,none,,none,not_assessed,none,,newkrok,2,,0,none,,ready,1.0.0
www.kongregate.com/games/asute/cat-box-bowling,Cat Box Bowling,asute,http://www.kongregate.com/games/asute/cat-box-bowling,16,1,2014-10-17,2014-10-17,,unclassified,,none,,none,not_assessed,none,,asute,1,,0,none,,ready,1.0.0
www.kongregate.com/games/mrbaidu/chat-public-or-private,Chat Public or Private,MrBaidu,http://www.kongregate.com/games/MrBaidu/chat-public-or-private,16,1,2016-07-27,2016-07-27,,unclassified,,none,,none,not_assessed,none,,mrbaidu,1,,0,none,,ready,1.0.0
www.kongregate.com/games/mafagames/christmas-memory,Christmas Memory,mafagames,http://www.kongregate.com/games/mafagames/christmas-memory,16,1,2016-10-10,2016-10-10,,unclassified,,none,,none,not_assessed,none,,mafagames,41,,0,none,,ready,1.0.0
www.kongregate.com/games/exedysstudios/chronolia-demo,Chronolia DEMO,ExedysStudios,http://www.kongregate.com/games/ExedysStudios/chronolia-demo,16,1,2017-06-16,2017-06-16,,unclassified,,none,,none,not_assessed,none,,exedysstudios,1,,0,none,,ready,1.0.0
www.kongregate.com/games/cookie1up/cookies-maze,Cookies Maze,cookie1up,http://www.kongregate.com/games/cookie1up/cookies-maze,16,1,2014-12-02,2014-12-02,,unclassified,,none,,none,not_assessed,none,,cookie1up,1,,0,none,,ready,1.0.0
www.kongregate.com/games/delguapo/corporate-volcano,Corporate Volcano,delguapo,http://www.kongregate.com/games/delguapo/corporate-volcano,16,1,2016-06-22,2016-06-22,,unclassified,,none,,none,not_assessed,none,,delguapo,1,,0,none,,ready,1.0.0
www.kongregate.com/games/steveroll/curiosity,Curiosity,steVeRoll,http://www.kongregate.com/games/steVeRoll/curiosity,16,1,2015-04-01,2015-04-01,,unclassified,,none,,none,not_assessed,none,,steveroll,1,,0,none,,ready,1.0.0
www.kongregate.com/games/vermillion_gd/dimensional-beta,Dimensional (beta),Vermillion_gd,http://www.kongregate.com/games/Vermillion_gd/dimensional-beta,16,1,2017-07-03,2017-07-03,,unclassified,,none,,none,not_assessed,none,,vermillion-gd,2,,0,none,,ready,1.0.0
www.kongregate.com/games/marydressupgames/elsa-facial-skin-care,Elsa Facial Skin Care,marydressupgames,http://www.kongregate.com/games/marydressupgames/elsa-facial-skin-care,16,1,2016-02-28,2016-02-28,,unclassified,,none,,none,not_assessed,none,,marydressupgames,1,,0,none,,ready,1.0.0
www.kongregate.com/games/k25507891/elsa-pretty-legs-spa,Elsa Pretty Legs Spa,k25507891,http://www.kongregate.com/games/k25507891/elsa-pretty-legs-spa,16,1,2015-09-23,2015-09-23,,unclassified,,none,,none,not_assessed,none,,k25507891,8,,0,none,,ready,1.0.0
www.kongregate.com/games/zueirao34/figure-fighting-2-4-beta,Figure Fighting 2.4 Beta,Zueirao34,http://www.kongregate.com/games/Zueirao34/figure-fighting-2-4-beta,16,1,2017-09-04,2017-09-04,,unclassified,,none,,none,not_assessed,none,,zueirao34,3,,0,none,,ready,1.0.0
www.kongregate.com/games/ratan81/find-colors-mastermind,Find Colors (MasterMind),Ratan81,http://www.kongregate.com/games/Ratan81/find-colors-mastermind,16,1,2016-03-05,2016-03-05,,unclassified,,none,,none,not_assessed,none,,ratan81,1,,0,none,,ready,1.0.0
www.kongregate.com/games/solomanolo/food,food,solomanolo,http://www.kongregate.com/games/solomanolo/food,16,1,2016-09-03,2016-09-03,,unclassified,,none,,none,not_assessed,none,,solomanolo,1,,0,none,,ready,1.0.0
www.kongregate.com/games/surre02/footballmanager-online,FootballManager Online,surre02,http://www.kongregate.com/games/surre02/footballmanager-online,16,1,2014-09-05,2014-09-05,,unclassified,,none,,none,not_assessed,none,,surre02,2,,0,none,,ready,1.0.0
www.kongregate.com/games/psyopticgames/fufus-nightmare,Fufu's Nightmare,psyopticgames,http://www.kongregate.com/games/psyopticgames/fufus-nightmare,16,1,2016-08-20,2016-08-20,,unclassified,,none,,none,not_assessed,none,,psyopticgames,1,,0,none,,ready,1.0.0
www.kongregate.com/games/gigasun/giga-sun-class-game-03,Giga Sun Class Game 03,gigasun,http://www.kongregate.com/games/gigasun/giga-sun-class-game-03,16,1,2016-09-23,2016-09-23,,unclassified,,none,,none,not_assessed,none,,gigasun,3,gigasun:giga-sun-class-game,2,low,same_developer_series_stem,ready,1.0.0
www.kongregate.com/games/305070/grand-plaza-of-plazas,Grand Plaza of Plazas,305070,http://www.kongregate.com/games/305070/grand-plaza-of-plazas,16,1,2017-05-26,2017-05-26,,unclassified,,none,,none,not_assessed,none,,305070,2,,0,none,,ready,1.0.0
www.kongregate.com/games/jingax/groglo-grow2glow,groglo - Grow2Glow,jingax,http://www.kongregate.com/games/jingax/groglo-grow2glow,16,1,2015-09-14,2015-09-14,,unclassified,,none,,none,not_assessed,none,,jingax,1,,0,none,,ready,1.0.0
www.kongregate.com/games/yell/halloween-castle,Halloween Castle,yell,http://www.kongregate.com/games/yell/halloween-castle,16,1,2016-10-17,2016-10-17,,unclassified,,none,,none,not_assessed,none,,yell,2,,0,none,,ready,1.0.0
www.kongregate.com/games/enagamess/halloween-cat-escape,Halloween Cat Escape,Enagamess,http://www.kongregate.com/games/Enagamess/halloween-cat-escape,16,1,2014-09-20,2014-09-20,,escape_room,escape_room,medium_title_signal,,none,not_assessed,none,,enagamess,68,,0,medium,title_signal:escape_room,review_title_inference,1.0.0
www.kongregate.com/games/gdp333572/halloween-vs-christmas,Halloween vs christmas,GDP333572,http://www.kongregate.com/games/GDP333572/halloween-vs-christmas,16,1,2017-10-24,2017-10-24,,unclassified,,none,,none,not_assessed,none,,gdp333572,1,,0,none,,ready,1.0.0
www.kongregate.com/games/shlte/hard-fart-early-release,HARD FART (Early Release),shlte,http://www.kongregate.com/games/shlte/hard-fart-early-release,16,1,2016-01-02,2016-01-02,,unclassified,,none,,none,not_assessed,none,,shlte,1,,0,none,,ready,1.0.0
www.kongregate.com/games/r2games/heroes-of-the-banner,Heroes of The Banner,R2Games,http://www.kongregate.com/games/R2Games/heroes-of-the-banner,16,1,2015-05-12,2015-05-12,,unclassified,,none,,none,publisher_portfolio_candidate,medium_curated_publisher,publisher_signal:r2games,r2games,2,,0,medium,publisher_signal:r2games,review_social_platform,1.0.0
www.kongregate.com/games/heroestactics/heroes-tactics,Heroes Tactics,heroestactics,http://www.kongregate.com/games/heroestactics/heroes-tactics,16,1,2017-06-24,2016-11-17,,unclassified,,none,,none,not_assessed,none,,heroestactics,1,,0,none,,ready,1.0.0
www.kongregate.com/games/toweld/hexad,Hexad,toweld,http://www.kongregate.com/games/toweld/hexad,16,1,2015-03-27,2015-03-27,puzzle,puzzle,puzzle,high_observed_category,,none,not_assessed,none,,toweld,1,,0,high,observed_category:puzzle,ready,1.0.0
www.kongregate.com/games/rex9109/highscore-clicker,Highscore Clicker,rex9109,http://www.kongregate.com/games/rex9109/highscore-clicker,16,1,2017-05-16,2017-05-16,,idle_incremental,idle_incremental,medium_title_signal,,none,not_assessed,none,,rex9109,1,,0,medium,title_signal:idle_incremental,review_title_inference,1.0.0
www.kongregate.com/games/jamboska/icons-one,Icons One,jamboska,http://www.kongregate.com/games/jamboska/icons-one,16,1,2014-10-24,2014-10-24,,unclassified,,none,,none,not_assessed,none,,jamboska,1,,0,none,,ready,1.0.0
www.kongregate.com/games/cool_guy76/idle-runner,Idle Runner,cool_guy76,http://www.kongregate.com/games/cool_guy76/idle-runner,16,1,2017-06-25,2017-06-25,,idle_incremental,idle_incremental,medium_title_signal,,none,not_assessed,none,,cool-guy76,1,,0,medium,title_signal:idle_incremental,review_title_inference,1.0.0
www.kongregate.com/games/huhibuu/islandsettler,Islandsettler,Huhibuu,http://www.kongregate.com/games/Huhibuu/islandsettler,16,1,2015-12-26,2015-12-26,,unclassified,,none,,none,not_assessed,none,,huhibuu,1,,0,none,,ready,1.0.0
www.kongregate.com/games/gamesrishti/jungle-gems,Jungle Gems,gamesrishti,http://www.kongregate.com/games/gamesrishti/jungle-gems,16,1,2016-07-20,2016-07-20,,unclassified,,none,,none,not_assessed,none,,gamesrishti,5,,0,none,,ready,1.0.0
www.kongregate.com/games/del7244009/kuizi-autoshkolla-testi-1,Kuizi Autoshkolla - Testi 1,del7244009,http://www.kongregate.com/games/del7244009/kuizi-autoshkolla-testi-1,16,1,2015-09-03,2015-09-03,,unclassified,,none,,none,not_assessed,none,,del7244009,6,,0,none,,ready,1.0.0
www.kongregate.com/games/dexterreal/lake-crusade,Lake Crusade,DexterReal,http://www.kongregate.com/games/DexterReal/lake-crusade,16,1,2017-07-28,2017-07-28,,unclassified,,none,,none,not_assessed,none,,dexterreal,2,,0,none,,ready,1.0.0
www.kongregate.com/games/andracpotavski/link-adventures,Link ADVENTURES,andracpotavski,http://www.kongregate.com/games/andracpotavski/link-adventures,16,1,2017-10-08,2017-10-08,,unclassified,,none,,none,not_assessed,none,,andracpotavski,1,,0,none,,ready,1.0.0
www.kongregate.com/games/quicksailor/magma-treasure-cave-escape,Magma Treasure Cave Escape,quicksailor,http://www.kongregate.com/games/quicksailor/magma-treasure-cave-escape,16,1,2014-12-10,2014-12-10,,escape_room,escape_room,medium_title_signal,,none,not_assessed,none,,quicksailor,7,,0,medium,title_signal:escape_room,review_title_inference,1.0.0
www.kongregate.com/games/flamingpiece/mario-crossover,Mario Crossover,flamingpiece,http://www.kongregate.com/games/flamingpiece/mario-crossover,16,1,2016-03-20,2016-03-20,,unclassified,,none,,none,not_assessed,none,,flamingpiece,1,,0,none,,ready,1.0.0
www.kongregate.com/games/erendis42/maze-platformer,Maze Platformer,Erendis42,http://www.kongregate.com/games/Erendis42/maze-platformer,16,1,2016-08-05,2016-08-05,,unclassified,,none,,none,not_assessed,none,,erendis42,1,,0,none,,ready,1.0.0
www.kongregate.com/games/ba4t/maze-race,Maze Race,BA4T,http://www.kongregate.com/games/BA4T/maze-race,16,1,2014-10-29,2014-10-29,,unclassified,,none,,none,not_assessed,none,,ba4t,1,,0,none,,ready,1.0.0
www.kongregate.com/games/killingpigs123/miner-2,Miner 2,KillingPigs123,http://www.kongregate.com/games/KillingPigs123/miner-2,16,1,2015-09-09,2015-09-09,,unclassified,,none,,none,not_assessed,none,,killingpigs123,1,,0,none,,ready,1.0.0
www.kongregate.com/games/newgamess/mini-countryman-jigsaw,Mini Countryman Jigsaw,newgamess,http://www.kongregate.com/games/newgamess/mini-countryman-jigsaw,16,1,2016-03-16,2016-03-16,,unclassified,,none,,none,not_assessed,none,,newgamess,37,,0,none,,ready,1.0.0
www.kongregate.com/games/barricados/mini-lab,Mini Lab,barricados,http://www.kongregate.com/games/barricados/mini-lab,16,1,2017-06-15,2017-06-15,,unclassified,,none,,none,not_assessed,none,,barricados,1,,0,none,,ready,1.0.0
www.kongregate.com/games/rhmgames/monster-truck-coloring,Monster Truck Coloring,RHMGames,http://www.kongregate.com/games/RHMGames/monster-truck-coloring,16,1,2014-09-26,2014-09-26,,unclassified,,none,,none,not_assessed,none,,rhmgames,4,,0,none,,ready,1.0.0
www.kongregate.com/games/chennaigames/mr-racer-car-racing,MR RACER - Car Racing,ChennaiGames,http://www.kongregate.com/games/ChennaiGames/mr-racer-car-racing,16,1,2024-01-21,2024-01-21,,sports_racing,sports_racing,medium_title_signal,,none,not_assessed,none,,chennaigames,1,,0,medium,title_signal:sports_racing,review_title_inference,1.0.0
www.kongregate.com/games/boxingwolf/nations-at-war,Nations At War,Boxingwolf,http://www.kongregate.com/games/Boxingwolf/nations-at-war,16,1,2016-09-16,2016-09-16,,unclassified,,none,,none,not_assessed,none,,boxingwolf,1,,0,none,,ready,1.0.0
www.kongregate.com/games/kizigames/nuke-gun,Nuke Gun,kizigames,http://www.kongregate.com/games/kizigames/nuke-gun,16,1,2016-03-07,2016-03-07,,unclassified,,none,,none,not_assessed,none,,kizigames,3,,0,none,,ready,1.0.0
www.kongregate.com/games/leaf2games2015/old-dungeon-house-escape,Old Dungeon House escape,leaf2games2015,http://www.kongregate.com/games/leaf2games2015/old-dungeon-house-escape,16,1,2017-05-25,2017-05-25,,escape_room,escape_room,medium_title_signal,,none,not_assessed,none,,leaf2games2015,2,,0,medium,title_signal:escape_room,review_title_inference,1.0.0
www.kongregate.com/games/playitonline/old-mine-escape,Old Mine Escape,playitonline,http://www.kongregate.com/games/playitonline/old-mine-escape,16,1,2016-05-06,2016-05-06,,escape_room,escape_room,medium_title_signal,,none,not_assessed,none,,playitonline,2,,0,medium,title_signal:escape_room,review_title_inference,1.0.0
www.kongregate.com/games/oyunlaroynama/online-car-game,Online Car Game,oyunlaroynama,http://www.kongregate.com/games/oyunlaroynama/online-car-game,16,1,2014-10-31,2014-10-31,,unclassified,,none,,none,not_assessed,none,,oyunlaroynama,2,,0,none,,ready,1.0.0
www.kongregate.com/games/nickj66/outerspace-pitball-offical,OuterSpace [PitBall] Offical,NickJ66,http://www.kongregate.com/games/NickJ66/outerspace-pitball-offical,16,1,2014-10-10,2014-10-10,,unclassified,,none,,none,not_assessed,none,,nickj66,3,,0,none,,ready,1.0.0
www.kongregate.com/games/lemonindieg/peppa-pig-ice-cream-shop,Peppa Pig Ice Cream Shop,lemonindieg,http://www.kongregate.com/games/lemonindieg/peppa-pig-ice-cream-shop,16,1,2014-10-13,2014-10-13,,unclassified,,none,,none,not_assessed,none,,lemonindieg,3,,0,none,,ready,1.0.0
www.kongregate.com/games/capjsheridan/pewdiepie-amazing-bro-adventure,PewDiePie - Amazing Bro Adventure,CapJSheridan,http://www.kongregate.com/games/CapJSheridan/pewdiepie-amazing-bro-adventure,16,1,2014-11-25,2014-11-25,,unclassified,,none,,none,not_assessed,none,,capjsheridan,1,,0,none,,ready,1.0.0
www.kongregate.com/games/lostraidertv/ping-pong-special,Ping-Pong-Special,LostRaiderTV,http://www.kongregate.com/games/LostRaiderTV/ping-pong-special,16,1,2016-09-17,2016-09-17,,unclassified,,none,,none,not_assessed,none,,lostraidertv,1,,0,none,,ready,1.0.0
www.kongregate.com/games/endertaimer/pixel-cult,Pixel Cult,endertaimer,http://www.kongregate.com/games/endertaimer/pixel-cult,16,1,2016-02-02,2016-02-02,,unclassified,,none,,none,not_assessed,none,,endertaimer,1,,0,none,,ready,1.0.0
www.kongregate.com/games/drug_cartel/plane-simulator-2018,Plane Simulator 2018,Drug_Cartel,http://www.kongregate.com/games/Drug_Cartel/plane-simulator-2018,16,1,2017-08-17,2017-08-17,,unclassified,,none,,none,not_assessed,none,,drug-cartel,1,,0,none,,ready,1.0.0
www.kongregate.com/games/domcurry/pong,Pong,domcurry,http://www.kongregate.com/games/domcurry/pong,16,1,2016-01-16,2016-01-16,,unclassified,,none,,none,not_assessed,none,,domcurry,2,,0,none,,ready,1.0.0
www.kongregate.com/games/sandrakim/precious-sophie,Precious Sophie,SandraKim,http://www.kongregate.com/games/SandraKim/precious-sophie,16,1,2014-12-17,2014-12-17,,unclassified,,none,,none,not_assessed,none,,sandrakim,31,,0,none,,ready,1.0.0
www.kongregate.com/games/mafagames/pregnant-elsa-baby-room-deco,Pregnant Elsa Baby Room Deco,mafagames,http://www.kongregate.com/games/mafagames/pregnant-elsa-baby-room-deco,16,1,2016-05-23,2016-05-23,,unclassified,,none,,none,not_assessed,none,,mafagames,41,,0,none,,ready,1.0.0
www.kongregate.com/games/juegosnella/princess-nella-fishing,Princess Nella Fishing,juegosnella,http://www.kongregate.com/games/juegosnella/princess-nella-fishing,16,1,2017-08-05,2017-08-05,,unclassified,,none,,none,not_assessed,none,,juegosnella,1,,0,none,,ready,1.0.0
www.kongregate.com/games/gamesforgirlz/princess-pony-caring,Princess Pony Caring,gamesforgirlz,http://www.kongregate.com/games/gamesforgirlz/princess-pony-caring,16,1,2016-06-05,2016-06-05,,unclassified,,none,,none,not_assessed,none,,gamesforgirlz,10,,0,none,,ready,1.0.0
www.kongregate.com/games/sandrakim/promise-keepers,Promise Keepers,SandraKim,http://www.kongregate.com/games/SandraKim/promise-keepers,16,1,2016-02-17,2016-02-17,,unclassified,,none,,none,not_assessed,none,,sandrakim,31,,0,none,,ready,1.0.0
www.kongregate.com/games/dspiv097/puzzle-test,Puzzle Test,dspiv097,http://www.kongregate.com/games/dspiv097/puzzle-test,16,1,2017-11-06,2017-11-06,,unclassified,,none,,none,not_assessed,none,,dspiv097,1,,0,none,,ready,1.0.0
www.kongregate.com/games/anqa_game/quad-maze-lite-v4-1,Quad Maze Lite V4.1,Anqa_Game,http://www.kongregate.com/games/Anqa_Game/quad-maze-lite-v4-1,16,1,2015-12-05,2015-12-05,,unclassified,,none,,none,not_assessed,none,,anqa-game,1,,0,none,,ready,1.0.0
www.kongregate.com/games/k25507891/rapunzel-escape-tower,Rapunzel Escape Tower,k25507891,http://www.kongregate.com/games/k25507891/rapunzel-escape-tower,16,1,2014-09-02,2014-09-02,,escape_room,escape_room,medium_title_signal,,none,not_assessed,none,,k25507891,8,,0,medium,title_signal:escape_room,review_title_inference,1.0.0
www.kongregate.com/games/loogames/ratatouille-eats-crepes,Ratatouille Eats Crepes,loogames,http://www.kongregate.com/games/loogames/ratatouille-eats-crepes,16,1,2016-03-24,2016-03-24,,unclassified,,none,,none,not_assessed,none,,loogames,6,,0,none,,ready,1.0.0
www.kongregate.com/games/enagamess/rescue-trapped-spirit,Rescue Trapped Spirit,Enagamess,http://www.kongregate.com/games/Enagamess/rescue-trapped-spirit,16,1,2015-09-15,2015-09-15,,unclassified,,none,,none,not_assessed,none,,enagamess,68,,0,none,,ready,1.0.0
www.kongregate.com/games/originalnameop/rps-multiplayer,RPS Multiplayer,OriginalNameOP,http://www.kongregate.com/games/OriginalNameOP/rps-multiplayer,16,1,2016-07-07,2016-07-07,,unclassified,,none,online_multiplayer_title_signal,medium_title_signal,not_assessed,none,,originalnameop,1,,0,medium,title_signal:multiplayer,review_title_inference,1.0.0
www.kongregate.com/games/mafagames/sand-worm,Sand Worm,mafagames,http://www.kongregate.com/games/mafagames/sand-worm,16,1,2017-09-30,2017-09-30,,unclassified,,none,,none,not_assessed,none,,mafagames,41,,0,none,,ready,1.0.0
www.kongregate.com/games/lemonindieg/sofia-decoration-party,Sofia Decoration Party,lemonindieg,http://www.kongregate.com/games/lemonindieg/sofia-decoration-party,16,1,2014-12-28,2014-12-28,,unclassified,,none,,none,not_assessed,none,,lemonindieg,3,,0,none,,ready,1.0.0
www.kongregate.com/games/gamesdeveloper/sonic-magic-jump,Sonic Magic Jump,Gamesdeveloper,http://www.kongregate.com/games/Gamesdeveloper/sonic-magic-jump,16,1,2016-10-18,2016-10-18,,unclassified,,none,,none,not_assessed,none,,gamesdeveloper,7,,0,none,,ready,1.0.0
www.kongregate.com/games/deadsoul53/space-dog,space dog,deadsoul53,http://www.kongregate.com/games/deadsoul53/space-dog,16,1,2017-06-04,2017-06-04,,unclassified,,none,,none,not_assessed,none,,deadsoul53,1,,0,none,,ready,1.0.0
www.kongregate.com/games/larryquartz/space-shooter,Space Shooter,Larryquartz,http://www.kongregate.com/games/Larryquartz/space-shooter,16,1,2017-07-29,2017-07-29,,unclassified,,none,,none,not_assessed,none,,larryquartz,2,,0,none,,ready,1.0.0
www.kongregate.com/games/arcadecrowd/space-wonder-bullet-hell-shooter,Space Wonder: Bullet Hell Shooter,arcadecrowd,http://www.kongregate.com/games/arcadecrowd/space-wonder-bullet-hell-shooter,16,1,2014-09-12,2014-09-12,,unclassified,,none,,none,not_assessed,none,,arcadecrowd,1,,0,none,,ready,1.0.0
www.kongregate.com/games/eduard_777/speeddev-arkanoid,SpeedDev Arkanoid,eduard_777,http://www.kongregate.com/games/eduard_777/speeddev-arkanoid,16,1,2016-05-15,2016-05-15,,unclassified,,none,,none,not_assessed,none,,eduard-777,1,,0,none,,ready,1.0.0
www.kongregate.com/games/heugamer/sun-saviors,Sun Saviors,HeuGamer,http://www.kongregate.com/games/HeuGamer/sun-saviors,16,1,2014-08-26,2014-08-26,,unclassified,,none,,none,not_assessed,none,,heugamer,1,,0,none,,ready,1.0.0
www.kongregate.com/games/fatspliffs/super-chicken,Super Chicken,fatspliffs,http://www.kongregate.com/games/fatspliffs/super-chicken,16,1,2017-08-23,2017-08-23,,unclassified,,none,,none,not_assessed,none,,fatspliffs,1,,0,none,,ready,1.0.0
www.kongregate.com/games/deco766/supre-survivor-gaem,Supre Survivor gaem,deco766,http://www.kongregate.com/games/deco766/supre-survivor-gaem,16,1,2021-01-25,2021-01-25,,unclassified,,none,,none,not_assessed,none,,deco766,1,,0,none,,ready,1.0.0
www.kongregate.com/games/harksa/switchy,Switchy,Harksa,http://www.kongregate.com/games/Harksa/switchy,16,1,2016-06-13,2016-06-13,,unclassified,,none,,none,not_assessed,none,,harksa,1,,0,none,,ready,1.0.0
www.kongregate.com/games/zacktoon819/territory-war,Territory WAR,zacktoon819,https://www.kongregate.com/games/zacktoon819/territory-war,16,1,2021-11-12,2021-11-12,,unclassified,,none,,none,not_assessed,none,,zacktoon819,1,,0,none,,ready,1.0.0
www.kongregate.com/games/nicolo974jtm34/test1,Test1,Nicolo974jtm34,http://www.kongregate.com/games/Nicolo974jtm34/test1,16,1,2014-10-03,2014-10-03,,unclassified,,none,,none,not_assessed,none,,nicolo974jtm34,3,,0,none,,ready,1.0.0
www.kongregate.com/games/claedalus/that-pokeyman-thing-your-grandkids-are-into,That Pokeyman Thing Your Grandkids Are Into,claedalus,http://www.kongregate.com/games/claedalus/that-pokeyman-thing-your-grandkids-are-into,16,1,2016-08-13,2016-08-13,,unclassified,,none,,none,not_assessed,none,,claedalus,1,,0,none,,ready,1.0.0
www.kongregate.com/games/enagamess/the-locker-weapon-house,The Locker - Weapon House,Enagamess,http://www.kongregate.com/games/Enagamess/the-locker-weapon-house,16,1,2017-09-20,2017-09-20,,unclassified,,none,,none,not_assessed,none,,enagamess,68,,0,none,,ready,1.0.0
www.kongregate.com/games/esthetix/the-magical-forest,The Magical Forest,esthetix,http://www.kongregate.com/games/esthetix/the-magical-forest,16,1,2016-08-28,2016-08-28,,unclassified,,none,,none,not_assessed,none,,esthetix,3,,0,none,,ready,1.0.0
www.kongregate.com/games/domcurry/the-murder,The Murder,domcurry,http://www.kongregate.com/games/domcurry/the-murder,16,1,2016-01-25,2016-01-25,,unclassified,,none,,none,not_assessed,none,,domcurry,2,,0,none,,ready,1.0.0
www.kongregate.com/games/jellygames/the-vault,The Vault,JellyGames,http://www.kongregate.com/games/JellyGames/the-vault,16,1,2015-09-30,2015-09-30,,unclassified,,none,,none,not_assessed,none,,jellygames,1,,0,none,,ready,1.0.0
www.kongregate.com/games/engineertr/tickety-toc-where-is-my-gift,Tickety Toc Where is My Gift?,EngineerTR,http://www.kongregate.com/games/EngineerTR/tickety-toc-where-is-my-gift,16,1,2017-10-15,2017-10-15,,unclassified,,none,,none,not_assessed,none,,engineertr,1,,0,none,,ready,1.0.0
www.kongregate.com/games/aimegames/tom-catch-cold,Tom Catch Cold,aimegames,http://www.kongregate.com/games/aimegames/tom-catch-cold,16,1,2014-08-22,2014-08-22,,unclassified,,none,,none,not_assessed,none,,aimegames,1,,0,none,,ready,1.0.0
www.kongregate.com/games/enagamess/treasure-castle-escape,Treasure Castle Escape,Enagamess,http://www.kongregate.com/games/Enagamess/treasure-castle-escape,16,1,2014-12-30,2014-12-30,,escape_room,escape_room,medium_title_signal,,none,not_assessed,none,,enagamess,68,,0,medium,title_signal:escape_room,review_title_inference,1.0.0
www.kongregate.com/games/smatthews1999/two-man-hockey,Two Man Hockey,smatthews1999,http://www.kongregate.com/games/smatthews1999/two-man-hockey,16,1,2017-05-05,2017-05-05,,unclassified,,none,,none,not_assessed,none,,smatthews1999,1,,0,none,,ready,1.0.0
www.kongregate.com/games/weiminm/typemasters,TypeMasters,WeiMinM,http://www.kongregate.com/games/WeiMinM/typemasters,16,1,2017-08-11,2017-08-11,,unclassified,,none,,none,not_assessed,none,,weiminm,1,,0,none,,ready,1.0.0
www.kongregate.com/games/xfiredragonx/ufo-escape,UFO Escape,xFireDragonx,http://www.kongregate.com/games/xFireDragonx/ufo-escape,16,1,2015-12-18,2015-12-18,,escape_room,escape_room,medium_title_signal,,none,not_assessed,none,,xfiredragonx,1,,0,medium,title_signal:escape_room,review_title_inference,1.0.0
www.kongregate.com/games/edidea/wonder-woman-fashion-event,Wonder Woman Fashion Event,edidea,http://www.kongregate.com/games/edidea/wonder-woman-fashion-event,16,1,2017-09-13,2017-09-13,,unclassified,,none,,none,not_assessed,none,,edidea,1,,0,none,,ready,1.0.0
www.kongregate.com/games/freever/wut,Wut,freever,http://www.kongregate.com/games/freever/wut,16,1,2016-10-24,2016-10-24,,unclassified,,none,,none,not_assessed,none,,freever,1,,0,none,,ready,1.0.0
www.kongregate.com/games/newgamess/yogi-bear,Yogi Bear,newgamess,http://www.kongregate.com/games/newgamess/yogi-bear,16,1,2016-10-04,2016-10-04,,unclassified,,none,,none,not_assessed,none,,newgamess,37,,0,none,,ready,1.0.0
www.kongregate.com/games/brvasil/zombie-invasion,Zombie Invasion,brvasil,http://www.kongregate.com/games/brvasil/zombie-invasion,16,1,2017-08-25,2017-08-25,,unclassified,,none,,none,not_assessed,none,,brvasil,9,,0,none,,ready,1.0.0
www.kongregate.com/games/silengames/zombies-vs-brains,Zombies vs Brains,SilenGames,http://www.kongregate.com/games/SilenGames/zombies-vs-brains,16,1,2016-06-29,2016-06-29,,unclassified,,none,,none,not_assessed,none,,silengames,3,,0,none,,ready,1.0.0
www.kongregate.com/games/jeagle747/zoon,ZOON,jeagle747,http://www.kongregate.com/games/jeagle747/zoon,16,1,2016-06-04,2016-06-04,,unclassified,,none,,none,not_assessed,none,,jeagle747,1,,0,none,,ready,1.0.0
www.kongregate.com/games/quantumfrogdev/voxel-clicker,Voxel Clicker,QuantumfrogDev,https://www.kongregate.com/en/games/QuantumfrogDev/voxel-clicker,17,34,2021-02-09,2017-10-16,idle,idle_incremental,idle_incremental,high_observed_category,idle_progression,high_observed_category,not_assessed,none,,quantumfrogdev,1,,0,high,observed_category:idle_incremental; observed_category:idle,ready,1.0.0
www.kongregate.com/games/dingogames/tasty-planet-dinotime,Tasty Planet: DinoTime,dingogames,https://www.kongregate.com/en/games/dingogames/tasty-planet-dinotime,17,29,2023-05-20,2011-12-01,action,action,action,high_observed_category,,none,not_assessed,none,,dingogames,1,,0,high,observed_category:action,ready,1.0.0
www.kongregate.com/games/armorgames/defend-your-honor,Defend your Honor!,ArmorGames,https://www.kongregate.com/en/games/ArmorGames/defend-your-honor,17,14,2024-08-28,2010-01-04,tower-defense,tower_defense,tower_defense,high_observed_category,,none,not_assessed,none,,armorgames,22,,0,high,observed_category:tower_defense,ready,1.0.0
www.kongregate.com/games/mrcaboom/idle-blacksmith,Idle Blacksmith,mrcaboom,http://www.kongregate.com/games/mrcaboom/idle-blacksmith,17,7,2014-11-02,2014-11-02,idle,idle_incremental,idle_incremental,high_observed_category,idle_progression,high_observed_category,not_assessed,none,,mrcaboom,1,,0,high,observed_category:idle_incremental; observed_category:idle,ready,1.0.0
www.kongregate.com/games/amtgames/battle-for-the-galaxy,Battle For the Galaxy,,https://www.kongregate.com/en/games/amtgames/battle-for-the-galaxy,17,4,2026-07-01,2016-08-29,mmo,role_playing,role_playing,high_observed_category,massively_multiplayer,high_observed_category,not_assessed,none,,unknown,252,,0,high,observed_category:role_playing; observed_category:mmo,ready,1.0.0
www.kongregate.com/games/vasco_f/freeway-fury-2,Freeway Fury 2,,https://www.kongregate.com/en/games/Vasco_F/freeway-fury-2,17,4,2026-07-01,2011-11-17,sports-racing,sports_racing,sports_racing,high_observed_category,,none,not_assessed,none,,unknown,252,,0,high,observed_category:sports_racing,ready,1.0.0
www.kongregate.com/games/raius_/home,Home,,https://www.kongregate.com/en/games/Raius_/home,17,4,2026-07-01,2016-03-08,adventure-rpg,role_playing,role_playing,high_observed_category,,none,not_assessed,none,,unknown,252,,0,high,observed_category:role_playing,ready,1.0.0
www.kongregate.com/games/pacthesis/kingdom-days-sim-date,Kingdom Days Sim Date,,https://www.kongregate.com/en/games/Pacthesis/kingdom-days-sim-date,17,4,2026-07-01,2010-09-05,more,other,other,high_observed_category,,none,not_assessed,none,,unknown,252,,0,high,observed_category:other,ready,1.0.0
www.kongregate.com/games/iriysoft/road-of-heroes,Road Of Heroes,IriySoft,http://www.kongregate.com/games/IriySoft/road-of-heroes,17,4,2017-06-03,2017-06-03,,unclassified,,none,,none,not_assessed,none,,iriysoft,7,,0,none,,ready,1.0.0
www.kongregate.com/games/casualcollective/the-space-game-missions,The Space Game: Missions,,https://www.kongregate.com/en/games/CasualCollective/the-space-game-missions,17,4,2025-11-22,2009-07-21,strategy-defense,strategy,strategy,high_observed_category,,none,not_assessed,none,,unknown,252,,0,high,observed_category:strategy,ready,1.0.0
www.kongregate.com/games/lazyland/yatzy-arena-multiplayer-dice-game,Yatzy Arena: Multiplayer Dice Game,,https://www.kongregate.com/en/games/LazyLand/yatzy-arena-multiplayer-dice-game,17,4,2026-07-01,2026-06-04,multiplayer,multiplayer,multiplayer,high_observed_category,online_multiplayer,high_observed_category,not_assessed,none,,unknown,252,,0,high,observed_category:multiplayer; observed_category:multiplayer,ready,1.0.0
www.kongregate.com/games/undefined/protector-iii,Protector III,undefined,http://www.kongregate.com/games/undefined/protector-iii,17,3,2014-11-01,2014-11-01,tower-defense,tower_defense,tower_defense,high_observed_category,,none,not_assessed,none,,undefined,4,,0,high,observed_category:tower_defense,ready,1.0.0
www.kongregate.com/games/flyanvil/decision-medieval,Decision:Medieval,FlyAnvil,http://www.kongregate.com/games/FlyAnvil/decision-medieval,17,2,2014-12-27,2014-12-27,adventure,adventure,adventure,high_observed_category,,none,not_assessed,none,,flyanvil,5,,0,high,observed_category:adventure,ready,1.0.0
www.kongregate.com/games/jumpinjackus/3d-puzzle-game-jumpin-jack-hd,3D Puzzle Game - Jumpin Jack - HD,jumpinjackus,http://www.kongregate.com/games/jumpinjackus/3d-puzzle-game-jumpin-jack-hd,17,1,2014-08-29,2014-08-29,,unclassified,,none,,none,not_assessed,none,,jumpinjackus,2,,0,none,,ready,1.0.0
www.kongregate.com/games/minikidsgames/5-colorful-cats,5 Colorful Cats,minikidsgames,http://www.kongregate.com/games/minikidsgames/5-colorful-cats,17,1,2014-10-10,2014-10-10,,unclassified,,none,,none,not_assessed,none,,minikidsgames,1,,0,none,,ready,1.0.0
www.kongregate.com/games/gamesforgirlz/annas-kitchen-zucchini-soup,Annas Kitchen Zucchini Soup,gamesforgirlz,http://www.kongregate.com/games/gamesforgirlz/annas-kitchen-zucchini-soup,17,1,2016-08-28,2016-08-28,,unclassified,,none,,none,not_assessed,none,,gamesforgirlz,10,,0,none,,ready,1.0.0
www.kongregate.com/games/vogd/avalancher,Avalancher,Vogd,http://www.kongregate.com/games/Vogd/avalancher,17,1,2016-03-05,2016-03-05,,unclassified,,none,,none,not_assessed,none,,vogd,2,,0,none,,ready,1.0.0
www.kongregate.com/games/games2girls/back-to-school-fashion,Back to School Fashion,games2girls,http://www.kongregate.com/games/games2girls/back-to-school-fashion,17,1,2014-10-03,2014-10-03,,unclassified,,none,,none,not_assessed,none,,games2girls,4,,0,none,,ready,1.0.0
www.kongregate.com/games/charboozi/badlands-online-alpha,Badlands[Online] Alpha,charboozi,http://www.kongregate.com/games/charboozi/badlands-online-alpha,17,1,2017-07-03,2017-07-03,,unclassified,,none,,none,not_assessed,none,,charboozi,2,,0,none,,ready,1.0.0
www.kongregate.com/games/enagamess/bat-palace,Bat Palace,Enagamess,http://www.kongregate.com/games/Enagamess/bat-palace,17,1,2017-07-28,2017-07-28,,unclassified,,none,,none,not_assessed,none,,enagamess,68,,0,none,,ready,1.0.0
www.kongregate.com/games/montelucci/bik,Bik,montelucci,http://www.kongregate.com/games/montelucci/bik,17,1,2014-12-28,2014-12-28,,unclassified,,none,,none,not_assessed,none,,montelucci,1,,0,none,,ready,1.0.0
www.kongregate.com/games/newgamess/blue-falcon,Blue Falcon,newgamess,http://www.kongregate.com/games/newgamess/blue-falcon,17,1,2016-09-16,2016-09-16,,unclassified,,none,,none,not_assessed,none,,newgamess,37,,0,none,,ready,1.0.0
www.kongregate.com/games/nowgamez/bomb-transport-3d,Bomb Transport 3D,nowgamez,http://www.kongregate.com/games/nowgamez/bomb-transport-3d,17,1,2014-08-22,2014-08-22,,unclassified,,none,,none,not_assessed,none,,nowgamez,2,,0,none,,ready,1.0.0
www.kongregate.com/games/wholetonegames/broken-shells,Broken Shells,wholetonegames,http://www.kongregate.com/games/wholetonegames/broken-shells,17,1,2014-10-31,2014-10-31,,unclassified,,none,,none,not_assessed,none,,wholetonegames,1,,0,none,,ready,1.0.0
www.kongregate.com/games/souleris/bubblenator,Bubblenator,Souleris,http://www.kongregate.com/games/Souleris/bubblenator,17,1,2014-11-25,2014-11-25,,unclassified,,none,,none,not_assessed,none,,souleris,1,,0,none,,ready,1.0.0
www.kongregate.com/games/currytech/burger-brawl,Burger Brawl,CurryTech,http://www.kongregate.com/games/CurryTech/burger-brawl,17,1,2014-09-19,2014-09-19,,unclassified,,none,,none,not_assessed,none,,currytech,1,,0,none,,ready,1.0.0
www.kongregate.com/games/echocargames/bus-subway-runner,Bus & Subway Runner,echocargames,http://www.kongregate.com/games/echocargames/bus-subway-runner,17,1,2017-09-30,2017-09-30,,unclassified,,none,,none,not_assessed,none,,echocargames,1,,0,none,,ready,1.0.0
www.kongregate.com/games/mulitasoft/color-zones,Color Zones,MulitaSoft,http://www.kongregate.com/games/MulitaSoft/color-zones,17,1,2014-12-17,2014-12-17,,unclassified,,none,,none,not_assessed,none,,mulitasoft,1,,0,none,,ready,1.0.0
www.kongregate.com/games/gamer70008000/copter-boat-takedown,Copter Boat Takedown,gamer70008000,http://www.kongregate.com/games/gamer70008000/copter-boat-takedown,17,1,2017-09-13,2017-09-13,,unclassified,,none,,none,not_assessed,none,,gamer70008000,8,,0,none,,ready,1.0.0
www.kongregate.com/games/starvingstudios/cracking-open-a-cold-one-with-the-boys-simulator-2017,Cracking Open A Cold One With The Boys Simulator 2017,StarvingStudios,http://www.kongregate.com/games/StarvingStudios/cracking-open-a-cold-one-with-the-boys-simulator-2017,17,1,2017-06-04,2017-06-04,,unclassified,,none,,none,not_assessed,none,,starvingstudios,2,,0,none,,ready,1.0.0
www.kongregate.com/games/sandrakim/cross-my-heart,Cross my Heart,SandraKim,http://www.kongregate.com/games/SandraKim/cross-my-heart,17,1,2016-09-03,2016-09-03,,unclassified,,none,,none,not_assessed,none,,sandrakim,31,,0,none,,ready,1.0.0
www.kongregate.com/games/funnypeppygames/daisy-girl-dress-up,Daisy Girl Dress Up,funnypeppygames,http://www.kongregate.com/games/funnypeppygames/daisy-girl-dress-up,17,1,2014-11-11,2014-11-11,,unclassified,,none,,none,not_assessed,none,,funnypeppygames,2,,0,none,,ready,1.0.0
www.kongregate.com/games/sandrakim/daylight-robbery,Daylight Robbery,SandraKim,http://www.kongregate.com/games/SandraKim/daylight-robbery,17,1,2016-07-14,2016-07-14,,unclassified,,none,,none,not_assessed,none,,sandrakim,31,,0,none,,ready,1.0.0
www.kongregate.com/games/hizuyuuki/dimensional-running-between-worlds,Dimensional - Running Between Worlds,HizuYuuki,http://www.kongregate.com/games/HizuYuuki/dimensional-running-between-worlds,17,1,2014-09-02,2014-09-02,,unclassified,,none,,none,not_assessed,none,,hizuyuuki,1,,0,none,,ready,1.0.0
www.kongregate.com/games/madsdestruction/dodge-durst-or-die,Dodge Durst or Die,Madsdestruction,http://www.kongregate.com/games/Madsdestruction/dodge-durst-or-die,17,1,2015-12-26,2015-12-26,,unclassified,,none,,none,not_assessed,none,,madsdestruction,1,,0,none,,ready,1.0.0
www.kongregate.com/games/ccamiloo/duelo,Duelo,ccamiloo,http://www.kongregate.com/games/ccamiloo/duelo,17,1,2016-07-27,2016-07-27,,unclassified,,none,,none,not_assessed,none,,ccamiloo,1,,0,none,,ready,1.0.0
www.kongregate.com/games/bluemammoth/dungeon-blitz,Dungeon Blitz,BlueMammoth,https://www.kongregate.com/games/BlueMammoth/dungeon-blitz,17,1,2019-10-22,2019-10-22,adventure,adventure,adventure,high_observed_category,,none,not_assessed,none,,bluemammoth,1,,0,high,observed_category:adventure,ready,1.0.0
www.kongregate.com/games/newgamess/easter-truck-jigsaw,Easter Truck Jigsaw,newgamess,http://www.kongregate.com/games/newgamess/easter-truck-jigsaw,17,1,2016-03-24,2016-03-24,,unclassified,,none,,none,not_assessed,none,,newgamess,37,,0,none,,ready,1.0.0
www.kongregate.com/games/edher19/el-orco-malvado,EL Orco Malvado,edher19,http://www.kongregate.com/games/edher19/el-orco-malvado,17,1,2016-06-05,2016-06-05,,unclassified,,none,,none,not_assessed,none,,edher19,1,,0,none,,ready,1.0.0
www.kongregate.com/games/gamesforgirlz/elsa-restaurant-vegetarian-meatloaf,Elsa Restaurant Vegetarian Meatloaf,gamesforgirlz,http://www.kongregate.com/games/gamesforgirlz/elsa-restaurant-vegetarian-meatloaf,17,1,2016-08-13,2016-08-13,,unclassified,,none,,none,not_assessed,none,,gamesforgirlz,10,,0,none,,ready,1.0.0
www.kongregate.com/games/nickj66/escape-route-hard,Escape Route Hard,NickJ66,http://www.kongregate.com/games/NickJ66/escape-route-hard,17,1,2014-09-12,2014-09-12,,escape_room,escape_room,medium_title_signal,,none,not_assessed,none,,nickj66,3,,0,medium,title_signal:escape_room,review_title_inference,1.0.0
www.kongregate.com/games/bluelemon/fear-of-failure,Fear of Failure,Bluelemon,http://www.kongregate.com/games/Bluelemon/fear-of-failure,17,1,2014-10-13,2014-10-13,,unclassified,,none,,none,not_assessed,none,,bluelemon,1,,0,none,,ready,1.0.0
www.kongregate.com/games/top10newgames/find-the-tusk,Find The Tusk,top10newgames,http://www.kongregate.com/games/top10newgames/find-the-tusk,17,1,2017-08-23,2017-08-23,,unclassified,,none,,none,not_assessed,none,,top10newgames,8,,0,none,,ready,1.0.0
www.kongregate.com/games/mafagames/flap-cat-halloween,Flap Cat Halloween,mafagames,http://www.kongregate.com/games/mafagames/flap-cat-halloween,17,1,2016-10-10,2016-10-10,,unclassified,,none,,none,not_assessed,none,,mafagames,41,,0,none,,ready,1.0.0
www.kongregate.com/games/meplayitonline/fr-find-differences-1,FR Find Differences #1,MePlayItOnline,http://www.kongregate.com/games/MePlayItOnline/fr-find-differences-1,17,1,2015-09-30,2015-09-30,,unclassified,,none,,none,not_assessed,none,,meplayitonline,1,,0,none,,ready,1.0.0
www.kongregate.com/games/enagamess/get-back-the-fairy,Get Back The Fairy,Enagamess,http://www.kongregate.com/games/Enagamess/get-back-the-fairy,17,1,2016-02-28,2016-02-28,,unclassified,,none,,none,not_assessed,none,,enagamess,68,,0,none,,ready,1.0.0
www.kongregate.com/games/gigasun/giga-sun-class-game-02,Giga Sun Class Game 02,gigasun,http://www.kongregate.com/games/gigasun/giga-sun-class-game-02,17,1,2016-09-23,2016-09-23,,unclassified,,none,,none,not_assessed,none,,gigasun,3,gigasun:giga-sun-class-game,2,low,same_developer_series_stem,ready,1.0.0
www.kongregate.com/games/worldhacker/gimbo-jump-3,Gimbo jump 3,worldhacker,http://www.kongregate.com/games/worldhacker/gimbo-jump-3,17,1,2016-03-20,2016-03-20,,unclassified,,none,,none,not_assessed,none,,worldhacker,1,,0,none,,ready,1.0.0
www.kongregate.com/games/shaibaazsparrow1/halloween-run,Halloween Run,shaibaazsparrow1,http://www.kongregate.com/games/shaibaazsparrow1/halloween-run,17,1,2014-10-29,2014-10-29,,unclassified,,none,,none,not_assessed,none,,shaibaazsparrow1,1,,0,none,,ready,1.0.0
www.kongregate.com/games/talhaa1008/heyooo,HEyooo,talhaa1008,http://www.kongregate.com/games/talhaa1008/heyooo,17,1,2017-10-15,2017-10-15,,unclassified,,none,,none,not_assessed,none,,talhaa1008,2,,0,none,,ready,1.0.0
www.kongregate.com/games/naoisi_swaz/hitlervsvikings,HitlerVsVikings,Naoisi_Swaz,http://www.kongregate.com/games/Naoisi_Swaz/hitlervsvikings,17,1,2016-07-07,2016-07-07,,unclassified,,none,,none,not_assessed,none,,naoisi-swaz,1,,0,none,,ready,1.0.0
www.kongregate.com/games/munguia/horror-paintings-parodies,Horror Paintings Parodies,Munguia,http://www.kongregate.com/games/Munguia/horror-paintings-parodies,17,1,2016-10-30,2016-10-30,,unclassified,,none,,none,not_assessed,none,,munguia,3,,0,none,,ready,1.0.0
www.kongregate.com/games/gamesforgirlz/ice-cream-sandwich-cake,Ice Cream Sandwich Cake,gamesforgirlz,http://www.kongregate.com/games/gamesforgirlz/ice-cream-sandwich-cake,17,1,2017-06-15,2017-06-15,,unclassified,,none,,none,not_assessed,none,,gamesforgirlz,10,,0,none,,ready,1.0.0
www.kongregate.com/games/sgtwombatstudios/idle-glow-bugs,Idle Glow Bugs,sgtwombatstudios,http://www.kongregate.com/games/sgtwombatstudios/idle-glow-bugs,17,1,2017-07-12,2017-07-12,,idle_incremental,idle_incremental,medium_title_signal,,none,not_assessed,none,,sgtwombatstudios,1,,0,medium,title_signal:idle_incremental,review_title_inference,1.0.0
www.kongregate.com/games/yvolcano4/kongpanion-friend-generator,Kongpanion Friend Generator,yvolcano4,http://www.kongregate.com/games/yvolcano4/kongpanion-friend-generator,17,1,2016-08-05,2016-08-05,,unclassified,,none,,none,not_assessed,none,,yvolcano4,4,,0,none,,ready,1.0.0
www.kongregate.com/games/quickcasualgames/kosmogon,Kosmogon,quickcasualgames,http://www.kongregate.com/games/quickcasualgames/kosmogon,17,1,2017-05-16,2017-05-16,,unclassified,,none,,none,not_assessed,none,,quickcasualgames,1,,0,none,,ready,1.0.0
www.kongregate.com/games/del7244009/kuiz-p-r-australin,Kuiz për Australinë,del7244009,http://www.kongregate.com/games/del7244009/kuiz-p-r-australin,17,1,2015-09-03,2015-09-03,,unclassified,,none,,none,not_assessed,none,,del7244009,6,,0,none,,ready,1.0.0
www.kongregate.com/games/lubo36/life-of-a-golf-ball,Life Of A Golf Ball,lubo36,http://www.kongregate.com/games/lubo36/life-of-a-golf-ball,17,1,2017-11-06,2017-11-06,,unclassified,,none,,none,not_assessed,none,,lubo36,1,,0,none,,ready,1.0.0
www.kongregate.com/games/hpieta/light-directions,Light Directions,HPieta,http://www.kongregate.com/games/HPieta/light-directions,17,1,2016-10-24,2016-10-24,,unclassified,,none,,none,not_assessed,none,,hpieta,1,,0,none,,ready,1.0.0
www.kongregate.com/games/enagamess/light-house-escape-2,Light House Escape 2,Enagamess,http://www.kongregate.com/games/Enagamess/light-house-escape-2,17,1,2014-09-20,2014-09-20,,escape_room,escape_room,medium_title_signal,,none,not_assessed,none,,enagamess,68,,0,medium,title_signal:escape_room,review_title_inference,1.0.0
www.kongregate.com/games/milton_w/lode-runner-retro,Lode Runner Retro,Milton_W,http://www.kongregate.com/games/Milton_W/lode-runner-retro,17,1,2014-10-09,2014-10-09,,unclassified,,none,,none,not_assessed,none,,milton-w,1,,0,none,,ready,1.0.0
www.kongregate.com/games/sandrakim/lost-in-the-forest-2,Lost in the Forest 2,SandraKim,http://www.kongregate.com/games/SandraKim/lost-in-the-forest-2,17,1,2014-10-17,2014-10-17,,unclassified,,none,,none,not_assessed,none,,sandrakim,31,,0,none,,ready,1.0.0
www.kongregate.com/games/lozzajp/maptroid,Maptroid,lozzajp,https://www.kongregate.com/games/lozzajp/maptroid,17,1,2020-06-07,2020-05-14,puzzle,puzzle,puzzle,high_observed_category,,none,not_assessed,none,,lozzajp,1,,0,high,observed_category:puzzle,ready,1.0.0
www.kongregate.com/games/enagamess/mask-area,Mask Area,Enagamess,http://www.kongregate.com/games/Enagamess/mask-area,17,1,2017-06-25,2017-06-25,,unclassified,,none,,none,not_assessed,none,,enagamess,68,,0,none,,ready,1.0.0
www.kongregate.com/games/fancyork/megabeer,MegaBEER,fancyork,http://www.kongregate.com/games/fancyork/megabeer,17,1,2016-05-15,2016-05-15,,unclassified,,none,,none,not_assessed,none,,fancyork,1,,0,none,,ready,1.0.0
www.kongregate.com/games/enagamess/modern-home-escape,Modern Home Escape,Enagamess,http://www.kongregate.com/games/Enagamess/modern-home-escape,17,1,2015-09-15,2015-09-15,,escape_room,escape_room,medium_title_signal,,none,not_assessed,none,,enagamess,68,,0,medium,title_signal:escape_room,review_title_inference,1.0.0
www.kongregate.com/games/hussnainjaved534/murder,Murder,hussnainjaved534,http://www.kongregate.com/games/hussnainjaved534/murder,17,1,2017-10-24,2017-10-24,,unclassified,,none,,none,not_assessed,none,,hussnainjaved534,1,,0,none,,ready,1.0.0
www.kongregate.com/games/markieer12/my-life-idle,My Life IDLE,markieer12,http://www.kongregate.com/games/markieer12/my-life-idle,17,1,2014-12-10,2014-12-10,,idle_incremental,idle_incremental,medium_title_signal,,none,not_assessed,none,,markieer12,1,,0,medium,title_signal:idle_incremental,review_title_inference,1.0.0
www.kongregate.com/games/paulhtml5/pacman-dash,Pacman Dash,PaulHTML5,http://www.kongregate.com/games/PaulHTML5/pacman-dash,17,1,2015-09-14,2015-09-14,,unclassified,,none,,none,not_assessed,none,,paulhtml5,5,,0,none,,ready,1.0.0
www.kongregate.com/games/augustoa150/paint-the-block,Paint the block,AugustoA150,http://www.kongregate.com/games/AugustoA150/paint-the-block,17,1,2017-08-11,2017-08-11,,unclassified,,none,,none,not_assessed,none,,augustoa150,1,,0,none,,ready,1.0.0
www.kongregate.com/games/anzefuto/pantscuer02,pantscuer02,Anzefuto,http://www.kongregate.com/games/Anzefuto/pantscuer02,17,1,2017-05-26,2017-05-26,,unclassified,,none,,none,not_assessed,none,,anzefuto,1,,0,none,,ready,1.0.0
www.kongregate.com/games/genezgames/paralella,Paralella,Genezgames,http://www.kongregate.com/games/Genezgames/paralella,17,1,2014-08-26,2014-08-26,,unclassified,,none,,none,not_assessed,none,,genezgames,1,,0,none,,ready,1.0.0
www.kongregate.com/games/cranberrygame/pick-up-sticks,Pick Up Sticks,cranberrygame,http://www.kongregate.com/games/cranberrygame/pick-up-sticks,17,1,2014-12-30,2014-12-30,,unclassified,,none,,none,not_assessed,none,,cranberrygame,1,,0,none,,ready,1.0.0
www.kongregate.com/games/pixelcounter/pixeldog-beach-run,PixelDog: Beach Run,PixelCounter,http://www.kongregate.com/games/PixelCounter/pixeldog-beach-run,17,1,2017-08-17,2017-08-17,,unclassified,,none,,none,not_assessed,none,,pixelcounter,1,,0,none,,ready,1.0.0
www.kongregate.com/games/kaploarploar/platt-10,Platt 10,KAPLOARPLOAR,http://www.kongregate.com/games/KAPLOARPLOAR/platt-10,17,1,2016-05-23,2016-05-23,,unclassified,,none,,none,not_assessed,none,,kaploarploar,1,,0,none,,ready,1.0.0
www.kongregate.com/games/yippeegames/play-halloween-match,Play Halloween Match,yippeegames,http://www.kongregate.com/games/yippeegames/play-halloween-match,17,1,2014-10-24,2014-10-24,,unclassified,,none,,none,not_assessed,none,,yippeegames,1,,0,none,,ready,1.0.0
www.kongregate.com/games/gamendekiwi/pre-alpha-pixel-the-heist,PRE ALPHA PIXEL THE HEIST,gamendekiwi,http://www.kongregate.com/games/gamendekiwi/pre-alpha-pixel-the-heist,17,1,2015-04-01,2015-04-01,,unclassified,,none,,none,not_assessed,none,,gamendekiwi,1,,0,none,,ready,1.0.0
www.kongregate.com/games/brvasil/raging-fist,Raging Fist,brvasil,http://www.kongregate.com/games/brvasil/raging-fist,17,1,2017-08-25,2017-08-25,,unclassified,,none,,none,not_assessed,none,,brvasil,9,,0,none,,ready,1.0.0
www.kongregate.com/games/daggerit/raiders-and-traders,Raiders and Traders,daggerit,http://www.kongregate.com/games/daggerit/raiders-and-traders,17,1,2016-06-22,2016-06-22,,unclassified,,none,,none,not_assessed,none,,daggerit,1,,0,none,,ready,1.0.0
www.kongregate.com/games/enagamess/rescue-my-soul-2,Rescue My Soul 2,Enagamess,http://www.kongregate.com/games/Enagamess/rescue-my-soul-2,17,1,2016-02-17,2016-02-17,,unclassified,,none,,none,not_assessed,none,,enagamess,68,,0,none,,ready,1.0.0
www.kongregate.com/games/bowwow200/retro-redux,Retro Redux,BowWow200,http://www.kongregate.com/games/BowWow200/retro-redux,17,1,2016-08-20,2016-08-20,,unclassified,,none,,none,not_assessed,none,,bowwow200,2,,0,none,,ready,1.0.0
www.kongregate.com/games/sandboxadventure/romance-is-dead,Romance is Dead,SandboxAdventure,http://www.kongregate.com/games/SandboxAdventure/romance-is-dead,17,1,2016-10-17,2016-10-17,,unclassified,,none,,none,not_assessed,none,,sandboxadventure,1,,0,none,,ready,1.0.0
www.kongregate.com/games/enagamess/run-chase-9,Run Chase 9,Enagamess,http://www.kongregate.com/games/Enagamess/run-chase-9,17,1,2016-10-18,2016-10-18,,unclassified,,none,,none,not_assessed,none,,enagamess,68,,0,none,,ready,1.0.0
www.kongregate.com/games/spacegrid/run-for-athena,Run For Athena!,spacegrid,http://www.kongregate.com/games/spacegrid/run-for-athena,17,1,2017-06-16,2017-06-16,,unclassified,,none,,none,not_assessed,none,,spacegrid,5,,0,none,,ready,1.0.0
www.kongregate.com/games/kenandreypineda/russian-army,Russian Army,kenandreypineda,http://www.kongregate.com/games/kenandreypineda/russian-army,17,1,2014-09-14,2014-09-14,,unclassified,,none,,none,not_assessed,none,,kenandreypineda,1,,0,none,,ready,1.0.0
www.kongregate.com/games/iam_gamerps5/school,sCHOOL,Iam_GamerPS5,http://www.kongregate.com/games/Iam_GamerPS5/school,17,1,2016-01-25,2016-01-25,,unclassified,,none,,none,not_assessed,none,,iam-gamerps5,1,,0,none,,ready,1.0.0
www.kongregate.com/games/mynameisxboard/school-project-3d-forrest,school project 3d forrest,mynameisxboard,http://www.kongregate.com/games/mynameisxboard/school-project-3d-forrest,17,1,2016-02-02,2016-02-02,,unclassified,,none,,none,not_assessed,none,,mynameisxboard,1,,0,none,,ready,1.0.0
www.kongregate.com/games/gg123/shop-class-slacking,Shop Class Slacking,gg123,http://www.kongregate.com/games/gg123/shop-class-slacking,17,1,2015-09-09,2015-09-09,,unclassified,,none,,none,not_assessed,none,,gg123,1,,0,none,,ready,1.0.0
www.kongregate.com/games/dumitru_v/sky-guardian,Sky Guardian,Dumitru_V,http://www.kongregate.com/games/Dumitru_V/sky-guardian,17,1,2017-07-29,2017-07-29,,unclassified,,none,,none,not_assessed,none,,dumitru-v,1,,0,none,,ready,1.0.0
www.kongregate.com/games/kizigames/spaceship-shooter,Spaceship Shooter,kizigames,http://www.kongregate.com/games/kizigames/spaceship-shooter,17,1,2016-03-07,2016-03-07,,unclassified,,none,,none,not_assessed,none,,kizigames,3,,0,none,,ready,1.0.0
www.kongregate.com/games/casualcollective/splitter-2,Splitter 2,CasualCollective,http://www.kongregate.com/games/CasualCollective/splitter-2,17,1,2014-08-22,2009-07-28,puzzle,puzzle,puzzle,high_observed_category,,none,not_assessed,none,,casualcollective,3,,0,high,observed_category:puzzle,ready,1.0.0
www.kongregate.com/games/kyozcorp/sth-01,STH .01,KyozCorp,http://www.kongregate.com/games/KyozCorp/sth-01,17,1,2016-05-06,2016-05-06,,unclassified,,none,,none,not_assessed,none,,kyozcorp,1,,0,none,,ready,1.0.0
www.kongregate.com/games/masternegm/summoners-tale,Summoner's Tale,masternegm,http://www.kongregate.com/games/masternegm/summoners-tale,17,1,2017-08-05,2017-08-05,,unclassified,,none,,none,not_assessed,none,,masternegm,1,,0,none,,ready,1.0.0
www.kongregate.com/games/javiersan22/super-skeleton-ii,Super Skeleton II,javiersan22,http://www.kongregate.com/games/javiersan22/super-skeleton-ii,17,1,2016-10-04,2016-10-04,,unclassified,,none,,none,not_assessed,none,,javiersan22,2,,0,none,,ready,1.0.0
www.kongregate.com/games/aymaniscool/sword-hummus,Sword HUMMUS,aymaniscool,http://www.kongregate.com/games/aymaniscool/sword-hummus,17,1,2016-07-20,2016-07-20,,unclassified,,none,,none,not_assessed,none,,aymaniscool,1,,0,none,,ready,1.0.0
www.kongregate.com/games/newgamess/terminator-jigsaw,Terminator Jigsaw,newgamess,http://www.kongregate.com/games/newgamess/terminator-jigsaw,17,1,2016-06-29,2016-06-29,,unclassified,,none,,none,not_assessed,none,,newgamess,37,,0,none,,ready,1.0.0
www.kongregate.com/games/panzergraveyard/test2,Test2,PanzerGraveyard,http://www.kongregate.com/games/PanzerGraveyard/test2,17,1,2016-09-17,2016-09-17,,unclassified,,none,,none,not_assessed,none,,panzergraveyard,1,,0,none,,ready,1.0.0
www.kongregate.com/games/enagamess/the-locker-military-secret-place,The Locker - Military Secret Place,Enagamess,http://www.kongregate.com/games/Enagamess/the-locker-military-secret-place,17,1,2017-09-20,2017-09-20,,unclassified,,none,,none,not_assessed,none,,enagamess,68,,0,none,,ready,1.0.0
www.kongregate.com/games/sandrakim/the-secret-affair,The Secret Affair,SandraKim,http://www.kongregate.com/games/SandraKim/the-secret-affair,17,1,2014-09-26,2014-09-26,,unclassified,,none,,none,not_assessed,none,,sandrakim,31,,0,none,,ready,1.0.0
www.kongregate.com/games/cadgames/the-terrible-old-man,The Terrible Old Man,cadgames,http://www.kongregate.com/games/cadgames/the-terrible-old-man,17,1,2016-01-02,2016-01-02,,unclassified,,none,,none,not_assessed,none,,cadgames,1,,0,none,,ready,1.0.0
www.kongregate.com/games/enagamess/the-true-criminal-saloon-escape,The True Criminal - Saloon Escape,Enagamess,http://www.kongregate.com/games/Enagamess/the-true-criminal-saloon-escape,17,1,2017-10-08,2017-10-08,,escape_room,escape_room,medium_title_signal,,none,not_assessed,none,,enagamess,68,,0,medium,title_signal:escape_room,review_title_inference,1.0.0
www.kongregate.com/games/enagamess/the-vessel,The Vessel,Enagamess,http://www.kongregate.com/games/Enagamess/the-vessel,17,1,2017-05-25,2017-05-25,,unclassified,,none,,none,not_assessed,none,,enagamess,68,,0,none,,ready,1.0.0
www.kongregate.com/games/x2wifi/tig-with-xenomorph,Tig With Xenomorph,x2wifi,http://www.kongregate.com/games/x2wifi/tig-with-xenomorph,17,1,2016-05-24,2016-05-24,,unclassified,,none,,none,not_assessed,none,,x2wifi,1,,0,none,,ready,1.0.0
www.kongregate.com/games/aptriangle/tower-attraction,Tower Attraction,aptriangle,http://www.kongregate.com/games/aptriangle/tower-attraction,17,1,2016-06-04,2016-06-04,,unclassified,,none,,none,not_assessed,none,,aptriangle,1,,0,none,,ready,1.0.0
www.kongregate.com/games/gamolition/tractor-mania-3d-parking,Tractor Mania 3D Parking,gamolition,http://www.kongregate.com/games/gamolition/tractor-mania-3d-parking,17,1,2015-09-23,2015-09-23,,unclassified,,none,,none,not_assessed,none,,gamolition,5,,0,none,,ready,1.0.0
www.kongregate.com/games/rootools/turbo-trip-89,Turbo Trip 89,rootools,http://www.kongregate.com/games/rootools/turbo-trip-89,17,1,2014-09-05,2014-09-05,,unclassified,,none,,none,not_assessed,none,,rootools,1,,0,none,,ready,1.0.0
www.kongregate.com/games/zooxii/ultimate-treasure-dive,Ultimate Treasure Dive,zooxii,http://www.kongregate.com/games/zooxii/ultimate-treasure-dive,17,1,2016-01-16,2016-01-16,,unclassified,,none,,none,not_assessed,none,,zooxii,1,,0,none,,ready,1.0.0
www.kongregate.com/games/enagamess/unique-house-escape-2,Unique House Escape 2,Enagamess,http://www.kongregate.com/games/Enagamess/unique-house-escape-2,17,1,2015-12-05,2015-12-05,,escape_room,escape_room,medium_title_signal,,none,not_assessed,none,,enagamess,68,,0,medium,title_signal:escape_room,review_title_inference,1.0.0
www.kongregate.com/games/tackypoop111/vandalise-the-gas-station,Vandalise The Gas Station,tackypoop111,http://www.kongregate.com/games/tackypoop111/vandalise-the-gas-station,17,1,2016-03-16,2016-03-16,,unclassified,,none,,none,not_assessed,none,,tackypoop111,2,,0,none,,ready,1.0.0
www.kongregate.com/games/enagamess/victorian-house-escape,Victorian House Escape,Enagamess,http://www.kongregate.com/games/Enagamess/victorian-house-escape,17,1,2014-12-02,2014-12-02,,escape_room,escape_room,medium_title_signal,,none,not_assessed,none,,enagamess,68,,0,medium,title_signal:escape_room,review_title_inference,1.0.0
www.kongregate.com/games/kovida/voxel-aliens,Voxel Aliens,Kovida,http://www.kongregate.com/games/Kovida/voxel-aliens,17,1,2017-09-04,2017-09-04,,unclassified,,none,,none,not_assessed,none,,kovida,1,,0,none,,ready,1.0.0
www.kongregate.com/games/mariuskintzs/w-house-version-0-0-2,W. House Version 0.0.2,Mariuskintzs,http://www.kongregate.com/games/Mariuskintzs/w-house-version-0-0-2,17,1,2017-05-05,2017-05-05,,unclassified,,none,,none,not_assessed,none,,mariuskintzs,1,,0,none,,ready,1.0.0
www.kongregate.com/games/crywar/wadwipe-play-4-free,Wadwipe: Play 4 Free,CryWar,http://www.kongregate.com/games/CryWar/wadwipe-play-4-free,17,1,2014-09-26,2014-09-26,,unclassified,,none,,none,not_assessed,none,,crywar,1,,0,none,,ready,1.0.0
www.kongregate.com/games/spacegrid/warriors,Warriors,spacegrid,http://www.kongregate.com/games/spacegrid/warriors,17,1,2017-07-20,2017-07-20,,unclassified,,none,,none,not_assessed,none,,spacegrid,5,,0,none,,ready,1.0.0
www.kongregate.com/games/koemmels/weltenstaub-1,Weltenstaub 1,Koemmels,http://www.kongregate.com/games/Koemmels/weltenstaub-1,17,1,2015-12-18,2015-12-18,,unclassified,,none,,none,not_assessed,none,,koemmels,1,,0,none,,ready,1.0.0
www.kongregate.com/games/rahchel321/who-can-escape-castle-prison,Who Can Escape Castle Prison,rahchel321,http://www.kongregate.com/games/rahchel321/who-can-escape-castle-prison,17,1,2016-06-13,2016-06-13,,escape_room,escape_room,medium_title_signal,,none,not_assessed,none,,rahchel321,10,,0,medium,title_signal:escape_room,review_title_inference,1.0.0
www.kongregate.com/games/tntninja05/zombie-escape,Zombie escape,tntninja05,https://www.kongregate.com/games/tntninja05/zombie-escape,17,1,2019-08-25,2019-08-25,,escape_room,escape_room,medium_title_signal,,none,not_assessed,none,,tntninja05,1,,0,medium,title_signal:escape_room,review_title_inference,1.0.0
www.kongregate.com/games/lu_muja/zs-dead-detective-pumpkin-dead,ZS Dead Detective - Pumpkin Dead,Lu_Muja,https://www.kongregate.com/games/Lu_Muja/zs-dead-detective-pumpkin-dead,17,1,2020-01-02,2020-01-02,puzzle,puzzle,puzzle,high_observed_category,,none,not_assessed,none,,lu-muja,1,,0,high,observed_category:puzzle,ready,1.0.0
www.kongregate.com/games/lerpinglemur/theory-of-magic,Theory of Magic,lerpinglemur,https://www.kongregate.com/en/games/lerpinglemur/theory-of-magic,18,34,2019-10-17,2019-10-14,idle,idle_incremental,idle_incremental,high_observed_category,idle_progression,high_observed_category,not_assessed,none,,lerpinglemur,1,,0,high,observed_category:idle_incremental; observed_category:idle,ready,1.0.0
www.kongregate.com/games/herointeractive/bubble-tanks-tower-defense,Bubble Tanks Tower Defense,HeroInteractive,https://www.kongregate.com/en/games/HeroInteractive/bubble-tanks-tower-defense,18,14,2016-09-13,2010-01-05,tower-defense,tower_defense,tower_defense,high_observed_category,,none,not_assessed,none,,herointeractive,8,,0,high,observed_category:tower_defense,ready,1.0.0
www.kongregate.com/games/funnaut/arcuz-behind-the-dark,Arcuz - Behind the Dark,,https://www.kongregate.com/en/games/funnaut/arcuz-behind-the-dark,18,4,2026-07-01,2009-12-18,adventure-rpg,role_playing,role_playing,high_observed_category,,none,not_assessed,none,,unknown,252,,0,high,observed_category:role_playing,ready,1.0.0
www.kongregate.com/games/outact/brave-order,Brave Order,,https://www.kongregate.com/en/games/outact/brave-order,18,4,2026-07-01,2019-03-07,mmo,role_playing,role_playing,high_observed_category,massively_multiplayer,high_observed_category,not_assessed,none,,unknown,252,,0,high,observed_category:role_playing; observed_category:mmo,ready,1.0.0
www.kongregate.com/games/gpstudios/bunny-invasion-2,Bunny Invasion 2,,https://www.kongregate.com/en/games/GPStudios/bunny-invasion-2,18,4,2026-07-01,2009-02-25,strategy-defense,strategy,strategy,high_observed_category,,none,not_assessed,none,,unknown,252,,0,high,observed_category:strategy,ready,1.0.0
www.kongregate.com/games/m0rkeulv/castle-wars-2-5,Castle Wars 2.5,,https://www.kongregate.com/en/games/m0rkeulv/castle-wars-2-5,18,4,2026-07-01,2017-06-01,card,card_strategy,card_strategy,high_observed_category,persistent_card_game,high_observed_category,not_assessed,none,,unknown,252,,0,high,observed_category:card_strategy; observed_category:card,ready,1.0.0
www.kongregate.com/games/sandwich_gen/lazergrrl,LazerGrrl,,https://www.kongregate.com/en/games/Sandwich_Gen/lazergrrl,18,4,2026-07-01,2018-06-29,multiplayer,multiplayer,multiplayer,high_observed_category,online_multiplayer,high_observed_category,not_assessed,none,,unknown,252,,0,high,observed_category:multiplayer; observed_category:multiplayer,ready,1.0.0
www.kongregate.com/games/armorgames/neon-rider,Neon Rider,,https://www.kongregate.com/en/games/ArmorGames/neon-rider,18,4,2026-07-01,2010-04-15,sports-racing,sports_racing,sports_racing,high_observed_category,,none,not_assessed,none,,unknown,252,,0,high,observed_category:sports_racing,ready,1.0.0
www.kongregate.com/games/gamehollywood/evil-awakening-ii-erebus,Evil Awakening II : Erebus,GameHollywood,http://www.kongregate.com/games/GameHollywood/evil-awakening-ii-erebus,18,1,2023-08-06,2023-08-06,,unclassified,,none,,none,not_assessed,none,,gamehollywood,1,,0,none,,ready,1.0.0
www.kongregate.com/games/moczan/pixels-filling-squares-3-0,Pixels Filling Squares 3.0,Moczan,https://www.kongregate.com/en/games/Moczan/pixels-filling-squares-3-0,19,34,2019-02-05,2018-01-24,idle,idle_incremental,idle_incremental,high_observed_category,idle_progression,high_observed_category,not_assessed,none,,moczan,1,,0,high,observed_category:idle_incremental; observed_category:idle,ready,1.0.0
www.kongregate.com/games/hamumu/robot-wants-kitty,Robot Wants Kitty,Hamumu,https://www.kongregate.com/en/games/Hamumu/robot-wants-kitty,19,22,2018-04-03,2010-03-09,action,action,action,high_observed_category,,none,not_assessed,none,,hamumu,2,,0,high,observed_category:action,ready,1.0.0
www.kongregate.com/games/rob1221/hp-atk-def,HP Atk Def,Rob1221,https://www.kongregate.com/en/games/Rob1221/hp-atk-def,19,21,2021-07-22,2020-03-06,strategy,strategy,strategy,high_observed_category,,none,not_assessed,none,,rob1221,1,,0,high,observed_category:strategy,ready,1.0.0
www.kongregate.com/games/saltyegg/co-op-toon-shooter-rise-of-the-fleet,Co-op Toon Shooter: Rise of the fleet,saltyegg,https://www.kongregate.com/en/games/saltyegg/co-op-toon-shooter-rise-of-the-fleet,19,14,2019-05-03,2011-08-16,shooter,shooter,shooter,high_observed_category,,none,not_assessed,none,,saltyegg,1,,0,high,observed_category:shooter,ready,1.0.0
www.kongregate.com/games/nulllvoid/hidden-dimensions,Hidden Dimensions,,https://www.kongregate.com/en/games/nulllvoid/hidden-dimensions,19,4,2026-07-01,2010-10-15,card,card_strategy,card_strategy,high_observed_category,persistent_card_game,high_observed_category,not_assessed,none,,unknown,252,,0,high,observed_category:card_strategy; observed_category:card,ready,1.0.0
www.kongregate.com/games/redherringlabs/morningstar,Morningstar,,https://www.kongregate.com/en/games/RedHerringLabs/morningstar,19,4,2026-07-01,2009-05-18,adventure-rpg,role_playing,role_playing,high_observed_category,,none,not_assessed,none,,unknown,252,,0,high,observed_category:role_playing,ready,1.0.0
www.kongregate.com/games/destinydev/music-wars,Music Wars,,https://www.kongregate.com/en/games/DestinyDev/music-wars,19,4,2026-07-01,2017-01-31,multiplayer,multiplayer,multiplayer,high_observed_category,online_multiplayer,high_observed_category,not_assessed,none,,unknown,252,,0,high,observed_category:multiplayer; observed_category:multiplayer,ready,1.0.0
www.kongregate.com/games/monkeywantbanana/shopping-cart-hero,Shopping Cart Hero,,https://www.kongregate.com/en/games/MonkeyWantBanana/shopping-cart-hero,19,4,2026-07-01,2009-02-05,sports-racing,sports_racing,sports_racing,high_observed_category,,none,not_assessed,none,,unknown,252,,0,high,observed_category:sports_racing,ready,1.0.0
www.kongregate.com/games/kanoapps/viking-clan,Viking Clan,,https://www.kongregate.com/en/games/kanoapps/viking-clan,19,4,2026-07-01,2013-06-11,mmo,role_playing,role_playing,high_observed_category,massively_multiplayer,high_observed_category,not_assessed,none,,unknown,252,,0,high,observed_category:role_playing; observed_category:mmo,ready,1.0.0
www.kongregate.com/games/exileng/ng-space-company,NG Space Company,ExileNG,http://www.kongregate.com/games/ExileNG/ng-space-company,19,1,2024-01-21,2024-01-21,,unclassified,,none,,none,not_assessed,none,,exileng,1,,0,none,,ready,1.0.0
www.kongregate.com/games/djugan/hands-of-war-tower-defense,Hands of War Tower Defense,Djugan,https://www.kongregate.com/en/games/Djugan/hands-of-war-tower-defense,20,14,2022-11-24,2012-01-24,tower-defense,tower_defense,tower_defense,high_observed_category,,none,not_assessed,none,,djugan,2,,0,high,observed_category:tower_defense,ready,1.0.0
www.kongregate.com/games/gameinabottle/reeelz,Reeelz,gameinabottle,https://www.kongregate.com/en/games/gameinabottle/reeelz,20,8,2025-10-09,2010-08-25,action,action,action,high_observed_category,,none,not_assessed,none,,gameinabottle,5,,0,high,observed_category:action,ready,1.0.0
www.kongregate.com/games/rudy_sudarto/epic-war,Epic war,,https://www.kongregate.com/en/games/rudy_sudarto/epic-war,20,4,2025-11-22,2008-08-12,strategy-defense,strategy,strategy,high_observed_category,,none,not_assessed,none,,unknown,252,,0,high,observed_category:strategy,ready,1.0.0
www.kongregate.com/games/pacthesis/idol-days-sim-date,Idol Days Sim Date,,https://www.kongregate.com/en/games/Pacthesis/idol-days-sim-date,20,4,2026-07-01,2010-07-16,more,other,other,high_observed_category,,none,not_assessed,none,,unknown,252,,0,high,observed_category:other,ready,1.0.0
www.kongregate.com/games/diffusiongames/mytheria,Mytheria,,https://www.kongregate.com/en/games/DiffusionGames/mytheria,20,4,2026-07-01,2008-11-12,card,card_strategy,card_strategy,high_observed_category,persistent_card_game,high_observed_category,not_assessed,none,,unknown,252,,0,high,observed_category:card_strategy; observed_category:card,ready,1.0.0
www.kongregate.com/games/paulgene/renegade-racing,Renegade Racing,,https://www.kongregate.com/en/games/PaulGene/renegade-racing,20,4,2026-07-01,2013-02-14,sports-racing,sports_racing,sports_racing,high_observed_category,,none,not_assessed,none,,unknown,252,,0,high,observed_category:sports_racing,ready,1.0.0
www.kongregate.com/games/webcypher/sift-heads-world-act-5-an-exotic-job,Sift Heads World Act 5 - An Exotic Job,WebCypher,https://www.kongregate.com/games/WebCypher/sift-heads-world-act-5-an-exotic-job,20,4,2024-06-12,2010-08-25,shooter,shooter,shooter,high_observed_category,,none,not_assessed,none,,webcypher,7,,0,high,observed_category:shooter,ready,1.0.0
www.kongregate.com/games/scarybee/swarm-simulator-evolution,Swarm Simulator: Evolution,,https://www.kongregate.com/en/games/ScaryBee/swarm-simulator-evolution,20,4,2021-02-09,2018-06-28,idle,idle_incremental,idle_incremental,high_observed_category,idle_progression,high_observed_category,not_assessed,none,,unknown,252,,0,high,observed_category:idle_incremental; observed_category:idle,ready,1.0.0
www.kongregate.com/games/ubisoftbluebyte/the-settlers-online,The Settlers Online,,https://www.kongregate.com/en/games/UbisoftBlueByte/the-settlers-online,20,4,2026-07-01,2015-05-04,mmo,role_playing,role_playing,high_observed_category,massively_multiplayer,high_observed_category,not_assessed,none,,unknown,252,,0,high,observed_category:role_playing; observed_category:mmo,ready,1.0.0
www.kongregate.com/games/mrudi/trader-of-stories-chapter-1,Trader of Stories - Chapter 1,,https://www.kongregate.com/en/games/mrudi/trader-of-stories-chapter-1,20,4,2026-07-01,2017-01-11,adventure-rpg,role_playing,role_playing,high_observed_category,,none,not_assessed,none,,unknown,252,,0,high,observed_category:role_playing,ready,1.0.0
www.kongregate.com/games/friuns/brutal-strike,Brutal Strike,,https://www.kongregate.com/en/games/friuns/brutal-strike,20,2,2026-07-01,2020-06-27,multiplayer,multiplayer,multiplayer,high_observed_category,online_multiplayer,high_observed_category,not_assessed,none,,unknown,252,,0,high,observed_category:multiplayer; observed_category:multiplayer,ready,1.0.0
