canonical_game_key,game_name,game_url,best_rank,status,http_status,final_url,matched_url,page_canonical_key,canonical_match,title,last_attempt_timestamp,previous_removal_evidence_status,current_live_metric_status,unavailable_reason,cache_path
www.kongregate.com/games/w3sts1de/as3q32-gmail-com,as3q32@gmail.com,http://www.kongregate.com/games/W3STS1DE/as3q32-gmail-com,1,live_page_unavailable_text,200,https://www.kongregate.com/en,https://www.kongregate.com/games/W3STS1DE/as3q32-gmail-com,https://www.kongregate.com/en,no,Play Free Online Games on Kongregate – The Ultimate Gaming Platform,2026-07-04T08:32:47Z,live_metrics_unavailable,live_metrics_failed_http_404,404,
www.kongregate.com/games/bryces12/blob-kills-ball,BLOB KILLS BALL!,http://www.kongregate.com/games/bryces12/blob-kills-ball,1,live_page_unavailable_text,200,https://www.kongregate.com/en,https://www.kongregate.com/games/bryces12/blob-kills-ball,https://www.kongregate.com/en,no,Play Free Online Games on Kongregate – The Ultimate Gaming Platform,2026-07-04T08:32:48Z,live_metrics_unavailable,live_metrics_failed_http_404,404,
www.kongregate.com/games/lostvector/bowmaster-prelude,Bowmaster Prelude,http://www.kongregate.com/games/lostvector/bowmaster-prelude,1,live_page_available,200,https://www.kongregate.com/en/games/lostvector/bowmaster-prelude,https://www.kongregate.com/games/lostvector/bowmaster-prelude,www.kongregate.com/games/lostvector/bowmaster-prelude,yes,Bowmaster Prelude – Online Gameplay | Kongregate,2026-07-04T08:32:46Z,live_metrics_unavailable,live_metrics_failed_http_404,,data/raw/game_pages/live_html/20260704083245_www.kongregate.com_games_lostvector_bowmaster-prelude_a594d33a0db9633f.html
www.kongregate.com/games/papercup/city-runner-3d,City Runner 3D,http://www.kongregate.com/games/PaperCup/city-runner-3d,1,live_page_unavailable_text,200,https://www.kongregate.com/en,https://www.kongregate.com/games/PaperCup/city-runner-3d,https://www.kongregate.com/en,no,Play Free Online Games on Kongregate – The Ultimate Gaming Platform,2026-07-04T08:32:49Z,live_metrics_unavailable,live_metrics_failed_http_404,404,
www.kongregate.com/games/purecube/electro-city,Electro City,http://www.kongregate.com/games/purecube/electro-city,1,live_page_unavailable_text,200,https://www.kongregate.com/en,https://www.kongregate.com/games/purecube/electro-city,https://www.kongregate.com/en,no,Play Free Online Games on Kongregate – The Ultimate Gaming Platform,2026-07-04T08:32:50Z,live_metrics_unavailable,live_metrics_failed_http_404,404,
www.kongregate.com/games/coralcnora/football-legends-2016,Football Legends 2016,http://www.kongregate.com/games/CoralCnora/football-legends-2016,1,live_page_unavailable_text,200,https://www.kongregate.com/en,https://www.kongregate.com/games/CoralCnora/football-legends-2016,https://www.kongregate.com/en,no,Play Free Online Games on Kongregate – The Ultimate Gaming Platform,2026-07-04T08:32:51Z,live_metrics_unavailable,live_metrics_failed_http_404,404,
www.kongregate.com/games/joshua140/indestructocopter,IndestructoCopter,http://www.kongregate.com/games/Joshua140/indestructocopter,1,live_page_unavailable_text,200,https://www.kongregate.com/en,https://www.kongregate.com/games/Joshua140/indestructocopter,https://www.kongregate.com/en,no,Play Free Online Games on Kongregate – The Ultimate Gaming Platform,2026-07-04T08:32:51Z,live_metrics_unavailable,live_metrics_failed_http_404,404,
www.kongregate.com/games/kingstar22/jupiter-ogame,Jupiter OGame,http://www.kongregate.com/games/KingStar22/jupiter-ogame,1,live_page_unavailable_text,200,https://www.kongregate.com/en,https://www.kongregate.com/games/KingStar22/jupiter-ogame,https://www.kongregate.com/en,no,Play Free Online Games on Kongregate – The Ultimate Gaming Platform,2026-07-04T08:32:52Z,live_metrics_unavailable,live_metrics_failed_http_404,404,
www.kongregate.com/games/samuelvenable/key-to-success,Key to Success,http://www.kongregate.com/games/SamuelVenable/key-to-success,1,live_page_unavailable_text,200,https://www.kongregate.com/en,https://www.kongregate.com/games/SamuelVenable/key-to-success,https://www.kongregate.com/en,no,Play Free Online Games on Kongregate – The Ultimate Gaming Platform,2026-07-04T08:32:53Z,live_metrics_unavailable,live_metrics_failed_http_404,404,
www.kongregate.com/games/sstudioss/last-warrior,Last Warrior,http://www.kongregate.com/games/sstudioss/last-warrior,1,live_page_unavailable_text,200,https://www.kongregate.com/en,https://www.kongregate.com/games/sstudioss/last-warrior,https://www.kongregate.com/en,no,Play Free Online Games on Kongregate – The Ultimate Gaming Platform,2026-07-04T08:32:54Z,live_metrics_unavailable,live_metrics_failed_http_404,404,
www.kongregate.com/games/sandmanza/lt-breakout,LT-Breakout,http://www.kongregate.com/games/SandmanZA/lt-breakout,1,live_page_unavailable_text,200,https://www.kongregate.com/en,https://www.kongregate.com/games/SandmanZA/lt-breakout,https://www.kongregate.com/en,no,Play Free Online Games on Kongregate – The Ultimate Gaming Platform,2026-07-04T08:32:55Z,live_metrics_unavailable,live_metrics_failed_http_404,404,
www.kongregate.com/games/darthpeanut113/maddening-foolishness,Maddening Foolishness,http://www.kongregate.com/games/darthpeanut113/maddening-foolishness,1,live_page_unavailable_text,200,https://www.kongregate.com/en,https://www.kongregate.com/games/darthpeanut113/maddening-foolishness,https://www.kongregate.com/en,no,Play Free Online Games on Kongregate – The Ultimate Gaming Platform,2026-07-04T08:32:56Z,live_metrics_unavailable,live_metrics_failed_http_404,404,
www.kongregate.com/games/linhvo1611/make-me-10,Make Me 10,http://www.kongregate.com/games/LinhVo1611/make-me-10,1,live_page_unavailable_text,200,https://www.kongregate.com/en,https://www.kongregate.com/games/LinhVo1611/make-me-10,https://www.kongregate.com/en,no,Play Free Online Games on Kongregate – The Ultimate Gaming Platform,2026-07-04T08:32:57Z,live_metrics_unavailable,live_metrics_failed_http_404,404,
www.kongregate.com/games/mafagames/missiles-again,Missiles Again,http://www.kongregate.com/games/mafagames/missiles-again,1,live_page_unavailable_text,200,https://www.kongregate.com/en,https://www.kongregate.com/games/mafagames/missiles-again,https://www.kongregate.com/en,no,Play Free Online Games on Kongregate – The Ultimate Gaming Platform,2026-07-04T08:32:58Z,live_metrics_unavailable,live_metrics_failed_http_404,404,
www.kongregate.com/games/shunkazami/penguin-heroes,Penguin Heroes,http://www.kongregate.com/games/ShunKazami/penguin-heroes,1,live_page_unavailable_text,200,https://www.kongregate.com/en,https://www.kongregate.com/games/ShunKazami/penguin-heroes,https://www.kongregate.com/en,no,Play Free Online Games on Kongregate – The Ultimate Gaming Platform,2026-07-04T08:32:59Z,live_metrics_unavailable,live_metrics_failed_http_404,404,
www.kongregate.com/games/mafagames/run-bird-run-online,Run Bird Run Online,http://www.kongregate.com/games/mafagames/run-bird-run-online,1,live_page_unavailable_text,200,https://www.kongregate.com/en,https://www.kongregate.com/games/mafagames/run-bird-run-online,https://www.kongregate.com/en,no,Play Free Online Games on Kongregate – The Ultimate Gaming Platform,2026-07-04T08:33:00Z,live_metrics_unavailable,live_metrics_failed_http_404,404,
www.kongregate.com/games/listenme02/spacewarrior,SpaceWarrior,http://www.kongregate.com/games/listenme02/spacewarrior,1,live_page_unavailable_text,200,https://www.kongregate.com/en,https://www.kongregate.com/games/listenme02/spacewarrior,https://www.kongregate.com/en,no,Play Free Online Games on Kongregate – The Ultimate Gaming Platform,2026-07-04T08:33:01Z,live_metrics_unavailable,live_metrics_failed_http_404,404,
www.kongregate.com/games/stafforb_pokemon/stafforbs-worst-pokemon-battle,Stafforb's Worst Pokemon Battle,http://www.kongregate.com/games/Stafforb_Pokemon/stafforbs-worst-pokemon-battle,1,live_page_unavailable_text,200,https://www.kongregate.com/en,https://www.kongregate.com/games/Stafforb_Pokemon/stafforbs-worst-pokemon-battle,https://www.kongregate.com/en,no,Play Free Online Games on Kongregate – The Ultimate Gaming Platform,2026-07-04T08:33:02Z,live_metrics_unavailable,live_metrics_failed_http_404,404,
www.kongregate.com/games/inxile_ent/super-stacker-2,Super Stacker 2,http://www.kongregate.com/games/inXile_Ent/super-stacker-2,1,live_page_available,200,https://www.kongregate.com/en/games/inxile_ent/super-stacker-2,https://www.kongregate.com/games/inXile_Ent/super-stacker-2,www.kongregate.com/games/inxile_ent/super-stacker-2,yes,Super Stacker 2 Game – Play in Your Browser | Kongregate,2026-07-04T08:32:45Z,live_metrics_unavailable,live_metrics_failed_http_404,,data/raw/game_pages/live_html/20260704083245_www.kongregate.com_games_inxile_ent_super-stacker-2_de6c694ac61f60c5.html
www.kongregate.com/games/joao8991/superball-idle,SuperBall Idle,http://www.kongregate.com/games/joao8991/superball-idle,1,live_page_unavailable_text,200,https://www.kongregate.com/en,https://www.kongregate.com/games/joao8991/superball-idle,https://www.kongregate.com/en,no,Play Free Online Games on Kongregate – The Ultimate Gaming Platform,2026-07-04T08:33:03Z,live_metrics_unavailable,live_metrics_failed_http_404,404,
www.kongregate.com/games/jasonnumberxiii/surrounded,Surrounded,https://www.kongregate.com/games/JasonNumberXIII/surrounded,1,live_page_unavailable_text,200,https://www.kongregate.com/en,https://www.kongregate.com/games/JasonNumberXIII/surrounded,https://www.kongregate.com/en,no,Play Free Online Games on Kongregate – The Ultimate Gaming Platform,2026-07-04T08:33:04Z,live_metrics_unavailable,live_metrics_failed_http_404,404,
www.kongregate.com/games/creeptasticman/the-funniest-game-ever,The Funniest Game Ever,http://www.kongregate.com/games/Creeptasticman/the-funniest-game-ever,1,live_page_unavailable_text,200,https://www.kongregate.com/en,https://www.kongregate.com/games/Creeptasticman/the-funniest-game-ever,https://www.kongregate.com/en,no,Play Free Online Games on Kongregate – The Ultimate Gaming Platform,2026-07-04T08:33:05Z,live_metrics_unavailable,live_metrics_failed_http_404,404,
www.kongregate.com/games/ghostthefi/the-saga-of-the-wind-mobiles,The Saga Of The Wind Mobiles,http://www.kongregate.com/games/GhostTheFi/the-saga-of-the-wind-mobiles,1,live_page_unavailable_text,200,https://www.kongregate.com/en,https://www.kongregate.com/games/GhostTheFi/the-saga-of-the-wind-mobiles,https://www.kongregate.com/en,no,Play Free Online Games on Kongregate – The Ultimate Gaming Platform,2026-07-04T08:33:06Z,live_metrics_unavailable,live_metrics_failed_http_404,404,
www.kongregate.com/games/eternal_vanguard/the-space-commando,The Space Commando,http://www.kongregate.com/games/Eternal_Vanguard/the-space-commando,1,live_page_unavailable_text,200,https://www.kongregate.com/en,https://www.kongregate.com/games/Eternal_Vanguard/the-space-commando,https://www.kongregate.com/en,no,Play Free Online Games on Kongregate – The Ultimate Gaming Platform,2026-07-04T08:33:07Z,live_metrics_unavailable,live_metrics_failed_http_404,404,
www.kongregate.com/games/brvasil/zombie-derby-2,Zombie Derby 2,http://www.kongregate.com/games/brvasil/zombie-derby-2,1,live_page_unavailable_text,200,https://www.kongregate.com/en,https://www.kongregate.com/games/brvasil/zombie-derby-2,https://www.kongregate.com/en,no,Play Free Online Games on Kongregate – The Ultimate Gaming Platform,2026-07-04T08:33:08Z,live_metrics_unavailable,live_metrics_failed_http_404,404,
www.kongregate.com/games/qwertybeef/the-game-chat,"""The Game"" Chat",http://www.kongregate.com/games/Qwertybeef/the-game-chat,2,live_page_unavailable_text,200,https://www.kongregate.com/en,https://www.kongregate.com/games/Qwertybeef/the-game-chat,https://www.kongregate.com/en,no,Play Free Online Games on Kongregate – The Ultimate Gaming Platform,2026-07-04T08:33:08Z,live_metrics_unavailable,live_metrics_failed_http_404,404,
www.kongregate.com/games/mylittle1/animator-vs-animation-beta,Animator Vs Animation (BETA),http://www.kongregate.com/games/MyLittle1/animator-vs-animation-beta,2,live_page_unavailable_text,200,https://www.kongregate.com/en,https://www.kongregate.com/games/MyLittle1/animator-vs-animation-beta,https://www.kongregate.com/en,no,Play Free Online Games on Kongregate – The Ultimate Gaming Platform,2026-07-04T08:33:09Z,live_metrics_unavailable,live_metrics_failed_http_404,404,
www.kongregate.com/games/stafforb_pokemon/another-of-stafforbs-pokemon-battles,Another of Stafforb's Pokemon Battles.,http://www.kongregate.com/games/Stafforb_Pokemon/another-of-stafforbs-pokemon-battles,2,live_page_unavailable_text,200,https://www.kongregate.com/en,https://www.kongregate.com/games/Stafforb_Pokemon/another-of-stafforbs-pokemon-battles,https://www.kongregate.com/en,no,Play Free Online Games on Kongregate – The Ultimate Gaming Platform,2026-07-04T08:33:10Z,live_metrics_unavailable,live_metrics_failed_http_404,404,
www.kongregate.com/games/natalibt/aston-martin-hidden-wheels,Aston Martin Hidden Wheels,http://www.kongregate.com/games/natalibt/aston-martin-hidden-wheels,2,live_page_unavailable_text,200,https://www.kongregate.com/en,https://www.kongregate.com/games/natalibt/aston-martin-hidden-wheels,https://www.kongregate.com/en,no,Play Free Online Games on Kongregate – The Ultimate Gaming Platform,2026-07-04T08:33:11Z,live_metrics_unavailable,live_metrics_failed_http_404,404,
www.kongregate.com/games/wowsomegames/baby-talking-tom-bathing,Baby Talking Tom Bathing,http://www.kongregate.com/games/wowsomegames/baby-talking-tom-bathing,2,live_page_unavailable_text,200,https://www.kongregate.com/en,https://www.kongregate.com/games/wowsomegames/baby-talking-tom-bathing,https://www.kongregate.com/en,no,Play Free Online Games on Kongregate – The Ultimate Gaming Platform,2026-07-04T08:33:12Z,live_metrics_unavailable,live_metrics_failed_http_404,404,
www.kongregate.com/games/sherondale13/ballamos,Ballamos,http://www.kongregate.com/games/SherOnDale13/ballamos,2,live_page_unavailable_text,200,https://www.kongregate.com/en,https://www.kongregate.com/games/SherOnDale13/ballamos,https://www.kongregate.com/en,no,Play Free Online Games on Kongregate – The Ultimate Gaming Platform,2026-07-04T08:33:25Z,live_metrics_unavailable,live_metrics_failed_http_404,404,
www.kongregate.com/games/jaime2310/battle-for-gondor,Battle For Gondor,http://www.kongregate.com/games/jaime2310/battle-for-gondor,2,live_page_unavailable_text,200,https://www.kongregate.com/en,https://www.kongregate.com/games/jaime2310/battle-for-gondor,https://www.kongregate.com/en,no,Play Free Online Games on Kongregate – The Ultimate Gaming Platform,2026-07-04T08:33:26Z,live_metrics_unavailable,live_metrics_failed_http_404,404,
www.kongregate.com/games/thunderstorm38/britney-spears-vs-child-servisous,Britney Spears vs Child Servisous,http://www.kongregate.com/games/thunderstorm38/britney-spears-vs-child-servisous,2,live_page_unavailable_text,200,https://www.kongregate.com/en,https://www.kongregate.com/games/thunderstorm38/britney-spears-vs-child-servisous,https://www.kongregate.com/en,no,Play Free Online Games on Kongregate – The Ultimate Gaming Platform,2026-07-04T08:33:27Z,live_metrics_unavailable,live_metrics_failed_http_404,404,
www.kongregate.com/games/maxwell06/caralhinhos-voadores-age-of-delicia,Caralhinhos Voadores - Age Of Delicia,http://www.kongregate.com/games/maxwell06/caralhinhos-voadores-age-of-delicia,2,live_page_unavailable_text,200,https://www.kongregate.com/en,https://www.kongregate.com/games/maxwell06/caralhinhos-voadores-age-of-delicia,https://www.kongregate.com/en,no,Play Free Online Games on Kongregate – The Ultimate Gaming Platform,2026-07-04T08:33:28Z,live_metrics_unavailable,live_metrics_failed_http_404,404,
www.kongregate.com/games/inventor_123/changetype,changetype(),http://www.kongregate.com/games/inventor_123/changetype,2,live_page_unavailable_text,200,https://www.kongregate.com/en,https://www.kongregate.com/games/inventor_123/changetype,https://www.kongregate.com/en,no,Play Free Online Games on Kongregate – The Ultimate Gaming Platform,2026-07-04T08:33:29Z,live_metrics_unavailable,live_metrics_failed_http_404,404,
www.kongregate.com/games/mafagames/cherrie-new-spring-trends,Cherrie New Spring Trends,http://www.kongregate.com/games/mafagames/cherrie-new-spring-trends,2,live_page_unavailable_text,200,https://www.kongregate.com/en,https://www.kongregate.com/games/mafagames/cherrie-new-spring-trends,https://www.kongregate.com/en,no,Play Free Online Games on Kongregate – The Ultimate Gaming Platform,2026-07-04T08:33:30Z,live_metrics_unavailable,live_metrics_failed_http_404,404,
www.kongregate.com/games/natalibt/chevrolet-cruze-puzzle,Chevrolet Cruze Puzzle,http://www.kongregate.com/games/natalibt/chevrolet-cruze-puzzle,2,live_page_unavailable_text,200,https://www.kongregate.com/en,https://www.kongregate.com/games/natalibt/chevrolet-cruze-puzzle,https://www.kongregate.com/en,no,Play Free Online Games on Kongregate – The Ultimate Gaming Platform,2026-07-04T08:33:31Z,live_metrics_unavailable,live_metrics_failed_http_404,404,
www.kongregate.com/games/papercup/chuck-norris-mmorpg,Chuck Norris MMORPG,http://www.kongregate.com/games/PaperCup/chuck-norris-mmorpg,2,live_page_unavailable_text,200,https://www.kongregate.com/en,https://www.kongregate.com/games/PaperCup/chuck-norris-mmorpg,https://www.kongregate.com/en,no,Play Free Online Games on Kongregate – The Ultimate Gaming Platform,2026-07-04T08:33:32Z,live_metrics_unavailable,live_metrics_failed_http_404,404,
www.kongregate.com/games/nicolewatterson/countryballs-4,CountryBalls 4,http://www.kongregate.com/games/NicoleWatterson/countryballs-4,2,live_page_unavailable_text,200,https://www.kongregate.com/en,https://www.kongregate.com/games/NicoleWatterson/countryballs-4,https://www.kongregate.com/en,no,Play Free Online Games on Kongregate – The Ultimate Gaming Platform,2026-07-04T08:33:33Z,live_metrics_unavailable,live_metrics_failed_http_404,404,
www.kongregate.com/games/dmarcy/cuube,cuube,http://www.kongregate.com/games/dmarcy/cuube,2,live_page_unavailable_text,200,https://www.kongregate.com/en,https://www.kongregate.com/games/dmarcy/cuube,https://www.kongregate.com/en,no,Play Free Online Games on Kongregate – The Ultimate Gaming Platform,2026-07-04T08:33:34Z,live_metrics_unavailable,live_metrics_failed_http_404,404,
www.kongregate.com/games/regone/dat-boi,dat boi,http://www.kongregate.com/games/Regone/dat-boi,2,live_page_unavailable_text,200,https://www.kongregate.com/en,https://www.kongregate.com/games/Regone/dat-boi,https://www.kongregate.com/en,no,Play Free Online Games on Kongregate – The Ultimate Gaming Platform,2026-07-04T08:33:35Z,live_metrics_unavailable,live_metrics_failed_http_404,404,
www.kongregate.com/games/panrobercik/dead-frontier,Dead Frontier,http://www.kongregate.com/games/PanRobercik/dead-frontier,2,live_page_unavailable_text,200,https://www.kongregate.com/en,https://www.kongregate.com/games/PanRobercik/dead-frontier,https://www.kongregate.com/en,no,Play Free Online Games on Kongregate – The Ultimate Gaming Platform,2026-07-04T08:33:36Z,live_metrics_unavailable,live_metrics_failed_http_404,404,
www.kongregate.com/games/game4joy/elsa-and-anna-chinese-dress-up,Elsa And Anna Chinese Dress Up,http://www.kongregate.com/games/game4joy/elsa-and-anna-chinese-dress-up,2,live_page_unavailable_text,200,https://www.kongregate.com/en,https://www.kongregate.com/games/game4joy/elsa-and-anna-chinese-dress-up,https://www.kongregate.com/en,no,Play Free Online Games on Kongregate – The Ultimate Gaming Platform,2026-07-04T08:33:36Z,live_metrics_unavailable,live_metrics_failed_http_404,404,
www.kongregate.com/games/mafagames/finger-spinner-online,Finger Spinner Online,http://www.kongregate.com/games/mafagames/finger-spinner-online,2,live_page_unavailable_text,200,https://www.kongregate.com/en,https://www.kongregate.com/games/mafagames/finger-spinner-online,https://www.kongregate.com/en,no,Play Free Online Games on Kongregate – The Ultimate Gaming Platform,2026-07-04T08:33:37Z,live_metrics_unavailable,live_metrics_failed_http_404,404,
www.kongregate.com/games/slixmedia/first-date,First Date,http://www.kongregate.com/games/slixmedia/first-date,2,live_page_unavailable_text,200,https://www.kongregate.com/en,https://www.kongregate.com/games/slixmedia/first-date,https://www.kongregate.com/en,no,Play Free Online Games on Kongregate – The Ultimate Gaming Platform,2026-07-04T08:33:38Z,live_metrics_unavailable,live_metrics_failed_http_404,404,
www.kongregate.com/games/mafagames/horse-racing,Horse Racing,http://www.kongregate.com/games/mafagames/horse-racing,2,live_page_unavailable_text,200,https://www.kongregate.com/en,https://www.kongregate.com/games/mafagames/horse-racing,https://www.kongregate.com/en,no,Play Free Online Games on Kongregate – The Ultimate Gaming Platform,2026-07-04T08:33:39Z,live_metrics_unavailable,live_metrics_failed_http_404,404,
www.kongregate.com/games/dxinteractive/i-dont-even-know,I Don't Even Know,http://www.kongregate.com/games/DXInteractive/i-dont-even-know,2,live_page_unavailable_text,200,https://www.kongregate.com/en,https://www.kongregate.com/games/DXInteractive/i-dont-even-know,https://www.kongregate.com/en,no,Play Free Online Games on Kongregate – The Ultimate Gaming Platform,2026-07-04T08:33:40Z,live_metrics_unavailable,live_metrics_failed_http_404,404,
www.kongregate.com/games/21axes999/jamproject-classic-rock-skin,Jamproject Classic Roc...,http://www.kongregate.com/games/21Axes999/jamproject-classic-rock-skin,2,live_page_unavailable_text,200,https://www.kongregate.com/en,https://www.kongregate.com/games/21Axes999/jamproject-classic-rock-skin,https://www.kongregate.com/en,no,Play Free Online Games on Kongregate – The Ultimate Gaming Platform,2026-07-04T08:33:41Z,live_metrics_unavailable,live_metrics_failed_http_404,404,
www.kongregate.com/games/ladybugluver/jhghj,jhghj,http://www.kongregate.com/games/Ladybugluver/jhghj,2,live_page_unavailable_text,200,https://www.kongregate.com/en,https://www.kongregate.com/games/Ladybugluver/jhghj,https://www.kongregate.com/en,no,Play Free Online Games on Kongregate – The Ultimate Gaming Platform,2026-07-04T08:33:42Z,live_metrics_unavailable,live_metrics_failed_http_404,404,
www.kongregate.com/games/hikkigamer/kns-run,Kns run,http://www.kongregate.com/games/hikkigamer/kns-run,2,live_page_unavailable_text,200,https://www.kongregate.com/en,https://www.kongregate.com/games/hikkigamer/kns-run,https://www.kongregate.com/en,no,Play Free Online Games on Kongregate – The Ultimate Gaming Platform,2026-07-04T08:33:43Z,live_metrics_unavailable,live_metrics_failed_http_404,404,
www.kongregate.com/games/alia2013/make-butter-waffles,Make Butter Waffles,http://www.kongregate.com/games/alia2013/make-butter-waffles,2,live_page_unavailable_text,200,https://www.kongregate.com/en,https://www.kongregate.com/games/alia2013/make-butter-waffles,https://www.kongregate.com/en,no,Play Free Online Games on Kongregate – The Ultimate Gaming Platform,2026-07-04T08:33:44Z,live_metrics_unavailable,live_metrics_failed_http_404,404,
www.kongregate.com/games/mafagames/mini-jumper,Mini Jumper,http://www.kongregate.com/games/mafagames/mini-jumper,2,live_page_unavailable_text,200,https://www.kongregate.com/en,https://www.kongregate.com/games/mafagames/mini-jumper,https://www.kongregate.com/en,no,Play Free Online Games on Kongregate – The Ultimate Gaming Platform,2026-07-04T08:33:45Z,live_metrics_unavailable,live_metrics_failed_http_404,404,
www.kongregate.com/games/petee/mini-ninja-coloring,Mini Ninja Coloring,http://www.kongregate.com/games/petee/mini-ninja-coloring,2,live_page_unavailable_text,200,https://www.kongregate.com/en,https://www.kongregate.com/games/petee/mini-ninja-coloring,https://www.kongregate.com/en,no,Play Free Online Games on Kongregate – The Ultimate Gaming Platform,2026-07-04T08:33:46Z,live_metrics_unavailable,live_metrics_failed_http_404,404,
www.kongregate.com/games/ilikecrabs/motivational-chatroom-drinking-game,Motivational Chatroom ...,http://www.kongregate.com/games/Ilikecrabs/motivational-chatroom-drinking-game,2,live_page_unavailable_text,200,https://www.kongregate.com/en,https://www.kongregate.com/games/Ilikecrabs/motivational-chatroom-drinking-game,https://www.kongregate.com/en,no,Play Free Online Games on Kongregate – The Ultimate Gaming Platform,2026-07-04T08:33:47Z,live_metrics_unavailable,live_metrics_failed_http_404,404,
www.kongregate.com/games/lexz1/nowere-safe-3,Nowere Safe 3,http://www.kongregate.com/games/LexZ1/nowere-safe-3,2,live_page_unavailable_text,200,https://www.kongregate.com/en,https://www.kongregate.com/games/LexZ1/nowere-safe-3,https://www.kongregate.com/en,no,Play Free Online Games on Kongregate – The Ultimate Gaming Platform,2026-07-04T08:33:48Z,live_metrics_unavailable,live_metrics_failed_http_404,404,
www.kongregate.com/games/fckn/path-of-the-wingman,path of the wingman,http://www.kongregate.com/games/fckn/path-of-the-wingman,2,live_page_unavailable_text,200,https://www.kongregate.com/en,https://www.kongregate.com/games/fckn/path-of-the-wingman,https://www.kongregate.com/en,no,Play Free Online Games on Kongregate – The Ultimate Gaming Platform,2026-07-04T08:33:49Z,live_metrics_unavailable,live_metrics_failed_http_404,404,
www.kongregate.com/games/coralcnora/raze-3,Raze 3,http://www.kongregate.com/games/CoralCnora/raze-3,2,live_page_unavailable_text,200,https://www.kongregate.com/en,https://www.kongregate.com/games/CoralCnora/raze-3,https://www.kongregate.com/en,no,Play Free Online Games on Kongregate – The Ultimate Gaming Platform,2026-07-04T08:33:50Z,live_metrics_unavailable,live_metrics_failed_http_404,404,
www.kongregate.com/games/powerpoler/rpg-shooter,RPG Shooter,http://www.kongregate.com/games/powerpoler/rpg-shooter,2,live_page_unavailable_text,200,https://www.kongregate.com/en,https://www.kongregate.com/games/powerpoler/rpg-shooter,https://www.kongregate.com/en,no,Play Free Online Games on Kongregate – The Ultimate Gaming Platform,2026-07-04T08:33:51Z,live_metrics_unavailable,live_metrics_failed_http_404,404,
www.kongregate.com/games/mafagames/sky-knight,Sky Knight,http://www.kongregate.com/games/mafagames/sky-knight,2,live_page_unavailable_text,200,https://www.kongregate.com/en,https://www.kongregate.com/games/mafagames/sky-knight,https://www.kongregate.com/en,no,Play Free Online Games on Kongregate – The Ultimate Gaming Platform,2026-07-04T08:33:52Z,live_metrics_unavailable,live_metrics_failed_http_404,404,
www.kongregate.com/games/playman2/stormfall,StormFall,http://www.kongregate.com/games/playman2/stormfall,2,live_page_unavailable_text,200,https://www.kongregate.com/en,https://www.kongregate.com/games/playman2/stormfall,https://www.kongregate.com/en,no,Play Free Online Games on Kongregate – The Ultimate Gaming Platform,2026-07-04T08:33:53Z,live_metrics_unavailable,live_metrics_failed_http_404,404,
www.kongregate.com/games/wowsomegames/talking-ginger-paw-caring,Talking Ginger Paw Caring,http://www.kongregate.com/games/wowsomegames/talking-ginger-paw-caring,2,live_page_unavailable_text,200,https://www.kongregate.com/en,https://www.kongregate.com/games/wowsomegames/talking-ginger-paw-caring,https://www.kongregate.com/en,no,Play Free Online Games on Kongregate – The Ultimate Gaming Platform,2026-07-04T08:33:54Z,live_metrics_unavailable,live_metrics_failed_http_404,404,
www.kongregate.com/games/nickj66/a-kongergate-special,A Kongergate Special,http://www.kongregate.com/games/NickJ66/a-kongergate-special,3,live_page_unavailable_text,200,https://www.kongregate.com/en,https://www.kongregate.com/games/NickJ66/a-kongergate-special,https://www.kongregate.com/en,no,Play Free Online Games on Kongregate – The Ultimate Gaming Platform,2026-07-04T08:33:56Z,live_metrics_unavailable,live_metrics_failed_http_404,404,
www.kongregate.com/games/max_raze/as3-shootorial-1,as3 Shootorial #1,http://www.kongregate.com/games/Max_Raze/as3-shootorial-1,3,live_page_unavailable_text,200,https://www.kongregate.com/en,https://www.kongregate.com/games/Max_Raze/as3-shootorial-1,https://www.kongregate.com/en,no,Play Free Online Games on Kongregate – The Ultimate Gaming Platform,2026-07-04T08:33:57Z,live_metrics_unavailable,live_metrics_failed_http_404,404,
www.kongregate.com/games/rub_en02/astrolords,AstroLords,http://www.kongregate.com/games/rub_en02/astrolords,3,live_page_unavailable_text,200,https://www.kongregate.com/en,https://www.kongregate.com/games/rub_en02/astrolords,https://www.kongregate.com/en,no,Play Free Online Games on Kongregate – The Ultimate Gaming Platform,2026-07-04T08:33:58Z,live_metrics_unavailable,live_metrics_failed_http_404,404,
www.kongregate.com/games/rheyank/atv-ride-2016,ATV Ride 2016,http://www.kongregate.com/games/rheyank/atv-ride-2016,3,live_page_unavailable_text,200,https://www.kongregate.com/en,https://www.kongregate.com/games/rheyank/atv-ride-2016,https://www.kongregate.com/en,no,Play Free Online Games on Kongregate – The Ultimate Gaming Platform,2026-07-04T08:33:59Z,live_metrics_unavailable,live_metrics_failed_http_404,404,
www.kongregate.com/games/tinkan11/blozorz-hacked,Blozorz Hacked,http://www.kongregate.com/games/tinkan11/blozorz-hacked,3,live_page_unavailable_text,200,https://www.kongregate.com/en,https://www.kongregate.com/games/tinkan11/blozorz-hacked,https://www.kongregate.com/en,no,Play Free Online Games on Kongregate – The Ultimate Gaming Platform,2026-07-04T08:34:00Z,live_metrics_unavailable,live_metrics_failed_http_404,404,
www.kongregate.com/games/mafagames/boat-rush,Boat Rush,http://www.kongregate.com/games/mafagames/boat-rush,3,live_page_unavailable_text,200,https://www.kongregate.com/en,https://www.kongregate.com/games/mafagames/boat-rush,https://www.kongregate.com/en,no,Play Free Online Games on Kongregate – The Ultimate Gaming Platform,2026-07-04T08:34:01Z,live_metrics_unavailable,live_metrics_failed_http_404,404,
www.kongregate.com/games/jacktrades/broken-world-wip,Broken World WIP,http://www.kongregate.com/games/JackTrades/broken-world-wip,3,live_page_unavailable_text,200,https://www.kongregate.com/en,https://www.kongregate.com/games/JackTrades/broken-world-wip,https://www.kongregate.com/en,no,Play Free Online Games on Kongregate – The Ultimate Gaming Platform,2026-07-04T08:34:02Z,live_metrics_unavailable,live_metrics_failed_http_404,404,
www.kongregate.com/games/cfreak19/cbs-escape-from-the-mall,CBS:Escape from the Mall,http://www.kongregate.com/games/cFreak19/cbs-escape-from-the-mall,3,live_page_unavailable_text,200,https://www.kongregate.com/en,https://www.kongregate.com/games/cFreak19/cbs-escape-from-the-mall,https://www.kongregate.com/en,no,Play Free Online Games on Kongregate – The Ultimate Gaming Platform,2026-07-04T08:34:03Z,live_metrics_unavailable,live_metrics_failed_http_404,404,
www.kongregate.com/games/shi_thead/chocolate-rain-tay-zonday,Chocolate Rain TAY ZONDAY,http://www.kongregate.com/games/Shi_Thead/chocolate-rain-tay-zonday,3,live_page_unavailable_text,200,https://www.kongregate.com/en,https://www.kongregate.com/games/Shi_Thead/chocolate-rain-tay-zonday,https://www.kongregate.com/en,no,Play Free Online Games on Kongregate – The Ultimate Gaming Platform,2026-07-04T08:34:04Z,live_metrics_unavailable,live_metrics_failed_http_404,404,
www.kongregate.com/games/mafagames/defense-math,Defense Math,http://www.kongregate.com/games/mafagames/defense-math,3,live_page_unavailable_text,200,https://www.kongregate.com/en,https://www.kongregate.com/games/mafagames/defense-math,https://www.kongregate.com/en,no,Play Free Online Games on Kongregate – The Ultimate Gaming Platform,2026-07-04T08:34:05Z,live_metrics_unavailable,live_metrics_failed_http_404,404,
www.kongregate.com/games/richpixel/diaper-dash,Diaper Dash,http://www.kongregate.com/games/richpixel/diaper-dash,3,live_page_unavailable_text,200,https://www.kongregate.com/en,https://www.kongregate.com/games/richpixel/diaper-dash,https://www.kongregate.com/en,no,Play Free Online Games on Kongregate – The Ultimate Gaming Platform,2026-07-04T08:33:55Z,live_metrics_unavailable,live_metrics_failed_http_404,404,
www.kongregate.com/games/odiusfly/dot-snap-battle,Dot Snap Battle,http://www.kongregate.com/games/odiusfly/dot-snap-battle,3,live_page_unavailable_text,200,https://www.kongregate.com/en,https://www.kongregate.com/games/odiusfly/dot-snap-battle,https://www.kongregate.com/en,no,Play Free Online Games on Kongregate – The Ultimate Gaming Platform,2026-07-04T08:34:06Z,live_metrics_unavailable,live_metrics_failed_http_404,404,
www.kongregate.com/games/mohammadaqib07/eternal-red,Eternal-Red,http://www.kongregate.com/games/MohammadAqib07/eternal-red,3,live_page_unavailable_text,200,https://www.kongregate.com/en,https://www.kongregate.com/games/MohammadAqib07/eternal-red,https://www.kongregate.com/en,no,Play Free Online Games on Kongregate – The Ultimate Gaming Platform,2026-07-04T08:34:07Z,live_metrics_unavailable,live_metrics_failed_http_404,404,
www.kongregate.com/games/alia2013/fruit-connect,Fruit connect,http://www.kongregate.com/games/alia2013/fruit-connect,3,live_page_unavailable_text,200,https://www.kongregate.com/en,https://www.kongregate.com/games/alia2013/fruit-connect,https://www.kongregate.com/en,no,Play Free Online Games on Kongregate – The Ultimate Gaming Platform,2026-07-04T08:34:07Z,live_metrics_unavailable,live_metrics_failed_http_404,404,
www.kongregate.com/games/firekez/gta-portable,GTA Portable,http://www.kongregate.com/games/firekez/gta-portable,3,live_page_unavailable_text,200,https://www.kongregate.com/en,https://www.kongregate.com/games/firekez/gta-portable,https://www.kongregate.com/en,no,Play Free Online Games on Kongregate – The Ultimate Gaming Platform,2026-07-04T08:34:09Z,live_metrics_unavailable,live_metrics_failed_http_404,404,
www.kongregate.com/games/papercup/how-to-make-an-mmorpg,How to make an MMORPG,http://www.kongregate.com/games/PaperCup/how-to-make-an-mmorpg,3,live_page_unavailable_text,200,https://www.kongregate.com/en,https://www.kongregate.com/games/PaperCup/how-to-make-an-mmorpg,https://www.kongregate.com/en,no,Play Free Online Games on Kongregate – The Ultimate Gaming Platform,2026-07-04T08:34:09Z,live_metrics_unavailable,live_metrics_failed_http_404,404,
www.kongregate.com/games/gamesrishti/jumbo-adventure,Jumbo Adventure,http://www.kongregate.com/games/gamesrishti/jumbo-adventure,3,live_page_unavailable_text,200,https://www.kongregate.com/en,https://www.kongregate.com/games/gamesrishti/jumbo-adventure,https://www.kongregate.com/en,no,Play Free Online Games on Kongregate – The Ultimate Gaming Platform,2026-07-04T08:34:10Z,live_metrics_unavailable,live_metrics_failed_http_404,404,
www.kongregate.com/games/deesus/office-supply-team,Office Supply Team!,http://www.kongregate.com/games/deesus/office-supply-team,3,live_page_unavailable_text,200,https://www.kongregate.com/en,https://www.kongregate.com/games/deesus/office-supply-team,https://www.kongregate.com/en,no,Play Free Online Games on Kongregate – The Ultimate Gaming Platform,2026-07-04T08:34:11Z,live_metrics_unavailable,live_metrics_failed_http_404,404,
www.kongregate.com/games/game4joy/paper-doors-escape,Paper Doors Escape,http://www.kongregate.com/games/game4joy/paper-doors-escape,3,live_page_unavailable_text,200,https://www.kongregate.com/en,https://www.kongregate.com/games/game4joy/paper-doors-escape,https://www.kongregate.com/en,no,Play Free Online Games on Kongregate – The Ultimate Gaming Platform,2026-07-04T08:34:12Z,live_metrics_unavailable,live_metrics_failed_http_404,404,
www.kongregate.com/games/friuns/physicswars,PhysicsWars,http://www.kongregate.com/games/friuns/physicswars,3,live_page_unavailable_text,200,https://www.kongregate.com/en,https://www.kongregate.com/games/friuns/physicswars,https://www.kongregate.com/en,no,Play Free Online Games on Kongregate – The Ultimate Gaming Platform,2026-07-04T08:34:13Z,live_metrics_unavailable,live_metrics_failed_http_404,404,
www.kongregate.com/games/nigelboydmartin/pokemon-kill-4,Pokemon Kill 4,http://www.kongregate.com/games/NigelBoydMartin/pokemon-kill-4,3,live_page_unavailable_text,200,https://www.kongregate.com/en,https://www.kongregate.com/games/NigelBoydMartin/pokemon-kill-4,https://www.kongregate.com/en,no,Play Free Online Games on Kongregate – The Ultimate Gaming Platform,2026-07-04T08:34:14Z,live_metrics_unavailable,live_metrics_failed_http_404,404,
www.kongregate.com/games/cheffplayer2/register-simulator,Register Simulator,http://www.kongregate.com/games/cheffplayer2/register-simulator,3,live_page_unavailable_text,200,https://www.kongregate.com/en,https://www.kongregate.com/games/cheffplayer2/register-simulator,https://www.kongregate.com/en,no,Play Free Online Games on Kongregate – The Ultimate Gaming Platform,2026-07-04T08:34:15Z,live_metrics_unavailable,live_metrics_failed_http_404,404,
www.kongregate.com/games/rc88_/run-and-monetize,Run And Monetize,http://www.kongregate.com/games/rc88_/run-and-monetize,3,live_page_unavailable_text,200,https://www.kongregate.com/en,https://www.kongregate.com/games/rc88_/run-and-monetize,https://www.kongregate.com/en,no,Play Free Online Games on Kongregate – The Ultimate Gaming Platform,2026-07-04T08:34:16Z,live_metrics_unavailable,live_metrics_failed_http_404,404,
www.kongregate.com/games/disposableernst/session-key-viewer,Session Key Viewer,http://www.kongregate.com/games/disposableernst/session-key-viewer,3,live_page_unavailable_text,200,https://www.kongregate.com/en,https://www.kongregate.com/games/disposableernst/session-key-viewer,https://www.kongregate.com/en,no,Play Free Online Games on Kongregate – The Ultimate Gaming Platform,2026-07-04T08:34:17Z,live_metrics_unavailable,live_metrics_failed_http_404,404,
www.kongregate.com/games/powerpoler/stickman-adventure,Stickman Adventure,http://www.kongregate.com/games/powerpoler/stickman-adventure,3,live_page_unavailable_text,200,https://www.kongregate.com/en,https://www.kongregate.com/games/powerpoler/stickman-adventure,https://www.kongregate.com/en,no,Play Free Online Games on Kongregate – The Ultimate Gaming Platform,2026-07-04T08:34:18Z,live_metrics_unavailable,live_metrics_failed_http_404,404,
www.kongregate.com/games/natalibt/suv-car-cartoon-puzzle,SUV Car Cartoon Puzzle,http://www.kongregate.com/games/natalibt/suv-car-cartoon-puzzle,3,live_page_unavailable_text,200,https://www.kongregate.com/en,https://www.kongregate.com/games/natalibt/suv-car-cartoon-puzzle,https://www.kongregate.com/en,no,Play Free Online Games on Kongregate – The Ultimate Gaming Platform,2026-07-04T08:34:19Z,live_metrics_unavailable,live_metrics_failed_http_404,404,
www.kongregate.com/games/bullybee/touch-me-now,Touch me NOW!,http://www.kongregate.com/games/bullybee/touch-me-now,3,live_page_unavailable_text,200,https://www.kongregate.com/en,https://www.kongregate.com/games/bullybee/touch-me-now,https://www.kongregate.com/en,no,Play Free Online Games on Kongregate – The Ultimate Gaming Platform,2026-07-04T08:34:20Z,live_metrics_unavailable,live_metrics_failed_http_404,404,
www.kongregate.com/games/life_glug/vape-naysh-vs-the-memes-beta1,Vape Naysh Vs The Memes Beta1,http://www.kongregate.com/games/Life_Glug/vape-naysh-vs-the-memes-beta1,3,live_page_unavailable_text,200,https://www.kongregate.com/en,https://www.kongregate.com/games/Life_Glug/vape-naysh-vs-the-memes-beta1,https://www.kongregate.com/en,no,Play Free Online Games on Kongregate – The Ultimate Gaming Platform,2026-07-04T08:34:21Z,live_metrics_unavailable,live_metrics_failed_http_404,404,
www.kongregate.com/games/starmeiko/zombie-dolls,zombie dolls,http://www.kongregate.com/games/starmeiko/zombie-dolls,3,live_page_unavailable_text,200,https://www.kongregate.com/en,https://www.kongregate.com/games/starmeiko/zombie-dolls,https://www.kongregate.com/en,no,Play Free Online Games on Kongregate – The Ultimate Gaming Platform,2026-07-04T08:34:22Z,live_metrics_unavailable,live_metrics_failed_http_404,404,
www.kongregate.com/games/isketchworks/1p-story-death,1p.Story: Death,http://www.kongregate.com/games/isketchworks/1p-story-death,4,live_page_unavailable_text,200,https://www.kongregate.com/en,https://www.kongregate.com/games/isketchworks/1p-story-death,https://www.kongregate.com/en,no,Play Free Online Games on Kongregate – The Ultimate Gaming Platform,2026-07-04T08:34:25Z,live_metrics_unavailable,live_metrics_failed_http_404,404,
www.kongregate.com/games/quakmultimedia/active-ashfields-conversion-challenge,Active Ashfield's Conversion Challenge,http://www.kongregate.com/games/QuakMultimedia/active-ashfields-conversion-challenge,4,live_page_unavailable_text,200,https://www.kongregate.com/en,https://www.kongregate.com/games/QuakMultimedia/active-ashfields-conversion-challenge,https://www.kongregate.com/en,no,Play Free Online Games on Kongregate – The Ultimate Gaming Platform,2026-07-04T08:34:26Z,live_metrics_unavailable,live_metrics_failed_http_404,404,
www.kongregate.com/games/wanghailong__9/arch-diagram,arch_diagram,http://www.kongregate.com/games/WangHailong__9/arch-diagram,4,live_page_unavailable_text,200,https://www.kongregate.com/en,https://www.kongregate.com/games/WangHailong__9/arch-diagram,https://www.kongregate.com/en,no,Play Free Online Games on Kongregate – The Ultimate Gaming Platform,2026-07-04T08:34:27Z,live_metrics_unavailable,live_metrics_failed_http_404,404,
www.kongregate.com/games/mafagames/balls-vs-blocks-online,Balls Vs Blocks Online,http://www.kongregate.com/games/mafagames/balls-vs-blocks-online,4,live_page_unavailable_text,200,https://www.kongregate.com/en,https://www.kongregate.com/games/mafagames/balls-vs-blocks-online,https://www.kongregate.com/en,no,Play Free Online Games on Kongregate – The Ultimate Gaming Platform,2026-07-04T08:34:28Z,live_metrics_unavailable,live_metrics_failed_http_404,404,
www.kongregate.com/games/natalibt/bmw-m5-e34,BMW M5 E34,http://www.kongregate.com/games/natalibt/bmw-m5-e34,4,live_page_unavailable_text,200,https://www.kongregate.com/en,https://www.kongregate.com/games/natalibt/bmw-m5-e34,https://www.kongregate.com/en,no,Play Free Online Games on Kongregate – The Ultimate Gaming Platform,2026-07-04T08:34:29Z,live_metrics_unavailable,live_metrics_failed_http_404,404,
www.kongregate.com/games/fighter106/bubble-shooter-exclusive,Bubble Shooter Exclusive,http://www.kongregate.com/games/fighter106/bubble-shooter-exclusive,4,live_page_unavailable_text,200,https://www.kongregate.com/en,https://www.kongregate.com/games/fighter106/bubble-shooter-exclusive,https://www.kongregate.com/en,no,Play Free Online Games on Kongregate – The Ultimate Gaming Platform,2026-07-04T08:34:24Z,live_metrics_unavailable,live_metrics_failed_http_404,404,
www.kongregate.com/games/dpflashes/clear-vision-elite,Clear Vision Elite,http://www.kongregate.com/games/dpflashes/clear-vision-elite,4,live_page_unavailable_text,200,https://www.kongregate.com/en,https://www.kongregate.com/games/dpflashes/clear-vision-elite,https://www.kongregate.com/en,no,Play Free Online Games on Kongregate – The Ultimate Gaming Platform,2026-07-04T08:34:30Z,live_metrics_unavailable,live_metrics_failed_http_404,404,
www.kongregate.com/games/anna54/countdown-striker,Countdown Striker,http://www.kongregate.com/games/anna54/countdown-striker,4,live_page_unavailable_text,200,https://www.kongregate.com/en,https://www.kongregate.com/games/anna54/countdown-striker,https://www.kongregate.com/en,no,Play Free Online Games on Kongregate – The Ultimate Gaming Platform,2026-07-04T08:34:31Z,live_metrics_unavailable,live_metrics_failed_http_404,404,
www.kongregate.com/games/grantjo/crazy-chaotic-chicken-chase,Crazy Chaotic Chicken Chase,http://www.kongregate.com/games/GrantJO/crazy-chaotic-chicken-chase,4,live_page_unavailable_text,200,https://www.kongregate.com/en,https://www.kongregate.com/games/GrantJO/crazy-chaotic-chicken-chase,https://www.kongregate.com/en,no,Play Free Online Games on Kongregate – The Ultimate Gaming Platform,2026-07-04T08:34:32Z,live_metrics_unavailable,live_metrics_failed_http_404,404,
www.kongregate.com/games/feicaigames/doodiaman-find-wife,DoodiaMan Find Wife,http://www.kongregate.com/games/feicaigames/doodiaman-find-wife,4,live_page_unavailable_text,200,https://www.kongregate.com/en,https://www.kongregate.com/games/feicaigames/doodiaman-find-wife,https://www.kongregate.com/en,no,Play Free Online Games on Kongregate – The Ultimate Gaming Platform,2026-07-04T08:34:32Z,live_metrics_unavailable,live_metrics_failed_http_404,404,
www.kongregate.com/games/predbannik/doom-ii-hell-on-earth,Doom II: Hell on Earth,http://www.kongregate.com/games/predbannik/doom-ii-hell-on-earth,4,live_page_unavailable_text,200,https://www.kongregate.com/en,https://www.kongregate.com/games/predbannik/doom-ii-hell-on-earth,https://www.kongregate.com/en,no,Play Free Online Games on Kongregate – The Ultimate Gaming Platform,2026-07-04T08:34:33Z,live_metrics_unavailable,live_metrics_failed_http_404,404,
www.kongregate.com/games/speedychris/escape-the-ship,Escape the Ship,http://www.kongregate.com/games/Speedychris/escape-the-ship,4,live_page_unavailable_text,200,https://www.kongregate.com/en,https://www.kongregate.com/games/Speedychris/escape-the-ship,https://www.kongregate.com/en,no,Play Free Online Games on Kongregate – The Ultimate Gaming Platform,2026-07-04T08:34:34Z,live_metrics_unavailable,live_metrics_failed_http_404,404,
www.kongregate.com/games/1swifthawk/fadious-dragon,Fadious Dragon,http://www.kongregate.com/games/1SwiftHawk/fadious-dragon,4,live_page_unavailable_text,200,https://www.kongregate.com/en,https://www.kongregate.com/games/1SwiftHawk/fadious-dragon,https://www.kongregate.com/en,no,Play Free Online Games on Kongregate – The Ultimate Gaming Platform,2026-07-04T08:34:35Z,live_metrics_unavailable,live_metrics_failed_http_404,404,
www.kongregate.com/games/gamesrishti/fantasy-warriors,Fantasy Warriors,http://www.kongregate.com/games/gamesrishti/fantasy-warriors,4,live_page_unavailable_text,200,https://www.kongregate.com/en,https://www.kongregate.com/games/gamesrishti/fantasy-warriors,https://www.kongregate.com/en,no,Play Free Online Games on Kongregate – The Ultimate Gaming Platform,2026-07-04T08:34:36Z,live_metrics_unavailable,live_metrics_failed_http_404,404,
www.kongregate.com/games/natalibt/fiat-puzzle,Fiat Puzzle,http://www.kongregate.com/games/natalibt/fiat-puzzle,4,live_page_unavailable_text,200,https://www.kongregate.com/en,https://www.kongregate.com/games/natalibt/fiat-puzzle,https://www.kongregate.com/en,no,Play Free Online Games on Kongregate – The Ultimate Gaming Platform,2026-07-04T08:34:37Z,live_metrics_unavailable,live_metrics_failed_http_404,404,
www.kongregate.com/games/manchebt/hidden-car-keys,Hidden Car Keys,http://www.kongregate.com/games/manchebt/hidden-car-keys,4,live_page_unavailable_text,200,https://www.kongregate.com/en,https://www.kongregate.com/games/manchebt/hidden-car-keys,https://www.kongregate.com/en,no,Play Free Online Games on Kongregate – The Ultimate Gaming Platform,2026-07-04T08:34:38Z,live_metrics_unavailable,live_metrics_failed_http_404,404,
www.kongregate.com/games/papercup/hidden-dungeons-mmorpg,Hidden Dungeons MMORPG,http://www.kongregate.com/games/PaperCup/hidden-dungeons-mmorpg,4,live_page_unavailable_text,200,https://www.kongregate.com/en,https://www.kongregate.com/games/PaperCup/hidden-dungeons-mmorpg,https://www.kongregate.com/en,no,Play Free Online Games on Kongregate – The Ultimate Gaming Platform,2026-07-04T08:34:39Z,live_metrics_unavailable,live_metrics_failed_http_404,404,
www.kongregate.com/games/thunderstorm38/kung-fu-adventure,Kung Fu Adventure,http://www.kongregate.com/games/thunderstorm38/kung-fu-adventure,4,live_page_unavailable_text,200,https://www.kongregate.com/en,https://www.kongregate.com/games/thunderstorm38/kung-fu-adventure,https://www.kongregate.com/en,no,Play Free Online Games on Kongregate – The Ultimate Gaming Platform,2026-07-04T08:34:40Z,live_metrics_unavailable,live_metrics_failed_http_404,404,
www.kongregate.com/games/xiatiandaole/modern-war,Modern War,http://www.kongregate.com/games/xiatiandaole/modern-war,4,live_page_unavailable_text,200,https://www.kongregate.com/en,https://www.kongregate.com/games/xiatiandaole/modern-war,https://www.kongregate.com/en,no,Play Free Online Games on Kongregate – The Ultimate Gaming Platform,2026-07-04T08:34:41Z,live_metrics_unavailable,live_metrics_failed_http_404,404,
www.kongregate.com/games/linhvo1611/mr-miner,Mr.Miner,http://www.kongregate.com/games/LinhVo1611/mr-miner,4,live_page_unavailable_text,200,https://www.kongregate.com/en,https://www.kongregate.com/games/LinhVo1611/mr-miner,https://www.kongregate.com/en,no,Play Free Online Games on Kongregate – The Ultimate Gaming Platform,2026-07-04T08:34:42Z,live_metrics_unavailable,live_metrics_failed_http_404,404,
www.kongregate.com/games/nathanielmilburn/photogrounds,Photogrounds,http://www.kongregate.com/games/nathanielmilburn/photogrounds,4,live_page_unavailable_text,200,https://www.kongregate.com/en,https://www.kongregate.com/games/nathanielmilburn/photogrounds,https://www.kongregate.com/en,no,Play Free Online Games on Kongregate – The Ultimate Gaming Platform,2026-07-04T08:34:43Z,live_metrics_unavailable,live_metrics_failed_http_404,404,
www.kongregate.com/games/wild_shadow/realm-of-the-mad-god,Realm of the Mad God,http://www.kongregate.com/games/Wild_Shadow/realm-of-the-mad-god,4,live_page_unavailable_text,200,https://www.kongregate.com/en,https://www.kongregate.com/games/Wild_Shadow/realm-of-the-mad-god,https://www.kongregate.com/en,no,Play Free Online Games on Kongregate – The Ultimate Gaming Platform,2026-07-04T08:34:23Z,live_metrics_unavailable,live_metrics_failed_http_404,404,
www.kongregate.com/games/evrybody_02/rise-of-mythos,Rise of Mythos,http://www.kongregate.com/games/evrybody_02/rise-of-mythos,4,live_page_unavailable_text,200,https://www.kongregate.com/en,https://www.kongregate.com/games/evrybody_02/rise-of-mythos,https://www.kongregate.com/en,no,Play Free Online Games on Kongregate – The Ultimate Gaming Platform,2026-07-04T08:34:44Z,live_metrics_unavailable,live_metrics_failed_http_404,404,
www.kongregate.com/games/c00mzy/simple-platformer,Simple Platformer,http://www.kongregate.com/games/C00MZY/simple-platformer,4,live_page_unavailable_text,200,https://www.kongregate.com/en,https://www.kongregate.com/games/C00MZY/simple-platformer,https://www.kongregate.com/en,no,Play Free Online Games on Kongregate – The Ultimate Gaming Platform,2026-07-04T08:34:44Z,live_metrics_unavailable,live_metrics_failed_http_404,404,
www.kongregate.com/games/jaime2310/snow-fight-3-0,Snow Fight 3.0,http://www.kongregate.com/games/jaime2310/snow-fight-3-0,4,live_page_unavailable_text,200,https://www.kongregate.com/en,https://www.kongregate.com/games/jaime2310/snow-fight-3-0,https://www.kongregate.com/en,no,Play Free Online Games on Kongregate – The Ultimate Gaming Platform,2026-07-04T08:34:45Z,live_metrics_unavailable,live_metrics_failed_http_404,404,
www.kongregate.com/games/s_schreiber/spongebob-vs-larry-version-2,Spongebob VS. Larry Ve...,http://www.kongregate.com/games/S_Schreiber/spongebob-vs-larry-version-2,4,live_page_unavailable_text,200,https://www.kongregate.com/en,https://www.kongregate.com/games/S_Schreiber/spongebob-vs-larry-version-2,https://www.kongregate.com/en,no,Play Free Online Games on Kongregate – The Ultimate Gaming Platform,2026-07-04T08:34:46Z,live_metrics_unavailable,live_metrics_failed_http_404,404,
www.kongregate.com/games/yvolcano4/super-mario-worlds-ep-1-the-dark-world-smb-fan-made-game,Super Mario Worlds Ep.1: The Dark World (SMB Fan-made Game),http://www.kongregate.com/games/yvolcano4/super-mario-worlds-ep-1-the-dark-world-smb-fan-made-game,4,live_page_unavailable_text,200,https://www.kongregate.com/en,https://www.kongregate.com/games/yvolcano4/super-mario-worlds-ep-1-the-dark-world-smb-fan-made-game,https://www.kongregate.com/en,no,Play Free Online Games on Kongregate – The Ultimate Gaming Platform,2026-07-04T08:34:47Z,live_metrics_unavailable,live_metrics_failed_http_404,404,
www.kongregate.com/games/wabala/back-to-future-the-game,Back To Future-The Game,http://www.kongregate.com/games/wabala/back-to-future-the-game,5,live_page_unavailable_text,200,https://www.kongregate.com/en,https://www.kongregate.com/games/wabala/back-to-future-the-game,https://www.kongregate.com/en,no,Play Free Online Games on Kongregate – The Ultimate Gaming Platform,2026-07-04T08:34:50Z,live_metrics_unavailable,live_metrics_failed_http_404,404,
www.kongregate.com/games/courador/burnt-plate,Burnt Plate,http://www.kongregate.com/games/Courador/burnt-plate,5,live_page_unavailable_text,200,https://www.kongregate.com/en,https://www.kongregate.com/games/Courador/burnt-plate,https://www.kongregate.com/en,no,Play Free Online Games on Kongregate – The Ultimate Gaming Platform,2026-07-04T08:34:51Z,live_metrics_unavailable,live_metrics_failed_http_404,404,
www.kongregate.com/games/xxxmalexxx/chaos-faction-2,Chaos Faction 2,http://www.kongregate.com/games/XxXMaleXxX/chaos-faction-2,5,live_page_unavailable_text,200,https://www.kongregate.com/en,https://www.kongregate.com/games/XxXMaleXxX/chaos-faction-2,https://www.kongregate.com/en,no,Play Free Online Games on Kongregate – The Ultimate Gaming Platform,2026-07-04T08:34:52Z,live_metrics_unavailable,live_metrics_failed_http_404,404,
www.kongregate.com/games/hailsatanmeth420/click-the-squirrel,Click the Squirrel,http://www.kongregate.com/games/HailSatanMeth420/click-the-squirrel,5,live_page_unavailable_text,200,https://www.kongregate.com/en,https://www.kongregate.com/games/HailSatanMeth420/click-the-squirrel,https://www.kongregate.com/en,no,Play Free Online Games on Kongregate – The Ultimate Gaming Platform,2026-07-04T08:34:53Z,live_metrics_unavailable,live_metrics_failed_http_404,404,
www.kongregate.com/games/danwon67/create-your-face-with-this-stupid-game,Create your face with this stupid game,http://www.kongregate.com/games/danwon67/create-your-face-with-this-stupid-game,5,live_page_unavailable_text,200,https://www.kongregate.com/en,https://www.kongregate.com/games/danwon67/create-your-face-with-this-stupid-game,https://www.kongregate.com/en,no,Play Free Online Games on Kongregate – The Ultimate Gaming Platform,2026-07-04T08:34:54Z,live_metrics_unavailable,live_metrics_failed_http_404,404,
www.kongregate.com/games/evrybody_02/e-sim,E-Sim,http://www.kongregate.com/games/evrybody_02/e-sim,5,live_page_unavailable_text,200,https://www.kongregate.com/en,https://www.kongregate.com/games/evrybody_02/e-sim,https://www.kongregate.com/en,no,Play Free Online Games on Kongregate – The Ultimate Gaming Platform,2026-07-04T08:34:55Z,live_metrics_unavailable,live_metrics_failed_http_404,404,
www.kongregate.com/games/dxinteractive/electric-man-2hs,Electric Man 2Hs,http://www.kongregate.com/games/DXInteractive/electric-man-2hs,5,live_page_unavailable_text,200,https://www.kongregate.com/en,https://www.kongregate.com/games/DXInteractive/electric-man-2hs,https://www.kongregate.com/en,no,Play Free Online Games on Kongregate – The Ultimate Gaming Platform,2026-07-04T08:34:56Z,live_metrics_unavailable,live_metrics_failed_http_404,404,
www.kongregate.com/games/games2girls/get-ready-for-the-horse-show,Get Ready for the Horse Show,http://www.kongregate.com/games/games2girls/get-ready-for-the-horse-show,5,live_page_unavailable_text,200,https://www.kongregate.com/en,https://www.kongregate.com/games/games2girls/get-ready-for-the-horse-show,https://www.kongregate.com/en,no,Play Free Online Games on Kongregate – The Ultimate Gaming Platform,2026-07-04T08:34:57Z,live_metrics_unavailable,live_metrics_failed_http_404,404,
www.kongregate.com/games/phoenixsong75/ghoul-be-gone-demo,Ghoul be Gone Demo,http://www.kongregate.com/games/PhoenixSong75/ghoul-be-gone-demo,5,live_page_unavailable_text,200,https://www.kongregate.com/en,https://www.kongregate.com/games/PhoenixSong75/ghoul-be-gone-demo,https://www.kongregate.com/en,no,Play Free Online Games on Kongregate – The Ultimate Gaming Platform,2026-07-04T08:34:58Z,live_metrics_unavailable,live_metrics_failed_http_404,404,
www.kongregate.com/games/petee/giraffe-coloring,Giraffe Coloring,http://www.kongregate.com/games/petee/giraffe-coloring,5,live_page_unavailable_text,200,https://www.kongregate.com/en,https://www.kongregate.com/games/petee/giraffe-coloring,https://www.kongregate.com/en,no,Play Free Online Games on Kongregate – The Ultimate Gaming Platform,2026-07-04T08:34:59Z,live_metrics_unavailable,live_metrics_failed_http_404,404,
www.kongregate.com/games/zoolumonkey/gold-panic,gold panic,http://www.kongregate.com/games/zoolumonkey/gold-panic,5,live_page_unavailable_text,200,https://www.kongregate.com/en,https://www.kongregate.com/games/zoolumonkey/gold-panic,https://www.kongregate.com/en,no,Play Free Online Games on Kongregate – The Ultimate Gaming Platform,2026-07-04T08:34:59Z,live_metrics_unavailable,live_metrics_failed_http_404,404,
www.kongregate.com/games/munimshaikh932/hired-ops-new-dynamic-online-shooter,Hired Ops — New Dynamic Online Shooter,http://www.kongregate.com/games/MunimShaikh932/hired-ops-new-dynamic-online-shooter,5,live_page_unavailable_text,200,https://www.kongregate.com/en,https://www.kongregate.com/games/MunimShaikh932/hired-ops-new-dynamic-online-shooter,https://www.kongregate.com/en,no,Play Free Online Games on Kongregate – The Ultimate Gaming Platform,2026-07-04T08:35:01Z,live_metrics_unavailable,live_metrics_failed_http_404,404,
www.kongregate.com/games/edobyte/its-a-lamp,I'ts a lamp?,http://www.kongregate.com/games/EdoByte/its-a-lamp,5,live_page_unavailable_text,200,https://www.kongregate.com/en,https://www.kongregate.com/games/EdoByte/its-a-lamp,https://www.kongregate.com/en,no,Play Free Online Games on Kongregate – The Ultimate Gaming Platform,2026-07-04T08:35:02Z,live_metrics_unavailable,live_metrics_failed_http_404,404,
www.kongregate.com/games/dakota1324/idk,idk,http://www.kongregate.com/games/dakota1324/idk,5,live_page_unavailable_text,200,https://www.kongregate.com/en,https://www.kongregate.com/games/dakota1324/idk,https://www.kongregate.com/en,no,Play Free Online Games on Kongregate – The Ultimate Gaming Platform,2026-07-04T08:35:02Z,live_metrics_unavailable,live_metrics_failed_http_404,404,
www.kongregate.com/games/asiansensation3/is-your-brother-evil,Is your brother EVIL?!?,http://www.kongregate.com/games/AsianSensation3/is-your-brother-evil,5,live_page_unavailable_text,200,https://www.kongregate.com/en,https://www.kongregate.com/games/AsianSensation3/is-your-brother-evil,https://www.kongregate.com/en,no,Play Free Online Games on Kongregate – The Ultimate Gaming Platform,2026-07-04T08:35:03Z,live_metrics_unavailable,live_metrics_failed_http_404,404,
www.kongregate.com/games/panoramik/mighty-party,Mighty Party,https://www.kongregate.com/games/Panoramik/mighty-party,5,live_page_unavailable_text,200,https://www.kongregate.com/en,https://www.kongregate.com/games/Panoramik/mighty-party,https://www.kongregate.com/en,no,Play Free Online Games on Kongregate – The Ultimate Gaming Platform,2026-07-04T08:34:49Z,live_metrics_unavailable,live_metrics_failed_http_404,404,
www.kongregate.com/games/lebanging/my-line-of-sight-attempt-from-construct-2,My Line Of Sight attempt from Construct 2,http://www.kongregate.com/games/LeBanging/my-line-of-sight-attempt-from-construct-2,5,live_page_unavailable_text,200,https://www.kongregate.com/en,https://www.kongregate.com/games/LeBanging/my-line-of-sight-attempt-from-construct-2,https://www.kongregate.com/en,no,Play Free Online Games on Kongregate – The Ultimate Gaming Platform,2026-07-04T08:35:04Z,live_metrics_unavailable,live_metrics_failed_http_404,404,
www.kongregate.com/games/fliplinestudios/papa-louie-when-pizzas-attack,Papa Louie: When Pizzas Attack!,http://www.kongregate.com/games/FliplineStudios/papa-louie-when-pizzas-attack,5,live_page_unavailable_text,200,https://www.kongregate.com/en,https://www.kongregate.com/games/FliplineStudios/papa-louie-when-pizzas-attack,https://www.kongregate.com/en,no,Play Free Online Games on Kongregate – The Ultimate Gaming Platform,2026-07-04T08:34:48Z,live_metrics_unavailable,live_metrics_failed_http_404,404,
www.kongregate.com/games/1207732597/quangjing,quangjing,http://www.kongregate.com/games/1207732597/quangjing,5,live_page_unavailable_text,200,https://www.kongregate.com/en,https://www.kongregate.com/games/1207732597/quangjing,https://www.kongregate.com/en,no,Play Free Online Games on Kongregate – The Ultimate Gaming Platform,2026-07-04T08:35:05Z,live_metrics_unavailable,live_metrics_failed_http_404,404,
www.kongregate.com/games/5tea/replay-the-game,REPLAY The Game,http://www.kongregate.com/games/5tea/replay-the-game,5,live_page_unavailable_text,200,https://www.kongregate.com/en,https://www.kongregate.com/games/5tea/replay-the-game,https://www.kongregate.com/en,no,Play Free Online Games on Kongregate – The Ultimate Gaming Platform,2026-07-04T08:35:06Z,live_metrics_unavailable,live_metrics_failed_http_404,404,
www.kongregate.com/games/sidbiafra/spacebar-v0-1,Spacebar v0.1,http://www.kongregate.com/games/SidBiafra/spacebar-v0-1,5,live_page_unavailable_text,200,https://www.kongregate.com/en,https://www.kongregate.com/games/SidBiafra/spacebar-v0-1,https://www.kongregate.com/en,no,Play Free Online Games on Kongregate – The Ultimate Gaming Platform,2026-07-04T08:35:07Z,live_metrics_unavailable,live_metrics_failed_http_404,404,
www.kongregate.com/games/canvasgames/super-casual,Super Casual,http://www.kongregate.com/games/canvasgames/super-casual,5,live_page_unavailable_text,200,https://www.kongregate.com/en,https://www.kongregate.com/games/canvasgames/super-casual,https://www.kongregate.com/en,no,Play Free Online Games on Kongregate – The Ultimate Gaming Platform,2026-07-04T08:35:08Z,live_metrics_unavailable,live_metrics_failed_http_404,404,
www.kongregate.com/games/ketroketro/test-ufc-198-live-stream-werdum-vs-miocic,UFC 198 Live Stream - Werdum vs Miocic,http://www.kongregate.com/games/ketroketro/test-ufc-198-live-stream-werdum-vs-miocic,5,live_page_unavailable_text,200,https://www.kongregate.com/en,https://www.kongregate.com/games/ketroketro/test-ufc-198-live-stream-werdum-vs-miocic,https://www.kongregate.com/en,no,Play Free Online Games on Kongregate – The Ultimate Gaming Platform,2026-07-04T08:35:09Z,live_metrics_unavailable,live_metrics_failed_http_404,404,
www.kongregate.com/games/uceg/una-chief-the-great-adventure,Una Chief: The Great Adventure,http://www.kongregate.com/games/UCEG/una-chief-the-great-adventure,5,live_page_unavailable_text,200,https://www.kongregate.com/en,https://www.kongregate.com/games/UCEG/una-chief-the-great-adventure,https://www.kongregate.com/en,no,Play Free Online Games on Kongregate – The Ultimate Gaming Platform,2026-07-04T08:35:10Z,live_metrics_unavailable,live_metrics_failed_http_404,404,
www.kongregate.com/games/mobiltr/viking-workout,Viking Workout,http://www.kongregate.com/games/mobilTR/viking-workout,5,live_page_unavailable_text,200,https://www.kongregate.com/en,https://www.kongregate.com/games/mobilTR/viking-workout,https://www.kongregate.com/en,no,Play Free Online Games on Kongregate – The Ultimate Gaming Platform,2026-07-04T08:35:11Z,live_metrics_unavailable,live_metrics_failed_http_404,404,
www.kongregate.com/games/gravedangergames/whitewash,Whitewash,http://www.kongregate.com/games/GraveDangerGames/whitewash,5,live_page_unavailable_text,200,https://www.kongregate.com/en,https://www.kongregate.com/games/GraveDangerGames/whitewash,https://www.kongregate.com/en,no,Play Free Online Games on Kongregate – The Ultimate Gaming Platform,2026-07-04T08:35:12Z,live_metrics_unavailable,live_metrics_failed_http_404,404,
www.kongregate.com/games/medamine14/wolvorin,wolvorin,http://www.kongregate.com/games/medamine14/wolvorin,5,live_page_unavailable_text,200,https://www.kongregate.com/en,https://www.kongregate.com/games/medamine14/wolvorin,https://www.kongregate.com/en,no,Play Free Online Games on Kongregate – The Ultimate Gaming Platform,2026-07-04T08:35:13Z,live_metrics_unavailable,live_metrics_failed_http_404,404,
www.kongregate.com/games/natalibt/american-cars-memory,American Cars Memory,http://www.kongregate.com/games/natalibt/american-cars-memory,6,live_page_unavailable_text,200,https://www.kongregate.com/en,https://www.kongregate.com/games/natalibt/american-cars-memory,https://www.kongregate.com/en,no,Play Free Online Games on Kongregate – The Ultimate Gaming Platform,2026-07-04T08:35:16Z,live_metrics_unavailable,live_metrics_failed_http_404,404,
www.kongregate.com/games/wabala/argentina-y-sus-provincias,Argentina y sus Provin...,http://www.kongregate.com/games/wabala/argentina-y-sus-provincias,6,live_page_unavailable_text,200,https://www.kongregate.com/en,https://www.kongregate.com/games/wabala/argentina-y-sus-provincias,https://www.kongregate.com/en,no,Play Free Online Games on Kongregate – The Ultimate Gaming Platform,2026-07-04T08:35:17Z,live_metrics_unavailable,live_metrics_failed_http_404,404,
www.kongregate.com/games/bystudio02/astroworlds,AstroWorlds,http://www.kongregate.com/games/bystudio02/astroworlds,6,live_page_unavailable_text,200,https://www.kongregate.com/en,https://www.kongregate.com/games/bystudio02/astroworlds,https://www.kongregate.com/en,no,Play Free Online Games on Kongregate – The Ultimate Gaming Platform,2026-07-04T08:35:17Z,live_metrics_unavailable,live_metrics_failed_http_404,404,
www.kongregate.com/games/games2girls/ayla-cook-picnic-menu,Ayla Cook: Picnic Menu,http://www.kongregate.com/games/games2girls/ayla-cook-picnic-menu,6,live_page_unavailable_text,200,https://www.kongregate.com/en,https://www.kongregate.com/games/games2girls/ayla-cook-picnic-menu,https://www.kongregate.com/en,no,Play Free Online Games on Kongregate – The Ultimate Gaming Platform,2026-07-04T08:35:19Z,live_metrics_unavailable,live_metrics_failed_http_404,404,
www.kongregate.com/games/tecknozthabezt/bearboy-and-the-cursor,BearBoy and the Cursor,http://www.kongregate.com/games/TecknozThaBezt/bearboy-and-the-cursor,6,live_page_unavailable_text,200,https://www.kongregate.com/en,https://www.kongregate.com/games/TecknozThaBezt/bearboy-and-the-cursor,https://www.kongregate.com/en,no,Play Free Online Games on Kongregate – The Ultimate Gaming Platform,2026-07-04T08:35:19Z,live_metrics_unavailable,live_metrics_failed_http_404,404,
www.kongregate.com/games/mobiltr/blocky-warrior,Blocky Warrior,http://www.kongregate.com/games/mobilTR/blocky-warrior,6,live_page_unavailable_text,200,https://www.kongregate.com/en,https://www.kongregate.com/games/mobilTR/blocky-warrior,https://www.kongregate.com/en,no,Play Free Online Games on Kongregate – The Ultimate Gaming Platform,2026-07-04T08:35:20Z,live_metrics_unavailable,live_metrics_failed_http_404,404,
www.kongregate.com/games/omkara/bubble-shooter-rotation-xmas,Bubble Shooter Rotation Xmas,http://www.kongregate.com/games/omkara/bubble-shooter-rotation-xmas,6,live_page_unavailable_text,200,https://www.kongregate.com/en,https://www.kongregate.com/games/omkara/bubble-shooter-rotation-xmas,https://www.kongregate.com/en,no,Play Free Online Games on Kongregate – The Ultimate Gaming Platform,2026-07-04T08:35:21Z,live_metrics_unavailable,live_metrics_failed_http_404,404,
www.kongregate.com/games/gmbl629/chat-read,Chat/Read!,http://www.kongregate.com/games/GMBL629/chat-read,6,live_page_unavailable_text,200,https://www.kongregate.com/en,https://www.kongregate.com/games/GMBL629/chat-read,https://www.kongregate.com/en,no,Play Free Online Games on Kongregate – The Ultimate Gaming Platform,2026-07-04T08:35:23Z,live_metrics_unavailable,live_metrics_failed_http_404,404,
www.kongregate.com/games/snowdongames/endgame,EndGame,http://www.kongregate.com/games/SnowdonGames/endgame,6,live_page_unavailable_text,200,https://www.kongregate.com/en,https://www.kongregate.com/games/SnowdonGames/endgame,https://www.kongregate.com/en,no,Play Free Online Games on Kongregate – The Ultimate Gaming Platform,2026-07-04T08:35:24Z,live_metrics_unavailable,live_metrics_failed_http_404,404,
www.kongregate.com/games/thunderstorm38/extreme-battlefield,Extreme Battlefield,http://www.kongregate.com/games/thunderstorm38/extreme-battlefield,6,live_page_unavailable_text,200,https://www.kongregate.com/en,https://www.kongregate.com/games/thunderstorm38/extreme-battlefield,https://www.kongregate.com/en,no,Play Free Online Games on Kongregate – The Ultimate Gaming Platform,2026-07-04T08:35:25Z,live_metrics_unavailable,live_metrics_failed_http_404,404,
www.kongregate.com/games/yoyba/jjj,Jjj,http://www.kongregate.com/games/YoYBA/jjj,6,live_page_unavailable_text,200,https://www.kongregate.com/en,https://www.kongregate.com/games/YoYBA/jjj,https://www.kongregate.com/en,no,Play Free Online Games on Kongregate – The Ultimate Gaming Platform,2026-07-04T08:35:26Z,live_metrics_unavailable,live_metrics_failed_http_404,404,
www.kongregate.com/games/iptnzw/kuzini-comgnom,Kuzini.comgnom,http://www.kongregate.com/games/iPTNZW/kuzini-comgnom,6,live_page_unavailable_text,200,https://www.kongregate.com/en,https://www.kongregate.com/games/iPTNZW/kuzini-comgnom,https://www.kongregate.com/en,no,Play Free Online Games on Kongregate – The Ultimate Gaming Platform,2026-07-04T08:35:27Z,live_metrics_unavailable,live_metrics_failed_http_404,404,
www.kongregate.com/games/xiatiandaole/mining-truck,Mining Truck,http://www.kongregate.com/games/xiatiandaole/mining-truck,6,live_page_unavailable_text,200,https://www.kongregate.com/en,https://www.kongregate.com/games/xiatiandaole/mining-truck,https://www.kongregate.com/en,no,Play Free Online Games on Kongregate – The Ultimate Gaming Platform,2026-07-04T08:35:14Z,live_metrics_unavailable,live_metrics_failed_http_404,404,
www.kongregate.com/games/thunderstorm38/naruto-suspend,Naruto Suspend,http://www.kongregate.com/games/thunderstorm38/naruto-suspend,6,live_page_unavailable_text,200,https://www.kongregate.com/en,https://www.kongregate.com/games/thunderstorm38/naruto-suspend,https://www.kongregate.com/en,no,Play Free Online Games on Kongregate – The Ultimate Gaming Platform,2026-07-04T08:35:29Z,live_metrics_unavailable,live_metrics_failed_http_404,404,
www.kongregate.com/games/lemonindieg/peppa-zoo-decor,Peppa Zoo Decor,http://www.kongregate.com/games/lemonindieg/peppa-zoo-decor,6,live_page_unavailable_text,200,https://www.kongregate.com/en,https://www.kongregate.com/games/lemonindieg/peppa-zoo-decor,https://www.kongregate.com/en,no,Play Free Online Games on Kongregate – The Ultimate Gaming Platform,2026-07-04T08:35:30Z,live_metrics_unavailable,live_metrics_failed_http_404,404,
www.kongregate.com/games/1207732597/quang,quang,http://www.kongregate.com/games/1207732597/quang,6,live_page_unavailable_text,200,https://www.kongregate.com/en,https://www.kongregate.com/games/1207732597/quang,https://www.kongregate.com/en,no,Play Free Online Games on Kongregate – The Ultimate Gaming Platform,2026-07-04T08:35:31Z,live_metrics_unavailable,live_metrics_failed_http_404,404,
www.kongregate.com/games/nicolo974jtm34/rpgtest,RPgTest,http://www.kongregate.com/games/Nicolo974jtm34/rpgtest,6,live_page_unavailable_text,200,https://www.kongregate.com/en,https://www.kongregate.com/games/Nicolo974jtm34/rpgtest,https://www.kongregate.com/en,no,Play Free Online Games on Kongregate – The Ultimate Gaming Platform,2026-07-04T08:35:14Z,live_metrics_unavailable,live_metrics_failed_http_404,404,
www.kongregate.com/games/phacanu/seasonal-farming,Seasonal Farming,http://www.kongregate.com/games/phacanu/seasonal-farming,6,live_page_unavailable_text,200,https://www.kongregate.com/en,https://www.kongregate.com/games/phacanu/seasonal-farming,https://www.kongregate.com/en,no,Play Free Online Games on Kongregate – The Ultimate Gaming Platform,2026-07-04T08:35:32Z,live_metrics_unavailable,live_metrics_failed_http_404,404,
www.kongregate.com/games/bulletstorm100/super-mario-crossover,super mario crossover,http://www.kongregate.com/games/bulletstorm100/super-mario-crossover,6,live_page_unavailable_text,200,https://www.kongregate.com/en,https://www.kongregate.com/games/bulletstorm100/super-mario-crossover,https://www.kongregate.com/en,no,Play Free Online Games on Kongregate – The Ultimate Gaming Platform,2026-07-04T08:35:33Z,live_metrics_unavailable,live_metrics_failed_http_404,404,
www.kongregate.com/games/mateusf29/teste-mark-2,Teste mark 2,http://www.kongregate.com/games/MateusF29/teste-mark-2,6,live_page_unavailable_text,200,https://www.kongregate.com/en,https://www.kongregate.com/games/MateusF29/teste-mark-2,https://www.kongregate.com/en,no,Play Free Online Games on Kongregate – The Ultimate Gaming Platform,2026-07-04T08:35:34Z,live_metrics_unavailable,live_metrics_failed_http_404,404,
www.kongregate.com/games/esaffer/the-super-casual-game,The Super Casual Game,http://www.kongregate.com/games/esaffer/the-super-casual-game,6,live_page_unavailable_text,200,https://www.kongregate.com/en,https://www.kongregate.com/games/esaffer/the-super-casual-game,https://www.kongregate.com/en,no,Play Free Online Games on Kongregate – The Ultimate Gaming Platform,2026-07-04T08:35:35Z,live_metrics_unavailable,live_metrics_failed_http_404,404,
www.kongregate.com/games/killerexis/ultimate-doodle-man,Ultimate doodle man,http://www.kongregate.com/games/KillerExis/ultimate-doodle-man,6,live_page_unavailable_text,200,https://www.kongregate.com/en,https://www.kongregate.com/games/KillerExis/ultimate-doodle-man,https://www.kongregate.com/en,no,Play Free Online Games on Kongregate – The Ultimate Gaming Platform,2026-07-04T08:35:36Z,live_metrics_unavailable,live_metrics_failed_http_404,404,
www.kongregate.com/games/thebartyparty/wills-quest-for-cheese,Will's Quest For Cheese,http://www.kongregate.com/games/thebartyparty/wills-quest-for-cheese,6,live_page_unavailable_text,200,https://www.kongregate.com/en,https://www.kongregate.com/games/thebartyparty/wills-quest-for-cheese,https://www.kongregate.com/en,no,Play Free Online Games on Kongregate – The Ultimate Gaming Platform,2026-07-04T08:35:37Z,live_metrics_unavailable,live_metrics_failed_http_404,404,
www.kongregate.com/games/5tea/xiao-4,Xiao 4,http://www.kongregate.com/games/5tea/xiao-4,6,live_page_unavailable_text,200,https://www.kongregate.com/en,https://www.kongregate.com/games/5tea/xiao-4,https://www.kongregate.com/en,no,Play Free Online Games on Kongregate – The Ultimate Gaming Platform,2026-07-04T08:35:38Z,live_metrics_unavailable,live_metrics_failed_http_404,404,
www.kongregate.com/games/mafagames/ball-in-the-cup,Ball In The Cup,http://www.kongregate.com/games/mafagames/ball-in-the-cup,7,live_page_unavailable_text,200,https://www.kongregate.com/en,https://www.kongregate.com/games/mafagames/ball-in-the-cup,https://www.kongregate.com/en,no,Play Free Online Games on Kongregate – The Ultimate Gaming Platform,2026-07-04T08:35:39Z,live_metrics_unavailable,live_metrics_failed_http_404,404,
www.kongregate.com/games/yvolcano4/cloaked,Cloaked,http://www.kongregate.com/games/yvolcano4/cloaked,7,live_page_unavailable_text,200,https://www.kongregate.com/en,https://www.kongregate.com/games/yvolcano4/cloaked,https://www.kongregate.com/en,no,Play Free Online Games on Kongregate – The Ultimate Gaming Platform,2026-07-04T08:35:40Z,live_metrics_unavailable,live_metrics_failed_http_404,404,
www.kongregate.com/games/mobiltr/dragon-dash,Dragon Dash,http://www.kongregate.com/games/mobilTR/dragon-dash,7,live_page_unavailable_text,200,https://www.kongregate.com/en,https://www.kongregate.com/games/mobilTR/dragon-dash,https://www.kongregate.com/en,no,Play Free Online Games on Kongregate – The Ultimate Gaming Platform,2026-07-04T08:35:41Z,live_metrics_unavailable,live_metrics_failed_http_404,404,
www.kongregate.com/games/solman02/dynamite-soccer-online,Dynamite Soccer Online,http://www.kongregate.com/games/solman02/dynamite-soccer-online,7,live_page_unavailable_text,200,https://www.kongregate.com/en,https://www.kongregate.com/games/solman02/dynamite-soccer-online,https://www.kongregate.com/en,no,Play Free Online Games on Kongregate – The Ultimate Gaming Platform,2026-07-04T08:35:42Z,live_metrics_unavailable,live_metrics_failed_http_404,404,
www.kongregate.com/games/games2girls/fashion-expert,Fashion Expert,http://www.kongregate.com/games/games2girls/fashion-expert,7,live_page_unavailable_text,200,https://www.kongregate.com/en,https://www.kongregate.com/games/games2girls/fashion-expert,https://www.kongregate.com/en,no,Play Free Online Games on Kongregate – The Ultimate Gaming Platform,2026-07-04T08:35:42Z,live_metrics_unavailable,live_metrics_failed_http_404,404,
www.kongregate.com/games/flyinghighsecond/fidgetfuck,FidgetFuck,http://www.kongregate.com/games/FlyingHighSecond/fidgetfuck,7,live_page_unavailable_text,200,https://www.kongregate.com/en,https://www.kongregate.com/games/FlyingHighSecond/fidgetfuck,https://www.kongregate.com/en,no,Play Free Online Games on Kongregate – The Ultimate Gaming Platform,2026-07-04T08:35:43Z,live_metrics_unavailable,live_metrics_failed_http_404,404,
www.kongregate.com/games/romania356/fruit-game,Fruit Game,http://www.kongregate.com/games/romania356/fruit-game,7,live_page_unavailable_text,200,https://www.kongregate.com/en,https://www.kongregate.com/games/romania356/fruit-game,https://www.kongregate.com/en,no,Play Free Online Games on Kongregate – The Ultimate Gaming Platform,2026-07-04T08:35:44Z,live_metrics_unavailable,live_metrics_failed_http_404,404,
www.kongregate.com/games/games2girls/garage-rush,Garage Rush,http://www.kongregate.com/games/games2girls/garage-rush,7,live_page_unavailable_text,200,https://www.kongregate.com/en,https://www.kongregate.com/games/games2girls/garage-rush,https://www.kongregate.com/en,no,Play Free Online Games on Kongregate – The Ultimate Gaming Platform,2026-07-04T08:35:45Z,live_metrics_unavailable,live_metrics_failed_http_404,404,
www.kongregate.com/games/natalibt/hummer-puzzle,Hummer Puzzle,http://www.kongregate.com/games/natalibt/hummer-puzzle,7,live_page_unavailable_text,200,https://www.kongregate.com/en,https://www.kongregate.com/games/natalibt/hummer-puzzle,https://www.kongregate.com/en,no,Play Free Online Games on Kongregate – The Ultimate Gaming Platform,2026-07-04T08:35:46Z,live_metrics_unavailable,live_metrics_failed_http_404,404,
www.kongregate.com/games/thunderstorm38/litter-monkey,Litter Monkey,http://www.kongregate.com/games/thunderstorm38/litter-monkey,7,live_page_unavailable_text,200,https://www.kongregate.com/en,https://www.kongregate.com/games/thunderstorm38/litter-monkey,https://www.kongregate.com/en,no,Play Free Online Games on Kongregate – The Ultimate Gaming Platform,2026-07-04T08:35:47Z,live_metrics_unavailable,live_metrics_failed_http_404,404,
www.kongregate.com/games/tecknozthabezt/pizza-truck,Pizza Truck,http://www.kongregate.com/games/TecknozThaBezt/pizza-truck,7,live_page_unavailable_text,200,https://www.kongregate.com/en,https://www.kongregate.com/games/TecknozThaBezt/pizza-truck,https://www.kongregate.com/en,no,Play Free Online Games on Kongregate – The Ultimate Gaming Platform,2026-07-04T08:35:48Z,live_metrics_unavailable,live_metrics_failed_http_404,404,
www.kongregate.com/games/mafagames/right-box,Right Box,http://www.kongregate.com/games/mafagames/right-box,7,live_page_unavailable_text,200,https://www.kongregate.com/en,https://www.kongregate.com/games/mafagames/right-box,https://www.kongregate.com/en,no,Play Free Online Games on Kongregate – The Ultimate Gaming Platform,2026-07-04T08:35:49Z,live_metrics_unavailable,live_metrics_failed_http_404,404,
www.kongregate.com/games/szunyi/sands-of-doom,Sands of Doom,http://www.kongregate.com/games/szunyi/sands-of-doom,7,live_page_unavailable_text,200,https://www.kongregate.com/en,https://www.kongregate.com/games/szunyi/sands-of-doom,https://www.kongregate.com/en,no,Play Free Online Games on Kongregate – The Ultimate Gaming Platform,2026-07-04T08:35:50Z,live_metrics_unavailable,live_metrics_failed_http_404,404,
www.kongregate.com/games/qingfengges/sliding-plate-adventure,Sliding Plate Adventure,http://www.kongregate.com/games/qingfengges/sliding-plate-adventure,7,live_page_unavailable_text,200,https://www.kongregate.com/en,https://www.kongregate.com/games/qingfengges/sliding-plate-adventure,https://www.kongregate.com/en,no,Play Free Online Games on Kongregate – The Ultimate Gaming Platform,2026-07-04T08:35:51Z,live_metrics_unavailable,live_metrics_failed_http_404,404,
www.kongregate.com/games/mateusf29/teste1,Teste1,http://www.kongregate.com/games/MateusF29/teste1,7,live_page_unavailable_text,200,https://www.kongregate.com/en,https://www.kongregate.com/games/MateusF29/teste1,https://www.kongregate.com/en,no,Play Free Online Games on Kongregate – The Ultimate Gaming Platform,2026-07-04T08:35:52Z,live_metrics_unavailable,live_metrics_failed_http_404,404,
www.kongregate.com/games/womalmonster/the-10-question-quiz-2,The 10 Question Quiz 2!,http://www.kongregate.com/games/womalmonster/the-10-question-quiz-2,7,live_page_unavailable_text,200,https://www.kongregate.com/en,https://www.kongregate.com/games/womalmonster/the-10-question-quiz-2,https://www.kongregate.com/en,no,Play Free Online Games on Kongregate – The Ultimate Gaming Platform,2026-07-04T08:35:53Z,live_metrics_unavailable,live_metrics_failed_http_404,404,
www.kongregate.com/games/5tea/the-game,The Game,http://www.kongregate.com/games/5tea/the-game,7,live_page_unavailable_text,200,https://www.kongregate.com/en,https://www.kongregate.com/games/5tea/the-game,https://www.kongregate.com/en,no,Play Free Online Games on Kongregate – The Ultimate Gaming Platform,2026-07-04T08:35:54Z,live_metrics_unavailable,live_metrics_failed_http_404,404,
www.kongregate.com/games/thunderstorm38/treasure-hunt,Treasure Hunt,http://www.kongregate.com/games/thunderstorm38/treasure-hunt,7,live_page_unavailable_text,200,https://www.kongregate.com/en,https://www.kongregate.com/games/thunderstorm38/treasure-hunt,https://www.kongregate.com/en,no,Play Free Online Games on Kongregate – The Ultimate Gaming Platform,2026-07-04T08:35:55Z,live_metrics_unavailable,live_metrics_failed_http_404,404,
www.kongregate.com/games/writerbianji/wheres-my-water-fighting-planes,Where's My Water Fighting Planes,http://www.kongregate.com/games/writerbianji/wheres-my-water-fighting-planes,7,live_page_unavailable_text,200,https://www.kongregate.com/en,https://www.kongregate.com/games/writerbianji/wheres-my-water-fighting-planes,https://www.kongregate.com/en,no,Play Free Online Games on Kongregate – The Ultimate Gaming Platform,2026-07-04T08:35:56Z,live_metrics_unavailable,live_metrics_failed_http_404,404,
www.kongregate.com/games/wowsomegames/baby-talking-tom-great-makeover,Baby Talking Tom Great Makeover,http://www.kongregate.com/games/wowsomegames/baby-talking-tom-great-makeover,8,live_page_unavailable_text,200,https://www.kongregate.com/en,https://www.kongregate.com/games/wowsomegames/baby-talking-tom-great-makeover,https://www.kongregate.com/en,no,Play Free Online Games on Kongregate – The Ultimate Gaming Platform,2026-07-04T08:35:57Z,live_metrics_unavailable,live_metrics_failed_http_404,404,
www.kongregate.com/games/mokshal1663/chain-gun-rex,Chain Gun Rex,http://www.kongregate.com/games/mokshal1663/chain-gun-rex,8,live_page_unavailable_text,200,https://www.kongregate.com/en,https://www.kongregate.com/games/mokshal1663/chain-gun-rex,https://www.kongregate.com/en,no,Play Free Online Games on Kongregate – The Ultimate Gaming Platform,2026-07-04T08:35:58Z,live_metrics_unavailable,live_metrics_failed_http_404,404,
www.kongregate.com/games/fancygamer/do-not-press,Do Not Press,http://www.kongregate.com/games/fancygamer/do-not-press,8,live_page_unavailable_text,200,https://www.kongregate.com/en,https://www.kongregate.com/games/fancygamer/do-not-press,https://www.kongregate.com/en,no,Play Free Online Games on Kongregate – The Ultimate Gaming Platform,2026-07-04T08:35:59Z,live_metrics_unavailable,live_metrics_failed_http_404,404,
www.kongregate.com/games/fkidspr/fish-rush,Fish Rush,http://www.kongregate.com/games/FkidsPR/fish-rush,8,live_page_unavailable_text,200,https://www.kongregate.com/en,https://www.kongregate.com/games/FkidsPR/fish-rush,https://www.kongregate.com/en,no,Play Free Online Games on Kongregate – The Ultimate Gaming Platform,2026-07-04T08:36:00Z,live_metrics_unavailable,live_metrics_failed_http_404,404,
www.kongregate.com/games/redbot360/honey-clicker,Honey Clicker,https://www.kongregate.com/games/RedBot360/honey-clicker,8,live_page_unavailable_text,200,https://www.kongregate.com/en,https://www.kongregate.com/games/RedBot360/honey-clicker,https://www.kongregate.com/en,no,Play Free Online Games on Kongregate – The Ultimate Gaming Platform,2026-07-04T08:36:01Z,live_metrics_unavailable,live_metrics_failed_http_404,404,
www.kongregate.com/games/beetle1/jogo-mach-o,Jogo Machão,http://www.kongregate.com/games/Beetle1/jogo-mach-o,8,live_page_unavailable_text,200,https://www.kongregate.com/en,https://www.kongregate.com/games/Beetle1/jogo-mach-o,https://www.kongregate.com/en,no,Play Free Online Games on Kongregate – The Ultimate Gaming Platform,2026-07-04T08:36:02Z,live_metrics_unavailable,live_metrics_failed_http_404,404,
www.kongregate.com/games/gamesrishti/love-story,Love Story,http://www.kongregate.com/games/gamesrishti/love-story,8,live_page_unavailable_text,200,https://www.kongregate.com/en,https://www.kongregate.com/games/gamesrishti/love-story,https://www.kongregate.com/en,no,Play Free Online Games on Kongregate – The Ultimate Gaming Platform,2026-07-04T08:36:03Z,live_metrics_unavailable,live_metrics_failed_http_404,404,
www.kongregate.com/games/ic2000/maze-2,"Maze, 2",http://www.kongregate.com/games/ic2000/maze-2,8,live_page_unavailable_text,200,https://www.kongregate.com/en,https://www.kongregate.com/games/ic2000/maze-2,https://www.kongregate.com/en,no,Play Free Online Games on Kongregate – The Ultimate Gaming Platform,2026-07-04T08:36:04Z,live_metrics_unavailable,live_metrics_failed_http_404,404,
www.kongregate.com/games/mobiltr/mighty-motors-drag-racing,Mighty Motors - Drag Racing,http://www.kongregate.com/games/mobilTR/mighty-motors-drag-racing,8,live_page_unavailable_text,200,https://www.kongregate.com/en,https://www.kongregate.com/games/mobilTR/mighty-motors-drag-racing,https://www.kongregate.com/en,no,Play Free Online Games on Kongregate – The Ultimate Gaming Platform,2026-07-04T08:36:05Z,live_metrics_unavailable,live_metrics_failed_http_404,404,
www.kongregate.com/games/jasonnumberxiii/minifield,Minifield,http://www.kongregate.com/games/JasonNumberXIII/minifield,8,live_page_unavailable_text,200,https://www.kongregate.com/en,https://www.kongregate.com/games/JasonNumberXIII/minifield,https://www.kongregate.com/en,no,Play Free Online Games on Kongregate – The Ultimate Gaming Platform,2026-07-04T08:36:06Z,live_metrics_unavailable,live_metrics_failed_http_404,404,
www.kongregate.com/games/pickonsomeone/platform-block-demo,Platform Block Demo,http://www.kongregate.com/games/PickOnSomeone/platform-block-demo,8,live_page_unavailable_text,200,https://www.kongregate.com/en,https://www.kongregate.com/games/PickOnSomeone/platform-block-demo,https://www.kongregate.com/en,no,Play Free Online Games on Kongregate – The Ultimate Gaming Platform,2026-07-04T08:36:07Z,live_metrics_unavailable,live_metrics_failed_http_404,404,
www.kongregate.com/games/foumart/quantum-of-light,Quantum Of Light,http://www.kongregate.com/games/foumart/quantum-of-light,8,live_page_unavailable_text,200,https://www.kongregate.com/en,https://www.kongregate.com/games/foumart/quantum-of-light,https://www.kongregate.com/en,no,Play Free Online Games on Kongregate – The Ultimate Gaming Platform,2026-07-04T08:36:08Z,live_metrics_unavailable,live_metrics_failed_http_404,404,
www.kongregate.com/games/rand0mgamez/rocks-vs-gold-version-1-4,rocks vs gold version 1.4,http://www.kongregate.com/games/rand0mgamez/rocks-vs-gold-version-1-4,8,live_page_unavailable_text,200,https://www.kongregate.com/en,https://www.kongregate.com/games/rand0mgamez/rocks-vs-gold-version-1-4,https://www.kongregate.com/en,no,Play Free Online Games on Kongregate – The Ultimate Gaming Platform,2026-07-04T08:36:09Z,live_metrics_unavailable,live_metrics_failed_http_404,404,
www.kongregate.com/games/cs_dx/samsung-knox,Samsung KNOX,http://www.kongregate.com/games/CS_Dx/samsung-knox,8,live_page_unavailable_text,200,https://www.kongregate.com/en,https://www.kongregate.com/games/CS_Dx/samsung-knox,https://www.kongregate.com/en,no,Play Free Online Games on Kongregate – The Ultimate Gaming Platform,2026-07-04T08:36:10Z,live_metrics_unavailable,live_metrics_failed_http_404,404,
www.kongregate.com/games/natalibt/super-mario-puzzle,Super Mario Puzzle,http://www.kongregate.com/games/natalibt/super-mario-puzzle,8,live_page_unavailable_text,200,https://www.kongregate.com/en,https://www.kongregate.com/games/natalibt/super-mario-puzzle,https://www.kongregate.com/en,no,Play Free Online Games on Kongregate – The Ultimate Gaming Platform,2026-07-04T08:36:11Z,live_metrics_unavailable,live_metrics_failed_http_404,404,
www.kongregate.com/games/szunyi/terrorist-hunt,Terrorist Hunt,http://www.kongregate.com/games/szunyi/terrorist-hunt,8,live_page_unavailable_text,200,https://www.kongregate.com/en,https://www.kongregate.com/games/szunyi/terrorist-hunt,https://www.kongregate.com/en,no,Play Free Online Games on Kongregate – The Ultimate Gaming Platform,2026-07-04T08:36:12Z,live_metrics_unavailable,live_metrics_failed_http_404,404,
www.kongregate.com/games/ctnumber1/the-bill-cosby-fun-game,The Bill Cosby Fun Game,http://www.kongregate.com/games/ctnumber1/the-bill-cosby-fun-game,8,live_page_unavailable_text,200,https://www.kongregate.com/en,https://www.kongregate.com/games/ctnumber1/the-bill-cosby-fun-game,https://www.kongregate.com/en,no,Play Free Online Games on Kongregate – The Ultimate Gaming Platform,2026-07-04T08:36:13Z,live_metrics_unavailable,live_metrics_failed_http_404,404,
www.kongregate.com/games/vswitch/untitled-game-1,Untitled Game #1,http://www.kongregate.com/games/vswitch/untitled-game-1,8,live_page_unavailable_text,200,https://www.kongregate.com/en,https://www.kongregate.com/games/vswitch/untitled-game-1,https://www.kongregate.com/en,no,Play Free Online Games on Kongregate – The Ultimate Gaming Platform,2026-07-04T08:36:14Z,live_metrics_unavailable,live_metrics_failed_http_404,404,
www.kongregate.com/games/paulhtml5/wolfenstein-3d,Wolfenstein 3D,http://www.kongregate.com/games/PaulHTML5/wolfenstein-3d,8,live_page_unavailable_text,200,https://www.kongregate.com/en,https://www.kongregate.com/games/PaulHTML5/wolfenstein-3d,https://www.kongregate.com/en,no,Play Free Online Games on Kongregate – The Ultimate Gaming Platform,2026-07-04T08:36:15Z,live_metrics_unavailable,live_metrics_failed_http_404,404,
www.kongregate.com/games/szunyi/clear-vision-3,Clear Vision 3,http://www.kongregate.com/games/szunyi/clear-vision-3,9,live_page_unavailable_text,200,https://www.kongregate.com/en,https://www.kongregate.com/games/szunyi/clear-vision-3,https://www.kongregate.com/en,no,Play Free Online Games on Kongregate – The Ultimate Gaming Platform,2026-07-04T08:36:18Z,live_metrics_unavailable,live_metrics_failed_http_404,404,
www.kongregate.com/games/jggsgames/coding-masters-idle,Coding Masters: Idle,http://www.kongregate.com/games/JGGsGames/coding-masters-idle,9,live_page_unavailable_text,200,https://www.kongregate.com/en,https://www.kongregate.com/games/JGGsGames/coding-masters-idle,https://www.kongregate.com/en,no,Play Free Online Games on Kongregate – The Ultimate Gaming Platform,2026-07-04T08:36:19Z,live_metrics_unavailable,live_metrics_failed_http_404,404,
www.kongregate.com/games/dmarcy/costanza-cube-2,Costanza Cube 2,http://www.kongregate.com/games/dmarcy/costanza-cube-2,9,live_page_unavailable_text,200,https://www.kongregate.com/en,https://www.kongregate.com/games/dmarcy/costanza-cube-2,https://www.kongregate.com/en,no,Play Free Online Games on Kongregate – The Ultimate Gaming Platform,2026-07-04T08:36:20Z,live_metrics_unavailable,live_metrics_failed_http_404,404,
www.kongregate.com/games/coldcorestudios/demon-war-idle-rebellion,Demon War: Idle Rebellion,http://www.kongregate.com/games/ColdCoreStudios/demon-war-idle-rebellion,9,live_page_unavailable_text,200,https://www.kongregate.com/en,https://www.kongregate.com/games/ColdCoreStudios/demon-war-idle-rebellion,https://www.kongregate.com/en,no,Play Free Online Games on Kongregate – The Ultimate Gaming Platform,2026-07-04T08:36:16Z,live_metrics_unavailable,live_metrics_failed_http_404,404,
www.kongregate.com/games/sherazbhatti226/flying-bird,Flying Bird,http://www.kongregate.com/games/sherazbhatti226/flying-bird,9,live_page_unavailable_text,200,https://www.kongregate.com/en,https://www.kongregate.com/games/sherazbhatti226/flying-bird,https://www.kongregate.com/en,no,Play Free Online Games on Kongregate – The Ultimate Gaming Platform,2026-07-04T08:36:21Z,live_metrics_unavailable,live_metrics_failed_http_404,404,
www.kongregate.com/games/chrisskyro/into-the-pit,Into The Pit,https://www.kongregate.com/games/ChrisSkyRo/into-the-pit,9,live_page_unavailable_text,200,https://www.kongregate.com/en,https://www.kongregate.com/games/ChrisSkyRo/into-the-pit,https://www.kongregate.com/en,no,Play Free Online Games on Kongregate – The Ultimate Gaming Platform,2026-07-04T08:36:22Z,live_metrics_unavailable,live_metrics_failed_http_404,404,
www.kongregate.com/games/breakdo/marketglory,Marketglory,http://www.kongregate.com/games/breakdo/marketglory,9,live_page_unavailable_text,200,https://www.kongregate.com/en,https://www.kongregate.com/games/breakdo/marketglory,https://www.kongregate.com/en,no,Play Free Online Games on Kongregate – The Ultimate Gaming Platform,2026-07-04T08:36:23Z,live_metrics_unavailable,live_metrics_failed_http_404,404,
www.kongregate.com/games/asad_marmash/monster-shooter,Monster Shooter,http://www.kongregate.com/games/asad_marmash/monster-shooter,9,live_page_unavailable_text,200,https://www.kongregate.com/en,https://www.kongregate.com/games/asad_marmash/monster-shooter,https://www.kongregate.com/en,no,Play Free Online Games on Kongregate – The Ultimate Gaming Platform,2026-07-04T08:36:24Z,live_metrics_unavailable,live_metrics_failed_http_404,404,
www.kongregate.com/games/mafagames/plumber,Plumber,http://www.kongregate.com/games/mafagames/plumber,9,live_page_unavailable_text,200,https://www.kongregate.com/en,https://www.kongregate.com/games/mafagames/plumber,https://www.kongregate.com/en,no,Play Free Online Games on Kongregate – The Ultimate Gaming Platform,2026-07-04T08:36:25Z,live_metrics_unavailable,live_metrics_failed_http_404,404,
www.kongregate.com/games/arielroler/plutonium-quest,Plutonium quest,http://www.kongregate.com/games/arielroler/plutonium-quest,9,live_page_unavailable_text,200,https://www.kongregate.com/en,https://www.kongregate.com/games/arielroler/plutonium-quest,https://www.kongregate.com/en,no,Play Free Online Games on Kongregate – The Ultimate Gaming Platform,2026-07-04T08:36:26Z,live_metrics_unavailable,live_metrics_failed_http_404,404,
www.kongregate.com/games/slixmedia/robin-the-archer-in-pixeland,Robin the Archer in Pixeland,http://www.kongregate.com/games/slixmedia/robin-the-archer-in-pixeland,9,live_page_unavailable_text,200,https://www.kongregate.com/en,https://www.kongregate.com/games/slixmedia/robin-the-archer-in-pixeland,https://www.kongregate.com/en,no,Play Free Online Games on Kongregate – The Ultimate Gaming Platform,2026-07-04T08:36:27Z,live_metrics_unavailable,live_metrics_failed_http_404,404,
www.kongregate.com/games/fckn/space-mision-alpha-v1-0-3d,space mision alpha v1.0 3D,http://www.kongregate.com/games/fckn/space-mision-alpha-v1-0-3d,9,live_page_unavailable_text,200,https://www.kongregate.com/en,https://www.kongregate.com/games/fckn/space-mision-alpha-v1-0-3d,https://www.kongregate.com/en,no,Play Free Online Games on Kongregate – The Ultimate Gaming Platform,2026-07-04T08:36:28Z,live_metrics_unavailable,live_metrics_failed_http_404,404,
www.kongregate.com/games/feicaigames/spongebob-zombies-party,Spongebob Zombies Party,http://www.kongregate.com/games/feicaigames/spongebob-zombies-party,9,live_page_unavailable_text,200,https://www.kongregate.com/en,https://www.kongregate.com/games/feicaigames/spongebob-zombies-party,https://www.kongregate.com/en,no,Play Free Online Games on Kongregate – The Ultimate Gaming Platform,2026-07-04T08:36:29Z,live_metrics_unavailable,live_metrics_failed_http_404,404,
www.kongregate.com/games/locodiamond/suns-and-clouds,Suns and Clouds,http://www.kongregate.com/games/LocoDiamond/suns-and-clouds,9,live_page_unavailable_text,200,https://www.kongregate.com/en,https://www.kongregate.com/games/LocoDiamond/suns-and-clouds,https://www.kongregate.com/en,no,Play Free Online Games on Kongregate – The Ultimate Gaming Platform,2026-07-04T08:36:30Z,live_metrics_unavailable,live_metrics_failed_http_404,404,
www.kongregate.com/games/3rdsense/swords-and-sandals-2,swords and sandals 2,http://kongregate.com/games/3rdsense/swords-and-sandals-2,9,live_page_unavailable_text,200,https://www.kongregate.com/en,https://www.kongregate.com/games/3rdsense/swords-and-sandals-2,https://www.kongregate.com/en,no,Play Free Online Games on Kongregate – The Ultimate Gaming Platform,2026-07-04T08:36:17Z,live_metrics_unavailable,live_metrics_failed_http_404,404,
www.kongregate.com/games/deheeteapple/the-stupid-quiz,The stupid Quiz,http://www.kongregate.com/games/Deheeteapple/the-stupid-quiz,9,live_page_unavailable_text,200,https://www.kongregate.com/en,https://www.kongregate.com/games/Deheeteapple/the-stupid-quiz,https://www.kongregate.com/en,no,Play Free Online Games on Kongregate – The Ultimate Gaming Platform,2026-07-04T08:36:31Z,live_metrics_unavailable,live_metrics_failed_http_404,404,
www.kongregate.com/games/onemanarmy3d/au-modern-fps,AU Modern FPS,http://www.kongregate.com/games/OneManArmy3D/au-modern-fps,10,live_page_unavailable_text,200,https://www.kongregate.com/en,https://www.kongregate.com/games/OneManArmy3D/au-modern-fps,https://www.kongregate.com/en,no,Play Free Online Games on Kongregate – The Ultimate Gaming Platform,2026-07-04T08:36:32Z,live_metrics_unavailable,live_metrics_failed_http_404,404,
www.kongregate.com/games/natalibt/cadillac-police-puzzle,Cadillac Police Puzzle,http://www.kongregate.com/games/natalibt/cadillac-police-puzzle,10,live_page_unavailable_text,200,https://www.kongregate.com/en,https://www.kongregate.com/games/natalibt/cadillac-police-puzzle,https://www.kongregate.com/en,no,Play Free Online Games on Kongregate – The Ultimate Gaming Platform,2026-07-04T08:36:33Z,live_metrics_unavailable,live_metrics_failed_http_404,404,
www.kongregate.com/games/redbot360/castles-n-knights,Castles N' Knights,https://www.kongregate.com/games/RedBot360/castles-n-knights,10,live_page_unavailable_text,200,https://www.kongregate.com/en,https://www.kongregate.com/games/RedBot360/castles-n-knights,https://www.kongregate.com/en,no,Play Free Online Games on Kongregate – The Ultimate Gaming Platform,2026-07-04T08:36:34Z,live_metrics_unavailable,live_metrics_failed_http_404,404,
www.kongregate.com/games/natalibt/fiat-police-puzzle,Fiat Police Puzzle,http://www.kongregate.com/games/natalibt/fiat-police-puzzle,10,live_page_unavailable_text,200,https://www.kongregate.com/en,https://www.kongregate.com/games/natalibt/fiat-police-puzzle,https://www.kongregate.com/en,no,Play Free Online Games on Kongregate – The Ultimate Gaming Platform,2026-07-04T08:36:35Z,live_metrics_unavailable,live_metrics_failed_http_404,404,
www.kongregate.com/games/tatemartin/fidget-clicker,Fidget Clicker,http://www.kongregate.com/games/Tatemartin/fidget-clicker,10,live_page_unavailable_text,200,https://www.kongregate.com/en,https://www.kongregate.com/games/Tatemartin/fidget-clicker,https://www.kongregate.com/en,no,Play Free Online Games on Kongregate – The Ultimate Gaming Platform,2026-07-04T08:36:36Z,live_metrics_unavailable,live_metrics_failed_http_404,404,
www.kongregate.com/games/mafagames/fidget-spinner-bros,Fidget Spinner Bros,http://www.kongregate.com/games/mafagames/fidget-spinner-bros,10,live_page_unavailable_text,200,https://www.kongregate.com/en,https://www.kongregate.com/games/mafagames/fidget-spinner-bros,https://www.kongregate.com/en,no,Play Free Online Games on Kongregate – The Ultimate Gaming Platform,2026-07-04T08:36:37Z,live_metrics_unavailable,live_metrics_failed_http_404,404,
www.kongregate.com/games/yvolcano4/genesplicer-hybrid-creator,GeneSplicer: Hybrid Creator,http://www.kongregate.com/games/yvolcano4/genesplicer-hybrid-creator,10,live_page_unavailable_text,200,https://www.kongregate.com/en,https://www.kongregate.com/games/yvolcano4/genesplicer-hybrid-creator,https://www.kongregate.com/en,no,Play Free Online Games on Kongregate – The Ultimate Gaming Platform,2026-07-04T08:36:38Z,live_metrics_unavailable,live_metrics_failed_http_404,404,
www.kongregate.com/games/mirakus/kaedemus,Kaedemus,http://www.kongregate.com/games/Mirakus/kaedemus,10,live_page_unavailable_text,200,https://www.kongregate.com/en,https://www.kongregate.com/games/Mirakus/kaedemus,https://www.kongregate.com/en,no,Play Free Online Games on Kongregate – The Ultimate Gaming Platform,2026-07-04T08:36:38Z,live_metrics_unavailable,live_metrics_failed_http_404,404,
www.kongregate.com/games/szunyi/moto-rush,Moto Rush,http://www.kongregate.com/games/szunyi/moto-rush,10,live_page_unavailable_text,200,https://www.kongregate.com/en,https://www.kongregate.com/games/szunyi/moto-rush,https://www.kongregate.com/en,no,Play Free Online Games on Kongregate – The Ultimate Gaming Platform,2026-07-04T08:36:39Z,live_metrics_unavailable,live_metrics_failed_http_404,404,
www.kongregate.com/games/mancave_studios/oldschool-tennis-pre-pre-beta,Oldschool tennis (pre-pre-BETA!),http://www.kongregate.com/games/ManCave_Studios/oldschool-tennis-pre-pre-beta,10,live_page_unavailable_text,200,https://www.kongregate.com/en,https://www.kongregate.com/games/ManCave_Studios/oldschool-tennis-pre-pre-beta,https://www.kongregate.com/en,no,Play Free Online Games on Kongregate – The Ultimate Gaming Platform,2026-07-04T08:36:40Z,live_metrics_unavailable,live_metrics_failed_http_404,404,
www.kongregate.com/games/jackastral/phantom-reverse-episode-2,Phantom Reverse Episode 2,http://www.kongregate.com/games/JackAstral/phantom-reverse-episode-2,10,live_page_unavailable_text,200,https://www.kongregate.com/en,https://www.kongregate.com/games/JackAstral/phantom-reverse-episode-2,https://www.kongregate.com/en,no,Play Free Online Games on Kongregate – The Ultimate Gaming Platform,2026-07-04T08:36:41Z,live_metrics_unavailable,live_metrics_failed_http_404,404,
www.kongregate.com/games/deheeteappel/stupid-quiz,stupid quiz,http://www.kongregate.com/games/deheeteappel/stupid-quiz,10,live_page_unavailable_text,200,https://www.kongregate.com/en,https://www.kongregate.com/games/deheeteappel/stupid-quiz,https://www.kongregate.com/en,no,Play Free Online Games on Kongregate – The Ultimate Gaming Platform,2026-07-04T08:36:42Z,live_metrics_unavailable,live_metrics_failed_http_404,404,
www.kongregate.com/games/gamesrishti/terrorist-shootout,Terrorist Shootout,http://www.kongregate.com/games/gamesrishti/terrorist-shootout,10,live_page_unavailable_text,200,https://www.kongregate.com/en,https://www.kongregate.com/games/gamesrishti/terrorist-shootout,https://www.kongregate.com/en,no,Play Free Online Games on Kongregate – The Ultimate Gaming Platform,2026-07-04T08:36:43Z,live_metrics_unavailable,live_metrics_failed_http_404,404,
www.kongregate.com/games/siddharth1281998/the-last-defence-2,The Last Defence 2,http://www.kongregate.com/games/siddharth1281998/the-last-defence-2,10,live_page_unavailable_text,200,https://www.kongregate.com/en,https://www.kongregate.com/games/siddharth1281998/the-last-defence-2,https://www.kongregate.com/en,no,Play Free Online Games on Kongregate – The Ultimate Gaming Platform,2026-07-04T08:36:44Z,live_metrics_unavailable,live_metrics_failed_http_404,404,
www.kongregate.com/games/ghostthefi/the-saga-of-the-wind,The Saga Of The Wind,http://www.kongregate.com/games/GhostTheFi/the-saga-of-the-wind,10,live_page_unavailable_text,200,https://www.kongregate.com/en,https://www.kongregate.com/games/GhostTheFi/the-saga-of-the-wind,https://www.kongregate.com/en,no,Play Free Online Games on Kongregate – The Ultimate Gaming Platform,2026-07-04T08:36:45Z,live_metrics_unavailable,live_metrics_failed_http_404,404,
www.kongregate.com/games/natalibt/volkswagen-golf-2,Volkswagen Golf 2,http://www.kongregate.com/games/natalibt/volkswagen-golf-2,10,live_page_unavailable_text,200,https://www.kongregate.com/en,https://www.kongregate.com/games/natalibt/volkswagen-golf-2,https://www.kongregate.com/en,no,Play Free Online Games on Kongregate – The Ultimate Gaming Platform,2026-07-04T08:36:46Z,live_metrics_unavailable,live_metrics_failed_http_404,404,
www.kongregate.com/games/palazoles/100-tons-of-coal,100 tons of Coal,http://www.kongregate.com/games/Palazoles/100-tons-of-coal,11,live_page_unavailable_text,200,https://www.kongregate.com/en,https://www.kongregate.com/games/Palazoles/100-tons-of-coal,https://www.kongregate.com/en,no,Play Free Online Games on Kongregate – The Ultimate Gaming Platform,2026-07-04T08:36:48Z,live_metrics_unavailable,live_metrics_failed_http_404,404,
www.kongregate.com/games/munoz20/basic-car-behavior,basic car behavior,http://www.kongregate.com/games/munoz20/basic-car-behavior,11,live_page_unavailable_text,200,https://www.kongregate.com/en,https://www.kongregate.com/games/munoz20/basic-car-behavior,https://www.kongregate.com/en,no,Play Free Online Games on Kongregate – The Ultimate Gaming Platform,2026-07-04T08:36:49Z,live_metrics_unavailable,live_metrics_failed_http_404,404,
www.kongregate.com/games/mafagames/bottle-flip-challenge,Bottle Flip Challenge,http://www.kongregate.com/games/mafagames/bottle-flip-challenge,11,live_page_unavailable_text,200,https://www.kongregate.com/en,https://www.kongregate.com/games/mafagames/bottle-flip-challenge,https://www.kongregate.com/en,no,Play Free Online Games on Kongregate – The Ultimate Gaming Platform,2026-07-04T08:36:50Z,live_metrics_unavailable,live_metrics_failed_http_404,404,
www.kongregate.com/games/oneonlinegames/color-switch,Color Switch,http://www.kongregate.com/games/OneOnlineGames/color-switch,11,live_page_unavailable_text,200,https://www.kongregate.com/en,https://www.kongregate.com/games/OneOnlineGames/color-switch,https://www.kongregate.com/en,no,Play Free Online Games on Kongregate – The Ultimate Gaming Platform,2026-07-04T08:36:51Z,live_metrics_unavailable,live_metrics_failed_http_404,404,
www.kongregate.com/games/szunyi/dental-surgery,Dental Surgery,http://www.kongregate.com/games/szunyi/dental-surgery,11,live_page_unavailable_text,200,https://www.kongregate.com/en,https://www.kongregate.com/games/szunyi/dental-surgery,https://www.kongregate.com/en,no,Play Free Online Games on Kongregate – The Ultimate Gaming Platform,2026-07-04T08:36:52Z,live_metrics_unavailable,live_metrics_failed_http_404,404,
www.kongregate.com/games/natalibt/ford-hidden-car-tires,Ford Hidden Car Tires,http://www.kongregate.com/games/natalibt/ford-hidden-car-tires,11,live_page_unavailable_text,200,https://www.kongregate.com/en,https://www.kongregate.com/games/natalibt/ford-hidden-car-tires,https://www.kongregate.com/en,no,Play Free Online Games on Kongregate – The Ultimate Gaming Platform,2026-07-04T08:36:53Z,live_metrics_unavailable,live_metrics_failed_http_404,404,
www.kongregate.com/games/robbert4/heroes-of-myths,Heroes of Myths,http://www.kongregate.com/games/robbert4/heroes-of-myths,11,live_page_unavailable_text,200,https://www.kongregate.com/en,https://www.kongregate.com/games/robbert4/heroes-of-myths,https://www.kongregate.com/en,no,Play Free Online Games on Kongregate – The Ultimate Gaming Platform,2026-07-04T08:36:54Z,live_metrics_unavailable,live_metrics_failed_http_404,404,
www.kongregate.com/games/natalibt/jaguar-puzzle,Jaguar Puzzle,http://www.kongregate.com/games/natalibt/jaguar-puzzle,11,live_page_unavailable_text,200,https://www.kongregate.com/en,https://www.kongregate.com/games/natalibt/jaguar-puzzle,https://www.kongregate.com/en,no,Play Free Online Games on Kongregate – The Ultimate Gaming Platform,2026-07-04T08:36:55Z,live_metrics_unavailable,live_metrics_failed_http_404,404,
www.kongregate.com/games/jonthegreat711/plants-vs-zombies-apocalypse,Plants vs. Zombies: Apocalypse,http://www.kongregate.com/games/jonthegreat711/plants-vs-zombies-apocalypse,11,live_page_unavailable_text,200,https://www.kongregate.com/en,https://www.kongregate.com/games/jonthegreat711/plants-vs-zombies-apocalypse,https://www.kongregate.com/en,no,Play Free Online Games on Kongregate – The Ultimate Gaming Platform,2026-07-04T08:36:56Z,live_metrics_unavailable,live_metrics_failed_http_404,404,
www.kongregate.com/games/hendrikschiffer/stalked-incubus,Stalked Incubus,http://www.kongregate.com/games/HendrikSchiffer/stalked-incubus,11,live_page_unavailable_text,200,https://www.kongregate.com/en,https://www.kongregate.com/games/HendrikSchiffer/stalked-incubus,https://www.kongregate.com/en,no,Play Free Online Games on Kongregate – The Ultimate Gaming Platform,2026-07-04T08:36:57Z,live_metrics_unavailable,live_metrics_failed_http_404,404,
www.kongregate.com/games/havetime02/strormfall,StrormFall,http://www.kongregate.com/games/havetime02/strormfall,11,live_page_unavailable_text,200,https://www.kongregate.com/en,https://www.kongregate.com/games/havetime02/strormfall,https://www.kongregate.com/en,no,Play Free Online Games on Kongregate – The Ultimate Gaming Platform,2026-07-04T08:36:58Z,live_metrics_unavailable,live_metrics_failed_http_404,404,
www.kongregate.com/games/games2girls/swimwear-store,Swimwear Store,http://www.kongregate.com/games/games2girls/swimwear-store,11,live_page_unavailable_text,200,https://www.kongregate.com/en,https://www.kongregate.com/games/games2girls/swimwear-store,https://www.kongregate.com/en,no,Play Free Online Games on Kongregate – The Ultimate Gaming Platform,2026-07-04T08:36:47Z,live_metrics_unavailable,live_metrics_failed_http_404,404,
www.kongregate.com/games/rheyank/agents-of-mayhem-splatter-effect,Agents of Mayhem: Splatter Effect,http://www.kongregate.com/games/rheyank/agents-of-mayhem-splatter-effect,12,live_page_unavailable_text,200,https://www.kongregate.com/en,https://www.kongregate.com/games/rheyank/agents-of-mayhem-splatter-effect,https://www.kongregate.com/en,no,Play Free Online Games on Kongregate – The Ultimate Gaming Platform,2026-07-04T08:37:00Z,live_metrics_unavailable,live_metrics_failed_http_404,404,
www.kongregate.com/games/natalibt/alfa-romeo-brera-puzzle,Alfa Romeo Brera Puzzle,http://www.kongregate.com/games/natalibt/alfa-romeo-brera-puzzle,12,live_page_unavailable_text,200,https://www.kongregate.com/en,https://www.kongregate.com/games/natalibt/alfa-romeo-brera-puzzle,https://www.kongregate.com/en,no,Play Free Online Games on Kongregate – The Ultimate Gaming Platform,2026-07-04T08:37:01Z,live_metrics_unavailable,live_metrics_failed_http_404,404,
www.kongregate.com/games/surre02/bigfarm-online-sweden,BigFarm Online(Sweden),http://www.kongregate.com/games/surre02/bigfarm-online-sweden,12,live_page_unavailable_text,200,https://www.kongregate.com/en,https://www.kongregate.com/games/surre02/bigfarm-online-sweden,https://www.kongregate.com/en,no,Play Free Online Games on Kongregate – The Ultimate Gaming Platform,2026-07-04T08:37:02Z,live_metrics_unavailable,live_metrics_failed_http_404,404,
www.kongregate.com/games/game4joy/crazy-zombie-v2-0-crossing-hero,Crazy Zombie v2.0 Crossing Hero,http://www.kongregate.com/games/game4joy/crazy-zombie-v2-0-crossing-hero,12,live_page_unavailable_text,200,https://www.kongregate.com/en,https://www.kongregate.com/games/game4joy/crazy-zombie-v2-0-crossing-hero,https://www.kongregate.com/en,no,Play Free Online Games on Kongregate – The Ultimate Gaming Platform,2026-07-04T08:36:58Z,live_metrics_unavailable,live_metrics_failed_http_404,404,
www.kongregate.com/games/niconosave/dinamic-chess,Dinamic Chess,http://www.kongregate.com/games/niconosave/dinamic-chess,12,live_page_unavailable_text,200,https://www.kongregate.com/en,https://www.kongregate.com/games/niconosave/dinamic-chess,https://www.kongregate.com/en,no,Play Free Online Games on Kongregate – The Ultimate Gaming Platform,2026-07-04T08:37:03Z,live_metrics_unavailable,live_metrics_failed_http_404,404,
www.kongregate.com/games/mafagames/freekick-training,Freekick Training,http://www.kongregate.com/games/mafagames/freekick-training,12,live_page_unavailable_text,200,https://www.kongregate.com/en,https://www.kongregate.com/games/mafagames/freekick-training,https://www.kongregate.com/en,no,Play Free Online Games on Kongregate – The Ultimate Gaming Platform,2026-07-04T08:37:04Z,live_metrics_unavailable,live_metrics_failed_http_404,404,
www.kongregate.com/games/spacegrid/paradise,Paradise,http://www.kongregate.com/games/spacegrid/paradise,12,live_page_unavailable_text,200,https://www.kongregate.com/en,https://www.kongregate.com/games/spacegrid/paradise,https://www.kongregate.com/en,no,Play Free Online Games on Kongregate – The Ultimate Gaming Platform,2026-07-04T08:37:05Z,live_metrics_unavailable,live_metrics_failed_http_404,404,
www.kongregate.com/games/mafagames/powerblocks,Powerblocks,http://www.kongregate.com/games/mafagames/powerblocks,12,live_page_unavailable_text,200,https://www.kongregate.com/en,https://www.kongregate.com/games/mafagames/powerblocks,https://www.kongregate.com/en,no,Play Free Online Games on Kongregate – The Ultimate Gaming Platform,2026-07-04T08:37:06Z,live_metrics_unavailable,live_metrics_failed_http_404,404,
www.kongregate.com/games/taptapinfinity/tap-tap-infinity,Tap Tap Infinity,http://www.kongregate.com/games/TapTapInfinity/tap-tap-infinity,12,live_page_unavailable_text,200,https://www.kongregate.com/en,https://www.kongregate.com/games/TapTapInfinity/tap-tap-infinity,https://www.kongregate.com/en,no,Play Free Online Games on Kongregate – The Ultimate Gaming Platform,2026-07-04T08:36:59Z,live_metrics_unavailable,live_metrics_failed_http_404,404,
www.kongregate.com/games/mafagames/virus-attack,Virus Attack,http://www.kongregate.com/games/mafagames/virus-attack,12,live_page_unavailable_text,200,https://www.kongregate.com/en,https://www.kongregate.com/games/mafagames/virus-attack,https://www.kongregate.com/en,no,Play Free Online Games on Kongregate – The Ultimate Gaming Platform,2026-07-04T08:37:07Z,live_metrics_unavailable,live_metrics_failed_http_404,404,
www.kongregate.com/games/selfishdream/you-are-getting-tired,You Are Getting Tired,http://www.kongregate.com/games/SelfishDream/you-are-getting-tired,12,live_page_unavailable_text,200,https://www.kongregate.com/en,https://www.kongregate.com/games/SelfishDream/you-are-getting-tired,https://www.kongregate.com/en,no,Play Free Online Games on Kongregate – The Ultimate Gaming Platform,2026-07-04T08:37:08Z,live_metrics_unavailable,live_metrics_failed_http_404,404,
www.kongregate.com/games/del7244009/zinku-kuiz-nga-kimia,Zinku - Kuiz nga Kimia,http://www.kongregate.com/games/del7244009/zinku-kuiz-nga-kimia,12,live_page_unavailable_text,200,https://www.kongregate.com/en,https://www.kongregate.com/games/del7244009/zinku-kuiz-nga-kimia,https://www.kongregate.com/en,no,Play Free Online Games on Kongregate – The Ultimate Gaming Platform,2026-07-04T08:37:09Z,live_metrics_unavailable,live_metrics_failed_http_404,404,
www.kongregate.com/games/mafagames/zombie-buster,Zombie Buster,http://www.kongregate.com/games/mafagames/zombie-buster,12,live_page_unavailable_text,200,https://www.kongregate.com/en,https://www.kongregate.com/games/mafagames/zombie-buster,https://www.kongregate.com/en,no,Play Free Online Games on Kongregate – The Ultimate Gaming Platform,2026-07-04T08:37:10Z,live_metrics_unavailable,live_metrics_failed_http_404,404,
www.kongregate.com/games/wigardju/101-a-video-game-about-video-games-okay-a-really-early-one,"101: A Video Game about Video Games (okay, a really early one)",http://www.kongregate.com/games/wigardju/101-a-video-game-about-video-games-okay-a-really-early-one,13,live_page_unavailable_text,200,https://www.kongregate.com/en,https://www.kongregate.com/games/wigardju/101-a-video-game-about-video-games-okay-a-really-early-one,https://www.kongregate.com/en,no,Play Free Online Games on Kongregate – The Ultimate Gaming Platform,2026-07-04T08:37:13Z,live_metrics_unavailable,live_metrics_failed_http_404,404,
www.kongregate.com/games/mafagames/break-the-line,Break The Line,http://www.kongregate.com/games/mafagames/break-the-line,13,live_page_unavailable_text,200,https://www.kongregate.com/en,https://www.kongregate.com/games/mafagames/break-the-line,https://www.kongregate.com/en,no,Play Free Online Games on Kongregate – The Ultimate Gaming Platform,2026-07-04T08:37:14Z,live_metrics_unavailable,live_metrics_failed_http_404,404,
www.kongregate.com/games/palazoles/colotap,Colotap,http://www.kongregate.com/games/Palazoles/colotap,13,live_page_unavailable_text,200,https://www.kongregate.com/en,https://www.kongregate.com/games/Palazoles/colotap,https://www.kongregate.com/en,no,Play Free Online Games on Kongregate – The Ultimate Gaming Platform,2026-07-04T08:37:15Z,live_metrics_unavailable,live_metrics_failed_http_404,404,
www.kongregate.com/games/mafagames/death-soul,Death Soul,http://www.kongregate.com/games/mafagames/death-soul,13,live_page_unavailable_text,200,https://www.kongregate.com/en,https://www.kongregate.com/games/mafagames/death-soul,https://www.kongregate.com/en,no,Play Free Online Games on Kongregate – The Ultimate Gaming Platform,2026-07-04T08:37:16Z,live_metrics_unavailable,live_metrics_failed_http_404,404,
www.kongregate.com/games/zueirao34/fighting-for-glorton-1-2v,Fighting For Glorton 1.2v,http://www.kongregate.com/games/Zueirao34/fighting-for-glorton-1-2v,13,live_page_unavailable_text,200,https://www.kongregate.com/en,https://www.kongregate.com/games/Zueirao34/fighting-for-glorton-1-2v,https://www.kongregate.com/en,no,Play Free Online Games on Kongregate – The Ultimate Gaming Platform,2026-07-04T08:37:17Z,live_metrics_unavailable,live_metrics_failed_http_404,404,
www.kongregate.com/games/crazyschoolgames/gold-miner-jack-2,Gold Miner Jack 2,https://www.kongregate.com/games/crazyschoolgames/gold-miner-jack-2,13,live_page_unavailable_text,200,https://www.kongregate.com/en,https://www.kongregate.com/games/crazyschoolgames/gold-miner-jack-2,https://www.kongregate.com/en,no,Play Free Online Games on Kongregate – The Ultimate Gaming Platform,2026-07-04T08:37:18Z,live_metrics_unavailable,live_metrics_failed_http_404,404,
www.kongregate.com/games/gravityhunt/gravityhunt,GravityHunt,http://www.kongregate.com/games/GravityHunt/gravityhunt,13,live_page_unavailable_text,200,https://www.kongregate.com/en,https://www.kongregate.com/games/GravityHunt/gravityhunt,https://www.kongregate.com/en,no,Play Free Online Games on Kongregate – The Ultimate Gaming Platform,2026-07-04T08:37:18Z,live_metrics_unavailable,live_metrics_failed_http_404,404,
www.kongregate.com/games/domjotebit/gray-tank,Gray Tank,http://www.kongregate.com/games/domjotebit/gray-tank,13,live_page_unavailable_text,200,https://www.kongregate.com/en,https://www.kongregate.com/games/domjotebit/gray-tank,https://www.kongregate.com/en,no,Play Free Online Games on Kongregate – The Ultimate Gaming Platform,2026-07-04T08:37:19Z,live_metrics_unavailable,live_metrics_failed_http_404,404,
www.kongregate.com/games/maury71/guerra-de-quatro-mundos-clique-em-like,Guerra de Quatro Mundos clique em [♥Like],http://www.kongregate.com/games/Maury71/guerra-de-quatro-mundos-clique-em-like,13,live_page_unavailable_text,200,https://www.kongregate.com/en,https://www.kongregate.com/games/Maury71/guerra-de-quatro-mundos-clique-em-like,https://www.kongregate.com/en,no,Play Free Online Games on Kongregate – The Ultimate Gaming Platform,2026-07-04T08:37:20Z,live_metrics_unavailable,live_metrics_failed_http_404,404,
www.kongregate.com/games/mafagames/hold-position-2-medieval,Hold Position 2: Medieval,http://www.kongregate.com/games/mafagames/hold-position-2-medieval,13,live_page_unavailable_text,200,https://www.kongregate.com/en,https://www.kongregate.com/games/mafagames/hold-position-2-medieval,https://www.kongregate.com/en,no,Play Free Online Games on Kongregate – The Ultimate Gaming Platform,2026-07-04T08:37:21Z,live_metrics_unavailable,live_metrics_failed_http_404,404,
www.kongregate.com/games/blobzone/idle-game-dev,Idle Game Dev,http://www.kongregate.com/games/Blobzone/idle-game-dev,13,live_page_unavailable_text,200,https://www.kongregate.com/en,https://www.kongregate.com/games/Blobzone/idle-game-dev,https://www.kongregate.com/en,no,Play Free Online Games on Kongregate – The Ultimate Gaming Platform,2026-07-04T08:37:22Z,live_metrics_unavailable,live_metrics_failed_http_404,404,
www.kongregate.com/games/mafagames/jumpy-shark,Jumpy Shark,http://www.kongregate.com/games/mafagames/jumpy-shark,13,live_page_unavailable_text,200,https://www.kongregate.com/en,https://www.kongregate.com/games/mafagames/jumpy-shark,https://www.kongregate.com/en,no,Play Free Online Games on Kongregate – The Ultimate Gaming Platform,2026-07-04T08:37:23Z,live_metrics_unavailable,live_metrics_failed_http_404,404,
www.kongregate.com/games/del7244009/kuizi-biologjia-pjesa-e-3,Kuizi Biologjia - Pjesa e 3,http://www.kongregate.com/games/del7244009/kuizi-biologjia-pjesa-e-3,13,live_page_unavailable_text,200,https://www.kongregate.com/en,https://www.kongregate.com/games/del7244009/kuizi-biologjia-pjesa-e-3,https://www.kongregate.com/en,no,Play Free Online Games on Kongregate – The Ultimate Gaming Platform,2026-07-04T08:37:24Z,live_metrics_unavailable,live_metrics_failed_http_404,404,
www.kongregate.com/games/allkiko1/mike-shadow-i-paid-for-it-mochi-premiums,Mike Shadow: I Paid For It! (Mochi Premiums),http://www.kongregate.com/games/Allkiko1/mike-shadow-i-paid-for-it-mochi-premiums,13,live_page_unavailable_text,200,https://www.kongregate.com/en,https://www.kongregate.com/games/Allkiko1/mike-shadow-i-paid-for-it-mochi-premiums,https://www.kongregate.com/en,no,Play Free Online Games on Kongregate – The Ultimate Gaming Platform,2026-07-04T08:37:12Z,live_metrics_unavailable,live_metrics_failed_http_404,404,
www.kongregate.com/games/mafagames/ninja-balance,Ninja Balance,http://www.kongregate.com/games/mafagames/ninja-balance,13,live_page_unavailable_text,200,https://www.kongregate.com/en,https://www.kongregate.com/games/mafagames/ninja-balance,https://www.kongregate.com/en,no,Play Free Online Games on Kongregate – The Ultimate Gaming Platform,2026-07-04T08:37:25Z,live_metrics_unavailable,live_metrics_failed_http_404,404,
www.kongregate.com/games/xiatiandaole/plants-attack,Plants Attack,http://www.kongregate.com/games/xiatiandaole/plants-attack,13,live_page_unavailable_text,200,https://www.kongregate.com/en,https://www.kongregate.com/games/xiatiandaole/plants-attack,https://www.kongregate.com/en,no,Play Free Online Games on Kongregate – The Ultimate Gaming Platform,2026-07-04T08:37:26Z,live_metrics_unavailable,live_metrics_failed_http_404,404,
www.kongregate.com/games/coolstronggames/shoot-the-roy-minions,Shoot the Roy Minions,http://www.kongregate.com/games/coolstronggames/shoot-the-roy-minions,13,live_page_unavailable_text,200,https://www.kongregate.com/en,https://www.kongregate.com/games/coolstronggames/shoot-the-roy-minions,https://www.kongregate.com/en,no,Play Free Online Games on Kongregate – The Ultimate Gaming Platform,2026-07-04T08:37:27Z,live_metrics_unavailable,live_metrics_failed_http_404,404,
www.kongregate.com/games/mafagames/snake-and-blocks,Snake And Blocks,http://www.kongregate.com/games/mafagames/snake-and-blocks,13,live_page_unavailable_text,200,https://www.kongregate.com/en,https://www.kongregate.com/games/mafagames/snake-and-blocks,https://www.kongregate.com/en,no,Play Free Online Games on Kongregate – The Ultimate Gaming Platform,2026-07-04T08:37:28Z,live_metrics_unavailable,live_metrics_failed_http_404,404,
www.kongregate.com/games/mafagames/super-cowboy-run,Super Cowboy Run,http://www.kongregate.com/games/mafagames/super-cowboy-run,13,live_page_unavailable_text,200,https://www.kongregate.com/en,https://www.kongregate.com/games/mafagames/super-cowboy-run,https://www.kongregate.com/en,no,Play Free Online Games on Kongregate – The Ultimate Gaming Platform,2026-07-04T08:37:29Z,live_metrics_unavailable,live_metrics_failed_http_404,404,
www.kongregate.com/games/mafagames/tangrid,Tangrid,http://www.kongregate.com/games/mafagames/tangrid,13,live_page_unavailable_text,200,https://www.kongregate.com/en,https://www.kongregate.com/games/mafagames/tangrid,https://www.kongregate.com/en,no,Play Free Online Games on Kongregate – The Ultimate Gaming Platform,2026-07-04T08:37:30Z,live_metrics_unavailable,live_metrics_failed_http_404,404,
www.kongregate.com/games/munoz20/tds-game-2,TDS game 2,http://www.kongregate.com/games/munoz20/tds-game-2,13,live_page_unavailable_text,200,https://www.kongregate.com/en,https://www.kongregate.com/games/munoz20/tds-game-2,https://www.kongregate.com/en,no,Play Free Online Games on Kongregate – The Ultimate Gaming Platform,2026-07-04T08:37:31Z,live_metrics_unavailable,live_metrics_failed_http_404,404,
www.kongregate.com/games/hlokhamz/the-fps-training-prealpha,The FPS Training PreAlpha,http://www.kongregate.com/games/HLoKHaMZ/the-fps-training-prealpha,13,live_page_unavailable_text,200,https://www.kongregate.com/en,https://www.kongregate.com/games/HLoKHaMZ/the-fps-training-prealpha,https://www.kongregate.com/en,no,Play Free Online Games on Kongregate – The Ultimate Gaming Platform,2026-07-04T08:37:32Z,live_metrics_unavailable,live_metrics_failed_http_404,404,
www.kongregate.com/games/quarob/ufomania,UFOMania,http://www.kongregate.com/games/Quarob/ufomania,13,live_page_unavailable_text,200,https://www.kongregate.com/en,https://www.kongregate.com/games/Quarob/ufomania,https://www.kongregate.com/en,no,Play Free Online Games on Kongregate – The Ultimate Gaming Platform,2026-07-04T08:37:11Z,live_metrics_unavailable,live_metrics_failed_http_404,404,
www.kongregate.com/games/arseng1/furlight,FurLight,http://www.kongregate.com/games/ArsenG1/furlight,14,live_page_unavailable_text,200,https://www.kongregate.com/en,https://www.kongregate.com/games/ArsenG1/furlight,https://www.kongregate.com/en,no,Play Free Online Games on Kongregate – The Ultimate Gaming Platform,2026-07-04T08:37:34Z,live_metrics_unavailable,live_metrics_failed_http_404,404,
www.kongregate.com/games/kasparsm/idle-capitalist-6,Idle Capitalist 6,http://www.kongregate.com/games/KasparsM/idle-capitalist-6,14,live_page_unavailable_text,200,https://www.kongregate.com/en,https://www.kongregate.com/games/KasparsM/idle-capitalist-6,https://www.kongregate.com/en,no,Play Free Online Games on Kongregate – The Ultimate Gaming Platform,2026-07-04T08:37:35Z,live_metrics_unavailable,live_metrics_failed_http_404,404,
www.kongregate.com/games/mafagames/karting-racing,Karting Racing,http://www.kongregate.com/games/mafagames/karting-racing,14,live_page_unavailable_text,200,https://www.kongregate.com/en,https://www.kongregate.com/games/mafagames/karting-racing,https://www.kongregate.com/en,no,Play Free Online Games on Kongregate – The Ultimate Gaming Platform,2026-07-04T08:37:36Z,live_metrics_unavailable,live_metrics_failed_http_404,404,
www.kongregate.com/games/del7244009/kuizi-biologjia-pjesa-e-4,Kuizi Biologjia - Pjesa e 4,http://www.kongregate.com/games/del7244009/kuizi-biologjia-pjesa-e-4,14,live_page_unavailable_text,200,https://www.kongregate.com/en,https://www.kongregate.com/games/del7244009/kuizi-biologjia-pjesa-e-4,https://www.kongregate.com/en,no,Play Free Online Games on Kongregate – The Ultimate Gaming Platform,2026-07-04T08:37:37Z,live_metrics_unavailable,live_metrics_failed_http_404,404,
www.kongregate.com/games/mafagames/mad-taxi,Mad Taxi,http://www.kongregate.com/games/mafagames/mad-taxi,14,live_page_unavailable_text,200,https://www.kongregate.com/en,https://www.kongregate.com/games/mafagames/mad-taxi,https://www.kongregate.com/en,no,Play Free Online Games on Kongregate – The Ultimate Gaming Platform,2026-07-04T08:37:38Z,live_metrics_unavailable,live_metrics_failed_http_404,404,
www.kongregate.com/games/mafagames/my-little-pony-winter-fashion-2,My Little Pony Winter Fashion 2,http://www.kongregate.com/games/mafagames/my-little-pony-winter-fashion-2,14,live_page_unavailable_text,200,https://www.kongregate.com/en,https://www.kongregate.com/games/mafagames/my-little-pony-winter-fashion-2,https://www.kongregate.com/en,no,Play Free Online Games on Kongregate – The Ultimate Gaming Platform,2026-07-04T08:37:39Z,live_metrics_unavailable,live_metrics_failed_http_404,404,
www.kongregate.com/games/natalibt/my-summer-items,My Summer Items,http://www.kongregate.com/games/natalibt/my-summer-items,14,live_page_unavailable_text,200,https://www.kongregate.com/en,https://www.kongregate.com/games/natalibt/my-summer-items,https://www.kongregate.com/en,no,Play Free Online Games on Kongregate – The Ultimate Gaming Platform,2026-07-04T08:37:39Z,live_metrics_unavailable,live_metrics_failed_http_404,404,
www.kongregate.com/games/matty/spacewars,SpaceWars!,http://www.kongregate.com/games/Matty/spacewars,14,live_page_unavailable_text,200,https://www.kongregate.com/en,https://www.kongregate.com/games/Matty/spacewars,https://www.kongregate.com/en,no,Play Free Online Games on Kongregate – The Ultimate Gaming Platform,2026-07-04T08:37:33Z,live_metrics_unavailable,live_metrics_failed_http_404,404,
www.kongregate.com/games/mafagames/spike-bird,Spike Bird,http://www.kongregate.com/games/mafagames/spike-bird,14,live_page_unavailable_text,200,https://www.kongregate.com/en,https://www.kongregate.com/games/mafagames/spike-bird,https://www.kongregate.com/en,no,Play Free Online Games on Kongregate – The Ultimate Gaming Platform,2026-07-04T08:37:41Z,live_metrics_unavailable,live_metrics_failed_http_404,404,
www.kongregate.com/games/mafagames/transport,Transport,http://www.kongregate.com/games/mafagames/transport,14,live_page_unavailable_text,200,https://www.kongregate.com/en,https://www.kongregate.com/games/mafagames/transport,https://www.kongregate.com/en,no,Play Free Online Games on Kongregate – The Ultimate Gaming Platform,2026-07-04T08:37:41Z,live_metrics_unavailable,live_metrics_failed_http_404,404,
www.kongregate.com/games/rodolfodth/try-die-repeat,TRY. DIE. REPEAT.,http://www.kongregate.com/games/rodolfodth/try-die-repeat,14,live_page_unavailable_text,200,https://www.kongregate.com/en,https://www.kongregate.com/games/rodolfodth/try-die-repeat,https://www.kongregate.com/en,no,Play Free Online Games on Kongregate – The Ultimate Gaming Platform,2026-07-04T08:37:42Z,live_metrics_unavailable,live_metrics_failed_http_404,404,
www.kongregate.com/games/swiftmoon12/yandere-heartbreak,Yandere - Heartbreak,http://www.kongregate.com/games/swiftmoon12/yandere-heartbreak,14,live_page_unavailable_text,200,https://www.kongregate.com/en,https://www.kongregate.com/games/swiftmoon12/yandere-heartbreak,https://www.kongregate.com/en,no,Play Free Online Games on Kongregate – The Ultimate Gaming Platform,2026-07-04T08:37:43Z,live_metrics_unavailable,live_metrics_failed_http_404,404,
www.kongregate.com/games/king34/ascending-lsd,Ascending LSD,http://www.kongregate.com/games/KING34/ascending-lsd,15,live_page_unavailable_text,200,https://www.kongregate.com/en,https://www.kongregate.com/games/KING34/ascending-lsd,https://www.kongregate.com/en,no,Play Free Online Games on Kongregate – The Ultimate Gaming Platform,2026-07-04T08:37:44Z,live_metrics_unavailable,live_metrics_failed_http_404,404,
www.kongregate.com/games/jurgist/bloosso-run,Bloosso Run,http://www.kongregate.com/games/JurgisT/bloosso-run,15,live_page_unavailable_text,200,https://www.kongregate.com/en,https://www.kongregate.com/games/JurgisT/bloosso-run,https://www.kongregate.com/en,no,Play Free Online Games on Kongregate – The Ultimate Gaming Platform,2026-07-04T08:37:45Z,live_metrics_unavailable,live_metrics_failed_http_404,404,
www.kongregate.com/games/mafagames/car-rush-2,Car Rush 2,http://www.kongregate.com/games/mafagames/car-rush-2,15,live_page_unavailable_text,200,https://www.kongregate.com/en,https://www.kongregate.com/games/mafagames/car-rush-2,https://www.kongregate.com/en,no,Play Free Online Games on Kongregate – The Ultimate Gaming Platform,2026-07-04T08:37:46Z,live_metrics_unavailable,live_metrics_failed_http_404,404,
www.kongregate.com/games/schambulat20/delta-warfare,DELTA warfare,http://www.kongregate.com/games/schambulat20/delta-warfare,15,live_page_unavailable_text,200,https://www.kongregate.com/en,https://www.kongregate.com/games/schambulat20/delta-warfare,https://www.kongregate.com/en,no,Play Free Online Games on Kongregate – The Ultimate Gaming Platform,2026-07-04T08:37:47Z,live_metrics_unavailable,live_metrics_failed_http_404,404,
www.kongregate.com/games/zueirao34/doblons-oi,Doblons.oi,http://www.kongregate.com/games/Zueirao34/doblons-oi,15,live_page_unavailable_text,200,https://www.kongregate.com/en,https://www.kongregate.com/games/Zueirao34/doblons-oi,https://www.kongregate.com/en,no,Play Free Online Games on Kongregate – The Ultimate Gaming Platform,2026-07-04T08:37:48Z,live_metrics_unavailable,live_metrics_failed_http_404,404,
www.kongregate.com/games/phacanu/dont-destroy-the-ball,DON'T DESTROY THE BALL!,http://www.kongregate.com/games/phacanu/dont-destroy-the-ball,15,live_page_unavailable_text,200,https://www.kongregate.com/en,https://www.kongregate.com/games/phacanu/dont-destroy-the-ball,https://www.kongregate.com/en,no,Play Free Online Games on Kongregate – The Ultimate Gaming Platform,2026-07-04T08:37:49Z,live_metrics_unavailable,live_metrics_failed_http_404,404,
www.kongregate.com/games/mafagames/duck-shooter,Duck Shooter,http://www.kongregate.com/games/mafagames/duck-shooter,15,live_page_unavailable_text,200,https://www.kongregate.com/en,https://www.kongregate.com/games/mafagames/duck-shooter,https://www.kongregate.com/en,no,Play Free Online Games on Kongregate – The Ultimate Gaming Platform,2026-07-04T08:37:50Z,live_metrics_unavailable,live_metrics_failed_http_404,404,
www.kongregate.com/games/del7244009/kuizi-biologjia-pjesa-e-2,Kuizi Biologjia - Pjesa e 2,http://www.kongregate.com/games/del7244009/kuizi-biologjia-pjesa-e-2,15,live_page_unavailable_text,200,https://www.kongregate.com/en,https://www.kongregate.com/games/del7244009/kuizi-biologjia-pjesa-e-2,https://www.kongregate.com/en,no,Play Free Online Games on Kongregate – The Ultimate Gaming Platform,2026-07-04T08:37:51Z,live_metrics_unavailable,live_metrics_failed_http_404,404,
www.kongregate.com/games/mafagames/labyrinth,Labyrinth,http://www.kongregate.com/games/mafagames/labyrinth,15,live_page_unavailable_text,200,https://www.kongregate.com/en,https://www.kongregate.com/games/mafagames/labyrinth,https://www.kongregate.com/en,no,Play Free Online Games on Kongregate – The Ultimate Gaming Platform,2026-07-04T08:37:52Z,live_metrics_unavailable,live_metrics_failed_http_404,404,
www.kongregate.com/games/mafagames/mad-boy-adventures,Mad Boy Adventures,http://www.kongregate.com/games/mafagames/mad-boy-adventures,15,live_page_unavailable_text,200,https://www.kongregate.com/en,https://www.kongregate.com/games/mafagames/mad-boy-adventures,https://www.kongregate.com/en,no,Play Free Online Games on Kongregate – The Ultimate Gaming Platform,2026-07-04T08:37:53Z,live_metrics_unavailable,live_metrics_failed_http_404,404,
www.kongregate.com/games/natalibt/mater-cars-puzzle,Mater Cars Puzzle,http://www.kongregate.com/games/natalibt/mater-cars-puzzle,15,live_page_unavailable_text,200,https://www.kongregate.com/en,https://www.kongregate.com/games/natalibt/mater-cars-puzzle,https://www.kongregate.com/en,no,Play Free Online Games on Kongregate – The Ultimate Gaming Platform,2026-07-04T08:37:54Z,live_metrics_unavailable,live_metrics_failed_http_404,404,
www.kongregate.com/games/benbean303/monopoly-io,Monopoly IO,http://www.kongregate.com/games/benbean303/monopoly-io,15,live_page_unavailable_text,200,https://www.kongregate.com/en,https://www.kongregate.com/games/benbean303/monopoly-io,https://www.kongregate.com/en,no,Play Free Online Games on Kongregate – The Ultimate Gaming Platform,2026-07-04T08:37:55Z,live_metrics_unavailable,live_metrics_failed_http_404,404,
www.kongregate.com/games/darekapps/moto-jumper,Moto Jumper,http://www.kongregate.com/games/darekapps/moto-jumper,15,live_page_unavailable_text,200,https://www.kongregate.com/en,https://www.kongregate.com/games/darekapps/moto-jumper,https://www.kongregate.com/en,no,Play Free Online Games on Kongregate – The Ultimate Gaming Platform,2026-07-04T08:37:56Z,live_metrics_unavailable,live_metrics_failed_http_404,404,
www.kongregate.com/games/sigit_haryo/ninja-quest,Ninja Quest,http://www.kongregate.com/games/Sigit_Haryo/ninja-quest,15,live_page_unavailable_text,200,https://www.kongregate.com/en,https://www.kongregate.com/games/Sigit_Haryo/ninja-quest,https://www.kongregate.com/en,no,Play Free Online Games on Kongregate – The Ultimate Gaming Platform,2026-07-04T08:37:57Z,live_metrics_unavailable,live_metrics_failed_http_404,404,
www.kongregate.com/games/mafagames/space-trip,Space Trip,http://www.kongregate.com/games/mafagames/space-trip,15,live_page_unavailable_text,200,https://www.kongregate.com/en,https://www.kongregate.com/games/mafagames/space-trip,https://www.kongregate.com/en,no,Play Free Online Games on Kongregate – The Ultimate Gaming Platform,2026-07-04T08:37:58Z,live_metrics_unavailable,live_metrics_failed_http_404,404,
www.kongregate.com/games/nicolo974jtm34/test-2,Test 2,http://www.kongregate.com/games/Nicolo974jtm34/test-2,15,live_page_unavailable_text,200,https://www.kongregate.com/en,https://www.kongregate.com/games/Nicolo974jtm34/test-2,https://www.kongregate.com/en,no,Play Free Online Games on Kongregate – The Ultimate Gaming Platform,2026-07-04T08:37:59Z,live_metrics_unavailable,live_metrics_failed_http_404,404,
www.kongregate.com/games/danwon67/the-ball-game,The ball game,http://www.kongregate.com/games/danwon67/the-ball-game,15,live_page_unavailable_text,200,https://www.kongregate.com/en,https://www.kongregate.com/games/danwon67/the-ball-game,https://www.kongregate.com/en,no,Play Free Online Games on Kongregate – The Ultimate Gaming Platform,2026-07-04T08:38:00Z,live_metrics_unavailable,live_metrics_failed_http_404,404,
www.kongregate.com/games/mrbaidu/chat-public-or-private,Chat Public or Private,http://www.kongregate.com/games/MrBaidu/chat-public-or-private,16,live_page_unavailable_text,200,https://www.kongregate.com/en,https://www.kongregate.com/games/MrBaidu/chat-public-or-private,https://www.kongregate.com/en,no,Play Free Online Games on Kongregate – The Ultimate Gaming Platform,2026-07-04T08:38:02Z,live_metrics_unavailable,live_metrics_failed_http_404,404,
www.kongregate.com/games/mafagames/christmas-memory,Christmas Memory,http://www.kongregate.com/games/mafagames/christmas-memory,16,live_page_unavailable_text,200,https://www.kongregate.com/en,https://www.kongregate.com/games/mafagames/christmas-memory,https://www.kongregate.com/en,no,Play Free Online Games on Kongregate – The Ultimate Gaming Platform,2026-07-04T08:38:03Z,live_metrics_unavailable,live_metrics_failed_http_404,404,
www.kongregate.com/games/vermillion_gd/dimensional-beta,Dimensional (beta),http://www.kongregate.com/games/Vermillion_gd/dimensional-beta,16,live_page_unavailable_text,200,https://www.kongregate.com/en,https://www.kongregate.com/games/Vermillion_gd/dimensional-beta,https://www.kongregate.com/en,no,Play Free Online Games on Kongregate – The Ultimate Gaming Platform,2026-07-04T08:38:04Z,live_metrics_unavailable,live_metrics_failed_http_404,404,
www.kongregate.com/games/marydressupgames/elsa-facial-skin-care,Elsa Facial Skin Care,http://www.kongregate.com/games/marydressupgames/elsa-facial-skin-care,16,live_page_unavailable_text,200,https://www.kongregate.com/en,https://www.kongregate.com/games/marydressupgames/elsa-facial-skin-care,https://www.kongregate.com/en,no,Play Free Online Games on Kongregate – The Ultimate Gaming Platform,2026-07-04T08:38:05Z,live_metrics_unavailable,live_metrics_failed_http_404,404,
www.kongregate.com/games/imp2/endless-flight-2,Endless Flight 2,http://www.kongregate.com/games/imp2/endless-flight-2,16,live_page_unavailable_text,200,https://www.kongregate.com/en,https://www.kongregate.com/games/imp2/endless-flight-2,https://www.kongregate.com/en,no,Play Free Online Games on Kongregate – The Ultimate Gaming Platform,2026-07-04T08:38:01Z,live_metrics_unavailable,live_metrics_failed_http_404,404,
www.kongregate.com/games/zueirao34/figure-fighting-2-4-beta,Figure Fighting 2.4 Beta,http://www.kongregate.com/games/Zueirao34/figure-fighting-2-4-beta,16,live_page_unavailable_text,200,https://www.kongregate.com/en,https://www.kongregate.com/games/Zueirao34/figure-fighting-2-4-beta,https://www.kongregate.com/en,no,Play Free Online Games on Kongregate – The Ultimate Gaming Platform,2026-07-04T08:38:06Z,live_metrics_unavailable,live_metrics_failed_http_404,404,
www.kongregate.com/games/surre02/footballmanager-online,FootballManager Online,http://www.kongregate.com/games/surre02/footballmanager-online,16,live_page_unavailable_text,200,https://www.kongregate.com/en,https://www.kongregate.com/games/surre02/footballmanager-online,https://www.kongregate.com/en,no,Play Free Online Games on Kongregate – The Ultimate Gaming Platform,2026-07-04T08:38:07Z,live_metrics_unavailable,live_metrics_failed_http_404,404,
www.kongregate.com/games/gamesrishti/jungle-gems,Jungle Gems,http://www.kongregate.com/games/gamesrishti/jungle-gems,16,live_page_unavailable_text,200,https://www.kongregate.com/en,https://www.kongregate.com/games/gamesrishti/jungle-gems,https://www.kongregate.com/en,no,Play Free Online Games on Kongregate – The Ultimate Gaming Platform,2026-07-04T08:38:07Z,live_metrics_unavailable,live_metrics_failed_http_404,404,
www.kongregate.com/games/del7244009/kuizi-autoshkolla-testi-1,Kuizi Autoshkolla - Testi 1,http://www.kongregate.com/games/del7244009/kuizi-autoshkolla-testi-1,16,live_page_unavailable_text,200,https://www.kongregate.com/en,https://www.kongregate.com/games/del7244009/kuizi-autoshkolla-testi-1,https://www.kongregate.com/en,no,Play Free Online Games on Kongregate – The Ultimate Gaming Platform,2026-07-04T08:38:08Z,live_metrics_unavailable,live_metrics_failed_http_404,404,
www.kongregate.com/games/erendis42/maze-platformer,Maze Platformer,http://www.kongregate.com/games/Erendis42/maze-platformer,16,live_page_unavailable_text,200,https://www.kongregate.com/en,https://www.kongregate.com/games/Erendis42/maze-platformer,https://www.kongregate.com/en,no,Play Free Online Games on Kongregate – The Ultimate Gaming Platform,2026-07-04T08:38:09Z,live_metrics_unavailable,live_metrics_failed_http_404,404,
www.kongregate.com/games/killingpigs123/miner-2,Miner 2,http://www.kongregate.com/games/KillingPigs123/miner-2,16,live_page_unavailable_text,200,https://www.kongregate.com/en,https://www.kongregate.com/games/KillingPigs123/miner-2,https://www.kongregate.com/en,no,Play Free Online Games on Kongregate – The Ultimate Gaming Platform,2026-07-04T08:38:10Z,live_metrics_unavailable,live_metrics_failed_http_404,404,
www.kongregate.com/games/nickj66/outerspace-pitball-offical,OuterSpace [PitBall] Offical,http://www.kongregate.com/games/NickJ66/outerspace-pitball-offical,16,live_page_unavailable_text,200,https://www.kongregate.com/en,https://www.kongregate.com/games/NickJ66/outerspace-pitball-offical,https://www.kongregate.com/en,no,Play Free Online Games on Kongregate – The Ultimate Gaming Platform,2026-07-04T08:38:11Z,live_metrics_unavailable,live_metrics_failed_http_404,404,
www.kongregate.com/games/lemonindieg/peppa-pig-ice-cream-shop,Peppa Pig Ice Cream Shop,http://www.kongregate.com/games/lemonindieg/peppa-pig-ice-cream-shop,16,live_page_unavailable_text,200,https://www.kongregate.com/en,https://www.kongregate.com/games/lemonindieg/peppa-pig-ice-cream-shop,https://www.kongregate.com/en,no,Play Free Online Games on Kongregate – The Ultimate Gaming Platform,2026-07-04T08:38:12Z,live_metrics_unavailable,live_metrics_failed_http_404,404,
www.kongregate.com/games/mafagames/pregnant-elsa-baby-room-deco,Pregnant Elsa Baby Room Deco,http://www.kongregate.com/games/mafagames/pregnant-elsa-baby-room-deco,16,live_page_unavailable_text,200,https://www.kongregate.com/en,https://www.kongregate.com/games/mafagames/pregnant-elsa-baby-room-deco,https://www.kongregate.com/en,no,Play Free Online Games on Kongregate – The Ultimate Gaming Platform,2026-07-04T08:38:13Z,live_metrics_unavailable,live_metrics_failed_http_404,404,
www.kongregate.com/games/anqa_game/quad-maze-lite-v4-1,Quad Maze Lite V4.1,http://www.kongregate.com/games/Anqa_Game/quad-maze-lite-v4-1,16,live_page_unavailable_text,200,https://www.kongregate.com/en,https://www.kongregate.com/games/Anqa_Game/quad-maze-lite-v4-1,https://www.kongregate.com/en,no,Play Free Online Games on Kongregate – The Ultimate Gaming Platform,2026-07-04T08:38:14Z,live_metrics_unavailable,live_metrics_failed_http_404,404,
www.kongregate.com/games/mafagames/sand-worm,Sand Worm,http://www.kongregate.com/games/mafagames/sand-worm,16,live_page_unavailable_text,200,https://www.kongregate.com/en,https://www.kongregate.com/games/mafagames/sand-worm,https://www.kongregate.com/en,no,Play Free Online Games on Kongregate – The Ultimate Gaming Platform,2026-07-04T08:38:15Z,live_metrics_unavailable,live_metrics_failed_http_404,404,
www.kongregate.com/games/nicolo974jtm34/test1,Test1,http://www.kongregate.com/games/Nicolo974jtm34/test1,16,live_page_unavailable_text,200,https://www.kongregate.com/en,https://www.kongregate.com/games/Nicolo974jtm34/test1,https://www.kongregate.com/en,no,Play Free Online Games on Kongregate – The Ultimate Gaming Platform,2026-07-04T08:38:16Z,live_metrics_unavailable,live_metrics_failed_http_404,404,
www.kongregate.com/games/smatthews1999/two-man-hockey,Two Man Hockey,http://www.kongregate.com/games/smatthews1999/two-man-hockey,16,live_page_unavailable_text,200,https://www.kongregate.com/en,https://www.kongregate.com/games/smatthews1999/two-man-hockey,https://www.kongregate.com/en,no,Play Free Online Games on Kongregate – The Ultimate Gaming Platform,2026-07-04T08:38:17Z,live_metrics_unavailable,live_metrics_failed_http_404,404,
www.kongregate.com/games/games2girls/back-to-school-fashion,Back to School Fashion,http://www.kongregate.com/games/games2girls/back-to-school-fashion,17,live_page_unavailable_text,200,https://www.kongregate.com/en,https://www.kongregate.com/games/games2girls/back-to-school-fashion,https://www.kongregate.com/en,no,Play Free Online Games on Kongregate – The Ultimate Gaming Platform,2026-07-04T08:38:18Z,live_metrics_unavailable,live_metrics_failed_http_404,404,
www.kongregate.com/games/echocargames/bus-subway-runner,Bus & Subway Runner,http://www.kongregate.com/games/echocargames/bus-subway-runner,17,live_page_unavailable_text,200,https://www.kongregate.com/en,https://www.kongregate.com/games/echocargames/bus-subway-runner,https://www.kongregate.com/en,no,Play Free Online Games on Kongregate – The Ultimate Gaming Platform,2026-07-04T08:38:19Z,live_metrics_unavailable,live_metrics_failed_http_404,404,
www.kongregate.com/games/bluemammoth/dungeon-blitz,Dungeon Blitz,https://www.kongregate.com/games/BlueMammoth/dungeon-blitz,17,live_page_unavailable_text,200,https://www.kongregate.com/en,https://www.kongregate.com/games/BlueMammoth/dungeon-blitz,https://www.kongregate.com/en,no,Play Free Online Games on Kongregate – The Ultimate Gaming Platform,2026-07-04T08:38:20Z,live_metrics_unavailable,live_metrics_failed_http_404,404,
www.kongregate.com/games/mafagames/flap-cat-halloween,Flap Cat Halloween,http://www.kongregate.com/games/mafagames/flap-cat-halloween,17,live_page_unavailable_text,200,https://www.kongregate.com/en,https://www.kongregate.com/games/mafagames/flap-cat-halloween,https://www.kongregate.com/en,no,Play Free Online Games on Kongregate – The Ultimate Gaming Platform,2026-07-04T08:38:21Z,live_metrics_unavailable,live_metrics_failed_http_404,404,
www.kongregate.com/games/naoisi_swaz/hitlervsvikings,HitlerVsVikings,http://www.kongregate.com/games/Naoisi_Swaz/hitlervsvikings,17,live_page_unavailable_text,200,https://www.kongregate.com/en,https://www.kongregate.com/games/Naoisi_Swaz/hitlervsvikings,https://www.kongregate.com/en,no,Play Free Online Games on Kongregate – The Ultimate Gaming Platform,2026-07-04T08:38:22Z,live_metrics_unavailable,live_metrics_failed_http_404,404,
www.kongregate.com/games/yvolcano4/kongpanion-friend-generator,Kongpanion Friend Generator,http://www.kongregate.com/games/yvolcano4/kongpanion-friend-generator,17,live_page_unavailable_text,200,https://www.kongregate.com/en,https://www.kongregate.com/games/yvolcano4/kongpanion-friend-generator,https://www.kongregate.com/en,no,Play Free Online Games on Kongregate – The Ultimate Gaming Platform,2026-07-04T08:38:23Z,live_metrics_unavailable,live_metrics_failed_http_404,404,
www.kongregate.com/games/quickcasualgames/kosmogon,Kosmogon,http://www.kongregate.com/games/quickcasualgames/kosmogon,17,live_page_unavailable_text,200,https://www.kongregate.com/en,https://www.kongregate.com/games/quickcasualgames/kosmogon,https://www.kongregate.com/en,no,Play Free Online Games on Kongregate – The Ultimate Gaming Platform,2026-07-04T08:38:24Z,live_metrics_unavailable,live_metrics_failed_http_404,404,
www.kongregate.com/games/del7244009/kuiz-p-r-australin,Kuiz për Australinë,http://www.kongregate.com/games/del7244009/kuiz-p-r-australin,17,live_page_unavailable_text,200,https://www.kongregate.com/en,https://www.kongregate.com/games/del7244009/kuiz-p-r-australin,https://www.kongregate.com/en,no,Play Free Online Games on Kongregate – The Ultimate Gaming Platform,2026-07-04T08:38:25Z,live_metrics_unavailable,live_metrics_failed_http_404,404,
www.kongregate.com/games/lubo36/life-of-a-golf-ball,Life Of A Golf Ball,http://www.kongregate.com/games/lubo36/life-of-a-golf-ball,17,live_page_unavailable_text,200,https://www.kongregate.com/en,https://www.kongregate.com/games/lubo36/life-of-a-golf-ball,https://www.kongregate.com/en,no,Play Free Online Games on Kongregate – The Ultimate Gaming Platform,2026-07-04T08:38:26Z,live_metrics_unavailable,live_metrics_failed_http_404,404,
www.kongregate.com/games/hussnainjaved534/murder,Murder,http://www.kongregate.com/games/hussnainjaved534/murder,17,live_page_unavailable_text,200,https://www.kongregate.com/en,https://www.kongregate.com/games/hussnainjaved534/murder,https://www.kongregate.com/en,no,Play Free Online Games on Kongregate – The Ultimate Gaming Platform,2026-07-04T08:38:27Z,live_metrics_unavailable,live_metrics_failed_http_404,404,
