evidence_bucket,next_recovery_track,followup_tier,game_name,developer,game_url,canonical_game_key,best_rank,top_n_appearances,first_seen_date,last_seen_date,listing_play_count_rows,max_play_count_observed,page_gap_status,alternate_endpoint_cdx_rows,count_source_probe_status,endpoint_observations,candidates_with_cdx_rows,unresolved_failed_endpoints,recovered_count_rows,observed_categories,category_tags,platform_flags,facebook_social_candidate,classification_confidence,classification_signals,likely_added_date,likely_added_date_confidence,current_live_metric_status,latest_live_metric_attempt_date,removal_evidence_status,removal_evidence_type,observed_removed_after_date,observed_removed_by_date,removal_confidence,profile_bucket,recommended_next_action
dynamic_placeholder_endpoint_archives_no_count,"Inspect archived endpoint HTML/list payloads and broaden to category, search, and developer listings.",1,Make Me 10,LinhVo1611,http://www.kongregate.com/games/LinhVo1611/make-me-10,www.kongregate.com/games/linhvo1611/make-me-10,1,1,2017-05-16,2017-05-16,0,0,dynamic_metrics_placeholder,99,archived_endpoint_hit_no_count,30,15,0,0,,,,no,,,2017-05-16,observed_first_seen_not_launch_date,live_metrics_failed_http_404,2026-07-01,live_metrics_unavailable,http_404,2017-05-16,2026-07-01,low_game_page_not_verified,top_20_ranked_count_gaps_no_metrics,Escalate to alternate list/external sources; archived HTML defers counts to metrics.json and exact metrics endpoints have no CDX rows.
dynamic_placeholder_endpoint_archives_no_count,"Inspect archived endpoint HTML/list payloads and broaden to category, search, and developer listings.",1,Key to Success,SamuelVenable,http://www.kongregate.com/games/SamuelVenable/key-to-success,www.kongregate.com/games/samuelvenable/key-to-success,1,1,2017-05-25,2017-05-25,0,0,dynamic_metrics_placeholder,5,archived_endpoint_hit_no_count,9,5,0,0,,,,no,,,2017-05-25,observed_first_seen_not_launch_date,live_metrics_failed_http_404,2026-07-01,live_metrics_unavailable,http_404,2017-05-25,2026-07-01,low_game_page_not_verified,top_20_ranked_count_gaps_no_metrics,Escalate to alternate list/external sources; archived HTML defers counts to metrics.json and exact metrics endpoints have no CDX rows.
dynamic_placeholder_endpoint_archives_no_count,"Inspect archived endpoint HTML/list payloads and broaden to category, search, and developer listings.",1,Missiles Again,mafagames,http://www.kongregate.com/games/mafagames/missiles-again,www.kongregate.com/games/mafagames/missiles-again,1,1,2017-05-26,2017-05-26,0,0,dynamic_metrics_placeholder,786,archived_endpoint_hit_no_count,75,50,0,0,,,,no,,,2017-05-26,observed_first_seen_not_launch_date,live_metrics_failed_http_404,2026-07-01,live_metrics_unavailable,http_404,2017-05-26,2026-07-01,low_game_page_not_verified,top_20_ranked_count_gaps_no_metrics,Escalate to alternate list/external sources; archived HTML defers counts to metrics.json and exact metrics endpoints have no CDX rows.
dynamic_placeholder_endpoint_archives_no_count,"Inspect archived endpoint HTML/list payloads and broaden to category, search, and developer listings.",1,The Space Commando,Eternal_Vanguard,http://www.kongregate.com/games/Eternal_Vanguard/the-space-commando,www.kongregate.com/games/eternal_vanguard/the-space-commando,1,1,2017-08-17,2017-08-17,0,0,dynamic_metrics_placeholder,2,archived_endpoint_hit_no_count,13,2,0,0,,,,no,,,2017-08-17,observed_first_seen_not_launch_date,live_metrics_failed_http_404,2026-07-01,live_metrics_unavailable,http_404,2017-08-17,2026-07-01,low_game_page_not_verified,top_20_ranked_count_gaps_no_metrics,Escalate to alternate list/external sources; archived HTML defers counts to metrics.json and exact metrics endpoints have no CDX rows.
dynamic_placeholder_endpoint_archives_no_count,"Inspect archived endpoint HTML/list payloads and broaden to category, search, and developer listings.",1,Run Bird Run Online,mafagames,http://www.kongregate.com/games/mafagames/run-bird-run-online,www.kongregate.com/games/mafagames/run-bird-run-online,1,1,2017-08-25,2017-08-25,0,0,dynamic_metrics_placeholder,785,archived_endpoint_hit_no_count,75,49,0,0,,,,no,,,2017-08-25,observed_first_seen_not_launch_date,live_metrics_failed_http_404,2026-07-01,live_metrics_unavailable,http_404,2017-08-25,2026-07-01,low_game_page_not_verified,top_20_ranked_count_gaps_no_metrics,Escalate to alternate list/external sources; archived HTML defers counts to metrics.json and exact metrics endpoints have no CDX rows.
dynamic_placeholder_endpoint_archives_no_count,"Inspect archived endpoint HTML/list payloads and broaden to category, search, and developer listings.",1,Surrounded,JasonNumberXIII,https://www.kongregate.com/games/JasonNumberXIII/surrounded,www.kongregate.com/games/jasonnumberxiii/surrounded,1,1,2021-11-12,2021-11-12,0,0,dynamic_metrics_placeholder,796,archived_endpoint_hit_no_count,112,80,0,0,,,,no,,,2021-11-12,observed_first_seen_not_launch_date,live_metrics_failed_http_404,2026-07-01,live_metrics_unavailable,http_404,2021-11-12,2026-07-01,low_game_page_not_verified,top_20_ranked_count_gaps_no_metrics,Escalate to alternate list/external sources; archived HTML defers counts to metrics.json and exact metrics endpoints have no CDX rows.
dynamic_placeholder_endpoint_archives_no_count,"Inspect archived endpoint HTML/list payloads and broaden to category, search, and developer listings.",1,cuube,dmarcy,http://www.kongregate.com/games/dmarcy/cuube,www.kongregate.com/games/dmarcy/cuube,2,1,2014-09-26,2014-09-26,0,0,dynamic_metrics_placeholder,3,archived_endpoint_hit_no_count,36,3,0,0,,,,no,,,2014-09-26,observed_first_seen_not_launch_date,live_metrics_failed_http_404,2026-07-01,live_metrics_unavailable,http_404,2014-09-26,2026-07-01,low_game_page_not_verified,top_20_ranked_count_gaps_no_metrics,Escalate to alternate list/external sources; archived HTML defers counts to metrics.json and exact metrics endpoints have no CDX rows.
dynamic_placeholder_endpoint_archives_no_count,"Inspect archived endpoint HTML/list payloads and broaden to category, search, and developer listings.",1,Nowere Safe 3,LexZ1,http://www.kongregate.com/games/LexZ1/nowere-safe-3,www.kongregate.com/games/lexz1/nowere-safe-3,2,1,2014-10-29,2014-10-29,0,0,dynamic_metrics_placeholder,2,archived_endpoint_hit_no_count,27,2,0,0,,,,no,,,2014-10-29,observed_first_seen_not_launch_date,live_metrics_failed_http_404,2026-07-01,live_metrics_unavailable,http_404,2014-10-29,2026-07-01,low_game_page_not_verified,top_20_ranked_count_gaps_no_metrics,Escalate to alternate list/external sources; archived HTML defers counts to metrics.json and exact metrics endpoints have no CDX rows.
dynamic_placeholder_endpoint_archives_no_count,"Inspect archived endpoint HTML/list payloads and broaden to category, search, and developer listings.",1,Elsa And Anna Chinese Dress Up,game4joy,http://www.kongregate.com/games/game4joy/elsa-and-anna-chinese-dress-up,www.kongregate.com/games/game4joy/elsa-and-anna-chinese-dress-up,2,1,2015-04-01,2015-04-01,0,0,dynamic_metrics_placeholder,479,archived_endpoint_hit_no_count,81,55,0,0,,,,no,,,2015-04-01,observed_first_seen_not_launch_date,live_metrics_failed_http_404,2026-07-01,live_metrics_unavailable,http_404,2015-04-01,2026-07-01,low_game_page_not_verified,top_20_ranked_count_gaps_no_metrics,Escalate to alternate list/external sources; archived HTML defers counts to metrics.json and exact metrics endpoints have no CDX rows.
dynamic_placeholder_endpoint_archives_no_count,"Inspect archived endpoint HTML/list payloads and broaden to category, search, and developer listings.",1,changetype(),inventor_123,http://www.kongregate.com/games/inventor_123/changetype,www.kongregate.com/games/inventor_123/changetype,2,1,2015-09-30,2015-09-30,0,0,dynamic_metrics_placeholder,2,archived_endpoint_hit_no_count,40,1,0,0,,,,no,,,2015-09-30,observed_first_seen_not_launch_date,live_metrics_failed_http_404,2026-07-01,live_metrics_unavailable,http_404,2015-09-30,2026-07-01,low_game_page_not_verified,top_20_ranked_count_gaps_no_metrics,Escalate to alternate list/external sources; archived HTML defers counts to metrics.json and exact metrics endpoints have no CDX rows.
dynamic_placeholder_endpoint_archives_no_count,"Inspect archived endpoint HTML/list payloads and broaden to category, search, and developer listings.",1,Mini Jumper,mafagames,http://www.kongregate.com/games/mafagames/mini-jumper,www.kongregate.com/games/mafagames/mini-jumper,2,1,2016-03-16,2016-03-16,0,0,dynamic_metrics_placeholder,785,archived_endpoint_hit_no_count,97,49,0,0,,,,no,,,2016-03-16,observed_first_seen_not_launch_date,live_metrics_failed_http_404,2026-07-01,live_metrics_unavailable,http_404,2016-03-16,2026-07-01,low_game_page_not_verified,top_20_ranked_count_gaps_no_metrics,Escalate to alternate list/external sources; archived HTML defers counts to metrics.json and exact metrics endpoints have no CDX rows.
dynamic_placeholder_endpoint_archives_no_count,"Inspect archived endpoint HTML/list payloads and broaden to category, search, and developer listings.",1,Aston Martin Hidden Wheels,natalibt,http://www.kongregate.com/games/natalibt/aston-martin-hidden-wheels,www.kongregate.com/games/natalibt/aston-martin-hidden-wheels,2,1,2016-05-24,2016-05-24,0,0,dynamic_metrics_placeholder,534,archived_endpoint_hit_no_count,67,55,0,0,,escape_room,,no,low,name_or_category:escape_room,2016-05-24,observed_first_seen_not_launch_date,live_metrics_failed_http_404,2026-07-01,live_metrics_unavailable,http_404,2016-05-24,2026-07-01,low_game_page_not_verified,top_20_ranked_count_gaps_no_metrics,Escalate to alternate list/external sources; archived HTML defers counts to metrics.json and exact metrics endpoints have no CDX rows.
dynamic_placeholder_endpoint_archives_no_count,"Inspect archived endpoint HTML/list payloads and broaden to category, search, and developer listings.",1,Chevrolet Cruze Puzzle,natalibt,http://www.kongregate.com/games/natalibt/chevrolet-cruze-puzzle,www.kongregate.com/games/natalibt/chevrolet-cruze-puzzle,2,1,2016-10-10,2016-10-10,0,0,dynamic_metrics_placeholder,550,archived_endpoint_hit_no_count,83,63,0,0,,,,no,,,2016-10-10,observed_first_seen_not_launch_date,live_metrics_failed_http_404,2026-07-01,live_metrics_unavailable,http_404,2016-10-10,2026-07-01,low_game_page_not_verified,top_20_ranked_count_gaps_no_metrics,Escalate to alternate list/external sources; archived HTML defers counts to metrics.json and exact metrics endpoints have no CDX rows.
dynamic_placeholder_endpoint_archives_no_count,"Inspect archived endpoint HTML/list payloads and broaden to category, search, and developer listings.",1,Sky Knight,mafagames,http://www.kongregate.com/games/mafagames/sky-knight,www.kongregate.com/games/mafagames/sky-knight,2,1,2017-05-16,2017-05-16,0,0,dynamic_metrics_placeholder,782,archived_endpoint_hit_no_count,86,46,0,0,,,,no,,,2017-05-16,observed_first_seen_not_launch_date,live_metrics_failed_http_404,2026-07-01,live_metrics_unavailable,http_404,2017-05-16,2026-07-01,low_game_page_not_verified,top_20_ranked_count_gaps_no_metrics,Escalate to alternate list/external sources; archived HTML defers counts to metrics.json and exact metrics endpoints have no CDX rows.
dynamic_placeholder_endpoint_archives_no_count,"Inspect archived endpoint HTML/list payloads and broaden to category, search, and developer listings.",1,Horse Racing,mafagames,http://www.kongregate.com/games/mafagames/horse-racing,www.kongregate.com/games/mafagames/horse-racing,2,1,2017-05-26,2017-05-26,0,0,dynamic_metrics_placeholder,680,archived_endpoint_hit_no_count,70,40,0,0,,racing_sports,,no,low,name_or_category:racing_sports,2017-05-26,observed_first_seen_not_launch_date,live_metrics_failed_http_404,2026-07-01,live_metrics_unavailable,http_404,2017-05-26,2026-07-01,low_game_page_not_verified,top_20_ranked_count_gaps_no_metrics,Escalate to alternate list/external sources; archived HTML defers counts to metrics.json and exact metrics endpoints have no CDX rows.
dynamic_placeholder_endpoint_archives_no_count,"Inspect archived endpoint HTML/list payloads and broaden to category, search, and developer listings.",1,Britney Spears vs Child Servisous,thunderstorm38,http://www.kongregate.com/games/thunderstorm38/britney-spears-vs-child-servisous,www.kongregate.com/games/thunderstorm38/britney-spears-vs-child-servisous,2,1,2017-07-20,2017-07-20,0,0,dynamic_metrics_placeholder,3,archived_endpoint_hit_no_count,46,3,0,0,,,,no,,,2017-07-20,observed_first_seen_not_launch_date,live_metrics_failed_http_404,2026-07-01,live_metrics_unavailable,http_404,2017-07-20,2026-07-01,low_game_page_not_verified,top_20_ranked_count_gaps_no_metrics,Escalate to alternate list/external sources; archived HTML defers counts to metrics.json and exact metrics endpoints have no CDX rows.
dynamic_placeholder_endpoint_archives_no_count,"Inspect archived endpoint HTML/list payloads and broaden to category, search, and developer listings.",1,Cherrie New Spring Trends,mafagames,http://www.kongregate.com/games/mafagames/cherrie-new-spring-trends,www.kongregate.com/games/mafagames/cherrie-new-spring-trends,2,1,2017-08-25,2017-08-25,0,0,dynamic_metrics_placeholder,680,archived_endpoint_hit_no_count,70,40,0,0,,,,no,,,2017-08-25,observed_first_seen_not_launch_date,live_metrics_failed_http_404,2026-07-01,live_metrics_unavailable,http_404,2017-08-25,2026-07-01,low_game_page_not_verified,top_20_ranked_count_gaps_no_metrics,Escalate to alternate list/external sources; archived HTML defers counts to metrics.json and exact metrics endpoints have no CDX rows.
dynamic_placeholder_endpoint_archives_no_count,"Inspect archived endpoint HTML/list payloads and broaden to category, search, and developer listings.",1,Register Simulator,cheffplayer2,http://www.kongregate.com/games/cheffplayer2/register-simulator,www.kongregate.com/games/cheffplayer2/register-simulator,3,1,2014-09-20,2014-09-20,0,0,dynamic_metrics_placeholder,8,archived_endpoint_hit_no_count,38,4,0,0,,,,no,,,2014-09-20,observed_first_seen_not_launch_date,live_metrics_failed_http_404,2026-07-01,live_metrics_unavailable,http_404,2014-09-20,2026-07-01,low_game_page_not_verified,top_20_ranked_count_gaps_no_metrics,Escalate to alternate list/external sources; archived HTML defers counts to metrics.json and exact metrics endpoints have no CDX rows.
dynamic_placeholder_endpoint_archives_no_count,"Inspect archived endpoint HTML/list payloads and broaden to category, search, and developer listings.",1,ATV Ride 2016,rheyank,http://www.kongregate.com/games/rheyank/atv-ride-2016,www.kongregate.com/games/rheyank/atv-ride-2016,3,1,2016-08-20,2016-08-20,0,0,dynamic_metrics_placeholder,6,archived_endpoint_hit_no_count,42,6,0,0,,,,no,,,2016-08-20,observed_first_seen_not_launch_date,live_metrics_failed_http_404,2026-07-01,live_metrics_unavailable,http_404,2016-08-20,2026-07-01,low_game_page_not_verified,top_20_ranked_count_gaps_no_metrics,Escalate to alternate list/external sources; archived HTML defers counts to metrics.json and exact metrics endpoints have no CDX rows.
dynamic_placeholder_endpoint_archives_no_count,"Inspect archived endpoint HTML/list payloads and broaden to category, search, and developer listings.",1,SUV Car Cartoon Puzzle,natalibt,http://www.kongregate.com/games/natalibt/suv-car-cartoon-puzzle,www.kongregate.com/games/natalibt/suv-car-cartoon-puzzle,3,1,2016-10-10,2016-10-10,0,0,dynamic_metrics_placeholder,550,archived_endpoint_hit_no_count,94,63,0,0,,,,no,,,2016-10-10,observed_first_seen_not_launch_date,live_metrics_failed_http_404,2026-07-01,live_metrics_unavailable,http_404,2016-10-10,2026-07-01,low_game_page_not_verified,top_20_ranked_count_gaps_no_metrics,Escalate to alternate list/external sources; archived HTML defers counts to metrics.json and exact metrics endpoints have no CDX rows.
dynamic_placeholder_endpoint_archives_no_count,"Inspect archived endpoint HTML/list payloads and broaden to category, search, and developer listings.",1,Boat Rush,mafagames,http://www.kongregate.com/games/mafagames/boat-rush,www.kongregate.com/games/mafagames/boat-rush,3,1,2017-05-16,2017-05-16,0,0,dynamic_metrics_placeholder,680,archived_endpoint_hit_no_count,70,40,0,0,,,,no,,,2017-05-16,observed_first_seen_not_launch_date,live_metrics_failed_http_404,2026-07-01,live_metrics_unavailable,http_404,2017-05-16,2026-07-01,low_game_page_not_verified,top_20_ranked_count_gaps_no_metrics,Escalate to alternate list/external sources; archived HTML defers counts to metrics.json and exact metrics endpoints have no CDX rows.
dynamic_placeholder_endpoint_archives_no_count,"Inspect archived endpoint HTML/list payloads and broaden to category, search, and developer listings.",1,Defense Math,mafagames,http://www.kongregate.com/games/mafagames/defense-math,www.kongregate.com/games/mafagames/defense-math,3,1,2017-06-16,2017-06-16,0,0,dynamic_metrics_placeholder,684,archived_endpoint_hit_no_count,81,44,0,0,,,,no,,,2017-06-16,observed_first_seen_not_launch_date,live_metrics_failed_http_404,2026-07-01,live_metrics_unavailable,http_404,2017-06-16,2026-07-01,low_game_page_not_verified,top_20_ranked_count_gaps_no_metrics,Escalate to alternate list/external sources; archived HTML defers counts to metrics.json and exact metrics endpoints have no CDX rows.
dynamic_placeholder_endpoint_archives_no_count,"Inspect archived endpoint HTML/list payloads and broaden to category, search, and developer listings.",1,CBS:Escape from the Mall,cFreak19,http://www.kongregate.com/games/cFreak19/cbs-escape-from-the-mall,www.kongregate.com/games/cfreak19/cbs-escape-from-the-mall,3,1,2021-11-12,2021-11-12,0,0,dynamic_metrics_placeholder,2,archived_endpoint_hit_no_count,40,2,0,0,,escape_room,,no,low,name_or_category:escape_room,2021-11-12,observed_first_seen_not_launch_date,live_metrics_failed_http_404,2026-07-01,live_metrics_unavailable,http_404,2021-11-12,2026-07-01,low_game_page_not_verified,top_20_ranked_count_gaps_no_metrics,Escalate to alternate list/external sources; archived HTML defers counts to metrics.json and exact metrics endpoints have no CDX rows.
dynamic_placeholder_endpoint_archives_no_count,"Inspect archived endpoint HTML/list payloads and broaden to category, search, and developer listings.",1,Simple Platformer,C00MZY,http://www.kongregate.com/games/C00MZY/simple-platformer,www.kongregate.com/games/c00mzy/simple-platformer,4,1,2014-11-11,2014-11-11,0,0,dynamic_metrics_placeholder,3,archived_endpoint_hit_no_count,53,3,0,0,,,,no,,,2014-11-11,observed_first_seen_not_launch_date,live_metrics_failed_http_404,2026-07-01,live_metrics_unavailable,http_404,2014-11-11,2026-07-01,low_game_page_not_verified,top_20_ranked_count_gaps_no_metrics,Escalate to alternate list/external sources; archived HTML defers counts to metrics.json and exact metrics endpoints have no CDX rows.
dynamic_placeholder_endpoint_archives_no_count,"Inspect archived endpoint HTML/list payloads and broaden to category, search, and developer listings.",1,DoodiaMan Find Wife,feicaigames,http://www.kongregate.com/games/feicaigames/doodiaman-find-wife,www.kongregate.com/games/feicaigames/doodiaman-find-wife,4,1,2016-01-02,2016-01-02,0,0,dynamic_metrics_placeholder,62,archived_endpoint_hit_no_count,40,10,0,0,,,,no,,,2016-01-02,observed_first_seen_not_launch_date,live_metrics_failed_http_404,2026-07-01,live_metrics_unavailable,http_404,2016-01-02,2026-07-01,low_game_page_not_verified,top_20_ranked_count_gaps_no_metrics,Escalate to alternate list/external sources; archived HTML defers counts to metrics.json and exact metrics endpoints have no CDX rows.
dynamic_placeholder_endpoint_archives_no_count,"Inspect archived endpoint HTML/list payloads and broaden to category, search, and developer listings.",1,BMW M5 E34,natalibt,http://www.kongregate.com/games/natalibt/bmw-m5-e34,www.kongregate.com/games/natalibt/bmw-m5-e34,4,1,2016-05-06,2016-05-06,0,0,dynamic_metrics_placeholder,534,archived_endpoint_hit_no_count,79,55,0,0,,,,no,,,2016-05-06,observed_first_seen_not_launch_date,live_metrics_failed_http_404,2026-07-01,live_metrics_unavailable,http_404,2016-05-06,2026-07-01,low_game_page_not_verified,top_20_ranked_count_gaps_no_metrics,Escalate to alternate list/external sources; archived HTML defers counts to metrics.json and exact metrics endpoints have no CDX rows.
dynamic_placeholder_endpoint_archives_no_count,"Inspect archived endpoint HTML/list payloads and broaden to category, search, and developer listings.",1,Mr.Miner,LinhVo1611,http://www.kongregate.com/games/LinhVo1611/mr-miner,www.kongregate.com/games/linhvo1611/mr-miner,4,1,2017-05-16,2017-05-16,0,0,dynamic_metrics_placeholder,3,archived_endpoint_hit_no_count,44,3,0,0,,,,no,,,2017-05-16,observed_first_seen_not_launch_date,live_metrics_failed_http_404,2026-07-01,live_metrics_unavailable,http_404,2017-05-16,2026-07-01,low_game_page_not_verified,top_20_ranked_count_gaps_no_metrics,Escalate to alternate list/external sources; archived HTML defers counts to metrics.json and exact metrics endpoints have no CDX rows.
dynamic_placeholder_endpoint_archives_no_count,"Inspect archived endpoint HTML/list payloads and broaden to category, search, and developer listings.",1,Kung Fu Adventure,thunderstorm38,http://www.kongregate.com/games/thunderstorm38/kung-fu-adventure,www.kongregate.com/games/thunderstorm38/kung-fu-adventure,4,1,2017-07-28,2017-07-28,0,0,dynamic_metrics_placeholder,3,archived_endpoint_hit_no_count,46,3,0,0,,,,no,,,2017-07-28,observed_first_seen_not_launch_date,live_metrics_failed_http_404,2026-07-01,live_metrics_unavailable,http_404,2017-07-28,2026-07-01,low_game_page_not_verified,top_20_ranked_count_gaps_no_metrics,Escalate to alternate list/external sources; archived HTML defers counts to metrics.json and exact metrics endpoints have no CDX rows.
dynamic_placeholder_endpoint_archives_no_count,"Inspect archived endpoint HTML/list payloads and broaden to category, search, and developer listings.",1,Burnt Plate,Courador,http://www.kongregate.com/games/Courador/burnt-plate,www.kongregate.com/games/courador/burnt-plate,5,1,2014-10-04,2014-10-04,0,0,dynamic_metrics_placeholder,12,archived_endpoint_hit_no_count,46,1,0,0,,,,no,,,2014-10-04,observed_first_seen_not_launch_date,live_metrics_failed_http_404,2026-07-01,live_metrics_unavailable,http_404,2014-10-04,2026-07-01,low_game_page_not_verified,top_20_ranked_count_gaps_no_metrics,Escalate to alternate list/external sources; archived HTML defers counts to metrics.json and exact metrics endpoints have no CDX rows.
dynamic_placeholder_endpoint_archives_no_count,"Inspect archived endpoint HTML/list payloads and broaden to category, search, and developer listings.",1,Whitewash,GraveDangerGames,http://www.kongregate.com/games/GraveDangerGames/whitewash,www.kongregate.com/games/gravedangergames/whitewash,5,1,2016-02-02,2016-02-02,0,0,dynamic_metrics_placeholder,3,archived_endpoint_hit_no_count,45,1,0,0,,,,no,,,2016-02-02,observed_first_seen_not_launch_date,live_metrics_failed_http_404,2026-07-01,live_metrics_unavailable,http_404,2016-02-02,2026-07-01,low_game_page_not_verified,top_20_ranked_count_gaps_no_metrics,Escalate to alternate list/external sources; archived HTML defers counts to metrics.json and exact metrics endpoints have no CDX rows.
dynamic_placeholder_endpoint_archives_no_count,"Inspect archived endpoint HTML/list payloads and broaden to category, search, and developer listings.",1,Create your face with this stupid game,danwon67,http://www.kongregate.com/games/danwon67/create-your-face-with-this-stupid-game,www.kongregate.com/games/danwon67/create-your-face-with-this-stupid-game,5,1,2016-07-27,2016-07-27,0,0,dynamic_metrics_placeholder,9,archived_endpoint_hit_no_count,49,3,0,0,,,,no,,,2016-07-27,observed_first_seen_not_launch_date,live_metrics_failed_http_404,2026-07-01,live_metrics_unavailable,http_404,2016-07-27,2026-07-01,low_game_page_not_verified,top_20_ranked_count_gaps_no_metrics,Escalate to alternate list/external sources; archived HTML defers counts to metrics.json and exact metrics endpoints have no CDX rows.
dynamic_placeholder_endpoint_archives_no_count,"Inspect archived endpoint HTML/list payloads and broaden to category, search, and developer listings.",1,Viking Workout,mobilTR,http://www.kongregate.com/games/mobilTR/viking-workout,www.kongregate.com/games/mobiltr/viking-workout,5,1,2017-11-06,2017-11-06,0,0,dynamic_metrics_placeholder,6,archived_endpoint_hit_no_count,43,6,0,0,,,,no,,,2017-11-06,observed_first_seen_not_launch_date,live_metrics_failed_http_404,2026-07-01,live_metrics_unavailable,http_404,2017-11-06,2026-07-01,low_game_page_not_verified,top_20_ranked_count_gaps_no_metrics,Escalate to alternate list/external sources; archived HTML defers counts to metrics.json and exact metrics endpoints have no CDX rows.
dynamic_placeholder_endpoint_archives_no_count,"Inspect archived endpoint HTML/list payloads and broaden to category, search, and developer listings.",1,Mining Truck,xiatiandaole,http://www.kongregate.com/games/xiatiandaole/mining-truck,www.kongregate.com/games/xiatiandaole/mining-truck,6,2,2014-10-17,2014-10-18,0,0,dynamic_metrics_placeholder,54,archived_endpoint_hit_no_count,30,18,0,0,,,,no,,,2014-10-17,observed_first_seen_not_launch_date,live_metrics_failed_http_404,2026-07-01,live_metrics_unavailable,http_404,2014-10-18,2026-07-01,low_game_page_not_verified,top_20_ranked_count_gaps_no_metrics,Escalate to alternate list/external sources; archived HTML defers counts to metrics.json and exact metrics endpoints have no CDX rows.
dynamic_placeholder_endpoint_archives_no_count,"Inspect archived endpoint HTML/list payloads and broaden to category, search, and developer listings.",1,Peppa Zoo Decor,lemonindieg,http://www.kongregate.com/games/lemonindieg/peppa-zoo-decor,www.kongregate.com/games/lemonindieg/peppa-zoo-decor,6,1,2014-10-13,2014-10-13,0,0,dynamic_metrics_placeholder,18,archived_endpoint_hit_no_count,49,3,0,0,,,,no,,,2014-10-13,observed_first_seen_not_launch_date,live_metrics_failed_http_404,2026-06-30,live_metrics_unavailable,http_404,2014-10-13,2026-06-30,low_game_page_not_verified,top_20_ranked_count_gaps_no_metrics,Escalate to alternate list/external sources; archived HTML defers counts to metrics.json and exact metrics endpoints have no CDX rows.
dynamic_placeholder_endpoint_archives_no_count,"Inspect archived endpoint HTML/list payloads and broaden to category, search, and developer listings.",1,Bubble Shooter Rotation Xmas,omkara,http://www.kongregate.com/games/omkara/bubble-shooter-rotation-xmas,www.kongregate.com/games/omkara/bubble-shooter-rotation-xmas,6,1,2015-12-18,2015-12-18,0,0,dynamic_metrics_placeholder,3,archived_endpoint_hit_no_count,32,3,0,0,,,,no,,,2015-12-18,observed_first_seen_not_launch_date,live_metrics_failed_http_404,2026-07-01,live_metrics_unavailable,http_404,2015-12-18,2026-07-01,low_game_page_not_verified,top_20_ranked_count_gaps_no_metrics,Escalate to alternate list/external sources; archived HTML defers counts to metrics.json and exact metrics endpoints have no CDX rows.
dynamic_placeholder_endpoint_archives_no_count,"Inspect archived endpoint HTML/list payloads and broaden to category, search, and developer listings.",1,American Cars Memory,natalibt,http://www.kongregate.com/games/natalibt/american-cars-memory,www.kongregate.com/games/natalibt/american-cars-memory,6,1,2017-05-25,2017-05-25,0,0,dynamic_metrics_placeholder,534,archived_endpoint_hit_no_count,87,55,0,0,,,,no,,,2017-05-25,observed_first_seen_not_launch_date,live_metrics_failed_http_404,2026-07-01,live_metrics_unavailable,http_404,2017-05-25,2026-07-01,low_game_page_not_verified,top_20_ranked_count_gaps_no_metrics,Escalate to alternate list/external sources; archived HTML defers counts to metrics.json and exact metrics endpoints have no CDX rows.
dynamic_placeholder_endpoint_archives_no_count,"Inspect archived endpoint HTML/list payloads and broaden to category, search, and developer listings.",1,Naruto Suspend,thunderstorm38,http://www.kongregate.com/games/thunderstorm38/naruto-suspend,www.kongregate.com/games/thunderstorm38/naruto-suspend,6,1,2017-07-28,2017-07-28,0,0,dynamic_metrics_placeholder,3,archived_endpoint_hit_no_count,39,3,0,0,,,,no,,,2017-07-28,observed_first_seen_not_launch_date,live_metrics_failed_http_404,2026-07-01,live_metrics_unavailable,http_404,2017-07-28,2026-07-01,low_game_page_not_verified,top_20_ranked_count_gaps_no_metrics,Escalate to alternate list/external sources; archived HTML defers counts to metrics.json and exact metrics endpoints have no CDX rows.
dynamic_placeholder_endpoint_archives_no_count,"Inspect archived endpoint HTML/list payloads and broaden to category, search, and developer listings.",1,Blocky Warrior,mobilTR,http://www.kongregate.com/games/mobilTR/blocky-warrior,www.kongregate.com/games/mobiltr/blocky-warrior,6,1,2017-11-06,2017-11-06,0,0,dynamic_metrics_placeholder,6,archived_endpoint_hit_no_count,33,6,0,0,,,,no,,,2017-11-06,observed_first_seen_not_launch_date,live_metrics_failed_http_404,2026-07-01,live_metrics_unavailable,http_404,2017-11-06,2026-07-01,low_game_page_not_verified,top_20_ranked_count_gaps_no_metrics,Escalate to alternate list/external sources; archived HTML defers counts to metrics.json and exact metrics endpoints have no CDX rows.
dynamic_placeholder_endpoint_archives_no_count,"Inspect archived endpoint HTML/list payloads and broaden to category, search, and developer listings.",1,Right Box,mafagames,http://www.kongregate.com/games/mafagames/right-box,www.kongregate.com/games/mafagames/right-box,7,1,2017-06-16,2017-06-16,0,0,dynamic_metrics_placeholder,680,archived_endpoint_hit_no_count,70,40,0,0,,,,no,,,2017-06-16,observed_first_seen_not_launch_date,live_metrics_failed_http_404,2026-06-30,live_metrics_unavailable,http_404,2017-06-16,2026-06-30,low_game_page_not_verified,top_20_ranked_count_gaps_no_metrics,Escalate to alternate list/external sources; archived HTML defers counts to metrics.json and exact metrics endpoints have no CDX rows.
dynamic_placeholder_endpoint_archives_no_count,"Inspect archived endpoint HTML/list payloads and broaden to category, search, and developer listings.",1,Ball In The Cup,mafagames,http://www.kongregate.com/games/mafagames/ball-in-the-cup,www.kongregate.com/games/mafagames/ball-in-the-cup,7,1,2017-07-12,2017-07-12,0,0,dynamic_metrics_placeholder,680,archived_endpoint_hit_no_count,78,40,0,0,,,,no,,,2017-07-12,observed_first_seen_not_launch_date,live_metrics_failed_http_404,2026-06-30,live_metrics_unavailable,http_404,2017-07-12,2026-06-30,low_game_page_not_verified,top_20_ranked_count_gaps_no_metrics,Escalate to alternate list/external sources; archived HTML defers counts to metrics.json and exact metrics endpoints have no CDX rows.
dynamic_placeholder_endpoint_archives_no_count,"Inspect archived endpoint HTML/list payloads and broaden to category, search, and developer listings.",1,Litter Monkey,thunderstorm38,http://www.kongregate.com/games/thunderstorm38/litter-monkey,www.kongregate.com/games/thunderstorm38/litter-monkey,7,1,2017-07-28,2017-07-28,0,0,dynamic_metrics_placeholder,3,archived_endpoint_hit_no_count,33,3,0,0,,,,no,,,2017-07-28,observed_first_seen_not_launch_date,live_metrics_failed_http_404,2026-06-30,live_metrics_unavailable,http_404,2017-07-28,2026-06-30,low_game_page_not_verified,top_20_ranked_count_gaps_no_metrics,Escalate to alternate list/external sources; archived HTML defers counts to metrics.json and exact metrics endpoints have no CDX rows.
dynamic_placeholder_endpoint_archives_no_count,"Inspect archived endpoint HTML/list payloads and broaden to category, search, and developer listings.",1,Dragon Dash,mobilTR,http://www.kongregate.com/games/mobilTR/dragon-dash,www.kongregate.com/games/mobiltr/dragon-dash,7,1,2017-11-06,2017-11-06,0,0,dynamic_metrics_placeholder,6,archived_endpoint_hit_no_count,41,6,0,0,,,,no,low,title_or_slug_social_strategy_terms,2017-11-06,observed_first_seen_not_launch_date,live_metrics_failed_http_404,2026-06-30,live_metrics_unavailable,http_404,2017-11-06,2026-06-30,low_game_page_not_verified,top_20_ranked_count_gaps_no_metrics,Escalate to alternate list/external sources; archived HTML defers counts to metrics.json and exact metrics endpoints have no CDX rows.
dynamic_placeholder_endpoint_archives_no_count,"Inspect archived endpoint HTML/list payloads and broaden to category, search, and developer listings.",1,Baby Talking Tom Great Makeover,wowsomegames,http://www.kongregate.com/games/wowsomegames/baby-talking-tom-great-makeover,www.kongregate.com/games/wowsomegames/baby-talking-tom-great-makeover,8,1,2014-10-10,2014-10-10,0,0,dynamic_metrics_placeholder,162,archived_endpoint_hit_no_count,53,18,0,0,,,,no,,,2014-10-10,observed_first_seen_not_launch_date,live_metrics_failed_http_404,2026-06-30,live_metrics_unavailable,http_404,2014-10-10,2026-06-30,low_game_page_not_verified,top_20_ranked_count_gaps_no_metrics,Escalate to alternate list/external sources; archived HTML defers counts to metrics.json and exact metrics endpoints have no CDX rows.
dynamic_placeholder_endpoint_archives_no_count,"Inspect archived endpoint HTML/list payloads and broaden to category, search, and developer listings.",1,Super Mario Puzzle,natalibt,http://www.kongregate.com/games/natalibt/super-mario-puzzle,www.kongregate.com/games/natalibt/super-mario-puzzle,8,1,2014-10-13,2014-10-13,0,0,dynamic_metrics_placeholder,534,archived_endpoint_hit_no_count,86,55,0,0,,,,no,,,2014-10-13,observed_first_seen_not_launch_date,live_metrics_failed_http_404,2026-06-30,live_metrics_unavailable,http_404,2014-10-13,2026-06-30,low_game_page_not_verified,top_20_ranked_count_gaps_no_metrics,Escalate to alternate list/external sources; archived HTML defers counts to metrics.json and exact metrics endpoints have no CDX rows.
dynamic_placeholder_endpoint_archives_no_count,"Inspect archived endpoint HTML/list payloads and broaden to category, search, and developer listings.",1,Wolfenstein 3D,PaulHTML5,http://www.kongregate.com/games/PaulHTML5/wolfenstein-3d,www.kongregate.com/games/paulhtml5/wolfenstein-3d,8,1,2015-09-03,2015-09-03,0,0,dynamic_metrics_placeholder,60,archived_endpoint_hit_no_count,34,6,0,0,,,,no,,,2015-09-03,observed_first_seen_not_launch_date,live_metrics_failed_http_404,2026-06-30,live_metrics_unavailable,http_404,2015-09-03,2026-06-30,low_game_page_not_verified,top_20_ranked_count_gaps_no_metrics,Escalate to alternate list/external sources; archived HTML defers counts to metrics.json and exact metrics endpoints have no CDX rows.
dynamic_placeholder_endpoint_archives_no_count,"Inspect archived endpoint HTML/list payloads and broaden to category, search, and developer listings.",1,Love Story,gamesrishti,http://www.kongregate.com/games/gamesrishti/love-story,www.kongregate.com/games/gamesrishti/love-story,8,1,2015-09-09,2015-09-09,0,0,dynamic_metrics_placeholder,1620,archived_endpoint_hit_no_count,84,60,0,0,,,,no,,,2015-09-09,observed_first_seen_not_launch_date,live_metrics_failed_http_404,2026-06-30,live_metrics_unavailable,http_404,2015-09-09,2026-06-30,low_game_page_not_verified,top_20_ranked_count_gaps_no_metrics,Escalate to alternate list/external sources; archived HTML defers counts to metrics.json and exact metrics endpoints have no CDX rows.
dynamic_placeholder_endpoint_archives_no_count,"Inspect archived endpoint HTML/list payloads and broaden to category, search, and developer listings.",1,Minifield,JasonNumberXIII,http://www.kongregate.com/games/JasonNumberXIII/minifield,www.kongregate.com/games/jasonnumberxiii/minifield,8,1,2017-06-25,2017-06-25,0,0,dynamic_metrics_placeholder,612,archived_endpoint_hit_no_count,90,60,0,0,,,,no,,,2017-06-25,observed_first_seen_not_launch_date,live_metrics_failed_http_404,2026-06-29,live_metrics_unavailable,http_404,2017-06-25,2026-06-29,low_game_page_not_verified,top_20_ranked_count_gaps_no_metrics,Escalate to alternate list/external sources; archived HTML defers counts to metrics.json and exact metrics endpoints have no CDX rows.
dynamic_placeholder_endpoint_archives_no_count,"Inspect archived endpoint HTML/list payloads and broaden to category, search, and developer listings.",1,Mighty Motors - Drag Racing,mobilTR,http://www.kongregate.com/games/mobilTR/mighty-motors-drag-racing,www.kongregate.com/games/mobiltr/mighty-motors-drag-racing,8,1,2017-11-06,2017-11-06,0,0,dynamic_metrics_placeholder,6,archived_endpoint_hit_no_count,33,6,0,0,,racing_sports,,no,low,name_or_category:racing_sports,2017-11-06,observed_first_seen_not_launch_date,live_metrics_failed_http_404,2026-06-30,live_metrics_unavailable,http_404,2017-11-06,2026-06-30,low_game_page_not_verified,top_20_ranked_count_gaps_no_metrics,Escalate to alternate list/external sources; archived HTML defers counts to metrics.json and exact metrics endpoints have no CDX rows.
dynamic_placeholder_endpoint_archives_no_count,"Inspect archived endpoint HTML/list payloads and broaden to category, search, and developer listings.",1,Costanza Cube 2,dmarcy,http://www.kongregate.com/games/dmarcy/costanza-cube-2,www.kongregate.com/games/dmarcy/costanza-cube-2,9,1,2014-09-26,2014-09-26,0,0,dynamic_metrics_placeholder,3,archived_endpoint_hit_no_count,35,3,0,0,,,,no,,,2014-09-26,observed_first_seen_not_launch_date,live_metrics_failed_http_404,2026-06-30,live_metrics_unavailable,http_404,2014-09-26,2026-06-30,low_game_page_not_verified,top_20_ranked_count_gaps_no_metrics,Escalate to alternate list/external sources; archived HTML defers counts to metrics.json and exact metrics endpoints have no CDX rows.
dynamic_placeholder_endpoint_archives_no_count,"Inspect archived endpoint HTML/list payloads and broaden to category, search, and developer listings.",1,Plutonium quest,arielroler,http://www.kongregate.com/games/arielroler/plutonium-quest,www.kongregate.com/games/arielroler/plutonium-quest,9,1,2016-10-30,2016-10-30,0,0,dynamic_metrics_placeholder,18,archived_endpoint_hit_no_count,49,6,0,0,,,,no,,,2016-10-30,observed_first_seen_not_launch_date,live_metrics_failed_http_404,2026-06-29,live_metrics_unavailable,http_404,2016-10-30,2026-06-29,low_game_page_not_verified,top_20_ranked_count_gaps_no_metrics,Escalate to alternate list/external sources; archived HTML defers counts to metrics.json and exact metrics endpoints have no CDX rows.
dynamic_placeholder_endpoint_archives_no_count,"Inspect archived endpoint HTML/list payloads and broaden to category, search, and developer listings.",1,Plumber,mafagames,http://www.kongregate.com/games/mafagames/plumber,www.kongregate.com/games/mafagames/plumber,9,1,2017-07-12,2017-07-12,0,0,dynamic_metrics_placeholder,663,archived_endpoint_hit_no_count,77,39,0,0,,,,no,,,2017-07-12,observed_first_seen_not_launch_date,live_metrics_failed_http_404,2026-06-29,live_metrics_unavailable,http_404,2017-07-12,2026-06-29,low_game_page_not_verified,top_20_ranked_count_gaps_no_metrics,Escalate to alternate list/external sources; archived HTML defers counts to metrics.json and exact metrics endpoints have no CDX rows.
dynamic_placeholder_endpoint_archives_no_count,"Inspect archived endpoint HTML/list payloads and broaden to category, search, and developer listings.",1,Spongebob Zombies Party,feicaigames,http://www.kongregate.com/games/feicaigames/spongebob-zombies-party,www.kongregate.com/games/feicaigames/spongebob-zombies-party,9,1,2017-08-17,2017-08-17,0,0,dynamic_metrics_placeholder,62,archived_endpoint_hit_no_count,47,10,0,0,,,,no,,,2017-08-17,observed_first_seen_not_launch_date,live_metrics_failed_http_404,2026-06-29,live_metrics_unavailable,http_404,2017-08-17,2026-06-29,low_game_page_not_verified,top_20_ranked_count_gaps_no_metrics,Escalate to alternate list/external sources; archived HTML defers counts to metrics.json and exact metrics endpoints have no CDX rows.
dynamic_placeholder_endpoint_archives_no_count,"Inspect archived endpoint HTML/list payloads and broaden to category, search, and developer listings.",1,Fiat Police Puzzle,natalibt,http://www.kongregate.com/games/natalibt/fiat-police-puzzle,www.kongregate.com/games/natalibt/fiat-police-puzzle,10,1,2015-09-15,2015-09-15,0,0,dynamic_metrics_placeholder,534,archived_endpoint_hit_no_count,80,55,0,0,,,,no,,,2015-09-15,observed_first_seen_not_launch_date,live_metrics_failed_http_404,2026-06-30,live_metrics_unavailable,http_404,2015-09-15,2026-06-30,low_game_page_not_verified,top_20_ranked_count_gaps_no_metrics,Escalate to alternate list/external sources; archived HTML defers counts to metrics.json and exact metrics endpoints have no CDX rows.
dynamic_placeholder_endpoint_archives_no_count,"Inspect archived endpoint HTML/list payloads and broaden to category, search, and developer listings.",1,Cadillac Police Puzzle,natalibt,http://www.kongregate.com/games/natalibt/cadillac-police-puzzle,www.kongregate.com/games/natalibt/cadillac-police-puzzle,10,1,2015-09-23,2015-09-23,0,0,dynamic_metrics_placeholder,534,archived_endpoint_hit_no_count,82,55,0,0,,,,no,,,2015-09-23,observed_first_seen_not_launch_date,live_metrics_failed_http_404,2026-06-30,live_metrics_unavailable,http_404,2015-09-23,2026-06-30,low_game_page_not_verified,top_20_ranked_count_gaps_no_metrics,Escalate to alternate list/external sources; archived HTML defers counts to metrics.json and exact metrics endpoints have no CDX rows.
dynamic_placeholder_endpoint_archives_no_count,"Inspect archived endpoint HTML/list payloads and broaden to category, search, and developer listings.",1,AU Modern FPS,OneManArmy3D,http://www.kongregate.com/games/OneManArmy3D/au-modern-fps,www.kongregate.com/games/onemanarmy3d/au-modern-fps,10,1,2016-01-25,2016-01-25,0,0,dynamic_metrics_placeholder,4,archived_endpoint_hit_no_count,33,4,0,0,,,,no,,,2016-01-25,observed_first_seen_not_launch_date,live_metrics_failed_http_404,2026-06-29,live_metrics_unavailable,http_404,2016-01-25,2026-06-29,low_game_page_not_verified,top_20_ranked_count_gaps_no_metrics,Escalate to alternate list/external sources; archived HTML defers counts to metrics.json and exact metrics endpoints have no CDX rows.
dynamic_placeholder_endpoint_archives_no_count,"Inspect archived endpoint HTML/list payloads and broaden to category, search, and developer listings.",1,Fidget Spinner Bros,mafagames,http://www.kongregate.com/games/mafagames/fidget-spinner-bros,www.kongregate.com/games/mafagames/fidget-spinner-bros,10,1,2017-07-12,2017-07-12,0,0,dynamic_metrics_placeholder,663,archived_endpoint_hit_no_count,78,39,0,0,,,,no,,,2017-07-12,observed_first_seen_not_launch_date,live_metrics_failed_http_404,2026-06-29,live_metrics_unavailable,http_404,2017-07-12,2026-06-29,low_game_page_not_verified,top_20_ranked_count_gaps_no_metrics,Escalate to alternate list/external sources; archived HTML defers counts to metrics.json and exact metrics endpoints have no CDX rows.
dynamic_placeholder_endpoint_archives_no_count,"Inspect archived endpoint HTML/list payloads and broaden to category, search, and developer listings.",1,Volkswagen Golf 2,natalibt,http://www.kongregate.com/games/natalibt/volkswagen-golf-2,www.kongregate.com/games/natalibt/volkswagen-golf-2,10,1,2017-09-20,2017-09-20,0,0,dynamic_metrics_placeholder,538,archived_endpoint_hit_no_count,82,59,0,0,,,,no,,,2017-09-20,observed_first_seen_not_launch_date,live_metrics_failed_http_404,2026-06-30,live_metrics_unavailable,http_404,2017-09-20,2026-06-30,low_game_page_not_verified,top_20_ranked_count_gaps_no_metrics,Escalate to alternate list/external sources; archived HTML defers counts to metrics.json and exact metrics endpoints have no CDX rows.
dynamic_placeholder_endpoint_archives_no_count,"Inspect archived endpoint HTML/list payloads and broaden to category, search, and developer listings.",1,Swimwear Store,games2girls,http://www.kongregate.com/games/games2girls/swimwear-store,www.kongregate.com/games/games2girls/swimwear-store,11,2,2014-09-19,2014-09-19,0,0,dynamic_metrics_placeholder,459,archived_endpoint_hit_no_count,81,51,0,0,,,,no,,,2014-09-19,observed_first_seen_not_launch_date,live_metrics_failed_http_404,2026-06-30,live_metrics_unavailable,http_404,2014-09-19,2026-06-30,low_game_page_not_verified,top_20_ranked_count_gaps_no_metrics,Escalate to alternate list/external sources; archived HTML defers counts to metrics.json and exact metrics endpoints have no CDX rows.
dynamic_placeholder_endpoint_archives_no_count,"Inspect archived endpoint HTML/list payloads and broaden to category, search, and developer listings.",1,100 tons of Coal,Palazoles,http://www.kongregate.com/games/Palazoles/100-tons-of-coal,www.kongregate.com/games/palazoles/100-tons-of-coal,11,1,2015-09-15,2015-09-15,0,0,dynamic_metrics_placeholder,20,archived_endpoint_hit_no_count,38,2,0,0,,,,no,,,2015-09-15,observed_first_seen_not_launch_date,live_metrics_failed_http_404,2026-06-30,live_metrics_unavailable,http_404,2015-09-15,2026-06-30,low_game_page_not_verified,top_20_ranked_count_gaps_no_metrics,Escalate to alternate list/external sources; archived HTML defers counts to metrics.json and exact metrics endpoints have no CDX rows.
dynamic_placeholder_endpoint_archives_no_count,"Inspect archived endpoint HTML/list payloads and broaden to category, search, and developer listings.",1,Ford Hidden Car Tires,natalibt,http://www.kongregate.com/games/natalibt/ford-hidden-car-tires,www.kongregate.com/games/natalibt/ford-hidden-car-tires,11,1,2016-07-14,2016-07-14,0,0,dynamic_metrics_placeholder,534,archived_endpoint_hit_no_count,87,55,0,0,,escape_room,,no,low,name_or_category:escape_room,2016-07-14,observed_first_seen_not_launch_date,live_metrics_failed_http_404,2026-06-30,live_metrics_unavailable,http_404,2016-07-14,2026-06-30,low_game_page_not_verified,top_20_ranked_count_gaps_no_metrics,Escalate to alternate list/external sources; archived HTML defers counts to metrics.json and exact metrics endpoints have no CDX rows.
dynamic_placeholder_endpoint_archives_no_count,"Inspect archived endpoint HTML/list payloads and broaden to category, search, and developer listings.",1,Tap Tap Infinity,TapTapInfinity,http://www.kongregate.com/games/TapTapInfinity/tap-tap-infinity,www.kongregate.com/games/taptapinfinity/tap-tap-infinity,12,2,2015-01-03,2015-01-18,0,0,dynamic_metrics_placeholder,2,archived_endpoint_hit_no_count,19,2,0,0,,idle_clicker,most_played_ranked,no,low,name_or_category:idle_clicker,2015-01-03,observed_first_seen_not_launch_date,live_metrics_failed_http_404,2026-06-29,live_metrics_unavailable,http_404,2015-01-18,2026-06-29,low_game_page_not_verified,top_20_ranked_count_gaps_no_metrics,Escalate to alternate list/external sources; archived HTML defers counts to metrics.json and exact metrics endpoints have no CDX rows.
dynamic_placeholder_endpoint_archives_no_count,"Inspect archived endpoint HTML/list payloads and broaden to category, search, and developer listings.",1,Zinku - Kuiz nga Kimia,del7244009,http://www.kongregate.com/games/del7244009/zinku-kuiz-nga-kimia,www.kongregate.com/games/del7244009/zinku-kuiz-nga-kimia,12,1,2015-09-03,2015-09-03,0,0,dynamic_metrics_placeholder,48,archived_endpoint_hit_no_count,39,12,0,0,,,,no,,,2015-09-03,observed_first_seen_not_launch_date,live_metrics_failed_http_404,2026-06-30,live_metrics_unavailable,http_404,2015-09-03,2026-06-30,low_game_page_not_verified,top_20_ranked_count_gaps_no_metrics,Escalate to alternate list/external sources; archived HTML defers counts to metrics.json and exact metrics endpoints have no CDX rows.
dynamic_placeholder_endpoint_archives_no_count,"Inspect archived endpoint HTML/list payloads and broaden to category, search, and developer listings.",1,Alfa Romeo Brera Puzzle,natalibt,http://www.kongregate.com/games/natalibt/alfa-romeo-brera-puzzle,www.kongregate.com/games/natalibt/alfa-romeo-brera-puzzle,12,1,2015-09-23,2015-09-23,0,0,dynamic_metrics_placeholder,534,archived_endpoint_hit_no_count,89,55,0,0,,,,no,,,2015-09-23,observed_first_seen_not_launch_date,live_metrics_failed_http_404,2026-06-30,live_metrics_unavailable,http_404,2015-09-23,2026-06-30,low_game_page_not_verified,top_20_ranked_count_gaps_no_metrics,Escalate to alternate list/external sources; archived HTML defers counts to metrics.json and exact metrics endpoints have no CDX rows.
dynamic_placeholder_endpoint_archives_no_count,"Inspect archived endpoint HTML/list payloads and broaden to category, search, and developer listings.",1,Powerblocks,mafagames,http://www.kongregate.com/games/mafagames/powerblocks,www.kongregate.com/games/mafagames/powerblocks,12,1,2016-05-23,2016-05-23,0,0,dynamic_metrics_placeholder,663,archived_endpoint_hit_no_count,69,39,0,0,,,,no,,,2016-05-23,observed_first_seen_not_launch_date,live_metrics_failed_http_404,2026-06-30,live_metrics_unavailable,http_404,2016-05-23,2026-06-30,low_game_page_not_verified,top_20_ranked_count_gaps_no_metrics,Escalate to alternate list/external sources; archived HTML defers counts to metrics.json and exact metrics endpoints have no CDX rows.
dynamic_placeholder_endpoint_archives_no_count,"Inspect archived endpoint HTML/list payloads and broaden to category, search, and developer listings.",1,Agents of Mayhem: Splatter Effect,rheyank,http://www.kongregate.com/games/rheyank/agents-of-mayhem-splatter-effect,www.kongregate.com/games/rheyank/agents-of-mayhem-splatter-effect,12,1,2017-07-28,2017-07-28,0,0,dynamic_metrics_placeholder,6,archived_endpoint_hit_no_count,50,6,0,0,,,,no,,,2017-07-28,observed_first_seen_not_launch_date,live_metrics_failed_http_404,2026-06-30,live_metrics_unavailable,http_404,2017-07-28,2026-06-30,low_game_page_not_verified,top_20_ranked_count_gaps_no_metrics,Escalate to alternate list/external sources; archived HTML defers counts to metrics.json and exact metrics endpoints have no CDX rows.
dynamic_placeholder_endpoint_archives_no_count,"Inspect archived endpoint HTML/list payloads and broaden to category, search, and developer listings.",1,Freekick Training,mafagames,http://www.kongregate.com/games/mafagames/freekick-training,www.kongregate.com/games/mafagames/freekick-training,12,1,2017-09-13,2017-09-13,0,0,dynamic_metrics_placeholder,663,archived_endpoint_hit_no_count,69,39,0,0,,,,no,,,2017-09-13,observed_first_seen_not_launch_date,live_metrics_failed_http_404,2026-06-30,live_metrics_unavailable,http_404,2017-09-13,2026-06-30,low_game_page_not_verified,top_20_ranked_count_gaps_no_metrics,Escalate to alternate list/external sources; archived HTML defers counts to metrics.json and exact metrics endpoints have no CDX rows.
dynamic_placeholder_endpoint_archives_no_count,"Inspect archived endpoint HTML/list payloads and broaden to category, search, and developer listings.",1,Mike Shadow: I Paid For It! (Mochi Premiums),Allkiko1,http://www.kongregate.com/games/Allkiko1/mike-shadow-i-paid-for-it-mochi-premiums,www.kongregate.com/games/allkiko1/mike-shadow-i-paid-for-it-mochi-premiums,13,3,2017-04-01,2017-04-15,0,0,dynamic_metrics_placeholder,20,archived_endpoint_hit_no_count,22,4,0,0,action,action,,no,,,2017-04-01,observed_first_seen_not_launch_date,live_metrics_failed_http_404,2026-06-30,live_metrics_unavailable,http_404,2017-04-15,2026-06-30,low_game_page_not_verified,top_20_ranked_count_gaps_no_metrics,Escalate to alternate list/external sources; archived HTML defers counts to metrics.json and exact metrics endpoints have no CDX rows.
dynamic_placeholder_endpoint_archives_no_count,"Inspect archived endpoint HTML/list payloads and broaden to category, search, and developer listings.",1,Plants Attack,xiatiandaole,http://www.kongregate.com/games/xiatiandaole/plants-attack,www.kongregate.com/games/xiatiandaole/plants-attack,13,1,2014-10-10,2014-10-10,0,0,dynamic_metrics_placeholder,54,archived_endpoint_hit_no_count,42,18,0,0,,,,no,,,2014-10-10,observed_first_seen_not_launch_date,live_metrics_failed_http_404,2026-06-30,live_metrics_unavailable,http_404,2014-10-10,2026-06-30,low_game_page_not_verified,top_20_ranked_count_gaps_no_metrics,Escalate to alternate list/external sources; archived HTML defers counts to metrics.json and exact metrics endpoints have no CDX rows.
dynamic_placeholder_endpoint_archives_no_count,"Inspect archived endpoint HTML/list payloads and broaden to category, search, and developer listings.",1,Kuizi Biologjia - Pjesa e 3,del7244009,http://www.kongregate.com/games/del7244009/kuizi-biologjia-pjesa-e-3,www.kongregate.com/games/del7244009/kuizi-biologjia-pjesa-e-3,13,1,2015-09-03,2015-09-03,0,0,dynamic_metrics_placeholder,48,archived_endpoint_hit_no_count,46,12,0,0,,,,no,,,2015-09-03,observed_first_seen_not_launch_date,live_metrics_failed_http_404,2026-06-30,live_metrics_unavailable,http_404,2015-09-03,2026-06-30,low_game_page_not_verified,top_20_ranked_count_gaps_no_metrics,Escalate to alternate list/external sources; archived HTML defers counts to metrics.json and exact metrics endpoints have no CDX rows.
dynamic_placeholder_endpoint_archives_no_count,"Inspect archived endpoint HTML/list payloads and broaden to category, search, and developer listings.",1,Death Soul,mafagames,http://www.kongregate.com/games/mafagames/death-soul,www.kongregate.com/games/mafagames/death-soul,13,1,2016-05-06,2016-05-06,0,0,dynamic_metrics_placeholder,663,archived_endpoint_hit_no_count,69,39,0,0,,,,no,,,2016-05-06,observed_first_seen_not_launch_date,live_metrics_failed_http_404,2026-06-30,live_metrics_unavailable,http_404,2016-05-06,2026-06-30,low_game_page_not_verified,top_20_ranked_count_gaps_no_metrics,Escalate to alternate list/external sources; archived HTML defers counts to metrics.json and exact metrics endpoints have no CDX rows.
dynamic_placeholder_endpoint_archives_no_count,"Inspect archived endpoint HTML/list payloads and broaden to category, search, and developer listings.",1,Hold Position 2: Medieval,mafagames,http://www.kongregate.com/games/mafagames/hold-position-2-medieval,www.kongregate.com/games/mafagames/hold-position-2-medieval,13,1,2016-10-10,2016-10-10,0,0,dynamic_metrics_placeholder,612,archived_endpoint_hit_no_count,66,36,0,0,,,,no,,,2016-10-10,observed_first_seen_not_launch_date,live_metrics_failed_http_404,2026-06-30,live_metrics_unavailable,http_404,2016-10-10,2026-06-30,low_game_page_not_verified,top_20_ranked_count_gaps_no_metrics,Escalate to alternate list/external sources; archived HTML defers counts to metrics.json and exact metrics endpoints have no CDX rows.
dynamic_placeholder_endpoint_archives_no_count,"Inspect archived endpoint HTML/list payloads and broaden to category, search, and developer listings.",1,Snake And Blocks,mafagames,http://www.kongregate.com/games/mafagames/snake-and-blocks,www.kongregate.com/games/mafagames/snake-and-blocks,13,1,2017-07-20,2017-07-20,0,0,dynamic_metrics_placeholder,612,archived_endpoint_hit_no_count,66,36,0,0,,,,no,,,2017-07-20,observed_first_seen_not_launch_date,live_metrics_failed_http_404,2026-06-30,live_metrics_unavailable,http_404,2017-07-20,2026-06-30,low_game_page_not_verified,top_20_ranked_count_gaps_no_metrics,Escalate to alternate list/external sources; archived HTML defers counts to metrics.json and exact metrics endpoints have no CDX rows.
dynamic_placeholder_endpoint_archives_no_count,"Inspect archived endpoint HTML/list payloads and broaden to category, search, and developer listings.",1,Ninja Balance,mafagames,http://www.kongregate.com/games/mafagames/ninja-balance,www.kongregate.com/games/mafagames/ninja-balance,13,1,2017-08-23,2017-08-23,0,0,dynamic_metrics_placeholder,612,archived_endpoint_hit_no_count,66,36,0,0,,,,no,,,2017-08-23,observed_first_seen_not_launch_date,live_metrics_failed_http_404,2026-06-30,live_metrics_unavailable,http_404,2017-08-23,2026-06-30,low_game_page_not_verified,top_20_ranked_count_gaps_no_metrics,Escalate to alternate list/external sources; archived HTML defers counts to metrics.json and exact metrics endpoints have no CDX rows.
dynamic_placeholder_endpoint_archives_no_count,"Inspect archived endpoint HTML/list payloads and broaden to category, search, and developer listings.",1,Tangrid,mafagames,http://www.kongregate.com/games/mafagames/tangrid,www.kongregate.com/games/mafagames/tangrid,13,1,2017-09-13,2017-09-13,0,0,dynamic_metrics_placeholder,612,archived_endpoint_hit_no_count,66,36,0,0,,,,no,,,2017-09-13,observed_first_seen_not_launch_date,live_metrics_failed_http_404,2026-06-30,live_metrics_unavailable,http_404,2017-09-13,2026-06-30,low_game_page_not_verified,top_20_ranked_count_gaps_no_metrics,Escalate to alternate list/external sources; archived HTML defers counts to metrics.json and exact metrics endpoints have no CDX rows.
dynamic_placeholder_endpoint_archives_no_count,"Inspect archived endpoint HTML/list payloads and broaden to category, search, and developer listings.",1,Kuizi Biologjia - Pjesa e 4,del7244009,http://www.kongregate.com/games/del7244009/kuizi-biologjia-pjesa-e-4,www.kongregate.com/games/del7244009/kuizi-biologjia-pjesa-e-4,14,1,2015-09-03,2015-09-03,0,0,dynamic_metrics_placeholder,48,archived_endpoint_hit_no_count,39,12,0,0,,,,no,,,2015-09-03,observed_first_seen_not_launch_date,live_metrics_failed_http_404,2026-06-30,live_metrics_unavailable,http_404,2015-09-03,2026-06-30,low_game_page_not_verified,top_20_ranked_count_gaps_no_metrics,Escalate to alternate list/external sources; archived HTML defers counts to metrics.json and exact metrics endpoints have no CDX rows.
dynamic_placeholder_endpoint_archives_no_count,"Inspect archived endpoint HTML/list payloads and broaden to category, search, and developer listings.",1,Spike Bird,mafagames,http://www.kongregate.com/games/mafagames/spike-bird,www.kongregate.com/games/mafagames/spike-bird,14,1,2016-05-06,2016-05-06,0,0,dynamic_metrics_placeholder,612,archived_endpoint_hit_no_count,66,36,0,0,,,,no,,,2016-05-06,observed_first_seen_not_launch_date,live_metrics_failed_http_404,2026-06-30,live_metrics_unavailable,http_404,2016-05-06,2026-06-30,low_game_page_not_verified,top_20_ranked_count_gaps_no_metrics,Escalate to alternate list/external sources; archived HTML defers counts to metrics.json and exact metrics endpoints have no CDX rows.
dynamic_placeholder_endpoint_archives_no_count,"Inspect archived endpoint HTML/list payloads and broaden to category, search, and developer listings.",1,Karting Racing,mafagames,http://www.kongregate.com/games/mafagames/karting-racing,www.kongregate.com/games/mafagames/karting-racing,14,1,2016-10-10,2016-10-10,0,0,dynamic_metrics_placeholder,612,archived_endpoint_hit_no_count,66,36,0,0,,racing_sports,,no,low,name_or_category:racing_sports,2016-10-10,observed_first_seen_not_launch_date,live_metrics_failed_http_404,2026-06-30,live_metrics_unavailable,http_404,2016-10-10,2026-06-30,low_game_page_not_verified,top_20_ranked_count_gaps_no_metrics,Escalate to alternate list/external sources; archived HTML defers counts to metrics.json and exact metrics endpoints have no CDX rows.
dynamic_placeholder_endpoint_archives_no_count,"Inspect archived endpoint HTML/list payloads and broaden to category, search, and developer listings.",1,My Summer Items,natalibt,http://www.kongregate.com/games/natalibt/my-summer-items,www.kongregate.com/games/natalibt/my-summer-items,14,1,2017-06-15,2017-06-15,0,0,dynamic_metrics_placeholder,538,archived_endpoint_hit_no_count,79,59,0,0,,,,no,,,2017-06-15,observed_first_seen_not_launch_date,live_metrics_failed_http_404,2026-06-30,live_metrics_unavailable,http_404,2017-06-15,2026-06-30,low_game_page_not_verified,top_20_ranked_count_gaps_no_metrics,Escalate to alternate list/external sources; archived HTML defers counts to metrics.json and exact metrics endpoints have no CDX rows.
dynamic_placeholder_endpoint_archives_no_count,"Inspect archived endpoint HTML/list payloads and broaden to category, search, and developer listings.",1,Mad Taxi,mafagames,http://www.kongregate.com/games/mafagames/mad-taxi,www.kongregate.com/games/mafagames/mad-taxi,14,1,2017-07-20,2017-07-20,0,0,dynamic_metrics_placeholder,612,archived_endpoint_hit_no_count,76,36,0,0,,,,no,,,2017-07-20,observed_first_seen_not_launch_date,live_metrics_failed_http_404,2026-06-30,live_metrics_unavailable,http_404,2017-07-20,2026-06-30,low_game_page_not_verified,top_20_ranked_count_gaps_no_metrics,Escalate to alternate list/external sources; archived HTML defers counts to metrics.json and exact metrics endpoints have no CDX rows.
dynamic_placeholder_endpoint_archives_no_count,"Inspect archived endpoint HTML/list payloads and broaden to category, search, and developer listings.",1,Kuizi Biologjia - Pjesa e 2,del7244009,http://www.kongregate.com/games/del7244009/kuizi-biologjia-pjesa-e-2,www.kongregate.com/games/del7244009/kuizi-biologjia-pjesa-e-2,15,1,2015-09-03,2015-09-03,0,0,dynamic_metrics_placeholder,48,archived_endpoint_hit_no_count,39,12,0,0,,,,no,,,2015-09-03,observed_first_seen_not_launch_date,live_metrics_failed_http_404,2026-06-30,live_metrics_unavailable,http_404,2015-09-03,2026-06-30,low_game_page_not_verified,top_20_ranked_count_gaps_no_metrics,Escalate to alternate list/external sources; archived HTML defers counts to metrics.json and exact metrics endpoints have no CDX rows.
dynamic_placeholder_endpoint_archives_no_count,"Inspect archived endpoint HTML/list payloads and broaden to category, search, and developer listings.",1,Mater Cars Puzzle,natalibt,http://www.kongregate.com/games/natalibt/mater-cars-puzzle,www.kongregate.com/games/natalibt/mater-cars-puzzle,15,1,2015-09-09,2015-09-09,0,0,dynamic_metrics_placeholder,534,archived_endpoint_hit_no_count,79,55,0,0,,,,no,,,2015-09-09,observed_first_seen_not_launch_date,live_metrics_failed_http_404,2026-06-30,live_metrics_unavailable,http_404,2015-09-09,2026-06-30,low_game_page_not_verified,top_20_ranked_count_gaps_no_metrics,Escalate to alternate list/external sources; archived HTML defers counts to metrics.json and exact metrics endpoints have no CDX rows.
dynamic_placeholder_endpoint_archives_no_count,"Inspect archived endpoint HTML/list payloads and broaden to category, search, and developer listings.",1,Duck Shooter,mafagames,http://www.kongregate.com/games/mafagames/duck-shooter,www.kongregate.com/games/mafagames/duck-shooter,15,1,2016-05-06,2016-05-06,0,0,dynamic_metrics_placeholder,612,archived_endpoint_hit_no_count,66,36,0,0,,,,no,,,2016-05-06,observed_first_seen_not_launch_date,live_metrics_failed_http_404,2026-06-30,live_metrics_unavailable,http_404,2016-05-06,2026-06-30,low_game_page_not_verified,top_20_ranked_count_gaps_no_metrics,Escalate to alternate list/external sources; archived HTML defers counts to metrics.json and exact metrics endpoints have no CDX rows.
dynamic_placeholder_endpoint_archives_no_count,"Inspect archived endpoint HTML/list payloads and broaden to category, search, and developer listings.",1,Labyrinth,mafagames,http://www.kongregate.com/games/mafagames/labyrinth,www.kongregate.com/games/mafagames/labyrinth,15,1,2016-05-23,2016-05-23,0,0,dynamic_metrics_placeholder,612,archived_endpoint_hit_no_count,66,36,0,0,,,,no,,,2016-05-23,observed_first_seen_not_launch_date,live_metrics_failed_http_404,2026-06-30,live_metrics_unavailable,http_404,2016-05-23,2026-06-30,low_game_page_not_verified,top_20_ranked_count_gaps_no_metrics,Escalate to alternate list/external sources; archived HTML defers counts to metrics.json and exact metrics endpoints have no CDX rows.
dynamic_placeholder_endpoint_archives_no_count,"Inspect archived endpoint HTML/list payloads and broaden to category, search, and developer listings.",1,Mad Boy Adventures,mafagames,http://www.kongregate.com/games/mafagames/mad-boy-adventures,www.kongregate.com/games/mafagames/mad-boy-adventures,15,1,2016-10-10,2016-10-10,0,0,dynamic_metrics_placeholder,612,archived_endpoint_hit_no_count,75,36,0,0,,,,no,,,2016-10-10,observed_first_seen_not_launch_date,live_metrics_failed_http_404,2026-06-30,live_metrics_unavailable,http_404,2016-10-10,2026-06-30,low_game_page_not_verified,top_20_ranked_count_gaps_no_metrics,Escalate to alternate list/external sources; archived HTML defers counts to metrics.json and exact metrics endpoints have no CDX rows.
dynamic_placeholder_endpoint_archives_no_count,"Inspect archived endpoint HTML/list payloads and broaden to category, search, and developer listings.",1,Space Trip,mafagames,http://www.kongregate.com/games/mafagames/space-trip,www.kongregate.com/games/mafagames/space-trip,15,1,2017-07-20,2017-07-20,0,0,dynamic_metrics_placeholder,612,archived_endpoint_hit_no_count,66,36,0,0,,,,no,,,2017-07-20,observed_first_seen_not_launch_date,live_metrics_failed_http_404,2026-06-30,live_metrics_unavailable,http_404,2017-07-20,2026-06-30,low_game_page_not_verified,top_20_ranked_count_gaps_no_metrics,Escalate to alternate list/external sources; archived HTML defers counts to metrics.json and exact metrics endpoints have no CDX rows.
dynamic_placeholder_endpoint_archives_no_count,"Inspect archived endpoint HTML/list payloads and broaden to category, search, and developer listings.",1,Miner 2,KillingPigs123,http://www.kongregate.com/games/KillingPigs123/miner-2,www.kongregate.com/games/killingpigs123/miner-2,16,1,2015-09-09,2015-09-09,0,0,dynamic_metrics_placeholder,4,archived_endpoint_hit_no_count,30,4,0,0,,,,no,,,2015-09-09,observed_first_seen_not_launch_date,live_metrics_failed_http_404,2026-06-30,live_metrics_unavailable,http_404,2015-09-09,2026-06-30,low_game_page_not_verified,top_20_ranked_count_gaps_no_metrics,Escalate to alternate list/external sources; archived HTML defers counts to metrics.json and exact metrics endpoints have no CDX rows.
dynamic_placeholder_endpoint_archives_no_count,"Inspect archived endpoint HTML/list payloads and broaden to category, search, and developer listings.",1,Jungle Gems,gamesrishti,http://www.kongregate.com/games/gamesrishti/jungle-gems,www.kongregate.com/games/gamesrishti/jungle-gems,16,1,2016-07-20,2016-07-20,0,0,dynamic_metrics_placeholder,652,archived_endpoint_hit_no_count,48,28,0,0,,,,no,,,2016-07-20,observed_first_seen_not_launch_date,live_metrics_failed_http_404,2026-06-30,live_metrics_unavailable,http_404,2016-07-20,2026-06-30,low_game_page_not_verified,top_20_ranked_count_gaps_no_metrics,Escalate to alternate list/external sources; archived HTML defers counts to metrics.json and exact metrics endpoints have no CDX rows.
no_game_page_cdx_alt_archives_no_count,"Inspect alternate archived endpoint payloads, then broaden to listings if no count text is present.",1,The Funniest Game Ever,Creeptasticman,http://www.kongregate.com/games/Creeptasticman/the-funniest-game-ever,www.kongregate.com/games/creeptasticman/the-funniest-game-ever,1,1,2014-10-24,2014-10-24,0,0,no_page_cdx_rows,72,archived_endpoint_hit_no_count,29,9,0,0,,,,no,,,2014-10-24,observed_first_seen_not_launch_date,live_metrics_failed_http_404,2026-07-01,live_metrics_unavailable,http_404,2014-10-24,2026-07-01,low_game_page_not_verified,top_20_ranked_count_gaps_no_metrics,Escalate to alternate count sources; checked page URL variants have no usable CDX rows.
no_game_page_cdx_alt_archives_no_count,"Inspect alternate archived endpoint payloads, then broaden to listings if no count text is present.",1,Zombie Derby 2,brvasil,http://www.kongregate.com/games/brvasil/zombie-derby-2,www.kongregate.com/games/brvasil/zombie-derby-2,1,1,2017-09-13,2017-09-13,0,0,no_page_cdx_rows,342,archived_endpoint_hit_no_count,45,18,0,0,,,,no,,,2017-09-13,observed_first_seen_not_launch_date,live_metrics_failed_http_404,2026-07-01,live_metrics_unavailable,http_404,2017-09-13,2026-07-01,low_game_page_not_verified,top_20_ranked_count_gaps_no_metrics,Escalate to alternate count sources; checked page URL variants have no usable CDX rows.
no_game_page_cdx_alt_archives_no_count,"Inspect alternate archived endpoint payloads, then broaden to listings if no count text is present.",1,Talking Ginger Paw Caring,wowsomegames,http://www.kongregate.com/games/wowsomegames/talking-ginger-paw-caring,www.kongregate.com/games/wowsomegames/talking-ginger-paw-caring,2,1,2014-08-29,2014-08-29,0,0,no_page_cdx_rows,162,archived_endpoint_hit_no_count,55,18,0,0,,,,no,,,2014-08-29,observed_first_seen_not_launch_date,live_metrics_failed_http_404,2026-07-01,live_metrics_unavailable,http_404,2014-08-29,2026-07-01,low_game_page_not_verified,top_20_ranked_count_gaps_no_metrics,Escalate to alternate count sources; checked page URL variants have no usable CDX rows.
no_game_page_cdx_alt_archives_no_count,"Inspect alternate archived endpoint payloads, then broaden to listings if no count text is present.",1,Baby Talking Tom Bathing,wowsomegames,http://www.kongregate.com/games/wowsomegames/baby-talking-tom-bathing,www.kongregate.com/games/wowsomegames/baby-talking-tom-bathing,2,1,2014-09-12,2014-09-12,0,0,no_page_cdx_rows,162,archived_endpoint_hit_no_count,53,18,0,0,,,,no,,,2014-09-12,observed_first_seen_not_launch_date,live_metrics_failed_http_404,2026-07-01,live_metrics_unavailable,http_404,2014-09-12,2026-07-01,low_game_page_not_verified,top_20_ranked_count_gaps_no_metrics,Escalate to alternate count sources; checked page URL variants have no usable CDX rows.
no_game_page_cdx_alt_archives_no_count,"Inspect alternate archived endpoint payloads, then broaden to listings if no count text is present.",1,path of the wingman,fckn,http://www.kongregate.com/games/fckn/path-of-the-wingman,www.kongregate.com/games/fckn/path-of-the-wingman,2,1,2014-10-24,2014-10-24,0,0,no_page_cdx_rows,8,archived_endpoint_hit_no_count,41,2,0,0,,,,no,,,2014-10-24,observed_first_seen_not_launch_date,live_metrics_failed_http_404,2026-07-01,live_metrics_unavailable,http_404,2014-10-24,2026-07-01,low_game_page_not_verified,top_20_ranked_count_gaps_no_metrics,Escalate to alternate count sources; checked page URL variants have no usable CDX rows.
no_game_page_cdx_alt_archives_no_count,"Inspect alternate archived endpoint payloads, then broaden to listings if no count text is present.",1,Dead Frontier,PanRobercik,http://www.kongregate.com/games/PanRobercik/dead-frontier,www.kongregate.com/games/panrobercik/dead-frontier,2,1,2016-08-05,2016-08-05,0,0,no_page_cdx_rows,4,archived_endpoint_hit_no_count,18,2,0,0,,,,no,,,2016-08-05,observed_first_seen_not_launch_date,live_metrics_failed_http_404,2026-07-01,live_metrics_unavailable,http_404,2016-08-05,2026-07-01,low_game_page_not_verified,top_20_ranked_count_gaps_no_metrics,Escalate to alternate count sources; checked page URL variants have no usable CDX rows.
no_game_page_cdx_alt_archives_no_count,"Inspect alternate archived endpoint payloads, then broaden to listings if no count text is present.",1,Finger Spinner Online,mafagames,http://www.kongregate.com/games/mafagames/finger-spinner-online,www.kongregate.com/games/mafagames/finger-spinner-online,2,1,2017-06-16,2017-06-16,0,0,no_page_cdx_rows,680,archived_endpoint_hit_no_count,70,40,0,0,,,,no,,,2017-06-16,observed_first_seen_not_launch_date,live_metrics_failed_http_404,2026-07-01,live_metrics_unavailable,http_404,2017-06-16,2026-07-01,low_game_page_not_verified,top_20_ranked_count_gaps_no_metrics,Escalate to alternate count sources; checked page URL variants have no usable CDX rows.
no_game_page_cdx_alt_archives_no_count,"Inspect alternate archived endpoint payloads, then broaden to listings if no count text is present.",1,A Kongergate Special,NickJ66,http://www.kongregate.com/games/NickJ66/a-kongergate-special,www.kongregate.com/games/nickj66/a-kongergate-special,3,1,2014-10-03,2014-10-03,0,0,no_page_cdx_rows,27,archived_endpoint_hit_no_count,56,9,0,0,,,,no,,,2014-10-03,observed_first_seen_not_launch_date,live_metrics_failed_http_404,2026-07-01,live_metrics_unavailable,http_404,2014-10-03,2026-07-01,low_game_page_not_verified,top_20_ranked_count_gaps_no_metrics,Escalate to alternate count sources; checked page URL variants have no usable CDX rows.
no_game_page_cdx_alt_archives_no_count,"Inspect alternate archived endpoint payloads, then broaden to listings if no count text is present.",1,Balls Vs Blocks Online,mafagames,http://www.kongregate.com/games/mafagames/balls-vs-blocks-online,www.kongregate.com/games/mafagames/balls-vs-blocks-online,4,1,2017-06-16,2017-06-16,0,0,no_page_cdx_rows,680,archived_endpoint_hit_no_count,74,40,0,0,,,,no,,,2017-06-16,observed_first_seen_not_launch_date,live_metrics_failed_http_404,2026-07-01,live_metrics_unavailable,http_404,2017-06-16,2026-07-01,low_game_page_not_verified,top_20_ranked_count_gaps_no_metrics,Escalate to alternate count sources; checked page URL variants have no usable CDX rows.
no_game_page_cdx_alt_archives_no_count,"Inspect alternate archived endpoint payloads, then broaden to listings if no count text is present.",1,Extreme Battlefield,thunderstorm38,http://www.kongregate.com/games/thunderstorm38/extreme-battlefield,www.kongregate.com/games/thunderstorm38/extreme-battlefield,6,1,2017-07-29,2017-07-29,0,0,no_page_cdx_rows,3,archived_endpoint_hit_no_count,42,3,0,0,,,,no,,,2017-07-29,observed_first_seen_not_launch_date,live_metrics_failed_http_404,2026-07-01,live_metrics_unavailable,http_404,2017-07-29,2026-07-01,low_game_page_not_verified,top_20_ranked_count_gaps_no_metrics,Escalate to alternate count sources; checked page URL variants have no usable CDX rows.
no_game_page_cdx_alt_archives_no_count,"Inspect alternate archived endpoint payloads, then broaden to listings if no count text is present.",1,Hummer Puzzle,natalibt,http://www.kongregate.com/games/natalibt/hummer-puzzle,www.kongregate.com/games/natalibt/hummer-puzzle,7,1,2014-12-10,2014-12-10,0,0,no_page_cdx_rows,534,archived_endpoint_hit_no_count,87,55,0,0,,,,no,,,2014-12-10,observed_first_seen_not_launch_date,live_metrics_failed_http_404,2026-06-30,live_metrics_unavailable,http_404,2014-12-10,2026-06-30,low_game_page_not_verified,top_20_ranked_count_gaps_no_metrics,Escalate to alternate count sources; checked page URL variants have no usable CDX rows.
no_game_page_cdx_alt_archives_no_count,"Inspect alternate archived endpoint payloads, then broaden to listings if no count text is present.",1,Treasure Hunt,thunderstorm38,http://www.kongregate.com/games/thunderstorm38/treasure-hunt,www.kongregate.com/games/thunderstorm38/treasure-hunt,7,1,2017-07-29,2017-07-29,0,0,no_page_cdx_rows,3,archived_endpoint_hit_no_count,41,3,0,0,,,,no,,,2017-07-29,observed_first_seen_not_launch_date,live_metrics_failed_http_404,2026-06-30,live_metrics_unavailable,http_404,2017-07-29,2026-06-30,low_game_page_not_verified,top_20_ranked_count_gaps_no_metrics,Escalate to alternate count sources; checked page URL variants have no usable CDX rows.
no_game_page_cdx_alt_archives_no_count,"Inspect alternate archived endpoint payloads, then broaden to listings if no count text is present.",1,Jogo Machão,Beetle1,http://www.kongregate.com/games/Beetle1/jogo-mach-o,www.kongregate.com/games/beetle1/jogo-mach-o,8,1,2015-09-30,2015-09-30,0,0,no_page_cdx_rows,8,archived_endpoint_hit_no_count,37,2,0,0,,,,no,,,2015-09-30,observed_first_seen_not_launch_date,live_metrics_failed_http_404,2026-06-30,live_metrics_unavailable,http_404,2015-09-30,2026-06-30,low_game_page_not_verified,top_20_ranked_count_gaps_no_metrics,Escalate to alternate count sources; checked page URL variants have no usable CDX rows.
no_game_page_cdx_alt_archives_no_count,"Inspect alternate archived endpoint payloads, then broaden to listings if no count text is present.",1,space mision alpha v1.0 3D,fckn,http://www.kongregate.com/games/fckn/space-mision-alpha-v1-0-3d,www.kongregate.com/games/fckn/space-mision-alpha-v1-0-3d,9,1,2014-10-09,2014-10-09,0,0,no_page_cdx_rows,8,archived_endpoint_hit_no_count,41,2,0,0,,,,no,,,2014-10-09,observed_first_seen_not_launch_date,live_metrics_failed_http_404,2026-06-30,live_metrics_unavailable,http_404,2014-10-09,2026-06-30,low_game_page_not_verified,top_20_ranked_count_gaps_no_metrics,Escalate to alternate count sources; checked page URL variants have no usable CDX rows.
no_game_page_cdx_alt_archives_no_count,"Inspect alternate archived endpoint payloads, then broaden to listings if no count text is present.",1,Terrorist Shootout,gamesrishti,http://www.kongregate.com/games/gamesrishti/terrorist-shootout,www.kongregate.com/games/gamesrishti/terrorist-shootout,10,1,2014-10-10,2014-10-10,0,0,no_page_cdx_rows,1620,archived_endpoint_hit_no_count,84,60,0,0,,,,no,,,2014-10-10,observed_first_seen_not_launch_date,live_metrics_failed_http_404,2026-06-30,live_metrics_unavailable,http_404,2014-10-10,2026-06-30,low_game_page_not_verified,top_20_ranked_count_gaps_no_metrics,Escalate to alternate count sources; checked page URL variants have no usable CDX rows.
no_game_page_cdx_alt_archives_no_count,"Inspect alternate archived endpoint payloads, then broaden to listings if no count text is present.",1,Jaguar Puzzle,natalibt,http://www.kongregate.com/games/natalibt/jaguar-puzzle,www.kongregate.com/games/natalibt/jaguar-puzzle,11,1,2014-12-17,2014-12-17,0,0,no_page_cdx_rows,534,archived_endpoint_hit_no_count,84,55,0,0,,,,no,,,2014-12-17,observed_first_seen_not_launch_date,live_metrics_failed_http_404,2026-06-30,live_metrics_unavailable,http_404,2014-12-17,2026-06-30,low_game_page_not_verified,top_20_ranked_count_gaps_no_metrics,Escalate to alternate count sources; checked page URL variants have no usable CDX rows.
no_game_page_cdx_alt_archives_no_count,"Inspect alternate archived endpoint payloads, then broaden to listings if no count text is present.",1,Bottle Flip Challenge,mafagames,http://www.kongregate.com/games/mafagames/bottle-flip-challenge,www.kongregate.com/games/mafagames/bottle-flip-challenge,11,1,2017-09-20,2017-09-20,0,0,no_page_cdx_rows,663,archived_endpoint_hit_no_count,75,39,0,0,,,,no,,,2017-09-20,observed_first_seen_not_launch_date,live_metrics_failed_http_404,2026-06-30,live_metrics_unavailable,http_404,2017-09-20,2026-06-30,low_game_page_not_verified,top_20_ranked_count_gaps_no_metrics,Escalate to alternate count sources; checked page URL variants have no usable CDX rows.
no_game_page_cdx_alt_archives_no_count,"Inspect alternate archived endpoint payloads, then broaden to listings if no count text is present.",1,Virus Attack,mafagames,http://www.kongregate.com/games/mafagames/virus-attack,www.kongregate.com/games/mafagames/virus-attack,12,1,2016-05-24,2016-05-24,0,0,no_page_cdx_rows,663,archived_endpoint_hit_no_count,78,39,0,0,,,,no,,,2016-05-24,observed_first_seen_not_launch_date,live_metrics_failed_http_404,2026-06-30,live_metrics_unavailable,http_404,2016-05-24,2026-06-30,low_game_page_not_verified,top_20_ranked_count_gaps_no_metrics,Escalate to alternate count sources; checked page URL variants have no usable CDX rows.
no_game_page_cdx_alt_archives_no_count,"Inspect alternate archived endpoint payloads, then broaden to listings if no count text is present.",1,Zombie Buster,mafagames,http://www.kongregate.com/games/mafagames/zombie-buster,www.kongregate.com/games/mafagames/zombie-buster,12,1,2017-09-20,2017-09-20,0,0,no_page_cdx_rows,663,archived_endpoint_hit_no_count,69,39,0,0,,,,no,,,2017-09-20,observed_first_seen_not_launch_date,live_metrics_failed_http_404,2026-06-30,live_metrics_unavailable,http_404,2017-09-20,2026-06-30,low_game_page_not_verified,top_20_ranked_count_gaps_no_metrics,Escalate to alternate count sources; checked page URL variants have no usable CDX rows.
no_game_page_cdx_alt_archives_no_count,"Inspect alternate archived endpoint payloads, then broaden to listings if no count text is present.",1,Super Cowboy Run,mafagames,http://www.kongregate.com/games/mafagames/super-cowboy-run,www.kongregate.com/games/mafagames/super-cowboy-run,13,1,2016-05-23,2016-05-23,0,0,no_page_cdx_rows,663,archived_endpoint_hit_no_count,76,39,0,0,,,,no,,,2016-05-23,observed_first_seen_not_launch_date,live_metrics_failed_http_404,2026-06-30,live_metrics_unavailable,http_404,2016-05-23,2026-06-30,low_game_page_not_verified,top_20_ranked_count_gaps_no_metrics,Escalate to alternate count sources; checked page URL variants have no usable CDX rows.
no_game_page_cdx_alt_archives_no_count,"Inspect alternate archived endpoint payloads, then broaden to listings if no count text is present.",1,Jumpy Shark,mafagames,http://www.kongregate.com/games/mafagames/jumpy-shark,www.kongregate.com/games/mafagames/jumpy-shark,13,1,2016-05-24,2016-05-24,0,0,no_page_cdx_rows,612,archived_endpoint_hit_no_count,66,36,0,0,,,,no,,,2016-05-24,observed_first_seen_not_launch_date,live_metrics_failed_http_404,2026-06-30,live_metrics_unavailable,http_404,2016-05-24,2026-06-30,low_game_page_not_verified,top_20_ranked_count_gaps_no_metrics,Escalate to alternate count sources; checked page URL variants have no usable CDX rows.
no_game_page_cdx_alt_archives_no_count,"Inspect alternate archived endpoint payloads, then broaden to listings if no count text is present.",1,Break The Line,mafagames,http://www.kongregate.com/games/mafagames/break-the-line,www.kongregate.com/games/mafagames/break-the-line,13,1,2017-09-20,2017-09-20,0,0,no_page_cdx_rows,612,archived_endpoint_hit_no_count,66,36,0,0,,,,no,,,2017-09-20,observed_first_seen_not_launch_date,live_metrics_failed_http_404,2026-06-30,live_metrics_unavailable,http_404,2017-09-20,2026-06-30,low_game_page_not_verified,top_20_ranked_count_gaps_no_metrics,Escalate to alternate count sources; checked page URL variants have no usable CDX rows.
no_game_page_cdx_alt_archives_no_count,"Inspect alternate archived endpoint payloads, then broaden to listings if no count text is present.",1,Transport,mafagames,http://www.kongregate.com/games/mafagames/transport,www.kongregate.com/games/mafagames/transport,14,1,2016-05-23,2016-05-23,0,0,no_page_cdx_rows,612,archived_endpoint_hit_no_count,76,36,0,0,,,,no,,,2016-05-23,observed_first_seen_not_launch_date,live_metrics_failed_http_404,2026-06-30,live_metrics_unavailable,http_404,2016-05-23,2026-06-30,low_game_page_not_verified,top_20_ranked_count_gaps_no_metrics,Escalate to alternate count sources; checked page URL variants have no usable CDX rows.
no_game_page_cdx_alt_archives_no_count,"Inspect alternate archived endpoint payloads, then broaden to listings if no count text is present.",1,My Little Pony Winter Fashion 2,mafagames,http://www.kongregate.com/games/mafagames/my-little-pony-winter-fashion-2,www.kongregate.com/games/mafagames/my-little-pony-winter-fashion-2,14,1,2016-05-24,2016-05-24,0,0,no_page_cdx_rows,612,archived_endpoint_hit_no_count,66,36,0,0,,,,no,,,2016-05-24,observed_first_seen_not_launch_date,live_metrics_failed_http_404,2026-06-30,live_metrics_unavailable,http_404,2016-05-24,2026-06-30,low_game_page_not_verified,top_20_ranked_count_gaps_no_metrics,Escalate to alternate count sources; checked page URL variants have no usable CDX rows.
no_game_page_cdx_alt_archives_no_count,"Inspect alternate archived endpoint payloads, then broaden to listings if no count text is present.",1,OuterSpace [PitBall] Offical,NickJ66,http://www.kongregate.com/games/NickJ66/outerspace-pitball-offical,www.kongregate.com/games/nickj66/outerspace-pitball-offical,16,1,2014-10-10,2014-10-10,0,0,no_page_cdx_rows,27,archived_endpoint_hit_no_count,55,9,0,0,,,,no,,,2014-10-10,observed_first_seen_not_launch_date,live_metrics_failed_http_404,2026-06-30,live_metrics_unavailable,http_404,2014-10-10,2026-06-30,low_game_page_not_verified,top_20_ranked_count_gaps_no_metrics,Escalate to alternate count sources; checked page URL variants have no usable CDX rows.
no_game_page_cdx_alt_archives_no_count,"Inspect alternate archived endpoint payloads, then broaden to listings if no count text is present.",1,Back to School Fashion,games2girls,http://www.kongregate.com/games/games2girls/back-to-school-fashion,www.kongregate.com/games/games2girls/back-to-school-fashion,17,1,2014-10-03,2014-10-03,0,0,no_page_cdx_rows,216,archived_endpoint_hit_no_count,53,24,0,0,,,,no,,,2014-10-03,observed_first_seen_not_launch_date,live_metrics_failed_http_404,2026-06-29,live_metrics_unavailable,http_404,2014-10-03,2026-06-29,low_game_page_not_verified,top_20_ranked_count_gaps_no_metrics,Escalate to alternate count sources; checked page URL variants have no usable CDX rows.
partial_listing_counts_no_page_metrics,Carry listing counts as partial observed play-count history; keep broader source recovery for fuller timelines.,2,Bubble Shooter Exclusive,,http://www.kongregate.com/games/fighter106/bubble-shooter-exclusive,www.kongregate.com/games/fighter106/bubble-shooter-exclusive,4,2,2014-06-20,2014-06-20,2,274,dynamic_metrics_placeholder,4,archived_endpoint_hit_no_count,23,4,0,0,,,,no,,,2014-06-20,observed_first_seen_not_launch_date,live_metrics_failed_http_404,2026-06-30,live_metrics_unavailable,http_404,2014-06-20,2026-06-30,low_game_page_not_verified,complete_listing_counts_no_metrics,Escalate to alternate list/external sources; archived HTML defers counts to metrics.json and exact metrics endpoints have no CDX rows.
partial_listing_counts_no_page_metrics,Carry listing counts as partial observed play-count history; keep broader source recovery for fuller timelines.,3,IndestructoCopter,Joshua140,http://www.kongregate.com/games/Joshua140/indestructocopter,www.kongregate.com/games/joshua140/indestructocopter,1,1,2008-05-09,2008-05-09,1,12,no_page_cdx_rows,0,no_archived_endpoint_rows_observed,19,0,0,0,shooter,shooter,,no,,,2008-05-09,observed_first_seen_not_launch_date,live_metrics_failed_http_404,2026-07-01,live_metrics_unavailable,http_404,2008-05-09,2026-07-01,low_game_page_not_verified,single_capture_listing_count_no_metrics,Escalate to alternate count sources; checked page URL variants have no usable CDX rows.
partial_listing_counts_no_page_metrics,Carry listing counts as partial observed play-count history; keep broader source recovery for fuller timelines.,3,BLOB KILLS BALL!,bryces12,http://www.kongregate.com/games/bryces12/blob-kills-ball,www.kongregate.com/games/bryces12/blob-kills-ball,1,1,2010-10-18,2010-10-18,1,275,no_page_cdx_rows,0,no_archived_endpoint_rows_observed,19,0,0,0,,,,no,,,2010-10-18,observed_first_seen_not_launch_date,live_metrics_failed_http_404,2026-07-01,live_metrics_unavailable,http_404,2010-10-18,2026-07-01,low_game_page_not_verified,single_capture_listing_count_no_metrics,Escalate to alternate count sources; checked page URL variants have no usable CDX rows.
partial_listing_counts_no_page_metrics,Carry listing counts as partial observed play-count history; keep broader source recovery for fuller timelines.,3,City Runner 3D,PaperCup,http://www.kongregate.com/games/PaperCup/city-runner-3d,www.kongregate.com/games/papercup/city-runner-3d,1,1,2011-07-17,2011-07-17,1,22,no_page_cdx_rows,243,archived_endpoint_hit_no_count,35,27,0,0,,,,no,,,2011-07-17,observed_first_seen_not_launch_date,live_metrics_failed_http_404,2026-07-01,live_metrics_unavailable,http_404,2011-07-17,2026-07-01,low_game_page_not_verified,single_capture_listing_count_no_metrics,Escalate to alternate count sources; checked page URL variants have no usable CDX rows.
partial_listing_counts_no_page_metrics,Carry listing counts as partial observed play-count history; keep broader source recovery for fuller timelines.,3,Electro City,purecube,http://www.kongregate.com/games/purecube/electro-city,www.kongregate.com/games/purecube/electro-city,1,1,2011-07-21,2011-07-21,1,18,dynamic_metrics_placeholder,1,archived_endpoint_hit_no_count,24,1,0,0,,,,no,,,2011-07-21,observed_first_seen_not_launch_date,live_metrics_failed_http_404,2026-07-01,live_metrics_unavailable,http_404,2011-07-21,2026-07-01,low_game_page_not_verified,single_capture_listing_count_no_metrics,Escalate to alternate list/external sources; archived HTML defers counts to metrics.json and exact metrics endpoints have no CDX rows.
partial_listing_counts_no_page_metrics,Carry listing counts as partial observed play-count history; keep broader source recovery for fuller timelines.,3,Maddening Foolishness,darthpeanut113,http://www.kongregate.com/games/darthpeanut113/maddening-foolishness,www.kongregate.com/games/darthpeanut113/maddening-foolishness,1,1,2011-12-31,2011-12-31,1,127,no_page_cdx_rows,0,no_archived_endpoint_rows_observed,16,0,0,0,,,,no,,,2011-12-31,observed_first_seen_not_launch_date,live_metrics_failed_http_404,2026-07-01,live_metrics_unavailable,http_404,2011-12-31,2026-07-01,low_game_page_not_verified,single_capture_listing_count_no_metrics,Escalate to alternate count sources; checked page URL variants have no usable CDX rows.
partial_listing_counts_no_page_metrics,Carry listing counts as partial observed play-count history; keep broader source recovery for fuller timelines.,3,Penguin Heroes,ShunKazami,http://www.kongregate.com/games/ShunKazami/penguin-heroes,www.kongregate.com/games/shunkazami/penguin-heroes,1,1,2012-01-01,2012-01-01,1,5,dynamic_metrics_placeholder,20,archived_endpoint_hit_no_count,31,2,0,0,adventure,adventure,,no,,,2012-01-01,observed_first_seen_not_launch_date,live_metrics_failed_http_404,2026-07-01,live_metrics_unavailable,http_404,2012-01-01,2026-07-01,low_game_page_not_verified,single_capture_listing_count_no_metrics,Escalate to alternate list/external sources; archived HTML defers counts to metrics.json and exact metrics endpoints have no CDX rows.
partial_listing_counts_no_page_metrics,Carry listing counts as partial observed play-count history; keep broader source recovery for fuller timelines.,3,Stafforb's Worst Pokemon Battle,,http://www.kongregate.com/games/Stafforb_Pokemon/stafforbs-worst-pokemon-battle,www.kongregate.com/games/stafforb_pokemon/stafforbs-worst-pokemon-battle,1,1,2013-04-11,2013-04-11,1,10,no_page_cdx_rows,0,no_archived_endpoint_rows_observed,22,0,0,0,,,,no,low,title_or_slug_social_strategy_terms,2013-04-11,observed_first_seen_not_launch_date,live_metrics_failed_http_404,2026-07-01,live_metrics_unavailable,http_404,2013-04-11,2026-07-01,low_game_page_not_verified,single_capture_listing_count_no_metrics,Escalate to alternate count sources; checked page URL variants have no usable CDX rows.
partial_listing_counts_no_page_metrics,Carry listing counts as partial observed play-count history; keep broader source recovery for fuller timelines.,3,Jupiter OGame,,http://www.kongregate.com/games/KingStar22/jupiter-ogame,www.kongregate.com/games/kingstar22/jupiter-ogame,1,1,2014-07-26,2014-07-26,1,10,no_page_cdx_rows,0,no_archived_endpoint_rows_observed,30,0,0,0,,,,no,,,2014-07-26,observed_first_seen_not_launch_date,live_metrics_failed_http_404,2026-07-01,live_metrics_unavailable,http_404,2014-07-26,2026-07-01,low_game_page_not_verified,single_capture_listing_count_no_metrics,Escalate to alternate count sources; checked page URL variants have no usable CDX rows.
partial_listing_counts_no_page_metrics,Carry listing counts as partial observed play-count history; keep broader source recovery for fuller timelines.,3,First Date,slixmedia,http://www.kongregate.com/games/slixmedia/first-date,www.kongregate.com/games/slixmedia/first-date,2,1,2010-10-13,2010-10-13,1,57,dynamic_metrics_placeholder,3,archived_endpoint_hit_no_count,19,3,0,0,,,,no,,,2010-10-13,observed_first_seen_not_launch_date,live_metrics_failed_http_404,2026-06-30,live_metrics_unavailable,http_404,2010-10-13,2026-06-30,low_game_page_not_verified,single_capture_listing_count_no_metrics,Escalate to alternate list/external sources; archived HTML defers counts to metrics.json and exact metrics endpoints have no CDX rows.
partial_listing_counts_no_page_metrics,Carry listing counts as partial observed play-count history; keep broader source recovery for fuller timelines.,3,Battle For Gondor,jaime2310,http://www.kongregate.com/games/jaime2310/battle-for-gondor,www.kongregate.com/games/jaime2310/battle-for-gondor,2,1,2011-04-09,2011-04-09,1,331,dynamic_metrics_placeholder,0,no_archived_endpoint_rows_observed,11,0,0,0,,,,no,low,title_or_slug_social_strategy_terms,2011-04-09,observed_first_seen_not_launch_date,live_metrics_failed_http_404,2026-06-30,live_metrics_unavailable,http_404,2011-04-09,2026-06-30,low_game_page_not_verified,single_capture_listing_count_no_metrics,Escalate to alternate list/external sources; archived HTML defers counts to metrics.json and exact metrics endpoints have no CDX rows.
partial_listing_counts_no_page_metrics,Carry listing counts as partial observed play-count history; keep broader source recovery for fuller timelines.,3,RPG Shooter,powerpoler,http://www.kongregate.com/games/powerpoler/rpg-shooter,www.kongregate.com/games/powerpoler/rpg-shooter,2,1,2011-06-10,2011-06-10,1,241,dynamic_metrics_placeholder,0,no_archived_endpoint_rows_observed,22,0,0,0,,,,no,,,2011-06-10,observed_first_seen_not_launch_date,live_metrics_failed_http_404,2026-06-30,live_metrics_unavailable,http_404,2011-06-10,2026-06-30,low_game_page_not_verified,single_capture_listing_count_no_metrics,Escalate to alternate list/external sources; archived HTML defers counts to metrics.json and exact metrics endpoints have no CDX rows.
partial_listing_counts_no_page_metrics,Carry listing counts as partial observed play-count history; keep broader source recovery for fuller timelines.,3,Jamproject Classic Roc...,21Axes999,http://www.kongregate.com/games/21Axes999/jamproject-classic-rock-skin,www.kongregate.com/games/21axes999/jamproject-classic-rock-skin,2,1,2011-06-29,2011-06-29,1,20,dynamic_metrics_placeholder,0,no_archived_endpoint_rows_observed,19,0,0,0,,,,no,,,2011-06-29,observed_first_seen_not_launch_date,live_metrics_failed_http_404,2026-06-30,live_metrics_unavailable,http_404,2011-06-29,2026-06-30,low_game_page_not_verified,single_capture_listing_count_no_metrics,Escalate to alternate list/external sources; archived HTML defers counts to metrics.json and exact metrics endpoints have no CDX rows.
partial_listing_counts_no_page_metrics,Carry listing counts as partial observed play-count history; keep broader source recovery for fuller timelines.,3,Chuck Norris MMORPG,PaperCup,http://www.kongregate.com/games/PaperCup/chuck-norris-mmorpg,www.kongregate.com/games/papercup/chuck-norris-mmorpg,2,1,2011-07-17,2011-07-17,1,7,dynamic_metrics_placeholder,243,archived_endpoint_hit_no_count,43,27,0,0,,mmo_multiplayer,,no,low,name_or_category:mmo_multiplayer,2011-07-17,observed_first_seen_not_launch_date,live_metrics_failed_http_404,2026-06-30,live_metrics_unavailable,http_404,2011-07-17,2026-06-30,low_game_page_not_verified,single_capture_listing_count_no_metrics,Escalate to alternate list/external sources; archived HTML defers counts to metrics.json and exact metrics endpoints have no CDX rows.
partial_listing_counts_no_page_metrics,Carry listing counts as partial observed play-count history; keep broader source recovery for fuller timelines.,3,I Don't Even Know,DXInteractive,http://www.kongregate.com/games/DXInteractive/i-dont-even-know,www.kongregate.com/games/dxinteractive/i-dont-even-know,2,1,2011-07-24,2011-07-24,1,5,no_page_cdx_rows,0,no_archived_endpoint_rows_observed,22,0,0,0,,,,no,,,2011-07-24,observed_first_seen_not_launch_date,live_metrics_failed_http_404,2026-06-30,live_metrics_unavailable,http_404,2011-07-24,2026-06-30,low_game_page_not_verified,single_capture_listing_count_no_metrics,Escalate to alternate count sources; checked page URL variants have no usable CDX rows.
partial_listing_counts_no_page_metrics,Carry listing counts as partial observed play-count history; keep broader source recovery for fuller timelines.,3,Mini Ninja Coloring,petee,http://www.kongregate.com/games/petee/mini-ninja-coloring,www.kongregate.com/games/petee/mini-ninja-coloring,2,1,2011-07-28,2011-07-28,1,21,no_page_cdx_rows,0,no_archived_endpoint_rows_observed,22,0,0,0,,,,no,,,2011-07-28,observed_first_seen_not_launch_date,live_metrics_failed_http_404,2026-06-30,live_metrics_unavailable,http_404,2011-07-28,2026-06-30,low_game_page_not_verified,single_capture_listing_count_no_metrics,Escalate to alternate count sources; checked page URL variants have no usable CDX rows.
partial_listing_counts_no_page_metrics,Carry listing counts as partial observed play-count history; keep broader source recovery for fuller timelines.,3,"""The Game"" Chat",Qwertybeef,http://www.kongregate.com/games/Qwertybeef/the-game-chat,www.kongregate.com/games/qwertybeef/the-game-chat,2,1,2011-08-05,2011-08-05,1,100,no_page_cdx_rows,0,no_archived_endpoint_rows_observed,16,0,0,0,,,,no,,,2011-08-05,observed_first_seen_not_launch_date,live_metrics_failed_http_404,2026-06-30,live_metrics_unavailable,http_404,2011-08-05,2026-06-30,low_game_page_not_verified,single_capture_listing_count_no_metrics,Escalate to alternate count sources; checked page URL variants have no usable CDX rows.
partial_listing_counts_no_page_metrics,Carry listing counts as partial observed play-count history; keep broader source recovery for fuller timelines.,3,Motivational Chatroom ...,Ilikecrabs,http://www.kongregate.com/games/Ilikecrabs/motivational-chatroom-drinking-game,www.kongregate.com/games/ilikecrabs/motivational-chatroom-drinking-game,2,1,2011-08-09,2011-08-09,1,95,no_page_cdx_rows,0,no_archived_endpoint_rows_observed,16,0,0,0,,,,no,,,2011-08-09,observed_first_seen_not_launch_date,live_metrics_failed_http_404,2026-06-30,live_metrics_unavailable,http_404,2011-08-09,2026-06-30,low_game_page_not_verified,single_capture_listing_count_no_metrics,Escalate to alternate count sources; checked page URL variants have no usable CDX rows.
partial_listing_counts_no_page_metrics,Carry listing counts as partial observed play-count history; keep broader source recovery for fuller timelines.,3,Another of Stafforb's Pokemon Battles.,,http://www.kongregate.com/games/Stafforb_Pokemon/another-of-stafforbs-pokemon-battles,www.kongregate.com/games/stafforb_pokemon/another-of-stafforbs-pokemon-battles,2,1,2013-04-11,2013-04-11,1,13,no_page_cdx_rows,0,no_archived_endpoint_rows_observed,22,0,0,0,,,,no,low,title_or_slug_social_strategy_terms,2013-04-11,observed_first_seen_not_launch_date,live_metrics_failed_http_404,2026-06-30,live_metrics_unavailable,http_404,2013-04-11,2026-06-30,low_game_page_not_verified,single_capture_listing_count_no_metrics,Escalate to alternate count sources; checked page URL variants have no usable CDX rows.
partial_listing_counts_no_page_metrics,Carry listing counts as partial observed play-count history; keep broader source recovery for fuller timelines.,3,Make Butter Waffles,,http://www.kongregate.com/games/alia2013/make-butter-waffles,www.kongregate.com/games/alia2013/make-butter-waffles,2,1,2014-04-11,2014-04-11,1,2,no_page_cdx_rows,0,no_archived_endpoint_rows_observed,29,0,0,0,,,,no,,,2014-04-11,observed_first_seen_not_launch_date,live_metrics_failed_http_404,2026-06-30,live_metrics_unavailable,http_404,2014-04-11,2026-06-30,low_game_page_not_verified,single_capture_listing_count_no_metrics,Escalate to alternate count sources; checked page URL variants have no usable CDX rows.
partial_listing_counts_no_page_metrics,Carry listing counts as partial observed play-count history; keep broader source recovery for fuller timelines.,3,Broken World WIP,JackTrades,http://www.kongregate.com/games/JackTrades/broken-world-wip,www.kongregate.com/games/jacktrades/broken-world-wip,3,1,2011-01-11,2011-01-11,1,429,dynamic_metrics_placeholder,0,no_archived_endpoint_rows_observed,11,0,0,0,,,,no,,,2011-01-11,observed_first_seen_not_launch_date,live_metrics_failed_http_404,2026-06-30,live_metrics_unavailable,http_404,2011-01-11,2026-06-30,low_game_page_not_verified,single_capture_listing_count_no_metrics,Escalate to alternate list/external sources; archived HTML defers counts to metrics.json and exact metrics endpoints have no CDX rows.
partial_listing_counts_no_page_metrics,Carry listing counts as partial observed play-count history; keep broader source recovery for fuller timelines.,3,PhysicsWars,friuns,http://www.kongregate.com/games/friuns/physicswars,www.kongregate.com/games/friuns/physicswars,3,1,2011-02-09,2011-02-09,1,431,no_page_cdx_rows,0,no_archived_endpoint_rows_observed,20,0,0,0,,,,no,,,2011-02-09,observed_first_seen_not_launch_date,live_metrics_failed_http_404,2026-06-30,live_metrics_unavailable,http_404,2011-02-09,2026-06-30,low_game_page_not_verified,single_capture_listing_count_no_metrics,Escalate to alternate count sources; checked page URL variants have no usable CDX rows.
partial_listing_counts_no_page_metrics,Carry listing counts as partial observed play-count history; keep broader source recovery for fuller timelines.,3,Run And Monetize,rc88_,http://www.kongregate.com/games/rc88_/run-and-monetize,www.kongregate.com/games/rc88_/run-and-monetize,3,1,2011-02-27,2011-02-27,1,86,dynamic_metrics_placeholder,0,no_archived_endpoint_rows_observed,22,0,0,0,,,,no,,,2011-02-27,observed_first_seen_not_launch_date,live_metrics_failed_http_404,2026-06-30,live_metrics_unavailable,http_404,2011-02-27,2026-06-30,low_game_page_not_verified,single_capture_listing_count_no_metrics,Escalate to alternate list/external sources; archived HTML defers counts to metrics.json and exact metrics endpoints have no CDX rows.
partial_listing_counts_no_page_metrics,Carry listing counts as partial observed play-count history; keep broader source recovery for fuller timelines.,3,Chocolate Rain TAY ZONDAY,Shi_Thead,http://www.kongregate.com/games/Shi_Thead/chocolate-rain-tay-zonday,www.kongregate.com/games/shi_thead/chocolate-rain-tay-zonday,3,1,2011-03-19,2011-03-19,1,21,dynamic_metrics_placeholder,0,no_archived_endpoint_rows_observed,22,0,0,0,,,,no,,,2011-03-19,observed_first_seen_not_launch_date,live_metrics_failed_http_404,2026-06-30,live_metrics_unavailable,http_404,2011-03-19,2026-06-30,low_game_page_not_verified,single_capture_listing_count_no_metrics,Escalate to alternate list/external sources; archived HTML defers counts to metrics.json and exact metrics endpoints have no CDX rows.
partial_listing_counts_no_page_metrics,Carry listing counts as partial observed play-count history; keep broader source recovery for fuller timelines.,3,Office Supply Team!,deesus,http://www.kongregate.com/games/deesus/office-supply-team,www.kongregate.com/games/deesus/office-supply-team,3,1,2011-03-23,2011-03-23,1,38,no_page_cdx_rows,10,archived_endpoint_hit_no_count,21,2,0,0,,,,no,,,2011-03-23,observed_first_seen_not_launch_date,live_metrics_failed_http_404,2026-06-30,live_metrics_unavailable,http_404,2011-03-23,2026-06-30,low_game_page_not_verified,single_capture_listing_count_no_metrics,Escalate to alternate count sources; checked page URL variants have no usable CDX rows.
partial_listing_counts_no_page_metrics,Carry listing counts as partial observed play-count history; keep broader source recovery for fuller timelines.,3,Blozorz Hacked,tinkan11,http://www.kongregate.com/games/tinkan11/blozorz-hacked,www.kongregate.com/games/tinkan11/blozorz-hacked,3,1,2011-04-05,2011-04-05,1,122,no_page_cdx_rows,0,no_archived_endpoint_rows_observed,22,0,0,0,,,,no,,,2011-04-05,observed_first_seen_not_launch_date,live_metrics_failed_http_404,2026-06-30,live_metrics_unavailable,http_404,2011-04-05,2026-06-30,low_game_page_not_verified,single_capture_listing_count_no_metrics,Escalate to alternate count sources; checked page URL variants have no usable CDX rows.
partial_listing_counts_no_page_metrics,Carry listing counts as partial observed play-count history; keep broader source recovery for fuller timelines.,3,Jumbo Adventure,gamesrishti,http://www.kongregate.com/games/gamesrishti/jumbo-adventure,www.kongregate.com/games/gamesrishti/jumbo-adventure,3,1,2011-04-16,2011-04-16,1,53,dynamic_metrics_placeholder,648,archived_endpoint_hit_no_count,40,24,0,0,,,,no,,,2011-04-16,observed_first_seen_not_launch_date,live_metrics_failed_http_404,2026-06-30,live_metrics_unavailable,http_404,2011-04-16,2026-06-30,low_game_page_not_verified,single_capture_listing_count_no_metrics,Escalate to alternate list/external sources; archived HTML defers counts to metrics.json and exact metrics endpoints have no CDX rows.
partial_listing_counts_no_page_metrics,Carry listing counts as partial observed play-count history; keep broader source recovery for fuller timelines.,3,Stickman Adventure,powerpoler,http://www.kongregate.com/games/powerpoler/stickman-adventure,www.kongregate.com/games/powerpoler/stickman-adventure,3,1,2011-06-18,2011-06-18,1,122,dynamic_metrics_placeholder,0,no_archived_endpoint_rows_observed,22,0,0,0,,,,no,,,2011-06-18,observed_first_seen_not_launch_date,live_metrics_failed_http_404,2026-06-30,live_metrics_unavailable,http_404,2011-06-18,2026-06-30,low_game_page_not_verified,single_capture_listing_count_no_metrics,Escalate to alternate list/external sources; archived HTML defers counts to metrics.json and exact metrics endpoints have no CDX rows.
partial_listing_counts_no_page_metrics,Carry listing counts as partial observed play-count history; keep broader source recovery for fuller timelines.,3,Touch me NOW!,bullybee,http://www.kongregate.com/games/bullybee/touch-me-now,www.kongregate.com/games/bullybee/touch-me-now,3,1,2011-07-13,2011-07-13,1,315,dynamic_metrics_placeholder,0,no_archived_endpoint_rows_observed,22,0,0,0,,,,no,,,2011-07-13,observed_first_seen_not_launch_date,live_metrics_failed_http_404,2026-06-30,live_metrics_unavailable,http_404,2011-07-13,2026-06-30,low_game_page_not_verified,single_capture_listing_count_no_metrics,Escalate to alternate list/external sources; archived HTML defers counts to metrics.json and exact metrics endpoints have no CDX rows.
partial_listing_counts_no_page_metrics,Carry listing counts as partial observed play-count history; keep broader source recovery for fuller timelines.,3,zombie dolls,starmeiko,http://www.kongregate.com/games/starmeiko/zombie-dolls,www.kongregate.com/games/starmeiko/zombie-dolls,3,1,2011-07-24,2011-07-24,1,4,no_page_cdx_rows,0,no_archived_endpoint_rows_observed,8,0,0,0,,,,no,,,2011-07-24,observed_first_seen_not_launch_date,live_metrics_failed_http_404,2026-06-30,live_metrics_unavailable,http_404,2011-07-24,2026-06-30,low_game_page_not_verified,single_capture_listing_count_no_metrics,Escalate to alternate count sources; checked page URL variants have no usable CDX rows.
partial_listing_counts_no_page_metrics,Carry listing counts as partial observed play-count history; keep broader source recovery for fuller timelines.,3,GTA Portable,,http://www.kongregate.com/games/firekez/gta-portable,www.kongregate.com/games/firekez/gta-portable,3,1,2012-11-01,2012-11-01,1,27,no_page_cdx_rows,0,no_archived_endpoint_rows_observed,22,0,0,0,,,,no,,,2012-11-01,observed_first_seen_not_launch_date,live_metrics_failed_http_404,2026-06-30,live_metrics_unavailable,http_404,2012-11-01,2026-06-30,low_game_page_not_verified,single_capture_listing_count_no_metrics,Escalate to alternate count sources; checked page URL variants have no usable CDX rows.
partial_listing_counts_no_page_metrics,Carry listing counts as partial observed play-count history; keep broader source recovery for fuller timelines.,3,Fruit connect,,http://www.kongregate.com/games/alia2013/fruit-connect,www.kongregate.com/games/alia2013/fruit-connect,3,1,2014-04-11,2014-04-11,1,5,no_page_cdx_rows,0,no_archived_endpoint_rows_observed,24,0,0,0,,,,no,,,2014-04-11,observed_first_seen_not_launch_date,live_metrics_failed_http_404,2026-06-30,live_metrics_unavailable,http_404,2014-04-11,2026-06-30,low_game_page_not_verified,single_capture_listing_count_no_metrics,Escalate to alternate count sources; checked page URL variants have no usable CDX rows.
partial_listing_counts_no_page_metrics,Carry listing counts as partial observed play-count history; keep broader source recovery for fuller timelines.,3,Paper Doors Escape,,http://www.kongregate.com/games/game4joy/paper-doors-escape,www.kongregate.com/games/game4joy/paper-doors-escape,3,1,2014-06-06,2014-06-06,1,18,no_page_cdx_rows,0,no_archived_endpoint_rows_observed,24,0,0,0,,escape_room,,no,low,name_or_category:escape_room,2014-06-06,observed_first_seen_not_launch_date,live_metrics_failed_http_404,2026-06-30,live_metrics_unavailable,http_404,2014-06-06,2026-06-30,low_game_page_not_verified,single_capture_listing_count_no_metrics,Escalate to alternate count sources; checked page URL variants have no usable CDX rows.
partial_listing_counts_no_page_metrics,Carry listing counts as partial observed play-count history; keep broader source recovery for fuller timelines.,3,Eternal-Red,,http://www.kongregate.com/games/MohammadAqib07/eternal-red,www.kongregate.com/games/mohammadaqib07/eternal-red,3,1,2014-07-21,2014-07-21,1,6,no_page_cdx_rows,0,no_archived_endpoint_rows_observed,27,0,0,0,,,,no,,,2014-07-21,observed_first_seen_not_launch_date,live_metrics_failed_http_404,2026-06-30,live_metrics_unavailable,http_404,2014-07-21,2026-06-30,low_game_page_not_verified,single_capture_listing_count_no_metrics,Escalate to alternate count sources; checked page URL variants have no usable CDX rows.
partial_listing_counts_no_page_metrics,Carry listing counts as partial observed play-count history; keep broader source recovery for fuller timelines.,3,Active Ashfield's Conversion Challenge,QuakMultimedia,http://www.kongregate.com/games/QuakMultimedia/active-ashfields-conversion-challenge,www.kongregate.com/games/quakmultimedia/active-ashfields-conversion-challenge,4,1,2009-10-14,2009-10-14,1,230,dynamic_metrics_placeholder,0,no_archived_endpoint_rows_observed,19,0,0,0,,,,no,,,2009-10-14,observed_first_seen_not_launch_date,live_metrics_failed_http_404,2026-06-29,live_metrics_unavailable,http_404,2009-10-14,2026-06-29,low_game_page_not_verified,single_capture_listing_count_no_metrics,Escalate to alternate list/external sources; archived HTML defers counts to metrics.json and exact metrics endpoints have no CDX rows.
partial_listing_counts_no_page_metrics,Carry listing counts as partial observed play-count history; keep broader source recovery for fuller timelines.,3,Photogrounds,nathanielmilburn,http://www.kongregate.com/games/nathanielmilburn/photogrounds,www.kongregate.com/games/nathanielmilburn/photogrounds,4,1,2010-10-13,2010-10-13,1,243,dynamic_metrics_placeholder,0,no_archived_endpoint_rows_observed,22,0,0,0,,,,no,,,2010-10-13,observed_first_seen_not_launch_date,live_metrics_failed_http_404,2026-06-29,live_metrics_unavailable,http_404,2010-10-13,2026-06-29,low_game_page_not_verified,single_capture_listing_count_no_metrics,Escalate to alternate list/external sources; archived HTML defers counts to metrics.json and exact metrics endpoints have no CDX rows.
partial_listing_counts_no_page_metrics,Carry listing counts as partial observed play-count history; keep broader source recovery for fuller timelines.,3,Spongebob VS. Larry Ve...,S_Schreiber,http://www.kongregate.com/games/S_Schreiber/spongebob-vs-larry-version-2,www.kongregate.com/games/s_schreiber/spongebob-vs-larry-version-2,4,1,2011-02-27,2011-02-27,1,190,dynamic_metrics_placeholder,0,no_archived_endpoint_rows_observed,19,0,0,0,,,,no,,,2011-02-27,observed_first_seen_not_launch_date,live_metrics_failed_http_404,2026-06-29,live_metrics_unavailable,http_404,2011-02-27,2026-06-29,low_game_page_not_verified,single_capture_listing_count_no_metrics,Escalate to alternate list/external sources; archived HTML defers counts to metrics.json and exact metrics endpoints have no CDX rows.
partial_listing_counts_no_page_metrics,Carry listing counts as partial observed play-count history; keep broader source recovery for fuller timelines.,3,Fadious Dragon,1SwiftHawk,http://www.kongregate.com/games/1SwiftHawk/fadious-dragon,www.kongregate.com/games/1swifthawk/fadious-dragon,4,1,2011-03-11,2011-03-11,1,159,no_page_cdx_rows,0,no_archived_endpoint_rows_observed,22,0,0,0,,,,no,low,title_or_slug_social_strategy_terms,2011-03-11,observed_first_seen_not_launch_date,live_metrics_failed_http_404,2026-06-29,live_metrics_unavailable,http_404,2011-03-11,2026-06-29,low_game_page_not_verified,single_capture_listing_count_no_metrics,Escalate to alternate count sources; checked page URL variants have no usable CDX rows.
partial_listing_counts_no_page_metrics,Carry listing counts as partial observed play-count history; keep broader source recovery for fuller timelines.,3,Snow Fight 3.0,jaime2310,http://www.kongregate.com/games/jaime2310/snow-fight-3-0,www.kongregate.com/games/jaime2310/snow-fight-3-0,4,1,2011-04-05,2011-04-05,1,101,dynamic_metrics_placeholder,0,no_archived_endpoint_rows_observed,11,0,0,0,,,,no,,,2011-04-05,observed_first_seen_not_launch_date,live_metrics_failed_http_404,2026-06-29,live_metrics_unavailable,http_404,2011-04-05,2026-06-29,low_game_page_not_verified,single_capture_listing_count_no_metrics,Escalate to alternate list/external sources; archived HTML defers counts to metrics.json and exact metrics endpoints have no CDX rows.
partial_listing_counts_no_page_metrics,Carry listing counts as partial observed play-count history; keep broader source recovery for fuller timelines.,3,Fantasy Warriors,gamesrishti,http://www.kongregate.com/games/gamesrishti/fantasy-warriors,www.kongregate.com/games/gamesrishti/fantasy-warriors,4,1,2011-04-16,2011-04-16,1,321,dynamic_metrics_placeholder,648,archived_endpoint_hit_no_count,40,24,0,0,,,,no,,,2011-04-16,observed_first_seen_not_launch_date,live_metrics_failed_http_404,2026-06-29,live_metrics_unavailable,http_404,2011-04-16,2026-06-29,low_game_page_not_verified,single_capture_listing_count_no_metrics,Escalate to alternate list/external sources; archived HTML defers counts to metrics.json and exact metrics endpoints have no CDX rows.
partial_listing_counts_no_page_metrics,Carry listing counts as partial observed play-count history; keep broader source recovery for fuller timelines.,3,arch_diagram,WangHailong__9,http://www.kongregate.com/games/WangHailong__9/arch-diagram,www.kongregate.com/games/wanghailong__9/arch-diagram,4,1,2011-06-05,2011-06-05,1,24,no_page_cdx_rows,0,no_archived_endpoint_rows_observed,22,0,0,0,,,,no,,,2011-06-05,observed_first_seen_not_launch_date,live_metrics_failed_http_404,2026-06-30,live_metrics_unavailable,http_404,2011-06-05,2026-06-30,low_game_page_not_verified,single_capture_listing_count_no_metrics,Escalate to alternate count sources; checked page URL variants have no usable CDX rows.
partial_listing_counts_no_page_metrics,Carry listing counts as partial observed play-count history; keep broader source recovery for fuller timelines.,3,Escape the Ship,Speedychris,http://www.kongregate.com/games/Speedychris/escape-the-ship,www.kongregate.com/games/speedychris/escape-the-ship,4,1,2011-06-29,2011-06-29,1,252,no_page_cdx_rows,0,no_archived_endpoint_rows_observed,19,0,0,0,,escape_room,,no,low,name_or_category:escape_room,2011-06-29,observed_first_seen_not_launch_date,live_metrics_failed_http_404,2026-06-30,live_metrics_unavailable,http_404,2011-06-29,2026-06-30,low_game_page_not_verified,single_capture_listing_count_no_metrics,Escalate to alternate count sources; checked page URL variants have no usable CDX rows.
partial_listing_counts_no_page_metrics,Carry listing counts as partial observed play-count history; keep broader source recovery for fuller timelines.,3,Hidden Dungeons MMORPG,PaperCup,http://www.kongregate.com/games/PaperCup/hidden-dungeons-mmorpg,www.kongregate.com/games/papercup/hidden-dungeons-mmorpg,4,1,2011-07-17,2011-07-17,1,4,no_page_cdx_rows,243,archived_endpoint_hit_no_count,43,27,0,0,,escape_room; mmo_multiplayer,,no,low,name_or_category:mmo_multiplayer; name_or_category:escape_room,2011-07-17,observed_first_seen_not_launch_date,live_metrics_failed_http_404,2026-06-30,live_metrics_unavailable,http_404,2011-07-17,2026-06-30,low_game_page_not_verified,single_capture_listing_count_no_metrics,Escalate to alternate count sources; checked page URL variants have no usable CDX rows.
partial_listing_counts_no_page_metrics,Carry listing counts as partial observed play-count history; keep broader source recovery for fuller timelines.,3,Hidden Car Keys,,http://www.kongregate.com/games/manchebt/hidden-car-keys,www.kongregate.com/games/manchebt/hidden-car-keys,4,1,2012-11-01,2012-11-01,1,12,dynamic_metrics_placeholder,0,no_archived_endpoint_rows_observed,16,0,0,0,,escape_room,,no,low,name_or_category:escape_room,2012-11-01,observed_first_seen_not_launch_date,live_metrics_failed_http_404,2026-06-30,live_metrics_unavailable,http_404,2012-11-01,2026-06-30,low_game_page_not_verified,single_capture_listing_count_no_metrics,Escalate to alternate list/external sources; archived HTML defers counts to metrics.json and exact metrics endpoints have no CDX rows.
partial_listing_counts_no_page_metrics,Carry listing counts as partial observed play-count history; keep broader source recovery for fuller timelines.,3,Modern War,,http://www.kongregate.com/games/xiatiandaole/modern-war,www.kongregate.com/games/xiatiandaole/modern-war,4,1,2014-07-26,2014-07-26,1,4,dynamic_metrics_placeholder,0,no_archived_endpoint_rows_observed,24,0,0,0,,,,no,low,title_or_slug_social_strategy_terms,2014-07-26,observed_first_seen_not_launch_date,live_metrics_failed_http_404,2026-06-30,live_metrics_unavailable,http_404,2014-07-26,2026-06-30,low_game_page_not_verified,single_capture_listing_count_no_metrics,Escalate to alternate list/external sources; archived HTML defers counts to metrics.json and exact metrics endpoints have no CDX rows.
partial_listing_counts_no_page_metrics,Carry listing counts as partial observed play-count history; keep broader source recovery for fuller timelines.,3,Countdown Striker,,http://www.kongregate.com/games/anna54/countdown-striker,www.kongregate.com/games/anna54/countdown-striker,4,1,2014-07-30,2014-07-30,1,94,no_page_cdx_rows,0,no_archived_endpoint_rows_observed,27,0,0,0,,,,no,,,2014-07-30,observed_first_seen_not_launch_date,live_metrics_failed_http_404,2026-06-30,live_metrics_unavailable,http_404,2014-07-30,2026-06-30,low_game_page_not_verified,single_capture_listing_count_no_metrics,Escalate to alternate count sources; checked page URL variants have no usable CDX rows.
partial_listing_counts_no_page_metrics,Carry listing counts as partial observed play-count history; keep broader source recovery for fuller timelines.,3,Fiat Puzzle,,http://www.kongregate.com/games/natalibt/fiat-puzzle,www.kongregate.com/games/natalibt/fiat-puzzle,4,1,2014-08-11,2014-08-11,1,6,dynamic_metrics_placeholder,150,archived_endpoint_hit_no_count,49,25,0,0,,,,no,,,2014-08-11,observed_first_seen_not_launch_date,live_metrics_failed_http_404,2026-06-30,live_metrics_unavailable,http_404,2014-08-11,2026-06-30,low_game_page_not_verified,single_capture_listing_count_no_metrics,Escalate to alternate list/external sources; archived HTML defers counts to metrics.json and exact metrics endpoints have no CDX rows.
partial_listing_counts_no_page_metrics,Carry listing counts as partial observed play-count history; keep broader source recovery for fuller timelines.,3,Crazy Chaotic Chicken Chase,,http://www.kongregate.com/games/GrantJO/crazy-chaotic-chicken-chase,www.kongregate.com/games/grantjo/crazy-chaotic-chicken-chase,4,1,2014-08-15,2014-08-15,1,8,dynamic_metrics_placeholder,0,no_archived_endpoint_rows_observed,27,0,0,0,,,,no,,,2014-08-15,observed_first_seen_not_launch_date,live_metrics_failed_http_404,2026-06-30,live_metrics_unavailable,http_404,2014-08-15,2026-06-30,low_game_page_not_verified,single_capture_listing_count_no_metrics,Escalate to alternate list/external sources; archived HTML defers counts to metrics.json and exact metrics endpoints have no CDX rows.
partial_listing_counts_no_page_metrics,Carry listing counts as partial observed play-count history; keep broader source recovery for fuller timelines.,3,Is your brother EVIL?!?,AsianSensation3,http://www.kongregate.com/games/AsianSensation3/is-your-brother-evil,www.kongregate.com/games/asiansensation3/is-your-brother-evil,5,1,2010-10-22,2010-10-22,1,452,no_page_cdx_rows,0,no_archived_endpoint_rows_observed,12,0,0,0,,,,no,,,2010-10-22,observed_first_seen_not_launch_date,live_metrics_failed_http_404,2026-06-29,live_metrics_unavailable,http_404,2010-10-22,2026-06-29,low_game_page_not_verified,single_capture_listing_count_no_metrics,Escalate to alternate count sources; checked page URL variants have no usable CDX rows.
partial_listing_counts_no_page_metrics,Carry listing counts as partial observed play-count history; keep broader source recovery for fuller timelines.,3,gold panic,zoolumonkey,http://www.kongregate.com/games/zoolumonkey/gold-panic,www.kongregate.com/games/zoolumonkey/gold-panic,5,1,2011-01-11,2011-01-11,1,997,dynamic_metrics_placeholder,0,no_archived_endpoint_rows_observed,22,0,0,0,,,,no,,,2011-01-11,observed_first_seen_not_launch_date,live_metrics_failed_http_404,2026-06-29,live_metrics_unavailable,http_404,2011-01-11,2026-06-29,low_game_page_not_verified,single_capture_listing_count_no_metrics,Escalate to alternate list/external sources; archived HTML defers counts to metrics.json and exact metrics endpoints have no CDX rows.
partial_listing_counts_no_page_metrics,Carry listing counts as partial observed play-count history; keep broader source recovery for fuller timelines.,3,Back To Future-The Game,wabala,http://www.kongregate.com/games/wabala/back-to-future-the-game,www.kongregate.com/games/wabala/back-to-future-the-game,5,1,2011-06-05,2011-06-05,1,103,no_page_cdx_rows,0,no_archived_endpoint_rows_observed,20,0,0,0,,,,no,,,2011-06-05,observed_first_seen_not_launch_date,live_metrics_failed_http_404,2026-06-30,live_metrics_unavailable,http_404,2011-06-05,2026-06-30,low_game_page_not_verified,single_capture_listing_count_no_metrics,Escalate to alternate count sources; checked page URL variants have no usable CDX rows.
partial_listing_counts_no_page_metrics,Carry listing counts as partial observed play-count history; keep broader source recovery for fuller timelines.,3,Chaos Faction 2,XxXMaleXxX,http://www.kongregate.com/games/XxXMaleXxX/chaos-faction-2,www.kongregate.com/games/xxxmalexxx/chaos-faction-2,5,1,2011-06-13,2011-06-13,1,133,no_page_cdx_rows,0,no_archived_endpoint_rows_observed,19,0,0,0,,,,no,,,2011-06-13,observed_first_seen_not_launch_date,live_metrics_failed_http_404,2026-06-30,live_metrics_unavailable,http_404,2011-06-13,2026-06-30,low_game_page_not_verified,single_capture_listing_count_no_metrics,Escalate to alternate count sources; checked page URL variants have no usable CDX rows.
partial_listing_counts_no_page_metrics,Carry listing counts as partial observed play-count history; keep broader source recovery for fuller timelines.,3,Giraffe Coloring,petee,http://www.kongregate.com/games/petee/giraffe-coloring,www.kongregate.com/games/petee/giraffe-coloring,5,1,2011-07-10,2011-07-10,1,45,dynamic_metrics_placeholder,0,no_archived_endpoint_rows_observed,22,0,0,0,,,,no,,,2011-07-10,observed_first_seen_not_launch_date,live_metrics_failed_http_404,2026-06-30,live_metrics_unavailable,http_404,2011-07-10,2026-06-30,low_game_page_not_verified,single_capture_listing_count_no_metrics,Escalate to alternate list/external sources; archived HTML defers counts to metrics.json and exact metrics endpoints have no CDX rows.
partial_listing_counts_no_page_metrics,Carry listing counts as partial observed play-count history; keep broader source recovery for fuller timelines.,3,wolvorin,medamine14,http://www.kongregate.com/games/medamine14/wolvorin,www.kongregate.com/games/medamine14/wolvorin,5,1,2011-07-21,2011-07-21,1,73,no_page_cdx_rows,0,no_archived_endpoint_rows_observed,16,0,0,0,,,,no,,,2011-07-21,observed_first_seen_not_launch_date,live_metrics_failed_http_404,2026-06-30,live_metrics_unavailable,http_404,2011-07-21,2026-06-30,low_game_page_not_verified,single_capture_listing_count_no_metrics,Escalate to alternate count sources; checked page URL variants have no usable CDX rows.
partial_listing_counts_no_page_metrics,Carry listing counts as partial observed play-count history; keep broader source recovery for fuller timelines.,3,Electric Man 2Hs,DXInteractive,http://www.kongregate.com/games/DXInteractive/electric-man-2hs,www.kongregate.com/games/dxinteractive/electric-man-2hs,5,1,2011-07-24,2011-07-24,1,8,no_page_cdx_rows,0,no_archived_endpoint_rows_observed,22,0,0,0,,,,no,,,2011-07-24,observed_first_seen_not_launch_date,live_metrics_failed_http_404,2026-06-30,live_metrics_unavailable,http_404,2011-07-24,2026-06-30,low_game_page_not_verified,single_capture_listing_count_no_metrics,Escalate to alternate count sources; checked page URL variants have no usable CDX rows.
partial_listing_counts_no_page_metrics,Carry listing counts as partial observed play-count history; keep broader source recovery for fuller timelines.,3,REPLAY The Game,5tea,http://www.kongregate.com/games/5tea/replay-the-game,www.kongregate.com/games/5tea/replay-the-game,5,1,2011-08-09,2011-08-09,1,99,no_page_cdx_rows,0,no_archived_endpoint_rows_observed,21,0,0,0,,,,no,,,2011-08-09,observed_first_seen_not_launch_date,live_metrics_failed_http_404,2026-06-30,live_metrics_unavailable,http_404,2011-08-09,2026-06-30,low_game_page_not_verified,single_capture_listing_count_no_metrics,Escalate to alternate count sources; checked page URL variants have no usable CDX rows.
partial_listing_counts_no_page_metrics,Carry listing counts as partial observed play-count history; keep broader source recovery for fuller timelines.,3,Get Ready for the Horse Show,,http://www.kongregate.com/games/games2girls/get-ready-for-the-horse-show,www.kongregate.com/games/games2girls/get-ready-for-the-horse-show,5,1,2014-06-06,2014-06-06,1,8,no_page_cdx_rows,216,archived_endpoint_hit_no_count,48,24,0,0,,,,no,,,2014-06-06,observed_first_seen_not_launch_date,live_metrics_failed_http_404,2026-06-30,live_metrics_unavailable,http_404,2014-06-06,2026-06-30,low_game_page_not_verified,single_capture_listing_count_no_metrics,Escalate to alternate count sources; checked page URL variants have no usable CDX rows.
partial_listing_counts_no_page_metrics,Carry listing counts as partial observed play-count history; keep broader source recovery for fuller timelines.,3,Click the Squirrel,,http://www.kongregate.com/games/HailSatanMeth420/click-the-squirrel,www.kongregate.com/games/hailsatanmeth420/click-the-squirrel,5,1,2014-07-30,2014-07-30,1,14,no_page_cdx_rows,6,archived_endpoint_hit_no_count,30,3,0,0,,,,no,,,2014-07-30,observed_first_seen_not_launch_date,live_metrics_failed_http_404,2026-06-30,live_metrics_unavailable,http_404,2014-07-30,2026-06-30,low_game_page_not_verified,single_capture_listing_count_no_metrics,Escalate to alternate count sources; checked page URL variants have no usable CDX rows.
partial_listing_counts_no_page_metrics,Carry listing counts as partial observed play-count history; keep broader source recovery for fuller timelines.,3,Chat/Read!,GMBL629,http://www.kongregate.com/games/GMBL629/chat-read,www.kongregate.com/games/gmbl629/chat-read,6,1,2010-10-22,2010-10-22,1,146,no_page_cdx_rows,0,no_archived_endpoint_rows_observed,12,0,0,0,,,,no,,,2010-10-22,observed_first_seen_not_launch_date,live_metrics_failed_http_404,2026-06-29,live_metrics_unavailable,http_404,2010-10-22,2026-06-29,low_game_page_not_verified,single_capture_listing_count_no_metrics,Escalate to alternate count sources; checked page URL variants have no usable CDX rows.
partial_listing_counts_no_page_metrics,Carry listing counts as partial observed play-count history; keep broader source recovery for fuller timelines.,3,BearBoy and the Cursor,TecknozThaBezt,http://www.kongregate.com/games/TecknozThaBezt/bearboy-and-the-cursor,www.kongregate.com/games/tecknozthabezt/bearboy-and-the-cursor,6,1,2011-04-05,2011-04-05,1,182,dynamic_metrics_placeholder,0,no_archived_endpoint_rows_observed,22,0,0,0,,,,no,,,2011-04-05,observed_first_seen_not_launch_date,live_metrics_failed_http_404,2026-06-29,live_metrics_unavailable,http_404,2011-04-05,2026-06-29,low_game_page_not_verified,single_capture_listing_count_no_metrics,Escalate to alternate list/external sources; archived HTML defers counts to metrics.json and exact metrics endpoints have no CDX rows.
partial_listing_counts_no_page_metrics,Carry listing counts as partial observed play-count history; keep broader source recovery for fuller timelines.,3,Ayla Cook: Picnic Menu,games2girls,http://www.kongregate.com/games/games2girls/ayla-cook-picnic-menu,www.kongregate.com/games/games2girls/ayla-cook-picnic-menu,6,1,2011-06-01,2011-06-01,1,45,dynamic_metrics_placeholder,216,archived_endpoint_hit_no_count,40,24,0,0,,,,no,,,2011-06-01,observed_first_seen_not_launch_date,live_metrics_failed_http_404,2026-06-30,live_metrics_unavailable,http_404,2011-06-01,2026-06-30,low_game_page_not_verified,single_capture_listing_count_no_metrics,Escalate to alternate list/external sources; archived HTML defers counts to metrics.json and exact metrics endpoints have no CDX rows.
partial_listing_counts_no_page_metrics,Carry listing counts as partial observed play-count history; keep broader source recovery for fuller timelines.,3,Argentina y sus Provin...,wabala,http://www.kongregate.com/games/wabala/argentina-y-sus-provincias,www.kongregate.com/games/wabala/argentina-y-sus-provincias,6,1,2011-06-05,2011-06-05,1,28,no_page_cdx_rows,0,no_archived_endpoint_rows_observed,20,0,0,0,,,,no,,,2011-06-05,observed_first_seen_not_launch_date,live_metrics_failed_http_404,2026-06-30,live_metrics_unavailable,http_404,2011-06-05,2026-06-30,low_game_page_not_verified,single_capture_listing_count_no_metrics,Escalate to alternate count sources; checked page URL variants have no usable CDX rows.
partial_listing_counts_no_page_metrics,Carry listing counts as partial observed play-count history; keep broader source recovery for fuller timelines.,3,Ultimate doodle man,KillerExis,http://www.kongregate.com/games/KillerExis/ultimate-doodle-man,www.kongregate.com/games/killerexis/ultimate-doodle-man,6,1,2011-07-21,2011-07-21,1,182,dynamic_metrics_placeholder,0,no_archived_endpoint_rows_observed,16,0,0,0,,,,no,,,2011-07-21,observed_first_seen_not_launch_date,live_metrics_failed_http_404,2026-06-30,live_metrics_unavailable,http_404,2011-07-21,2026-06-30,low_game_page_not_verified,single_capture_listing_count_no_metrics,Escalate to alternate list/external sources; archived HTML defers counts to metrics.json and exact metrics endpoints have no CDX rows.
partial_listing_counts_no_page_metrics,Carry listing counts as partial observed play-count history; keep broader source recovery for fuller timelines.,3,Xiao 4,5tea,http://www.kongregate.com/games/5tea/xiao-4,www.kongregate.com/games/5tea/xiao-4,6,1,2011-08-09,2011-08-09,1,35,no_page_cdx_rows,0,no_archived_endpoint_rows_observed,21,0,0,0,,,,no,,,2011-08-09,observed_first_seen_not_launch_date,live_metrics_failed_http_404,2026-06-30,live_metrics_unavailable,http_404,2011-08-09,2026-06-30,low_game_page_not_verified,single_capture_listing_count_no_metrics,Escalate to alternate count sources; checked page URL variants have no usable CDX rows.
partial_listing_counts_no_page_metrics,Carry listing counts as partial observed play-count history; keep broader source recovery for fuller timelines.,3,Jjj,,http://www.kongregate.com/games/YoYBA/jjj,www.kongregate.com/games/yoyba/jjj,6,1,2014-04-11,2014-04-11,1,20,no_page_cdx_rows,0,no_archived_endpoint_rows_observed,24,0,0,0,,,,no,,,2014-04-11,observed_first_seen_not_launch_date,live_metrics_failed_http_404,2026-06-30,live_metrics_unavailable,http_404,2014-04-11,2026-06-30,low_game_page_not_verified,single_capture_listing_count_no_metrics,Escalate to alternate count sources; checked page URL variants have no usable CDX rows.
partial_listing_counts_no_page_metrics,Carry listing counts as partial observed play-count history; keep broader source recovery for fuller timelines.,3,super mario crossover,,http://www.kongregate.com/games/bulletstorm100/super-mario-crossover,www.kongregate.com/games/bulletstorm100/super-mario-crossover,6,1,2014-06-06,2014-06-06,1,11,no_page_cdx_rows,0,no_archived_endpoint_rows_observed,24,0,0,0,,,,no,,,2014-06-06,observed_first_seen_not_launch_date,live_metrics_failed_http_404,2026-06-30,live_metrics_unavailable,http_404,2014-06-06,2026-06-30,low_game_page_not_verified,single_capture_listing_count_no_metrics,Escalate to alternate count sources; checked page URL variants have no usable CDX rows.
partial_listing_counts_no_page_metrics,Carry listing counts as partial observed play-count history; keep broader source recovery for fuller timelines.,3,Fruit Game,romania356,http://www.kongregate.com/games/romania356/fruit-game,www.kongregate.com/games/romania356/fruit-game,7,1,2010-11-08,2010-11-08,1,15,no_page_cdx_rows,0,no_archived_endpoint_rows_observed,20,0,0,0,,,,no,,,2010-11-08,observed_first_seen_not_launch_date,live_metrics_failed_http_404,2026-06-29,live_metrics_unavailable,http_404,2010-11-08,2026-06-29,low_game_page_not_verified,single_capture_listing_count_no_metrics,Escalate to alternate count sources; checked page URL variants have no usable CDX rows.
partial_listing_counts_no_page_metrics,Carry listing counts as partial observed play-count history; keep broader source recovery for fuller timelines.,3,Pizza Truck,TecknozThaBezt,http://www.kongregate.com/games/TecknozThaBezt/pizza-truck,www.kongregate.com/games/tecknozthabezt/pizza-truck,7,1,2011-04-05,2011-04-05,1,367,dynamic_metrics_placeholder,0,no_archived_endpoint_rows_observed,22,0,0,0,,,,no,,,2011-04-05,observed_first_seen_not_launch_date,live_metrics_failed_http_404,2026-06-29,live_metrics_unavailable,http_404,2011-04-05,2026-06-29,low_game_page_not_verified,single_capture_listing_count_no_metrics,Escalate to alternate list/external sources; archived HTML defers counts to metrics.json and exact metrics endpoints have no CDX rows.
partial_listing_counts_no_page_metrics,Carry listing counts as partial observed play-count history; keep broader source recovery for fuller timelines.,3,The 10 Question Quiz 2!,womalmonster,http://www.kongregate.com/games/womalmonster/the-10-question-quiz-2,www.kongregate.com/games/womalmonster/the-10-question-quiz-2,7,1,2011-07-17,2011-07-17,1,26,no_page_cdx_rows,0,no_archived_endpoint_rows_observed,8,0,0,0,,,,no,,,2011-07-17,observed_first_seen_not_launch_date,live_metrics_failed_http_404,2026-06-30,live_metrics_unavailable,http_404,2011-07-17,2026-06-30,low_game_page_not_verified,single_capture_listing_count_no_metrics,Escalate to alternate count sources; checked page URL variants have no usable CDX rows.
partial_listing_counts_no_page_metrics,Carry listing counts as partial observed play-count history; keep broader source recovery for fuller timelines.,3,The Game,5tea,http://www.kongregate.com/games/5tea/the-game,www.kongregate.com/games/5tea/the-game,7,1,2011-08-09,2011-08-09,1,235,no_page_cdx_rows,0,no_archived_endpoint_rows_observed,21,0,0,0,,,,no,,,2011-08-09,observed_first_seen_not_launch_date,live_metrics_failed_http_404,2026-06-30,live_metrics_unavailable,http_404,2011-08-09,2026-06-30,low_game_page_not_verified,single_capture_listing_count_no_metrics,Escalate to alternate count sources; checked page URL variants have no usable CDX rows.
partial_listing_counts_no_page_metrics,Carry listing counts as partial observed play-count history; keep broader source recovery for fuller timelines.,3,Sliding Plate Adventure,,http://www.kongregate.com/games/qingfengges/sliding-plate-adventure,www.kongregate.com/games/qingfengges/sliding-plate-adventure,7,1,2012-11-01,2012-11-01,1,17,dynamic_metrics_placeholder,0,no_archived_endpoint_rows_observed,16,0,0,0,,,,no,,,2012-11-01,observed_first_seen_not_launch_date,live_metrics_failed_http_404,2026-06-30,live_metrics_unavailable,http_404,2012-11-01,2026-06-30,low_game_page_not_verified,single_capture_listing_count_no_metrics,Escalate to alternate list/external sources; archived HTML defers counts to metrics.json and exact metrics endpoints have no CDX rows.
partial_listing_counts_no_page_metrics,Carry listing counts as partial observed play-count history; keep broader source recovery for fuller timelines.,3,Where's My Water Fighting Planes,,http://www.kongregate.com/games/writerbianji/wheres-my-water-fighting-planes,www.kongregate.com/games/writerbianji/wheres-my-water-fighting-planes,7,1,2014-06-13,2014-06-13,1,21,no_page_cdx_rows,0,no_archived_endpoint_rows_observed,30,0,0,0,,,,no,,,2014-06-13,observed_first_seen_not_launch_date,live_metrics_failed_http_404,2026-06-30,live_metrics_unavailable,http_404,2014-06-13,2026-06-30,low_game_page_not_verified,single_capture_listing_count_no_metrics,Escalate to alternate count sources; checked page URL variants have no usable CDX rows.
partial_listing_counts_no_page_metrics,Carry listing counts as partial observed play-count history; keep broader source recovery for fuller timelines.,3,Dynamite Soccer Online,,http://www.kongregate.com/games/solman02/dynamite-soccer-online,www.kongregate.com/games/solman02/dynamite-soccer-online,7,1,2014-06-27,2014-06-27,1,16,no_page_cdx_rows,0,no_archived_endpoint_rows_observed,30,0,0,0,,racing_sports,,no,low,name_or_category:racing_sports,2014-06-27,observed_first_seen_not_launch_date,live_metrics_failed_http_404,2026-06-30,live_metrics_unavailable,http_404,2014-06-27,2026-06-30,low_game_page_not_verified,single_capture_listing_count_no_metrics,Escalate to alternate count sources; checked page URL variants have no usable CDX rows.
partial_listing_counts_no_page_metrics,Carry listing counts as partial observed play-count history; keep broader source recovery for fuller timelines.,3,Garage Rush,,http://www.kongregate.com/games/games2girls/garage-rush,www.kongregate.com/games/games2girls/garage-rush,7,1,2014-08-01,2014-08-01,1,12,no_page_cdx_rows,216,archived_endpoint_hit_no_count,48,24,0,0,,,,no,,,2014-08-01,observed_first_seen_not_launch_date,live_metrics_failed_http_404,2026-06-30,live_metrics_unavailable,http_404,2014-08-01,2026-06-30,low_game_page_not_verified,single_capture_listing_count_no_metrics,Escalate to alternate count sources; checked page URL variants have no usable CDX rows.
partial_listing_counts_no_page_metrics,Carry listing counts as partial observed play-count history; keep broader source recovery for fuller timelines.,3,"Maze, 2",ic2000,http://www.kongregate.com/games/ic2000/maze-2,www.kongregate.com/games/ic2000/maze-2,8,1,2010-11-23,2010-11-23,1,150,no_page_cdx_rows,0,no_archived_endpoint_rows_observed,20,0,0,0,,,,no,,,2010-11-23,observed_first_seen_not_launch_date,live_metrics_failed_http_404,2026-06-29,live_metrics_unavailable,http_404,2010-11-23,2026-06-29,low_game_page_not_verified,single_capture_listing_count_no_metrics,Escalate to alternate count sources; checked page URL variants have no usable CDX rows.
partial_listing_counts_no_page_metrics,Carry listing counts as partial observed play-count history; keep broader source recovery for fuller timelines.,3,Platform Block Demo,PickOnSomeone,http://www.kongregate.com/games/PickOnSomeone/platform-block-demo,www.kongregate.com/games/pickonsomeone/platform-block-demo,8,1,2011-03-23,2011-03-23,1,176,dynamic_metrics_placeholder,0,no_archived_endpoint_rows_observed,22,0,0,0,,,,no,,,2011-03-23,observed_first_seen_not_launch_date,live_metrics_failed_http_404,2026-06-29,live_metrics_unavailable,http_404,2011-03-23,2026-06-29,low_game_page_not_verified,single_capture_listing_count_no_metrics,Escalate to alternate list/external sources; archived HTML defers counts to metrics.json and exact metrics endpoints have no CDX rows.
partial_listing_counts_no_page_metrics,Carry listing counts as partial observed play-count history; keep broader source recovery for fuller timelines.,3,Do Not Press,fancygamer,http://www.kongregate.com/games/fancygamer/do-not-press,www.kongregate.com/games/fancygamer/do-not-press,8,1,2011-04-05,2011-04-05,1,294,dynamic_metrics_placeholder,0,no_archived_endpoint_rows_observed,21,0,0,0,,,,no,,,2011-04-05,observed_first_seen_not_launch_date,live_metrics_failed_http_404,2026-06-29,live_metrics_unavailable,http_404,2011-04-05,2026-06-29,low_game_page_not_verified,single_capture_listing_count_no_metrics,Escalate to alternate list/external sources; archived HTML defers counts to metrics.json and exact metrics endpoints have no CDX rows.
partial_listing_counts_no_page_metrics,Carry listing counts as partial observed play-count history; keep broader source recovery for fuller timelines.,3,Chain Gun Rex,mokshal1663,http://www.kongregate.com/games/mokshal1663/chain-gun-rex,www.kongregate.com/games/mokshal1663/chain-gun-rex,8,1,2011-05-28,2011-05-28,1,355,no_page_cdx_rows,6,archived_endpoint_hit_no_count,13,2,0,0,,,,no,,,2011-05-28,observed_first_seen_not_launch_date,live_metrics_failed_http_404,2026-06-30,live_metrics_unavailable,http_404,2011-05-28,2026-06-30,low_game_page_not_verified,single_capture_listing_count_no_metrics,Escalate to alternate count sources; checked page URL variants have no usable CDX rows.
partial_listing_counts_no_page_metrics,Carry listing counts as partial observed play-count history; keep broader source recovery for fuller timelines.,3,Fish Rush,FkidsPR,http://www.kongregate.com/games/FkidsPR/fish-rush,www.kongregate.com/games/fkidspr/fish-rush,8,1,2011-06-29,2011-06-29,1,386,dynamic_metrics_placeholder,8,archived_endpoint_hit_no_count,23,4,0,0,,,,no,,,2011-06-29,observed_first_seen_not_launch_date,live_metrics_failed_http_404,2026-06-30,live_metrics_unavailable,http_404,2011-06-29,2026-06-30,low_game_page_not_verified,single_capture_listing_count_no_metrics,Escalate to alternate list/external sources; archived HTML defers counts to metrics.json and exact metrics endpoints have no CDX rows.
partial_listing_counts_no_page_metrics,Carry listing counts as partial observed play-count history; keep broader source recovery for fuller timelines.,3,The Bill Cosby Fun Game,ctnumber1,http://www.kongregate.com/games/ctnumber1/the-bill-cosby-fun-game,www.kongregate.com/games/ctnumber1/the-bill-cosby-fun-game,8,1,2011-07-05,2011-07-05,1,123,dynamic_metrics_placeholder,0,no_archived_endpoint_rows_observed,22,0,0,0,,,,no,,,2011-07-05,observed_first_seen_not_launch_date,live_metrics_failed_http_404,2026-06-30,live_metrics_unavailable,http_404,2011-07-05,2026-06-30,low_game_page_not_verified,single_capture_listing_count_no_metrics,Escalate to alternate list/external sources; archived HTML defers counts to metrics.json and exact metrics endpoints have no CDX rows.
partial_listing_counts_no_page_metrics,Carry listing counts as partial observed play-count history; keep broader source recovery for fuller timelines.,3,rocks vs gold version 1.4,rand0mgamez,http://www.kongregate.com/games/rand0mgamez/rocks-vs-gold-version-1-4,www.kongregate.com/games/rand0mgamez/rocks-vs-gold-version-1-4,8,1,2011-08-13,2011-08-13,1,194,dynamic_metrics_placeholder,0,no_archived_endpoint_rows_observed,16,0,0,0,,,,no,,,2011-08-13,observed_first_seen_not_launch_date,live_metrics_failed_http_404,2026-06-30,live_metrics_unavailable,http_404,2011-08-13,2026-06-30,low_game_page_not_verified,single_capture_listing_count_no_metrics,Escalate to alternate list/external sources; archived HTML defers counts to metrics.json and exact metrics endpoints have no CDX rows.
partial_listing_counts_no_page_metrics,Carry listing counts as partial observed play-count history; keep broader source recovery for fuller timelines.,3,Quantum Of Light,,http://www.kongregate.com/games/foumart/quantum-of-light,www.kongregate.com/games/foumart/quantum-of-light,8,1,2014-08-16,2014-08-16,1,55,dynamic_metrics_placeholder,2,archived_endpoint_hit_no_count,30,2,0,0,,,,no,,,2014-08-16,observed_first_seen_not_launch_date,live_metrics_failed_http_404,2026-06-30,live_metrics_unavailable,http_404,2014-08-16,2026-06-30,low_game_page_not_verified,single_capture_listing_count_no_metrics,Escalate to alternate list/external sources; archived HTML defers counts to metrics.json and exact metrics endpoints have no CDX rows.
partial_listing_counts_no_page_metrics,Carry listing counts as partial observed play-count history; keep broader source recovery for fuller timelines.,3,Robin the Archer in Pixeland,slixmedia,http://www.kongregate.com/games/slixmedia/robin-the-archer-in-pixeland,www.kongregate.com/games/slixmedia/robin-the-archer-in-pixeland,9,1,2009-10-14,2009-10-14,1,299,no_page_cdx_rows,3,archived_endpoint_hit_no_count,19,3,0,0,,,,no,,,2009-10-14,observed_first_seen_not_launch_date,live_metrics_failed_http_404,2026-06-29,live_metrics_unavailable,http_404,2009-10-14,2026-06-29,low_game_page_not_verified,single_capture_listing_count_no_metrics,Escalate to alternate count sources; checked page URL variants have no usable CDX rows.
partial_listing_counts_no_page_metrics,Carry listing counts as partial observed play-count history; keep broader source recovery for fuller timelines.,3,Ninja Quest,Sigit_Haryo,http://www.kongregate.com/games/Sigit_Haryo/ninja-quest,www.kongregate.com/games/sigit_haryo/ninja-quest,15,1,2009-10-14,2009-10-14,1,163,no_page_cdx_rows,0,no_archived_endpoint_rows_observed,20,0,0,0,,,,no,,,2009-10-14,observed_first_seen_not_launch_date,live_metrics_failed_http_404,2026-06-29,live_metrics_unavailable,http_404,2009-10-14,2026-06-29,low_game_page_not_verified,single_capture_listing_count_no_metrics,Escalate to alternate count sources; checked page URL variants have no usable CDX rows.
dynamic_placeholder_no_exact_endpoint_archives,Exact metrics and alternate endpoint probes are exhausted; move to broader archived listing/category/search sources.,1,LT-Breakout,SandmanZA,http://www.kongregate.com/games/SandmanZA/lt-breakout,www.kongregate.com/games/sandmanza/lt-breakout,1,1,2017-10-24,2017-10-24,0,0,dynamic_metrics_placeholder,330,no_archived_endpoint_rows_observed,8,0,0,0,,,,no,,,2017-10-24,observed_first_seen_not_launch_date,live_metrics_failed_http_404,2026-07-01,live_metrics_unavailable,http_404,2017-10-24,2026-07-01,low_game_page_not_verified,top_20_ranked_count_gaps_no_metrics,Escalate to alternate list/external sources; archived HTML defers counts to metrics.json and exact metrics endpoints have no CDX rows.
dynamic_placeholder_no_exact_endpoint_archives,Exact metrics and alternate endpoint probes are exhausted; move to broader archived listing/category/search sources.,1,Kns run,hikkigamer,http://www.kongregate.com/games/hikkigamer/kns-run,www.kongregate.com/games/hikkigamer/kns-run,2,1,2014-09-20,2014-09-20,0,0,dynamic_metrics_placeholder,0,no_archived_endpoint_rows_observed,36,0,0,0,,,,no,,,2014-09-20,observed_first_seen_not_launch_date,live_metrics_failed_http_404,2026-07-01,live_metrics_unavailable,http_404,2014-09-20,2026-07-01,low_game_page_not_verified,top_20_ranked_count_gaps_no_metrics,Escalate to alternate list/external sources; archived HTML defers counts to metrics.json and exact metrics endpoints have no CDX rows.
dynamic_placeholder_no_exact_endpoint_archives,Exact metrics and alternate endpoint probes are exhausted; move to broader archived listing/category/search sources.,1,CountryBalls 4,NicoleWatterson,http://www.kongregate.com/games/NicoleWatterson/countryballs-4,www.kongregate.com/games/nicolewatterson/countryballs-4,2,1,2016-03-05,2016-03-05,0,0,dynamic_metrics_placeholder,0,no_archived_endpoint_rows_observed,26,0,0,0,,,,no,,,2016-03-05,observed_first_seen_not_launch_date,live_metrics_failed_http_404,2026-07-01,live_metrics_unavailable,http_404,2016-03-05,2026-07-01,low_game_page_not_verified,top_20_ranked_count_gaps_no_metrics,Escalate to alternate list/external sources; archived HTML defers counts to metrics.json and exact metrics endpoints have no CDX rows.
dynamic_placeholder_no_exact_endpoint_archives,Exact metrics and alternate endpoint probes are exhausted; move to broader archived listing/category/search sources.,1,dat boi,Regone,http://www.kongregate.com/games/Regone/dat-boi,www.kongregate.com/games/regone/dat-boi,2,1,2016-05-15,2016-05-15,0,0,dynamic_metrics_placeholder,0,no_archived_endpoint_rows_observed,37,0,0,0,,,,no,,,2016-05-15,observed_first_seen_not_launch_date,live_metrics_failed_http_404,2026-07-01,live_metrics_unavailable,http_404,2016-05-15,2026-07-01,low_game_page_not_verified,top_20_ranked_count_gaps_no_metrics,Escalate to alternate list/external sources; archived HTML defers counts to metrics.json and exact metrics endpoints have no CDX rows.
dynamic_placeholder_no_exact_endpoint_archives,Exact metrics and alternate endpoint probes are exhausted; move to broader archived listing/category/search sources.,1,Pokemon Kill 4,NigelBoydMartin,http://www.kongregate.com/games/NigelBoydMartin/pokemon-kill-4,www.kongregate.com/games/nigelboydmartin/pokemon-kill-4,3,1,2014-10-09,2014-10-09,0,0,dynamic_metrics_placeholder,0,no_archived_endpoint_rows_observed,24,0,0,0,,,,no,,,2014-10-09,observed_first_seen_not_launch_date,live_metrics_failed_http_404,2026-07-01,live_metrics_unavailable,http_404,2014-10-09,2026-07-01,low_game_page_not_verified,top_20_ranked_count_gaps_no_metrics,Escalate to alternate list/external sources; archived HTML defers counts to metrics.json and exact metrics endpoints have no CDX rows.
dynamic_placeholder_no_exact_endpoint_archives,Exact metrics and alternate endpoint probes are exhausted; move to broader archived listing/category/search sources.,1,as3 Shootorial #1,Max_Raze,http://www.kongregate.com/games/Max_Raze/as3-shootorial-1,www.kongregate.com/games/max_raze/as3-shootorial-1,3,1,2017-08-25,2017-08-25,0,0,dynamic_metrics_placeholder,0,no_archived_endpoint_rows_observed,24,0,0,0,,,,no,,,2017-08-25,observed_first_seen_not_launch_date,live_metrics_failed_http_404,2026-07-01,live_metrics_unavailable,http_404,2017-08-25,2026-07-01,low_game_page_not_verified,top_20_ranked_count_gaps_no_metrics,Escalate to alternate list/external sources; archived HTML defers counts to metrics.json and exact metrics endpoints have no CDX rows.
dynamic_placeholder_no_exact_endpoint_archives,Exact metrics and alternate endpoint probes are exhausted; move to broader archived listing/category/search sources.,1,Doom II: Hell on Earth,predbannik,http://www.kongregate.com/games/predbannik/doom-ii-hell-on-earth,www.kongregate.com/games/predbannik/doom-ii-hell-on-earth,4,1,2015-09-09,2015-09-09,0,0,dynamic_metrics_placeholder,0,no_archived_endpoint_rows_observed,24,0,0,0,,,,no,,,2015-09-09,observed_first_seen_not_launch_date,live_metrics_failed_http_404,2026-07-01,live_metrics_unavailable,http_404,2015-09-09,2026-07-01,low_game_page_not_verified,top_20_ranked_count_gaps_no_metrics,Escalate to alternate list/external sources; archived HTML defers counts to metrics.json and exact metrics endpoints have no CDX rows.
dynamic_placeholder_no_exact_endpoint_archives,Exact metrics and alternate endpoint probes are exhausted; move to broader archived listing/category/search sources.,1,1p.Story: Death,isketchworks,http://www.kongregate.com/games/isketchworks/1p-story-death,www.kongregate.com/games/isketchworks/1p-story-death,4,1,2016-03-16,2016-03-16,0,0,dynamic_metrics_placeholder,0,no_archived_endpoint_rows_observed,24,0,0,0,,,,no,,,2016-03-16,observed_first_seen_not_launch_date,live_metrics_failed_http_404,2026-07-01,live_metrics_unavailable,http_404,2016-03-16,2026-07-01,low_game_page_not_verified,top_20_ranked_count_gaps_no_metrics,Escalate to alternate list/external sources; archived HTML defers counts to metrics.json and exact metrics endpoints have no CDX rows.
dynamic_placeholder_no_exact_endpoint_archives,Exact metrics and alternate endpoint probes are exhausted; move to broader archived listing/category/search sources.,1,Super Mario Worlds Ep.1: The Dark World (SMB Fan-made Game),yvolcano4,http://www.kongregate.com/games/yvolcano4/super-mario-worlds-ep-1-the-dark-world-smb-fan-made-game,www.kongregate.com/games/yvolcano4/super-mario-worlds-ep-1-the-dark-world-smb-fan-made-game,4,1,2016-09-23,2016-09-23,0,0,dynamic_metrics_placeholder,0,no_archived_endpoint_rows_observed,37,0,0,0,,,,no,,,2016-09-23,observed_first_seen_not_launch_date,live_metrics_failed_http_404,2026-07-01,live_metrics_unavailable,http_404,2016-09-23,2026-07-01,low_game_page_not_verified,top_20_ranked_count_gaps_no_metrics,Escalate to alternate list/external sources; archived HTML defers counts to metrics.json and exact metrics endpoints have no CDX rows.
dynamic_placeholder_no_exact_endpoint_archives,Exact metrics and alternate endpoint probes are exhausted; move to broader archived listing/category/search sources.,1,My Line Of Sight attempt from Construct 2,LeBanging,http://www.kongregate.com/games/LeBanging/my-line-of-sight-attempt-from-construct-2,www.kongregate.com/games/lebanging/my-line-of-sight-attempt-from-construct-2,5,1,2014-09-26,2014-09-26,0,0,dynamic_metrics_placeholder,0,no_archived_endpoint_rows_observed,31,0,0,0,,,,no,,,2014-09-26,observed_first_seen_not_launch_date,live_metrics_failed_http_404,2026-07-01,live_metrics_unavailable,http_404,2014-09-26,2026-07-01,low_game_page_not_verified,top_20_ranked_count_gaps_no_metrics,Escalate to alternate list/external sources; archived HTML defers counts to metrics.json and exact metrics endpoints have no CDX rows.
dynamic_placeholder_no_exact_endpoint_archives,Exact metrics and alternate endpoint probes are exhausted; move to broader archived listing/category/search sources.,1,RPgTest,Nicolo974jtm34,http://www.kongregate.com/games/Nicolo974jtm34/rpgtest,www.kongregate.com/games/nicolo974jtm34/rpgtest,6,2,2014-10-03,2014-10-04,0,0,dynamic_metrics_placeholder,0,no_archived_endpoint_rows_observed,18,0,0,0,,,,no,,,2014-10-03,observed_first_seen_not_launch_date,live_metrics_failed_http_404,2026-07-01,live_metrics_unavailable,http_404,2014-10-04,2026-07-01,low_game_page_not_verified,top_20_ranked_count_gaps_no_metrics,Escalate to alternate list/external sources; archived HTML defers counts to metrics.json and exact metrics endpoints have no CDX rows.
dynamic_placeholder_no_exact_endpoint_archives,Exact metrics and alternate endpoint probes are exhausted; move to broader archived listing/category/search sources.,1,The Super Casual Game,esaffer,http://www.kongregate.com/games/esaffer/the-super-casual-game,www.kongregate.com/games/esaffer/the-super-casual-game,6,1,2016-03-16,2016-03-16,0,0,dynamic_metrics_placeholder,0,no_archived_endpoint_rows_observed,41,0,0,0,,,,no,,,2016-03-16,observed_first_seen_not_launch_date,live_metrics_failed_http_404,2026-06-30,live_metrics_unavailable,http_404,2016-03-16,2026-06-30,low_game_page_not_verified,top_20_ranked_count_gaps_no_metrics,Escalate to alternate list/external sources; archived HTML defers counts to metrics.json and exact metrics endpoints have no CDX rows.
dynamic_placeholder_no_exact_endpoint_archives,Exact metrics and alternate endpoint probes are exhausted; move to broader archived listing/category/search sources.,1,EndGame,SnowdonGames,http://www.kongregate.com/games/SnowdonGames/endgame,www.kongregate.com/games/snowdongames/endgame,6,1,2016-07-27,2016-07-27,0,0,dynamic_metrics_placeholder,0,no_archived_endpoint_rows_observed,31,0,0,0,,,,no,,,2016-07-27,observed_first_seen_not_launch_date,live_metrics_failed_http_404,2026-07-01,live_metrics_unavailable,http_404,2016-07-27,2026-07-01,low_game_page_not_verified,top_20_ranked_count_gaps_no_metrics,Escalate to alternate list/external sources; archived HTML defers counts to metrics.json and exact metrics endpoints have no CDX rows.
dynamic_placeholder_no_exact_endpoint_archives,Exact metrics and alternate endpoint probes are exhausted; move to broader archived listing/category/search sources.,1,Seasonal Farming,phacanu,http://www.kongregate.com/games/phacanu/seasonal-farming,www.kongregate.com/games/phacanu/seasonal-farming,6,1,2017-08-25,2017-08-25,0,0,dynamic_metrics_placeholder,0,no_archived_endpoint_rows_observed,53,0,0,0,,,,no,,,2017-08-25,observed_first_seen_not_launch_date,live_metrics_failed_http_404,2026-06-30,live_metrics_unavailable,http_404,2017-08-25,2026-06-30,low_game_page_not_verified,top_20_ranked_count_gaps_no_metrics,Escalate to alternate list/external sources; archived HTML defers counts to metrics.json and exact metrics endpoints have no CDX rows.
dynamic_placeholder_no_exact_endpoint_archives,Exact metrics and alternate endpoint probes are exhausted; move to broader archived listing/category/search sources.,1,Cloaked,yvolcano4,http://www.kongregate.com/games/yvolcano4/cloaked,www.kongregate.com/games/yvolcano4/cloaked,7,1,2017-08-11,2017-08-11,0,0,dynamic_metrics_placeholder,0,no_archived_endpoint_rows_observed,34,0,0,0,,,,no,,,2017-08-11,observed_first_seen_not_launch_date,live_metrics_failed_http_404,2026-06-30,live_metrics_unavailable,http_404,2017-08-11,2026-06-30,low_game_page_not_verified,top_20_ranked_count_gaps_no_metrics,Escalate to alternate list/external sources; archived HTML defers counts to metrics.json and exact metrics endpoints have no CDX rows.
dynamic_placeholder_no_exact_endpoint_archives,Exact metrics and alternate endpoint probes are exhausted; move to broader archived listing/category/search sources.,1,Coding Masters: Idle,JGGsGames,http://www.kongregate.com/games/JGGsGames/coding-masters-idle,www.kongregate.com/games/jggsgames/coding-masters-idle,9,1,2016-08-13,2016-08-13,0,0,dynamic_metrics_placeholder,0,no_archived_endpoint_rows_observed,30,0,0,0,,idle_clicker,,no,low,name_or_category:idle_clicker,2016-08-13,observed_first_seen_not_launch_date,live_metrics_failed_http_404,2026-06-29,live_metrics_unavailable,http_404,2016-08-13,2026-06-29,low_game_page_not_verified,top_20_ranked_count_gaps_no_metrics,Escalate to alternate list/external sources; archived HTML defers counts to metrics.json and exact metrics endpoints have no CDX rows.
dynamic_placeholder_no_exact_endpoint_archives,Exact metrics and alternate endpoint probes are exhausted; move to broader archived listing/category/search sources.,1,Oldschool tennis (pre-pre-BETA!),ManCave_Studios,http://www.kongregate.com/games/ManCave_Studios/oldschool-tennis-pre-pre-beta,www.kongregate.com/games/mancave_studios/oldschool-tennis-pre-pre-beta,10,1,2014-10-09,2014-10-09,0,0,dynamic_metrics_placeholder,0,no_archived_endpoint_rows_observed,24,0,0,0,,racing_sports,,no,low,name_or_category:racing_sports,2014-10-09,observed_first_seen_not_launch_date,live_metrics_failed_http_404,2026-06-30,live_metrics_unavailable,http_404,2014-10-09,2026-06-30,low_game_page_not_verified,top_20_ranked_count_gaps_no_metrics,Escalate to alternate list/external sources; archived HTML defers counts to metrics.json and exact metrics endpoints have no CDX rows.
dynamic_placeholder_no_exact_endpoint_archives,Exact metrics and alternate endpoint probes are exhausted; move to broader archived listing/category/search sources.,1,GeneSplicer: Hybrid Creator,yvolcano4,http://www.kongregate.com/games/yvolcano4/genesplicer-hybrid-creator,www.kongregate.com/games/yvolcano4/genesplicer-hybrid-creator,10,1,2016-03-20,2016-03-20,0,0,dynamic_metrics_placeholder,0,no_archived_endpoint_rows_observed,35,0,0,0,,,,no,,,2016-03-20,observed_first_seen_not_launch_date,live_metrics_failed_http_404,2026-06-29,live_metrics_unavailable,http_404,2016-03-20,2026-06-29,low_game_page_not_verified,top_20_ranked_count_gaps_no_metrics,Escalate to alternate list/external sources; archived HTML defers counts to metrics.json and exact metrics endpoints have no CDX rows.
dynamic_placeholder_no_exact_endpoint_archives,Exact metrics and alternate endpoint probes are exhausted; move to broader archived listing/category/search sources.,1,The Last Defence 2,siddharth1281998,http://www.kongregate.com/games/siddharth1281998/the-last-defence-2,www.kongregate.com/games/siddharth1281998/the-last-defence-2,10,1,2016-06-13,2016-06-13,0,0,dynamic_metrics_placeholder,0,no_archived_endpoint_rows_observed,30,0,0,0,,,,no,,,2016-06-13,observed_first_seen_not_launch_date,live_metrics_failed_http_404,2026-06-30,live_metrics_unavailable,http_404,2016-06-13,2026-06-30,low_game_page_not_verified,top_20_ranked_count_gaps_no_metrics,Escalate to alternate list/external sources; archived HTML defers counts to metrics.json and exact metrics endpoints have no CDX rows.
dynamic_placeholder_no_exact_endpoint_archives,Exact metrics and alternate endpoint probes are exhausted; move to broader archived listing/category/search sources.,1,Phantom Reverse Episode 2,JackAstral,http://www.kongregate.com/games/JackAstral/phantom-reverse-episode-2,www.kongregate.com/games/jackastral/phantom-reverse-episode-2,10,1,2017-05-26,2017-05-26,0,0,dynamic_metrics_placeholder,0,no_archived_endpoint_rows_observed,24,0,0,0,,,,no,,,2017-05-26,observed_first_seen_not_launch_date,live_metrics_failed_http_404,2026-06-30,live_metrics_unavailable,http_404,2017-05-26,2026-06-30,low_game_page_not_verified,top_20_ranked_count_gaps_no_metrics,Escalate to alternate list/external sources; archived HTML defers counts to metrics.json and exact metrics endpoints have no CDX rows.
dynamic_placeholder_no_exact_endpoint_archives,Exact metrics and alternate endpoint probes are exhausted; move to broader archived listing/category/search sources.,1,Stalked Incubus,HendrikSchiffer,http://www.kongregate.com/games/HendrikSchiffer/stalked-incubus,www.kongregate.com/games/hendrikschiffer/stalked-incubus,11,1,2014-10-17,2014-10-17,0,0,dynamic_metrics_placeholder,0,no_archived_endpoint_rows_observed,33,0,0,0,,,,no,,,2014-10-17,observed_first_seen_not_launch_date,live_metrics_failed_http_404,2026-06-30,live_metrics_unavailable,http_404,2014-10-17,2026-06-30,low_game_page_not_verified,top_20_ranked_count_gaps_no_metrics,Escalate to alternate list/external sources; archived HTML defers counts to metrics.json and exact metrics endpoints have no CDX rows.
dynamic_placeholder_no_exact_endpoint_archives,Exact metrics and alternate endpoint probes are exhausted; move to broader archived listing/category/search sources.,1,Color Switch,OneOnlineGames,http://www.kongregate.com/games/OneOnlineGames/color-switch,www.kongregate.com/games/oneonlinegames/color-switch,11,1,2016-02-17,2016-02-17,0,0,dynamic_metrics_placeholder,0,no_archived_endpoint_rows_observed,24,0,0,0,,,,no,,,2016-02-17,observed_first_seen_not_launch_date,live_metrics_failed_http_404,2026-06-30,live_metrics_unavailable,http_404,2016-02-17,2026-06-30,low_game_page_not_verified,top_20_ranked_count_gaps_no_metrics,Escalate to alternate list/external sources; archived HTML defers counts to metrics.json and exact metrics endpoints have no CDX rows.
dynamic_placeholder_no_exact_endpoint_archives,Exact metrics and alternate endpoint probes are exhausted; move to broader archived listing/category/search sources.,1,Heroes of Myths,robbert4,http://www.kongregate.com/games/robbert4/heroes-of-myths,www.kongregate.com/games/robbert4/heroes-of-myths,11,1,2017-05-05,2017-05-05,0,0,dynamic_metrics_placeholder,0,no_archived_endpoint_rows_observed,29,0,0,0,,,,no,,,2017-05-05,observed_first_seen_not_launch_date,live_metrics_failed_http_404,2026-06-30,live_metrics_unavailable,http_404,2017-05-05,2026-06-30,low_game_page_not_verified,top_20_ranked_count_gaps_no_metrics,Escalate to alternate list/external sources; archived HTML defers counts to metrics.json and exact metrics endpoints have no CDX rows.
dynamic_placeholder_no_exact_endpoint_archives,Exact metrics and alternate endpoint probes are exhausted; move to broader archived listing/category/search sources.,1,Plants vs. Zombies: Apocalypse,jonthegreat711,http://www.kongregate.com/games/jonthegreat711/plants-vs-zombies-apocalypse,www.kongregate.com/games/jonthegreat711/plants-vs-zombies-apocalypse,11,1,2017-07-12,2017-07-12,0,0,dynamic_metrics_placeholder,0,no_archived_endpoint_rows_observed,24,0,0,0,,,,no,,,2017-07-12,observed_first_seen_not_launch_date,live_metrics_failed_http_404,2026-06-30,live_metrics_unavailable,http_404,2017-07-12,2026-06-30,low_game_page_not_verified,top_20_ranked_count_gaps_no_metrics,Escalate to alternate list/external sources; archived HTML defers counts to metrics.json and exact metrics endpoints have no CDX rows.
dynamic_placeholder_no_exact_endpoint_archives,Exact metrics and alternate endpoint probes are exhausted; move to broader archived listing/category/search sources.,1,GravityHunt,GravityHunt,http://www.kongregate.com/games/GravityHunt/gravityhunt,www.kongregate.com/games/gravityhunt/gravityhunt,13,1,2014-09-14,2014-09-14,0,0,dynamic_metrics_placeholder,0,no_archived_endpoint_rows_observed,34,0,0,0,,,,no,,,2014-09-14,observed_first_seen_not_launch_date,live_metrics_failed_http_404,2026-06-30,live_metrics_unavailable,http_404,2014-09-14,2026-06-30,low_game_page_not_verified,top_20_ranked_count_gaps_no_metrics,Escalate to alternate list/external sources; archived HTML defers counts to metrics.json and exact metrics endpoints have no CDX rows.
dynamic_placeholder_no_exact_endpoint_archives,Exact metrics and alternate endpoint probes are exhausted; move to broader archived listing/category/search sources.,1,Gray Tank,domjotebit,http://www.kongregate.com/games/domjotebit/gray-tank,www.kongregate.com/games/domjotebit/gray-tank,13,1,2016-06-05,2016-06-05,0,0,dynamic_metrics_placeholder,0,no_archived_endpoint_rows_observed,24,0,0,0,,,,no,,,2016-06-05,observed_first_seen_not_launch_date,live_metrics_failed_http_404,2026-06-30,live_metrics_unavailable,http_404,2016-06-05,2026-06-30,low_game_page_not_verified,top_20_ranked_count_gaps_no_metrics,Escalate to alternate list/external sources; archived HTML defers counts to metrics.json and exact metrics endpoints have no CDX rows.
dynamic_placeholder_no_exact_endpoint_archives,Exact metrics and alternate endpoint probes are exhausted; move to broader archived listing/category/search sources.,1,Idle Game Dev,Blobzone,http://www.kongregate.com/games/Blobzone/idle-game-dev,www.kongregate.com/games/blobzone/idle-game-dev,13,1,2016-07-20,2016-07-20,0,0,dynamic_metrics_placeholder,0,no_archived_endpoint_rows_observed,24,0,0,0,,idle_clicker,,no,low,name_or_category:idle_clicker,2016-07-20,observed_first_seen_not_launch_date,live_metrics_failed_http_404,2026-06-30,live_metrics_unavailable,http_404,2016-07-20,2026-06-30,low_game_page_not_verified,top_20_ranked_count_gaps_no_metrics,Escalate to alternate list/external sources; archived HTML defers counts to metrics.json and exact metrics endpoints have no CDX rows.
dynamic_placeholder_no_exact_endpoint_archives,Exact metrics and alternate endpoint probes are exhausted; move to broader archived listing/category/search sources.,1,Shoot the Roy Minions,coolstronggames,http://www.kongregate.com/games/coolstronggames/shoot-the-roy-minions,www.kongregate.com/games/coolstronggames/shoot-the-roy-minions,13,1,2017-08-17,2017-08-17,0,0,dynamic_metrics_placeholder,0,no_archived_endpoint_rows_observed,24,0,0,0,,,,no,,,2017-08-17,observed_first_seen_not_launch_date,live_metrics_failed_http_404,2026-06-30,live_metrics_unavailable,http_404,2017-08-17,2026-06-30,low_game_page_not_verified,top_20_ranked_count_gaps_no_metrics,Escalate to alternate list/external sources; archived HTML defers counts to metrics.json and exact metrics endpoints have no CDX rows.
dynamic_placeholder_no_exact_endpoint_archives,Exact metrics and alternate endpoint probes are exhausted; move to broader archived listing/category/search sources.,1,Fighting For Glorton 1.2v,Zueirao34,http://www.kongregate.com/games/Zueirao34/fighting-for-glorton-1-2v,www.kongregate.com/games/zueirao34/fighting-for-glorton-1-2v,13,1,2017-09-04,2017-09-04,0,0,dynamic_metrics_placeholder,0,no_archived_endpoint_rows_observed,30,0,0,0,,,,no,,,2017-09-04,observed_first_seen_not_launch_date,live_metrics_failed_http_404,2026-06-30,live_metrics_unavailable,http_404,2017-09-04,2026-06-30,low_game_page_not_verified,top_20_ranked_count_gaps_no_metrics,Escalate to alternate list/external sources; archived HTML defers counts to metrics.json and exact metrics endpoints have no CDX rows.
dynamic_placeholder_no_exact_endpoint_archives,Exact metrics and alternate endpoint probes are exhausted; move to broader archived listing/category/search sources.,1,Idle Capitalist 6,KasparsM,http://www.kongregate.com/games/KasparsM/idle-capitalist-6,www.kongregate.com/games/kasparsm/idle-capitalist-6,14,1,2015-09-09,2015-09-09,0,0,dynamic_metrics_placeholder,0,no_archived_endpoint_rows_observed,35,0,0,0,,idle_clicker,,no,low,name_or_category:idle_clicker,2015-09-09,observed_first_seen_not_launch_date,live_metrics_failed_http_404,2026-06-30,live_metrics_unavailable,http_404,2015-09-09,2026-06-30,low_game_page_not_verified,top_20_ranked_count_gaps_no_metrics,Escalate to alternate list/external sources; archived HTML defers counts to metrics.json and exact metrics endpoints have no CDX rows.
dynamic_placeholder_no_exact_endpoint_archives,Exact metrics and alternate endpoint probes are exhausted; move to broader archived listing/category/search sources.,1,Yandere - Heartbreak,swiftmoon12,http://www.kongregate.com/games/swiftmoon12/yandere-heartbreak,www.kongregate.com/games/swiftmoon12/yandere-heartbreak,14,1,2016-08-20,2016-08-20,0,0,dynamic_metrics_placeholder,0,no_archived_endpoint_rows_observed,24,0,0,0,,,,no,,,2016-08-20,observed_first_seen_not_launch_date,live_metrics_failed_http_404,2026-06-30,live_metrics_unavailable,http_404,2016-08-20,2026-06-30,low_game_page_not_verified,top_20_ranked_count_gaps_no_metrics,Escalate to alternate list/external sources; archived HTML defers counts to metrics.json and exact metrics endpoints have no CDX rows.
dynamic_placeholder_no_exact_endpoint_archives,Exact metrics and alternate endpoint probes are exhausted; move to broader archived listing/category/search sources.,1,Bloosso Run,JurgisT,http://www.kongregate.com/games/JurgisT/bloosso-run,www.kongregate.com/games/jurgist/bloosso-run,15,1,2016-05-15,2016-05-15,0,0,dynamic_metrics_placeholder,0,no_archived_endpoint_rows_observed,24,0,0,0,,,,no,,,2016-05-15,observed_first_seen_not_launch_date,live_metrics_failed_http_404,2026-06-30,live_metrics_unavailable,http_404,2016-05-15,2026-06-30,low_game_page_not_verified,top_20_ranked_count_gaps_no_metrics,Escalate to alternate list/external sources; archived HTML defers counts to metrics.json and exact metrics endpoints have no CDX rows.
dynamic_placeholder_no_exact_endpoint_archives,Exact metrics and alternate endpoint probes are exhausted; move to broader archived listing/category/search sources.,1,The ball game,danwon67,http://www.kongregate.com/games/danwon67/the-ball-game,www.kongregate.com/games/danwon67/the-ball-game,15,1,2016-07-14,2016-07-14,0,0,dynamic_metrics_placeholder,0,no_archived_endpoint_rows_observed,24,0,0,0,,,,no,,,2016-07-14,observed_first_seen_not_launch_date,live_metrics_failed_http_404,2026-06-30,live_metrics_unavailable,http_404,2016-07-14,2026-06-30,low_game_page_not_verified,top_20_ranked_count_gaps_no_metrics,Escalate to alternate list/external sources; archived HTML defers counts to metrics.json and exact metrics endpoints have no CDX rows.
dynamic_placeholder_no_exact_endpoint_archives,Exact metrics and alternate endpoint probes are exhausted; move to broader archived listing/category/search sources.,1,DON'T DESTROY THE BALL!,phacanu,http://www.kongregate.com/games/phacanu/dont-destroy-the-ball,www.kongregate.com/games/phacanu/dont-destroy-the-ball,15,1,2017-06-04,2017-06-04,0,0,dynamic_metrics_placeholder,0,no_archived_endpoint_rows_observed,24,0,0,0,,,,no,,,2017-06-04,observed_first_seen_not_launch_date,live_metrics_failed_http_404,2026-06-30,live_metrics_unavailable,http_404,2017-06-04,2026-06-30,low_game_page_not_verified,top_20_ranked_count_gaps_no_metrics,Escalate to alternate list/external sources; archived HTML defers counts to metrics.json and exact metrics endpoints have no CDX rows.
dynamic_placeholder_no_exact_endpoint_archives,Exact metrics and alternate endpoint probes are exhausted; move to broader archived listing/category/search sources.,1,Doblons.oi,Zueirao34,http://www.kongregate.com/games/Zueirao34/doblons-oi,www.kongregate.com/games/zueirao34/doblons-oi,15,1,2017-09-04,2017-09-04,0,0,dynamic_metrics_placeholder,0,no_archived_endpoint_rows_observed,30,0,0,0,,,,no,,,2017-09-04,observed_first_seen_not_launch_date,live_metrics_failed_http_404,2026-06-30,live_metrics_unavailable,http_404,2017-09-04,2026-06-30,low_game_page_not_verified,top_20_ranked_count_gaps_no_metrics,Escalate to alternate list/external sources; archived HTML defers counts to metrics.json and exact metrics endpoints have no CDX rows.
dynamic_placeholder_no_exact_endpoint_archives,Exact metrics and alternate endpoint probes are exhausted; move to broader archived listing/category/search sources.,1,Moto Jumper,darekapps,http://www.kongregate.com/games/darekapps/moto-jumper,www.kongregate.com/games/darekapps/moto-jumper,15,1,2017-10-08,2017-10-08,0,0,dynamic_metrics_placeholder,0,no_archived_endpoint_rows_observed,24,0,0,0,,,,no,,,2017-10-08,observed_first_seen_not_launch_date,live_metrics_failed_http_404,2026-06-30,live_metrics_unavailable,http_404,2017-10-08,2026-06-30,low_game_page_not_verified,top_20_ranked_count_gaps_no_metrics,Escalate to alternate list/external sources; archived HTML defers counts to metrics.json and exact metrics endpoints have no CDX rows.
dynamic_placeholder_no_exact_endpoint_archives,Exact metrics and alternate endpoint probes are exhausted; move to broader archived listing/category/search sources.,1,Peppa Pig Ice Cream Shop,lemonindieg,http://www.kongregate.com/games/lemonindieg/peppa-pig-ice-cream-shop,www.kongregate.com/games/lemonindieg/peppa-pig-ice-cream-shop,16,1,2014-10-13,2014-10-13,0,0,dynamic_metrics_placeholder,0,no_archived_endpoint_rows_observed,24,0,0,0,,,,no,,,2014-10-13,observed_first_seen_not_launch_date,live_metrics_failed_http_404,2026-06-30,live_metrics_unavailable,http_404,2014-10-13,2026-06-30,low_game_page_not_verified,top_20_ranked_count_gaps_no_metrics,Escalate to alternate list/external sources; archived HTML defers counts to metrics.json and exact metrics endpoints have no CDX rows.
dynamic_placeholder_no_exact_endpoint_archives,Exact metrics and alternate endpoint probes are exhausted; move to broader archived listing/category/search sources.,1,Kuizi Autoshkolla - Testi 1,del7244009,http://www.kongregate.com/games/del7244009/kuizi-autoshkolla-testi-1,www.kongregate.com/games/del7244009/kuizi-autoshkolla-testi-1,16,1,2015-09-03,2015-09-03,0,0,dynamic_metrics_placeholder,0,no_archived_endpoint_rows_observed,24,0,0,0,,,,no,,,2015-09-03,observed_first_seen_not_launch_date,live_metrics_failed_http_404,2026-06-30,live_metrics_unavailable,http_404,2015-09-03,2026-06-30,low_game_page_not_verified,top_20_ranked_count_gaps_no_metrics,Escalate to alternate list/external sources; archived HTML defers counts to metrics.json and exact metrics endpoints have no CDX rows.
dynamic_placeholder_no_exact_endpoint_archives,Exact metrics and alternate endpoint probes are exhausted; move to broader archived listing/category/search sources.,1,Chat Public or Private,MrBaidu,http://www.kongregate.com/games/MrBaidu/chat-public-or-private,www.kongregate.com/games/mrbaidu/chat-public-or-private,16,1,2016-07-27,2016-07-27,0,0,dynamic_metrics_placeholder,0,no_archived_endpoint_rows_observed,31,0,0,0,,,,no,,,2016-07-27,observed_first_seen_not_launch_date,live_metrics_failed_http_404,2026-06-30,live_metrics_unavailable,http_404,2016-07-27,2026-06-30,low_game_page_not_verified,top_20_ranked_count_gaps_no_metrics,Escalate to alternate list/external sources; archived HTML defers counts to metrics.json and exact metrics endpoints have no CDX rows.
dynamic_placeholder_no_exact_endpoint_archives,Exact metrics and alternate endpoint probes are exhausted; move to broader archived listing/category/search sources.,1,Maze Platformer,Erendis42,http://www.kongregate.com/games/Erendis42/maze-platformer,www.kongregate.com/games/erendis42/maze-platformer,16,1,2016-08-05,2016-08-05,0,0,dynamic_metrics_placeholder,0,no_archived_endpoint_rows_observed,24,0,0,0,,,,no,,,2016-08-05,observed_first_seen_not_launch_date,live_metrics_failed_http_404,2026-06-30,live_metrics_unavailable,http_404,2016-08-05,2026-06-30,low_game_page_not_verified,top_20_ranked_count_gaps_no_metrics,Escalate to alternate list/external sources; archived HTML defers counts to metrics.json and exact metrics endpoints have no CDX rows.
dynamic_placeholder_no_exact_endpoint_archives,Exact metrics and alternate endpoint probes are exhausted; move to broader archived listing/category/search sources.,1,Christmas Memory,mafagames,http://www.kongregate.com/games/mafagames/christmas-memory,www.kongregate.com/games/mafagames/christmas-memory,16,1,2016-10-10,2016-10-10,0,0,dynamic_metrics_placeholder,0,no_archived_endpoint_rows_observed,35,0,0,0,,,,no,,,2016-10-10,observed_first_seen_not_launch_date,live_metrics_failed_http_404,2026-06-30,live_metrics_unavailable,http_404,2016-10-10,2026-06-30,low_game_page_not_verified,top_20_ranked_count_gaps_no_metrics,Escalate to alternate list/external sources; archived HTML defers counts to metrics.json and exact metrics endpoints have no CDX rows.
dynamic_placeholder_no_exact_endpoint_archives,Exact metrics and alternate endpoint probes are exhausted; move to broader archived listing/category/search sources.,1,Two Man Hockey,smatthews1999,http://www.kongregate.com/games/smatthews1999/two-man-hockey,www.kongregate.com/games/smatthews1999/two-man-hockey,16,1,2017-05-05,2017-05-05,0,0,dynamic_metrics_placeholder,0,no_archived_endpoint_rows_observed,24,0,0,0,,,,no,,,2017-05-05,observed_first_seen_not_launch_date,live_metrics_failed_http_404,2026-06-30,live_metrics_unavailable,http_404,2017-05-05,2026-06-30,low_game_page_not_verified,top_20_ranked_count_gaps_no_metrics,Escalate to alternate list/external sources; archived HTML defers counts to metrics.json and exact metrics endpoints have no CDX rows.
dynamic_placeholder_no_exact_endpoint_archives,Exact metrics and alternate endpoint probes are exhausted; move to broader archived listing/category/search sources.,1,Figure Fighting 2.4 Beta,Zueirao34,http://www.kongregate.com/games/Zueirao34/figure-fighting-2-4-beta,www.kongregate.com/games/zueirao34/figure-fighting-2-4-beta,16,1,2017-09-04,2017-09-04,0,0,dynamic_metrics_placeholder,0,no_archived_endpoint_rows_observed,30,0,0,0,,,,no,,,2017-09-04,observed_first_seen_not_launch_date,live_metrics_failed_http_404,2026-06-30,live_metrics_unavailable,http_404,2017-09-04,2026-06-30,low_game_page_not_verified,top_20_ranked_count_gaps_no_metrics,Escalate to alternate list/external sources; archived HTML defers counts to metrics.json and exact metrics endpoints have no CDX rows.
dynamic_placeholder_no_exact_endpoint_archives,Exact metrics and alternate endpoint probes are exhausted; move to broader archived listing/category/search sources.,1,Kuiz për Australinë,del7244009,http://www.kongregate.com/games/del7244009/kuiz-p-r-australin,www.kongregate.com/games/del7244009/kuiz-p-r-australin,17,1,2015-09-03,2015-09-03,0,0,dynamic_metrics_placeholder,0,no_archived_endpoint_rows_observed,35,0,0,0,,,,no,,,2015-09-03,observed_first_seen_not_launch_date,live_metrics_failed_http_404,2026-06-30,live_metrics_unavailable,http_404,2015-09-03,2026-06-30,low_game_page_not_verified,top_20_ranked_count_gaps_no_metrics,Escalate to alternate list/external sources; archived HTML defers counts to metrics.json and exact metrics endpoints have no CDX rows.
dynamic_placeholder_no_exact_endpoint_archives,Exact metrics and alternate endpoint probes are exhausted; move to broader archived listing/category/search sources.,1,HitlerVsVikings,Naoisi_Swaz,http://www.kongregate.com/games/Naoisi_Swaz/hitlervsvikings,www.kongregate.com/games/naoisi_swaz/hitlervsvikings,17,1,2016-07-07,2016-07-07,0,0,dynamic_metrics_placeholder,0,no_archived_endpoint_rows_observed,24,0,0,0,,,,no,,,2016-07-07,observed_first_seen_not_launch_date,live_metrics_failed_http_404,2026-06-30,live_metrics_unavailable,http_404,2016-07-07,2026-06-30,low_game_page_not_verified,top_20_ranked_count_gaps_no_metrics,Escalate to alternate list/external sources; archived HTML defers counts to metrics.json and exact metrics endpoints have no CDX rows.
dynamic_placeholder_no_exact_endpoint_archives,Exact metrics and alternate endpoint probes are exhausted; move to broader archived listing/category/search sources.,1,Kongpanion Friend Generator,yvolcano4,http://www.kongregate.com/games/yvolcano4/kongpanion-friend-generator,www.kongregate.com/games/yvolcano4/kongpanion-friend-generator,17,1,2016-08-05,2016-08-05,0,0,dynamic_metrics_placeholder,0,no_archived_endpoint_rows_observed,30,0,0,0,,,,no,,,2016-08-05,observed_first_seen_not_launch_date,live_metrics_failed_http_404,2026-06-30,live_metrics_unavailable,http_404,2016-08-05,2026-06-30,low_game_page_not_verified,top_20_ranked_count_gaps_no_metrics,Escalate to alternate list/external sources; archived HTML defers counts to metrics.json and exact metrics endpoints have no CDX rows.
dynamic_placeholder_no_exact_endpoint_archives,Exact metrics and alternate endpoint probes are exhausted; move to broader archived listing/category/search sources.,1,Flap Cat Halloween,mafagames,http://www.kongregate.com/games/mafagames/flap-cat-halloween,www.kongregate.com/games/mafagames/flap-cat-halloween,17,1,2016-10-10,2016-10-10,0,0,dynamic_metrics_placeholder,0,no_archived_endpoint_rows_observed,24,0,0,0,,,,no,,,2016-10-10,observed_first_seen_not_launch_date,live_metrics_failed_http_404,2026-06-30,live_metrics_unavailable,http_404,2016-10-10,2026-06-30,low_game_page_not_verified,top_20_ranked_count_gaps_no_metrics,Escalate to alternate list/external sources; archived HTML defers counts to metrics.json and exact metrics endpoints have no CDX rows.
dynamic_placeholder_no_exact_endpoint_archives,Exact metrics and alternate endpoint probes are exhausted; move to broader archived listing/category/search sources.,1,Life Of A Golf Ball,lubo36,http://www.kongregate.com/games/lubo36/life-of-a-golf-ball,www.kongregate.com/games/lubo36/life-of-a-golf-ball,17,1,2017-11-06,2017-11-06,0,0,dynamic_metrics_placeholder,0,no_archived_endpoint_rows_observed,24,0,0,0,,,,no,,,2017-11-06,observed_first_seen_not_launch_date,live_metrics_failed_http_404,2026-06-30,live_metrics_unavailable,http_404,2017-11-06,2026-06-30,low_game_page_not_verified,top_20_ranked_count_gaps_no_metrics,Escalate to alternate list/external sources; archived HTML defers counts to metrics.json and exact metrics endpoints have no CDX rows.
no_game_page_or_endpoint_archives,No exact game-page or endpoint count source remains; use ranked/listing echoes and lifecycle metadata only unless new sources are added.,1,Last Warrior,sstudioss,http://www.kongregate.com/games/sstudioss/last-warrior,www.kongregate.com/games/sstudioss/last-warrior,1,1,2014-09-02,2014-09-02,0,0,no_page_cdx_rows,0,no_archived_endpoint_rows_observed,23,0,0,0,,,,no,,,2014-09-02,observed_first_seen_not_launch_date,live_metrics_failed_http_404,2026-07-01,live_metrics_unavailable,http_404,2014-09-02,2026-07-01,low_game_page_not_verified,top_20_ranked_count_gaps_no_metrics,Escalate to alternate count sources; checked page URL variants have no usable CDX rows.
no_game_page_or_endpoint_archives,No exact game-page or endpoint count source remains; use ranked/listing echoes and lifecycle metadata only unless new sources are added.,1,SpaceWarrior,listenme02,http://www.kongregate.com/games/listenme02/spacewarrior,www.kongregate.com/games/listenme02/spacewarrior,1,1,2014-09-12,2014-09-12,0,0,no_page_cdx_rows,0,no_archived_endpoint_rows_observed,15,0,0,0,,,,no,,,2014-09-12,observed_first_seen_not_launch_date,live_metrics_failed_http_404,2026-07-01,live_metrics_unavailable,http_404,2014-09-12,2026-07-01,low_game_page_not_verified,top_20_ranked_count_gaps_no_metrics,Escalate to alternate count sources; checked page URL variants have no usable CDX rows.
no_game_page_or_endpoint_archives,No exact game-page or endpoint count source remains; use ranked/listing echoes and lifecycle metadata only unless new sources are added.,1,The Saga Of The Wind Mobiles,GhostTheFi,http://www.kongregate.com/games/GhostTheFi/the-saga-of-the-wind-mobiles,www.kongregate.com/games/ghostthefi/the-saga-of-the-wind-mobiles,1,1,2016-06-29,2016-06-29,0,0,no_page_cdx_rows,0,no_archived_endpoint_rows_observed,20,0,0,0,,,,no,,,2016-06-29,observed_first_seen_not_launch_date,live_metrics_failed_http_404,2026-07-01,live_metrics_unavailable,http_404,2016-06-29,2026-07-01,low_game_page_not_verified,top_20_ranked_count_gaps_no_metrics,Escalate to alternate count sources; checked page URL variants have no usable CDX rows.
no_game_page_or_endpoint_archives,No exact game-page or endpoint count source remains; use ranked/listing echoes and lifecycle metadata only unless new sources are added.,1,as3q32@gmail.com,W3STS1DE,http://www.kongregate.com/games/W3STS1DE/as3q32-gmail-com,www.kongregate.com/games/w3sts1de/as3q32-gmail-com,1,1,2016-07-07,2016-07-07,0,0,no_page_cdx_rows,0,no_archived_endpoint_rows_observed,28,0,0,0,,,,no,,,2016-07-07,observed_first_seen_not_launch_date,live_metrics_failed_http_404,2026-07-01,live_metrics_unavailable,http_404,2016-07-07,2026-07-01,low_game_page_not_verified,top_20_ranked_count_gaps_no_metrics,Escalate to alternate count sources; checked page URL variants have no usable CDX rows.
no_game_page_or_endpoint_archives,No exact game-page or endpoint count source remains; use ranked/listing echoes and lifecycle metadata only unless new sources are added.,1,Football Legends 2016,CoralCnora,http://www.kongregate.com/games/CoralCnora/football-legends-2016,www.kongregate.com/games/coralcnora/football-legends-2016,1,1,2017-09-30,2017-09-30,0,0,no_page_cdx_rows,0,no_archived_endpoint_rows_observed,35,0,0,0,,racing_sports,,no,low,name_or_category:racing_sports,2017-09-30,observed_first_seen_not_launch_date,live_metrics_failed_http_404,2026-07-01,live_metrics_unavailable,http_404,2017-09-30,2026-07-01,low_game_page_not_verified,top_20_ranked_count_gaps_no_metrics,Escalate to alternate count sources; checked page URL variants have no usable CDX rows.
no_game_page_or_endpoint_archives,No exact game-page or endpoint count source remains; use ranked/listing echoes and lifecycle metadata only unless new sources are added.,1,StormFall,playman2,http://www.kongregate.com/games/playman2/stormfall,www.kongregate.com/games/playman2/stormfall,2,1,2014-09-05,2014-09-05,0,0,no_page_cdx_rows,0,no_archived_endpoint_rows_observed,22,0,0,0,,,,no,,,2014-09-05,observed_first_seen_not_launch_date,live_metrics_failed_http_404,2026-07-01,live_metrics_unavailable,http_404,2014-09-05,2026-07-01,low_game_page_not_verified,top_20_ranked_count_gaps_no_metrics,Escalate to alternate count sources; checked page URL variants have no usable CDX rows.
no_game_page_or_endpoint_archives,No exact game-page or endpoint count source remains; use ranked/listing echoes and lifecycle metadata only unless new sources are added.,1,Caralhinhos Voadores - Age Of Delicia,maxwell06,http://www.kongregate.com/games/maxwell06/caralhinhos-voadores-age-of-delicia,www.kongregate.com/games/maxwell06/caralhinhos-voadores-age-of-delicia,2,1,2014-10-03,2014-10-03,0,0,no_page_cdx_rows,0,no_archived_endpoint_rows_observed,36,0,0,0,,,,no,,,2014-10-03,observed_first_seen_not_launch_date,live_metrics_failed_http_404,2026-07-01,live_metrics_unavailable,http_404,2014-10-03,2026-07-01,low_game_page_not_verified,top_20_ranked_count_gaps_no_metrics,Escalate to alternate count sources; checked page URL variants have no usable CDX rows.
no_game_page_or_endpoint_archives,No exact game-page or endpoint count source remains; use ranked/listing echoes and lifecycle metadata only unless new sources are added.,1,Animator Vs Animation (BETA),MyLittle1,http://www.kongregate.com/games/MyLittle1/animator-vs-animation-beta,www.kongregate.com/games/mylittle1/animator-vs-animation-beta,2,1,2015-09-09,2015-09-09,0,0,no_page_cdx_rows,0,no_archived_endpoint_rows_observed,34,0,0,0,,,,no,,,2015-09-09,observed_first_seen_not_launch_date,live_metrics_failed_http_404,2026-07-01,live_metrics_unavailable,http_404,2015-09-09,2026-07-01,low_game_page_not_verified,top_20_ranked_count_gaps_no_metrics,Escalate to alternate count sources; checked page URL variants have no usable CDX rows.
no_game_page_or_endpoint_archives,No exact game-page or endpoint count source remains; use ranked/listing echoes and lifecycle metadata only unless new sources are added.,1,jhghj,Ladybugluver,http://www.kongregate.com/games/Ladybugluver/jhghj,www.kongregate.com/games/ladybugluver/jhghj,2,1,2016-07-07,2016-07-07,0,0,no_page_cdx_rows,0,no_archived_endpoint_rows_observed,12,0,0,0,,,,no,,,2016-07-07,observed_first_seen_not_launch_date,live_metrics_failed_http_404,2026-07-01,live_metrics_unavailable,http_404,2016-07-07,2026-07-01,low_game_page_not_verified,top_20_ranked_count_gaps_no_metrics,Escalate to alternate count sources; checked page URL variants have no usable CDX rows.
no_game_page_or_endpoint_archives,No exact game-page or endpoint count source remains; use ranked/listing echoes and lifecycle metadata only unless new sources are added.,1,Ballamos,SherOnDale13,http://www.kongregate.com/games/SherOnDale13/ballamos,www.kongregate.com/games/sherondale13/ballamos,2,1,2016-09-23,2016-09-23,0,0,no_page_cdx_rows,0,no_archived_endpoint_rows_observed,23,0,0,0,,,,no,,,2016-09-23,observed_first_seen_not_launch_date,live_metrics_failed_http_404,2026-07-01,live_metrics_unavailable,http_404,2016-09-23,2026-07-01,low_game_page_not_verified,top_20_ranked_count_gaps_no_metrics,Escalate to alternate count sources; checked page URL variants have no usable CDX rows.
no_game_page_or_endpoint_archives,No exact game-page or endpoint count source remains; use ranked/listing echoes and lifecycle metadata only unless new sources are added.,1,Raze 3,CoralCnora,http://www.kongregate.com/games/CoralCnora/raze-3,www.kongregate.com/games/coralcnora/raze-3,2,1,2017-09-30,2017-09-30,0,0,no_page_cdx_rows,0,no_archived_endpoint_rows_observed,39,0,0,0,,,,no,,,2017-09-30,observed_first_seen_not_launch_date,live_metrics_failed_http_404,2026-07-01,live_metrics_unavailable,http_404,2017-09-30,2026-07-01,low_game_page_not_verified,top_20_ranked_count_gaps_no_metrics,Escalate to alternate count sources; checked page URL variants have no usable CDX rows.
no_game_page_or_endpoint_archives,No exact game-page or endpoint count source remains; use ranked/listing echoes and lifecycle metadata only unless new sources are added.,1,AstroLords,rub_en02,http://www.kongregate.com/games/rub_en02/astrolords,www.kongregate.com/games/rub_en02/astrolords,3,1,2014-09-05,2014-09-05,0,0,no_page_cdx_rows,0,no_archived_endpoint_rows_observed,34,0,0,0,,,,no,,,2014-09-05,observed_first_seen_not_launch_date,live_metrics_failed_http_404,2026-07-01,live_metrics_unavailable,http_404,2014-09-05,2026-07-01,low_game_page_not_verified,top_20_ranked_count_gaps_no_metrics,Escalate to alternate count sources; checked page URL variants have no usable CDX rows.
no_game_page_or_endpoint_archives,No exact game-page or endpoint count source remains; use ranked/listing echoes and lifecycle metadata only unless new sources are added.,1,Session Key Viewer,disposableernst,http://www.kongregate.com/games/disposableernst/session-key-viewer,www.kongregate.com/games/disposableernst/session-key-viewer,3,1,2015-09-15,2015-09-15,0,0,no_page_cdx_rows,0,no_archived_endpoint_rows_observed,35,0,0,0,,,,no,,,2015-09-15,observed_first_seen_not_launch_date,live_metrics_failed_http_404,2026-07-01,live_metrics_unavailable,http_404,2015-09-15,2026-07-01,low_game_page_not_verified,top_20_ranked_count_gaps_no_metrics,Escalate to alternate count sources; checked page URL variants have no usable CDX rows.
no_game_page_or_endpoint_archives,No exact game-page or endpoint count source remains; use ranked/listing echoes and lifecycle metadata only unless new sources are added.,1,Vape Naysh Vs The Memes Beta1,Life_Glug,http://www.kongregate.com/games/Life_Glug/vape-naysh-vs-the-memes-beta1,www.kongregate.com/games/life_glug/vape-naysh-vs-the-memes-beta1,3,1,2016-06-05,2016-06-05,0,0,no_page_cdx_rows,0,no_archived_endpoint_rows_observed,35,0,0,0,,,,no,,,2016-06-05,observed_first_seen_not_launch_date,live_metrics_failed_http_404,2026-07-01,live_metrics_unavailable,http_404,2016-06-05,2026-07-01,low_game_page_not_verified,top_20_ranked_count_gaps_no_metrics,Escalate to alternate count sources; checked page URL variants have no usable CDX rows.
no_game_page_or_endpoint_archives,No exact game-page or endpoint count source remains; use ranked/listing echoes and lifecycle metadata only unless new sources are added.,1,Dot Snap Battle,odiusfly,http://www.kongregate.com/games/odiusfly/dot-snap-battle,www.kongregate.com/games/odiusfly/dot-snap-battle,3,1,2017-09-20,2017-09-20,0,0,no_page_cdx_rows,0,no_archived_endpoint_rows_observed,35,0,0,0,,,,no,low,title_or_slug_social_strategy_terms,2017-09-20,observed_first_seen_not_launch_date,live_metrics_failed_http_404,2026-07-01,live_metrics_unavailable,http_404,2017-09-20,2026-07-01,low_game_page_not_verified,top_20_ranked_count_gaps_no_metrics,Escalate to alternate count sources; checked page URL variants have no usable CDX rows.
no_game_page_or_endpoint_archives,No exact game-page or endpoint count source remains; use ranked/listing echoes and lifecycle metadata only unless new sources are added.,1,Rise of Mythos,evrybody_02,http://www.kongregate.com/games/evrybody_02/rise-of-mythos,www.kongregate.com/games/evrybody_02/rise-of-mythos,4,1,2014-09-19,2014-09-19,0,0,no_page_cdx_rows,0,no_archived_endpoint_rows_observed,38,0,0,0,,,,no,,,2014-09-19,observed_first_seen_not_launch_date,live_metrics_failed_http_404,2026-07-01,live_metrics_unavailable,http_404,2014-09-19,2026-07-01,low_game_page_not_verified,top_20_ranked_count_gaps_no_metrics,Escalate to alternate count sources; checked page URL variants have no usable CDX rows.
no_game_page_or_endpoint_archives,No exact game-page or endpoint count source remains; use ranked/listing echoes and lifecycle metadata only unless new sources are added.,1,E-Sim,evrybody_02,http://www.kongregate.com/games/evrybody_02/e-sim,www.kongregate.com/games/evrybody_02/e-sim,5,1,2014-09-19,2014-09-19,0,0,no_page_cdx_rows,0,no_archived_endpoint_rows_observed,40,0,0,0,,,,no,,,2014-09-19,observed_first_seen_not_launch_date,live_metrics_failed_http_404,2026-07-01,live_metrics_unavailable,http_404,2014-09-19,2026-07-01,low_game_page_not_verified,top_20_ranked_count_gaps_no_metrics,Escalate to alternate count sources; checked page URL variants have no usable CDX rows.
no_game_page_or_endpoint_archives,No exact game-page or endpoint count source remains; use ranked/listing echoes and lifecycle metadata only unless new sources are added.,1,I'ts a lamp?,EdoByte,http://www.kongregate.com/games/EdoByte/its-a-lamp,www.kongregate.com/games/edobyte/its-a-lamp,5,1,2014-10-29,2014-10-29,0,0,no_page_cdx_rows,0,no_archived_endpoint_rows_observed,25,0,0,0,,,,no,,,2014-10-29,observed_first_seen_not_launch_date,live_metrics_failed_http_404,2026-07-01,live_metrics_unavailable,http_404,2014-10-29,2026-07-01,low_game_page_not_verified,top_20_ranked_count_gaps_no_metrics,Escalate to alternate count sources; checked page URL variants have no usable CDX rows.
no_game_page_or_endpoint_archives,No exact game-page or endpoint count source remains; use ranked/listing echoes and lifecycle metadata only unless new sources are added.,1,Una Chief: The Great Adventure,UCEG,http://www.kongregate.com/games/UCEG/una-chief-the-great-adventure,www.kongregate.com/games/uceg/una-chief-the-great-adventure,5,1,2014-12-17,2014-12-17,0,0,no_page_cdx_rows,0,no_archived_endpoint_rows_observed,32,0,0,0,,,,no,,,2014-12-17,observed_first_seen_not_launch_date,live_metrics_failed_http_404,2026-07-01,live_metrics_unavailable,http_404,2014-12-17,2026-07-01,low_game_page_not_verified,top_20_ranked_count_gaps_no_metrics,Escalate to alternate count sources; checked page URL variants have no usable CDX rows.
no_game_page_or_endpoint_archives,No exact game-page or endpoint count source remains; use ranked/listing echoes and lifecycle metadata only unless new sources are added.,1,Spacebar v0.1,SidBiafra,http://www.kongregate.com/games/SidBiafra/spacebar-v0-1,www.kongregate.com/games/sidbiafra/spacebar-v0-1,5,1,2015-12-05,2015-12-05,0,0,no_page_cdx_rows,0,no_archived_endpoint_rows_observed,24,0,0,0,,,,no,,,2015-12-05,observed_first_seen_not_launch_date,live_metrics_failed_http_404,2026-07-01,live_metrics_unavailable,http_404,2015-12-05,2026-07-01,low_game_page_not_verified,top_20_ranked_count_gaps_no_metrics,Escalate to alternate count sources; checked page URL variants have no usable CDX rows.
no_game_page_or_endpoint_archives,No exact game-page or endpoint count source remains; use ranked/listing echoes and lifecycle metadata only unless new sources are added.,1,idk,dakota1324,http://www.kongregate.com/games/dakota1324/idk,www.kongregate.com/games/dakota1324/idk,5,1,2016-02-17,2016-02-17,0,0,no_page_cdx_rows,0,no_archived_endpoint_rows_observed,24,0,0,0,,,,no,,,2016-02-17,observed_first_seen_not_launch_date,live_metrics_failed_http_404,2026-07-01,live_metrics_unavailable,http_404,2016-02-17,2026-07-01,low_game_page_not_verified,top_20_ranked_count_gaps_no_metrics,Escalate to alternate count sources; checked page URL variants have no usable CDX rows.
no_game_page_or_endpoint_archives,No exact game-page or endpoint count source remains; use ranked/listing echoes and lifecycle metadata only unless new sources are added.,1,Super Casual,canvasgames,http://www.kongregate.com/games/canvasgames/super-casual,www.kongregate.com/games/canvasgames/super-casual,5,1,2016-03-16,2016-03-16,0,0,no_page_cdx_rows,0,no_archived_endpoint_rows_observed,29,0,0,0,,,,no,,,2016-03-16,observed_first_seen_not_launch_date,live_metrics_failed_http_404,2026-07-01,live_metrics_unavailable,http_404,2016-03-16,2026-07-01,low_game_page_not_verified,top_20_ranked_count_gaps_no_metrics,Escalate to alternate count sources; checked page URL variants have no usable CDX rows.
no_game_page_or_endpoint_archives,No exact game-page or endpoint count source remains; use ranked/listing echoes and lifecycle metadata only unless new sources are added.,1,Ghoul be Gone Demo,PhoenixSong75,http://www.kongregate.com/games/PhoenixSong75/ghoul-be-gone-demo,www.kongregate.com/games/phoenixsong75/ghoul-be-gone-demo,5,1,2016-03-20,2016-03-20,0,0,no_page_cdx_rows,0,no_archived_endpoint_rows_observed,34,0,0,0,,,,no,,,2016-03-20,observed_first_seen_not_launch_date,live_metrics_failed_http_404,2026-07-01,live_metrics_unavailable,http_404,2016-03-20,2026-07-01,low_game_page_not_verified,top_20_ranked_count_gaps_no_metrics,Escalate to alternate count sources; checked page URL variants have no usable CDX rows.
no_game_page_or_endpoint_archives,No exact game-page or endpoint count source remains; use ranked/listing echoes and lifecycle metadata only unless new sources are added.,1,UFC 198 Live Stream - Werdum vs Miocic,ketroketro,http://www.kongregate.com/games/ketroketro/test-ufc-198-live-stream-werdum-vs-miocic,www.kongregate.com/games/ketroketro/test-ufc-198-live-stream-werdum-vs-miocic,5,1,2016-05-15,2016-05-15,0,0,no_page_cdx_rows,0,no_archived_endpoint_rows_observed,26,0,0,0,,,,no,,,2016-05-15,observed_first_seen_not_launch_date,live_metrics_failed_http_404,2026-07-01,live_metrics_unavailable,http_404,2016-05-15,2026-07-01,low_game_page_not_verified,top_20_ranked_count_gaps_no_metrics,Escalate to alternate count sources; checked page URL variants have no usable CDX rows.
no_game_page_or_endpoint_archives,No exact game-page or endpoint count source remains; use ranked/listing echoes and lifecycle metadata only unless new sources are added.,1,quangjing,1207732597,http://www.kongregate.com/games/1207732597/quangjing,www.kongregate.com/games/1207732597/quangjing,5,1,2016-06-22,2016-06-22,0,0,no_page_cdx_rows,0,no_archived_endpoint_rows_observed,48,0,0,0,,,,no,,,2016-06-22,observed_first_seen_not_launch_date,live_metrics_failed_http_404,2026-07-01,live_metrics_unavailable,http_404,2016-06-22,2026-07-01,low_game_page_not_verified,top_20_ranked_count_gaps_no_metrics,Escalate to alternate count sources; checked page URL variants have no usable CDX rows.
no_game_page_or_endpoint_archives,No exact game-page or endpoint count source remains; use ranked/listing echoes and lifecycle metadata only unless new sources are added.,1,Hired Ops — New Dynamic Online Shooter,MunimShaikh932,http://www.kongregate.com/games/MunimShaikh932/hired-ops-new-dynamic-online-shooter,www.kongregate.com/games/munimshaikh932/hired-ops-new-dynamic-online-shooter,5,1,2016-10-30,2016-10-30,0,0,no_page_cdx_rows,0,no_archived_endpoint_rows_observed,31,0,0,0,,,,no,,,2016-10-30,observed_first_seen_not_launch_date,live_metrics_failed_http_404,2026-07-01,live_metrics_unavailable,http_404,2016-10-30,2026-07-01,low_game_page_not_verified,top_20_ranked_count_gaps_no_metrics,Escalate to alternate count sources; checked page URL variants have no usable CDX rows.
no_game_page_or_endpoint_archives,No exact game-page or endpoint count source remains; use ranked/listing echoes and lifecycle metadata only unless new sources are added.,1,AstroWorlds,bystudio02,http://www.kongregate.com/games/bystudio02/astroworlds,www.kongregate.com/games/bystudio02/astroworlds,6,1,2014-08-29,2014-08-29,0,0,no_page_cdx_rows,0,no_archived_endpoint_rows_observed,38,0,0,0,,,,no,,,2014-08-29,observed_first_seen_not_launch_date,live_metrics_failed_http_404,2026-07-01,live_metrics_unavailable,http_404,2014-08-29,2026-07-01,low_game_page_not_verified,top_20_ranked_count_gaps_no_metrics,Escalate to alternate count sources; checked page URL variants have no usable CDX rows.
no_game_page_or_endpoint_archives,No exact game-page or endpoint count source remains; use ranked/listing echoes and lifecycle metadata only unless new sources are added.,1,Teste mark 2,MateusF29,http://www.kongregate.com/games/MateusF29/teste-mark-2,www.kongregate.com/games/mateusf29/teste-mark-2,6,1,2015-09-30,2015-09-30,0,0,no_page_cdx_rows,0,no_archived_endpoint_rows_observed,44,0,0,0,,,,no,,,2015-09-30,observed_first_seen_not_launch_date,live_metrics_failed_http_404,2026-06-30,live_metrics_unavailable,http_404,2015-09-30,2026-06-30,low_game_page_not_verified,top_20_ranked_count_gaps_no_metrics,Escalate to alternate count sources; checked page URL variants have no usable CDX rows.
no_game_page_or_endpoint_archives,No exact game-page or endpoint count source remains; use ranked/listing echoes and lifecycle metadata only unless new sources are added.,1,quang,1207732597,http://www.kongregate.com/games/1207732597/quang,www.kongregate.com/games/1207732597/quang,6,1,2016-06-22,2016-06-22,0,0,no_page_cdx_rows,0,no_archived_endpoint_rows_observed,45,0,0,0,,,,no,,,2016-06-22,observed_first_seen_not_launch_date,live_metrics_failed_http_404,2026-06-30,live_metrics_unavailable,http_404,2016-06-22,2026-06-30,low_game_page_not_verified,top_20_ranked_count_gaps_no_metrics,Escalate to alternate count sources; checked page URL variants have no usable CDX rows.
no_game_page_or_endpoint_archives,No exact game-page or endpoint count source remains; use ranked/listing echoes and lifecycle metadata only unless new sources are added.,1,Will's Quest For Cheese,thebartyparty,http://www.kongregate.com/games/thebartyparty/wills-quest-for-cheese,www.kongregate.com/games/thebartyparty/wills-quest-for-cheese,6,1,2016-10-18,2016-10-18,0,0,no_page_cdx_rows,0,no_archived_endpoint_rows_observed,34,0,0,0,,,,no,,,2016-10-18,observed_first_seen_not_launch_date,live_metrics_failed_http_404,2026-06-30,live_metrics_unavailable,http_404,2016-10-18,2026-06-30,low_game_page_not_verified,top_20_ranked_count_gaps_no_metrics,Escalate to alternate count sources; checked page URL variants have no usable CDX rows.
no_game_page_or_endpoint_archives,No exact game-page or endpoint count source remains; use ranked/listing echoes and lifecycle metadata only unless new sources are added.,1,Kuzini.comgnom,iPTNZW,http://www.kongregate.com/games/iPTNZW/kuzini-comgnom,www.kongregate.com/games/iptnzw/kuzini-comgnom,6,1,2016-10-24,2016-10-24,0,0,no_page_cdx_rows,0,no_archived_endpoint_rows_observed,24,0,0,0,,,,no,,,2016-10-24,observed_first_seen_not_launch_date,live_metrics_failed_http_404,2026-07-01,live_metrics_unavailable,http_404,2016-10-24,2026-07-01,low_game_page_not_verified,top_20_ranked_count_gaps_no_metrics,Escalate to alternate count sources; checked page URL variants have no usable CDX rows.
no_game_page_or_endpoint_archives,No exact game-page or endpoint count source remains; use ranked/listing echoes and lifecycle metadata only unless new sources are added.,1,Sands of Doom,szunyi,http://www.kongregate.com/games/szunyi/sands-of-doom,www.kongregate.com/games/szunyi/sands-of-doom,7,1,2014-12-28,2014-12-28,0,0,no_page_cdx_rows,0,no_archived_endpoint_rows_observed,34,0,0,0,,,,no,,,2014-12-28,observed_first_seen_not_launch_date,live_metrics_failed_http_404,2026-06-30,live_metrics_unavailable,http_404,2014-12-28,2026-06-30,low_game_page_not_verified,top_20_ranked_count_gaps_no_metrics,Escalate to alternate count sources; checked page URL variants have no usable CDX rows.
no_game_page_or_endpoint_archives,No exact game-page or endpoint count source remains; use ranked/listing echoes and lifecycle metadata only unless new sources are added.,1,Teste1,MateusF29,http://www.kongregate.com/games/MateusF29/teste1,www.kongregate.com/games/mateusf29/teste1,7,1,2015-09-30,2015-09-30,0,0,no_page_cdx_rows,0,no_archived_endpoint_rows_observed,51,0,0,0,,,,no,,,2015-09-30,observed_first_seen_not_launch_date,live_metrics_failed_http_404,2026-06-30,live_metrics_unavailable,http_404,2015-09-30,2026-06-30,low_game_page_not_verified,top_20_ranked_count_gaps_no_metrics,Escalate to alternate count sources; checked page URL variants have no usable CDX rows.
no_game_page_or_endpoint_archives,No exact game-page or endpoint count source remains; use ranked/listing echoes and lifecycle metadata only unless new sources are added.,1,FidgetFuck,FlyingHighSecond,http://www.kongregate.com/games/FlyingHighSecond/fidgetfuck,www.kongregate.com/games/flyinghighsecond/fidgetfuck,7,1,2017-06-04,2017-06-04,0,0,no_page_cdx_rows,0,no_archived_endpoint_rows_observed,25,0,0,0,,,,no,,,2017-06-04,observed_first_seen_not_launch_date,live_metrics_failed_http_404,2026-06-30,live_metrics_unavailable,http_404,2017-06-04,2026-06-30,low_game_page_not_verified,top_20_ranked_count_gaps_no_metrics,Escalate to alternate count sources; checked page URL variants have no usable CDX rows.
no_game_page_or_endpoint_archives,No exact game-page or endpoint count source remains; use ranked/listing echoes and lifecycle metadata only unless new sources are added.,1,Samsung KNOX,CS_Dx,http://www.kongregate.com/games/CS_Dx/samsung-knox,www.kongregate.com/games/cs_dx/samsung-knox,8,1,2014-08-29,2014-08-29,0,0,no_page_cdx_rows,0,no_archived_endpoint_rows_observed,31,0,0,0,,,,no,,,2014-08-29,observed_first_seen_not_launch_date,live_metrics_failed_http_404,2026-06-30,live_metrics_unavailable,http_404,2014-08-29,2026-06-30,low_game_page_not_verified,top_20_ranked_count_gaps_no_metrics,Escalate to alternate count sources; checked page URL variants have no usable CDX rows.
no_game_page_or_endpoint_archives,No exact game-page or endpoint count source remains; use ranked/listing echoes and lifecycle metadata only unless new sources are added.,1,Terrorist Hunt,szunyi,http://www.kongregate.com/games/szunyi/terrorist-hunt,www.kongregate.com/games/szunyi/terrorist-hunt,8,1,2014-12-28,2014-12-28,0,0,no_page_cdx_rows,0,no_archived_endpoint_rows_observed,38,0,0,0,,,,no,,,2014-12-28,observed_first_seen_not_launch_date,live_metrics_failed_http_404,2026-06-30,live_metrics_unavailable,http_404,2014-12-28,2026-06-30,low_game_page_not_verified,top_20_ranked_count_gaps_no_metrics,Escalate to alternate count sources; checked page URL variants have no usable CDX rows.
no_game_page_or_endpoint_archives,No exact game-page or endpoint count source remains; use ranked/listing echoes and lifecycle metadata only unless new sources are added.,1,Untitled Game #1,vswitch,http://www.kongregate.com/games/vswitch/untitled-game-1,www.kongregate.com/games/vswitch/untitled-game-1,8,1,2016-01-16,2016-01-16,0,0,no_page_cdx_rows,0,no_archived_endpoint_rows_observed,24,0,0,0,,,,no,,,2016-01-16,observed_first_seen_not_launch_date,live_metrics_failed_http_404,2026-06-29,live_metrics_unavailable,http_404,2016-01-16,2026-06-29,low_game_page_not_verified,top_20_ranked_count_gaps_no_metrics,Escalate to alternate count sources; checked page URL variants have no usable CDX rows.
no_game_page_or_endpoint_archives,No exact game-page or endpoint count source remains; use ranked/listing echoes and lifecycle metadata only unless new sources are added.,1,Honey Clicker,RedBot360,https://www.kongregate.com/games/RedBot360/honey-clicker,www.kongregate.com/games/redbot360/honey-clicker,8,1,2019-08-25,2019-08-25,0,0,no_page_cdx_rows,0,no_archived_endpoint_rows_observed,39,0,0,0,,idle_clicker,,no,low,name_or_category:idle_clicker,2019-08-25,observed_first_seen_not_launch_date,live_metrics_failed_http_404,2026-06-30,live_metrics_unavailable,http_404,2019-08-25,2026-06-30,low_game_page_not_verified,top_20_ranked_count_gaps_no_metrics,Escalate to alternate count sources; checked page URL variants have no usable CDX rows.
no_game_page_or_endpoint_archives,No exact game-page or endpoint count source remains; use ranked/listing echoes and lifecycle metadata only unless new sources are added.,1,Marketglory,breakdo,http://www.kongregate.com/games/breakdo/marketglory,www.kongregate.com/games/breakdo/marketglory,9,1,2014-09-02,2014-09-02,0,0,no_page_cdx_rows,0,no_archived_endpoint_rows_observed,38,0,0,0,,,,no,,,2014-09-02,observed_first_seen_not_launch_date,live_metrics_failed_http_404,2026-06-30,live_metrics_unavailable,http_404,2014-09-02,2026-06-30,low_game_page_not_verified,top_20_ranked_count_gaps_no_metrics,Escalate to alternate count sources; checked page URL variants have no usable CDX rows.
no_game_page_or_endpoint_archives,No exact game-page or endpoint count source remains; use ranked/listing echoes and lifecycle metadata only unless new sources are added.,1,Clear Vision 3,szunyi,http://www.kongregate.com/games/szunyi/clear-vision-3,www.kongregate.com/games/szunyi/clear-vision-3,9,1,2014-12-28,2014-12-28,0,0,no_page_cdx_rows,0,no_archived_endpoint_rows_observed,30,0,0,0,,,,no,,,2014-12-28,observed_first_seen_not_launch_date,live_metrics_failed_http_404,2026-06-30,live_metrics_unavailable,http_404,2014-12-28,2026-06-30,low_game_page_not_verified,top_20_ranked_count_gaps_no_metrics,Escalate to alternate count sources; checked page URL variants have no usable CDX rows.
no_game_page_or_endpoint_archives,No exact game-page or endpoint count source remains; use ranked/listing echoes and lifecycle metadata only unless new sources are added.,1,The stupid Quiz,Deheeteapple,http://www.kongregate.com/games/Deheeteapple/the-stupid-quiz,www.kongregate.com/games/deheeteapple/the-stupid-quiz,9,1,2016-01-16,2016-01-16,0,0,no_page_cdx_rows,0,no_archived_endpoint_rows_observed,32,0,0,0,,,,no,,,2016-01-16,observed_first_seen_not_launch_date,live_metrics_failed_http_404,2026-06-29,live_metrics_unavailable,http_404,2016-01-16,2026-06-29,low_game_page_not_verified,top_20_ranked_count_gaps_no_metrics,Escalate to alternate count sources; checked page URL variants have no usable CDX rows.
no_game_page_or_endpoint_archives,No exact game-page or endpoint count source remains; use ranked/listing echoes and lifecycle metadata only unless new sources are added.,1,Monster Shooter,asad_marmash,http://www.kongregate.com/games/asad_marmash/monster-shooter,www.kongregate.com/games/asad_marmash/monster-shooter,9,1,2016-02-17,2016-02-17,0,0,no_page_cdx_rows,0,no_archived_endpoint_rows_observed,40,0,0,0,,,,no,,,2016-02-17,observed_first_seen_not_launch_date,live_metrics_failed_http_404,2026-06-30,live_metrics_unavailable,http_404,2016-02-17,2026-06-30,low_game_page_not_verified,top_20_ranked_count_gaps_no_metrics,Escalate to alternate count sources; checked page URL variants have no usable CDX rows.
no_game_page_or_endpoint_archives,No exact game-page or endpoint count source remains; use ranked/listing echoes and lifecycle metadata only unless new sources are added.,1,Suns and Clouds,LocoDiamond,http://www.kongregate.com/games/LocoDiamond/suns-and-clouds,www.kongregate.com/games/locodiamond/suns-and-clouds,9,1,2016-06-29,2016-06-29,0,0,no_page_cdx_rows,0,no_archived_endpoint_rows_observed,33,0,0,0,,,,no,,,2016-06-29,observed_first_seen_not_launch_date,live_metrics_failed_http_404,2026-06-29,live_metrics_unavailable,http_404,2016-06-29,2026-06-29,low_game_page_not_verified,top_20_ranked_count_gaps_no_metrics,Escalate to alternate count sources; checked page URL variants have no usable CDX rows.
no_game_page_or_endpoint_archives,No exact game-page or endpoint count source remains; use ranked/listing echoes and lifecycle metadata only unless new sources are added.,1,Flying Bird,sherazbhatti226,http://www.kongregate.com/games/sherazbhatti226/flying-bird,www.kongregate.com/games/sherazbhatti226/flying-bird,9,1,2017-07-29,2017-07-29,0,0,no_page_cdx_rows,0,no_archived_endpoint_rows_observed,30,0,0,0,,,,no,,,2017-07-29,observed_first_seen_not_launch_date,live_metrics_failed_http_404,2026-06-29,live_metrics_unavailable,http_404,2017-07-29,2026-06-29,low_game_page_not_verified,top_20_ranked_count_gaps_no_metrics,Escalate to alternate count sources; checked page URL variants have no usable CDX rows.
no_game_page_or_endpoint_archives,No exact game-page or endpoint count source remains; use ranked/listing echoes and lifecycle metadata only unless new sources are added.,1,Moto Rush,szunyi,http://www.kongregate.com/games/szunyi/moto-rush,www.kongregate.com/games/szunyi/moto-rush,10,1,2014-12-28,2014-12-28,0,0,no_page_cdx_rows,0,no_archived_endpoint_rows_observed,38,0,0,0,,,,no,,,2014-12-28,observed_first_seen_not_launch_date,live_metrics_failed_http_404,2026-06-30,live_metrics_unavailable,http_404,2014-12-28,2026-06-30,low_game_page_not_verified,top_20_ranked_count_gaps_no_metrics,Escalate to alternate count sources; checked page URL variants have no usable CDX rows.
no_game_page_or_endpoint_archives,No exact game-page or endpoint count source remains; use ranked/listing echoes and lifecycle metadata only unless new sources are added.,1,stupid quiz,deheeteappel,http://www.kongregate.com/games/deheeteappel/stupid-quiz,www.kongregate.com/games/deheeteappel/stupid-quiz,10,1,2016-01-16,2016-01-16,0,0,no_page_cdx_rows,0,no_archived_endpoint_rows_observed,25,0,0,0,,,,no,,,2016-01-16,observed_first_seen_not_launch_date,live_metrics_failed_http_404,2026-06-29,live_metrics_unavailable,http_404,2016-01-16,2026-06-29,low_game_page_not_verified,top_20_ranked_count_gaps_no_metrics,Escalate to alternate count sources; checked page URL variants have no usable CDX rows.
no_game_page_or_endpoint_archives,No exact game-page or endpoint count source remains; use ranked/listing echoes and lifecycle metadata only unless new sources are added.,1,The Saga Of The Wind,GhostTheFi,http://www.kongregate.com/games/GhostTheFi/the-saga-of-the-wind,www.kongregate.com/games/ghostthefi/the-saga-of-the-wind,10,1,2016-06-29,2016-06-29,0,0,no_page_cdx_rows,0,no_archived_endpoint_rows_observed,32,0,0,0,,,,no,,,2016-06-29,observed_first_seen_not_launch_date,live_metrics_failed_http_404,2026-06-30,live_metrics_unavailable,http_404,2016-06-29,2026-06-30,low_game_page_not_verified,top_20_ranked_count_gaps_no_metrics,Escalate to alternate count sources; checked page URL variants have no usable CDX rows.
no_game_page_or_endpoint_archives,No exact game-page or endpoint count source remains; use ranked/listing echoes and lifecycle metadata only unless new sources are added.,1,Fidget Clicker,Tatemartin,http://www.kongregate.com/games/Tatemartin/fidget-clicker,www.kongregate.com/games/tatemartin/fidget-clicker,10,1,2017-06-04,2017-06-04,0,0,no_page_cdx_rows,0,no_archived_endpoint_rows_observed,24,0,0,0,,idle_clicker,,no,low,name_or_category:idle_clicker,2017-06-04,observed_first_seen_not_launch_date,live_metrics_failed_http_404,2026-06-29,live_metrics_unavailable,http_404,2017-06-04,2026-06-29,low_game_page_not_verified,top_20_ranked_count_gaps_no_metrics,Escalate to alternate count sources; checked page URL variants have no usable CDX rows.
no_game_page_or_endpoint_archives,No exact game-page or endpoint count source remains; use ranked/listing echoes and lifecycle metadata only unless new sources are added.,1,Kaedemus,Mirakus,http://www.kongregate.com/games/Mirakus/kaedemus,www.kongregate.com/games/mirakus/kaedemus,10,1,2017-10-08,2017-10-08,0,0,no_page_cdx_rows,0,no_archived_endpoint_rows_observed,32,0,0,0,,,,no,,,2017-10-08,observed_first_seen_not_launch_date,live_metrics_failed_http_404,2026-06-29,live_metrics_unavailable,http_404,2017-10-08,2026-06-29,low_game_page_not_verified,top_20_ranked_count_gaps_no_metrics,Escalate to alternate count sources; checked page URL variants have no usable CDX rows.
no_game_page_or_endpoint_archives,No exact game-page or endpoint count source remains; use ranked/listing echoes and lifecycle metadata only unless new sources are added.,1,Castles N' Knights,RedBot360,https://www.kongregate.com/games/RedBot360/castles-n-knights,www.kongregate.com/games/redbot360/castles-n-knights,10,1,2019-08-25,2019-08-25,0,0,no_page_cdx_rows,0,no_archived_endpoint_rows_observed,43,0,0,0,,,,no,,,2019-08-25,observed_first_seen_not_launch_date,live_metrics_failed_http_404,2026-06-30,live_metrics_unavailable,http_404,2019-08-25,2026-06-30,low_game_page_not_verified,top_20_ranked_count_gaps_no_metrics,Escalate to alternate count sources; checked page URL variants have no usable CDX rows.
no_game_page_or_endpoint_archives,No exact game-page or endpoint count source remains; use ranked/listing echoes and lifecycle metadata only unless new sources are added.,1,StrormFall,havetime02,http://www.kongregate.com/games/havetime02/strormfall,www.kongregate.com/games/havetime02/strormfall,11,1,2014-09-02,2014-09-02,0,0,no_page_cdx_rows,0,no_archived_endpoint_rows_observed,24,0,0,0,,,,no,,,2014-09-02,observed_first_seen_not_launch_date,live_metrics_failed_http_404,2026-06-30,live_metrics_unavailable,http_404,2014-09-02,2026-06-30,low_game_page_not_verified,top_20_ranked_count_gaps_no_metrics,Escalate to alternate count sources; checked page URL variants have no usable CDX rows.
no_game_page_or_endpoint_archives,No exact game-page or endpoint count source remains; use ranked/listing echoes and lifecycle metadata only unless new sources are added.,1,Dental Surgery,szunyi,http://www.kongregate.com/games/szunyi/dental-surgery,www.kongregate.com/games/szunyi/dental-surgery,11,1,2014-12-28,2014-12-28,0,0,no_page_cdx_rows,0,no_archived_endpoint_rows_observed,24,0,0,0,,,,no,,,2014-12-28,observed_first_seen_not_launch_date,live_metrics_failed_http_404,2026-06-30,live_metrics_unavailable,http_404,2014-12-28,2026-06-30,low_game_page_not_verified,top_20_ranked_count_gaps_no_metrics,Escalate to alternate count sources; checked page URL variants have no usable CDX rows.
no_game_page_or_endpoint_archives,No exact game-page or endpoint count source remains; use ranked/listing echoes and lifecycle metadata only unless new sources are added.,1,basic car behavior,munoz20,http://www.kongregate.com/games/munoz20/basic-car-behavior,www.kongregate.com/games/munoz20/basic-car-behavior,11,1,2015-12-26,2015-12-26,0,0,no_page_cdx_rows,0,no_archived_endpoint_rows_observed,49,0,0,0,,,,no,,,2015-12-26,observed_first_seen_not_launch_date,live_metrics_failed_http_404,2026-06-30,live_metrics_unavailable,http_404,2015-12-26,2026-06-30,low_game_page_not_verified,top_20_ranked_count_gaps_no_metrics,Escalate to alternate count sources; checked page URL variants have no usable CDX rows.
no_game_page_or_endpoint_archives,No exact game-page or endpoint count source remains; use ranked/listing echoes and lifecycle metadata only unless new sources are added.,1,BigFarm Online(Sweden),surre02,http://www.kongregate.com/games/surre02/bigfarm-online-sweden,www.kongregate.com/games/surre02/bigfarm-online-sweden,12,1,2014-09-05,2014-09-05,0,0,no_page_cdx_rows,0,no_archived_endpoint_rows_observed,30,0,0,0,,,,no,,,2014-09-05,observed_first_seen_not_launch_date,live_metrics_failed_http_404,2026-06-30,live_metrics_unavailable,http_404,2014-09-05,2026-06-30,low_game_page_not_verified,top_20_ranked_count_gaps_no_metrics,Escalate to alternate count sources; checked page URL variants have no usable CDX rows.
no_game_page_or_endpoint_archives,No exact game-page or endpoint count source remains; use ranked/listing echoes and lifecycle metadata only unless new sources are added.,1,Dinamic Chess,niconosave,http://www.kongregate.com/games/niconosave/dinamic-chess,www.kongregate.com/games/niconosave/dinamic-chess,12,1,2016-10-04,2016-10-04,0,0,no_page_cdx_rows,0,no_archived_endpoint_rows_observed,28,0,0,0,,,,no,,,2016-10-04,observed_first_seen_not_launch_date,live_metrics_failed_http_404,2026-06-30,live_metrics_unavailable,http_404,2016-10-04,2026-06-30,low_game_page_not_verified,top_20_ranked_count_gaps_no_metrics,Escalate to alternate count sources; checked page URL variants have no usable CDX rows.
no_game_page_or_endpoint_archives,No exact game-page or endpoint count source remains; use ranked/listing echoes and lifecycle metadata only unless new sources are added.,1,Paradise,spacegrid,http://www.kongregate.com/games/spacegrid/paradise,www.kongregate.com/games/spacegrid/paradise,12,1,2017-05-25,2017-05-25,0,0,no_page_cdx_rows,0,no_archived_endpoint_rows_observed,32,0,0,0,,,,no,,,2017-05-25,observed_first_seen_not_launch_date,live_metrics_failed_http_404,2026-06-30,live_metrics_unavailable,http_404,2017-05-25,2026-06-30,low_game_page_not_verified,top_20_ranked_count_gaps_no_metrics,Escalate to alternate count sources; checked page URL variants have no usable CDX rows.
no_game_page_or_endpoint_archives,No exact game-page or endpoint count source remains; use ranked/listing echoes and lifecycle metadata only unless new sources are added.,1,You Are Getting Tired,SelfishDream,http://www.kongregate.com/games/SelfishDream/you-are-getting-tired,www.kongregate.com/games/selfishdream/you-are-getting-tired,12,1,2017-06-16,2017-06-16,0,0,no_page_cdx_rows,0,no_archived_endpoint_rows_observed,24,0,0,0,,,,no,,,2017-06-16,observed_first_seen_not_launch_date,live_metrics_failed_http_404,2026-06-30,live_metrics_unavailable,http_404,2017-06-16,2026-06-30,low_game_page_not_verified,top_20_ranked_count_gaps_no_metrics,Escalate to alternate count sources; checked page URL variants have no usable CDX rows.
no_game_page_or_endpoint_archives,No exact game-page or endpoint count source remains; use ranked/listing echoes and lifecycle metadata only unless new sources are added.,1,The FPS Training PreAlpha,HLoKHaMZ,http://www.kongregate.com/games/HLoKHaMZ/the-fps-training-prealpha,www.kongregate.com/games/hlokhamz/the-fps-training-prealpha,13,1,2014-10-17,2014-10-17,0,0,no_page_cdx_rows,0,no_archived_endpoint_rows_observed,34,0,0,0,,,,no,,,2014-10-17,observed_first_seen_not_launch_date,live_metrics_failed_http_404,2026-06-30,live_metrics_unavailable,http_404,2014-10-17,2026-06-30,low_game_page_not_verified,top_20_ranked_count_gaps_no_metrics,Escalate to alternate count sources; checked page URL variants have no usable CDX rows.
no_game_page_or_endpoint_archives,No exact game-page or endpoint count source remains; use ranked/listing echoes and lifecycle metadata only unless new sources are added.,1,TDS game 2,munoz20,http://www.kongregate.com/games/munoz20/tds-game-2,www.kongregate.com/games/munoz20/tds-game-2,13,1,2015-12-26,2015-12-26,0,0,no_page_cdx_rows,0,no_archived_endpoint_rows_observed,52,0,0,0,,,,no,,,2015-12-26,observed_first_seen_not_launch_date,live_metrics_failed_http_404,2026-06-30,live_metrics_unavailable,http_404,2015-12-26,2026-06-30,low_game_page_not_verified,top_20_ranked_count_gaps_no_metrics,Escalate to alternate count sources; checked page URL variants have no usable CDX rows.
no_game_page_or_endpoint_archives,No exact game-page or endpoint count source remains; use ranked/listing echoes and lifecycle metadata only unless new sources are added.,1,Guerra de Quatro Mundos clique em [♥Like],Maury71,http://www.kongregate.com/games/Maury71/guerra-de-quatro-mundos-clique-em-like,www.kongregate.com/games/maury71/guerra-de-quatro-mundos-clique-em-like,13,1,2016-08-28,2016-08-28,0,0,no_page_cdx_rows,0,no_archived_endpoint_rows_observed,35,0,0,0,,,,no,,,2016-08-28,observed_first_seen_not_launch_date,live_metrics_failed_http_404,2026-06-30,live_metrics_unavailable,http_404,2016-08-28,2026-06-30,low_game_page_not_verified,top_20_ranked_count_gaps_no_metrics,Escalate to alternate count sources; checked page URL variants have no usable CDX rows.
no_game_page_or_endpoint_archives,No exact game-page or endpoint count source remains; use ranked/listing echoes and lifecycle metadata only unless new sources are added.,1,Colotap,Palazoles,http://www.kongregate.com/games/Palazoles/colotap,www.kongregate.com/games/palazoles/colotap,13,1,2016-10-30,2016-10-30,0,0,no_page_cdx_rows,0,no_archived_endpoint_rows_observed,35,0,0,0,,,,no,,,2016-10-30,observed_first_seen_not_launch_date,live_metrics_failed_http_404,2026-06-30,live_metrics_unavailable,http_404,2016-10-30,2026-06-30,low_game_page_not_verified,top_20_ranked_count_gaps_no_metrics,Escalate to alternate count sources; checked page URL variants have no usable CDX rows.
no_game_page_or_endpoint_archives,No exact game-page or endpoint count source remains; use ranked/listing echoes and lifecycle metadata only unless new sources are added.,1,"101: A Video Game about Video Games (okay, a really early one)",wigardju,http://www.kongregate.com/games/wigardju/101-a-video-game-about-video-games-okay-a-really-early-one,www.kongregate.com/games/wigardju/101-a-video-game-about-video-games-okay-a-really-early-one,13,1,2017-08-05,2017-08-05,0,0,no_page_cdx_rows,0,no_archived_endpoint_rows_observed,24,0,0,0,,,,no,,,2017-08-05,observed_first_seen_not_launch_date,live_metrics_failed_http_404,2026-06-30,live_metrics_unavailable,http_404,2017-08-05,2026-06-30,low_game_page_not_verified,top_20_ranked_count_gaps_no_metrics,Escalate to alternate count sources; checked page URL variants have no usable CDX rows.
no_game_page_or_endpoint_archives,No exact game-page or endpoint count source remains; use ranked/listing echoes and lifecycle metadata only unless new sources are added.,1,Gold Miner Jack 2,crazyschoolgames,https://www.kongregate.com/games/crazyschoolgames/gold-miner-jack-2,www.kongregate.com/games/crazyschoolgames/gold-miner-jack-2,13,1,2019-08-25,2019-08-25,0,0,no_page_cdx_rows,0,no_archived_endpoint_rows_observed,35,0,0,0,,,,no,,,2019-08-25,observed_first_seen_not_launch_date,live_metrics_failed_http_404,2026-06-30,live_metrics_unavailable,http_404,2019-08-25,2026-06-30,low_game_page_not_verified,top_20_ranked_count_gaps_no_metrics,Escalate to alternate count sources; checked page URL variants have no usable CDX rows.
no_game_page_or_endpoint_archives,No exact game-page or endpoint count source remains; use ranked/listing echoes and lifecycle metadata only unless new sources are added.,1,FurLight,ArsenG1,http://www.kongregate.com/games/ArsenG1/furlight,www.kongregate.com/games/arseng1/furlight,14,1,2016-06-04,2016-06-04,0,0,no_page_cdx_rows,0,no_archived_endpoint_rows_observed,24,0,0,0,,,,no,,,2016-06-04,observed_first_seen_not_launch_date,live_metrics_failed_http_404,2026-06-30,live_metrics_unavailable,http_404,2016-06-04,2026-06-30,low_game_page_not_verified,top_20_ranked_count_gaps_no_metrics,Escalate to alternate count sources; checked page URL variants have no usable CDX rows.
no_game_page_or_endpoint_archives,No exact game-page or endpoint count source remains; use ranked/listing echoes and lifecycle metadata only unless new sources are added.,1,TRY. DIE. REPEAT.,rodolfodth,http://www.kongregate.com/games/rodolfodth/try-die-repeat,www.kongregate.com/games/rodolfodth/try-die-repeat,14,1,2017-06-16,2017-06-16,0,0,no_page_cdx_rows,0,no_archived_endpoint_rows_observed,24,0,0,0,,,,no,,,2017-06-16,observed_first_seen_not_launch_date,live_metrics_failed_http_404,2026-06-30,live_metrics_unavailable,http_404,2017-06-16,2026-06-30,low_game_page_not_verified,top_20_ranked_count_gaps_no_metrics,Escalate to alternate count sources; checked page URL variants have no usable CDX rows.
no_game_page_or_endpoint_archives,No exact game-page or endpoint count source remains; use ranked/listing echoes and lifecycle metadata only unless new sources are added.,1,Test 2,Nicolo974jtm34,http://www.kongregate.com/games/Nicolo974jtm34/test-2,www.kongregate.com/games/nicolo974jtm34/test-2,15,1,2014-10-03,2014-10-03,0,0,no_page_cdx_rows,0,no_archived_endpoint_rows_observed,38,0,0,0,,,,no,,,2014-10-03,observed_first_seen_not_launch_date,live_metrics_failed_http_404,2026-06-29,live_metrics_unavailable,http_404,2014-10-03,2026-06-29,low_game_page_not_verified,top_20_ranked_count_gaps_no_metrics,Escalate to alternate count sources; checked page URL variants have no usable CDX rows.
no_game_page_or_endpoint_archives,No exact game-page or endpoint count source remains; use ranked/listing echoes and lifecycle metadata only unless new sources are added.,1,DELTA warfare,schambulat20,http://www.kongregate.com/games/schambulat20/delta-warfare,www.kongregate.com/games/schambulat20/delta-warfare,15,1,2016-09-03,2016-09-03,0,0,no_page_cdx_rows,0,no_archived_endpoint_rows_observed,24,0,0,0,,,,no,,,2016-09-03,observed_first_seen_not_launch_date,live_metrics_failed_http_404,2026-06-30,live_metrics_unavailable,http_404,2016-09-03,2026-06-30,low_game_page_not_verified,top_20_ranked_count_gaps_no_metrics,Escalate to alternate count sources; checked page URL variants have no usable CDX rows.
no_game_page_or_endpoint_archives,No exact game-page or endpoint count source remains; use ranked/listing echoes and lifecycle metadata only unless new sources are added.,1,Car Rush 2,mafagames,http://www.kongregate.com/games/mafagames/car-rush-2,www.kongregate.com/games/mafagames/car-rush-2,15,1,2017-09-13,2017-09-13,0,0,no_page_cdx_rows,0,no_archived_endpoint_rows_observed,24,0,0,0,,,,no,,,2017-09-13,observed_first_seen_not_launch_date,live_metrics_failed_http_404,2026-06-30,live_metrics_unavailable,http_404,2017-09-13,2026-06-30,low_game_page_not_verified,top_20_ranked_count_gaps_no_metrics,Escalate to alternate count sources; checked page URL variants have no usable CDX rows.
no_game_page_or_endpoint_archives,No exact game-page or endpoint count source remains; use ranked/listing echoes and lifecycle metadata only unless new sources are added.,1,Ascending LSD,KING34,http://www.kongregate.com/games/KING34/ascending-lsd,www.kongregate.com/games/king34/ascending-lsd,15,1,2017-10-24,2017-10-24,0,0,no_page_cdx_rows,0,no_archived_endpoint_rows_observed,24,0,0,0,,,,no,,,2017-10-24,observed_first_seen_not_launch_date,live_metrics_failed_http_404,2026-06-30,live_metrics_unavailable,http_404,2017-10-24,2026-06-30,low_game_page_not_verified,top_20_ranked_count_gaps_no_metrics,Escalate to alternate count sources; checked page URL variants have no usable CDX rows.
no_game_page_or_endpoint_archives,No exact game-page or endpoint count source remains; use ranked/listing echoes and lifecycle metadata only unless new sources are added.,1,Monopoly IO,benbean303,http://www.kongregate.com/games/benbean303/monopoly-io,www.kongregate.com/games/benbean303/monopoly-io,15,1,2017-11-06,2017-11-06,0,0,no_page_cdx_rows,0,no_archived_endpoint_rows_observed,29,0,0,0,,,,no,,,2017-11-06,observed_first_seen_not_launch_date,live_metrics_failed_http_404,2026-06-30,live_metrics_unavailable,http_404,2017-11-06,2026-06-30,low_game_page_not_verified,top_20_ranked_count_gaps_no_metrics,Escalate to alternate count sources; checked page URL variants have no usable CDX rows.
no_game_page_or_endpoint_archives,No exact game-page or endpoint count source remains; use ranked/listing echoes and lifecycle metadata only unless new sources are added.,1,FootballManager Online,surre02,http://www.kongregate.com/games/surre02/footballmanager-online,www.kongregate.com/games/surre02/footballmanager-online,16,1,2014-09-05,2014-09-05,0,0,no_page_cdx_rows,0,no_archived_endpoint_rows_observed,24,0,0,0,,,,no,,,2014-09-05,observed_first_seen_not_launch_date,live_metrics_failed_http_404,2026-06-30,live_metrics_unavailable,http_404,2014-09-05,2026-06-30,low_game_page_not_verified,top_20_ranked_count_gaps_no_metrics,Escalate to alternate count sources; checked page URL variants have no usable CDX rows.
no_game_page_or_endpoint_archives,No exact game-page or endpoint count source remains; use ranked/listing echoes and lifecycle metadata only unless new sources are added.,1,Test1,Nicolo974jtm34,http://www.kongregate.com/games/Nicolo974jtm34/test1,www.kongregate.com/games/nicolo974jtm34/test1,16,1,2014-10-03,2014-10-03,0,0,no_page_cdx_rows,0,no_archived_endpoint_rows_observed,30,0,0,0,,,,no,,,2014-10-03,observed_first_seen_not_launch_date,live_metrics_failed_http_404,2026-06-29,live_metrics_unavailable,http_404,2014-10-03,2026-06-29,low_game_page_not_verified,top_20_ranked_count_gaps_no_metrics,Escalate to alternate count sources; checked page URL variants have no usable CDX rows.
no_game_page_or_endpoint_archives,No exact game-page or endpoint count source remains; use ranked/listing echoes and lifecycle metadata only unless new sources are added.,1,Quad Maze Lite V4.1,Anqa_Game,http://www.kongregate.com/games/Anqa_Game/quad-maze-lite-v4-1,www.kongregate.com/games/anqa_game/quad-maze-lite-v4-1,16,1,2015-12-05,2015-12-05,0,0,no_page_cdx_rows,0,no_archived_endpoint_rows_observed,24,0,0,0,,,,no,,,2015-12-05,observed_first_seen_not_launch_date,live_metrics_failed_http_404,2026-06-30,live_metrics_unavailable,http_404,2015-12-05,2026-06-30,low_game_page_not_verified,top_20_ranked_count_gaps_no_metrics,Escalate to alternate count sources; checked page URL variants have no usable CDX rows.
no_game_page_or_endpoint_archives,No exact game-page or endpoint count source remains; use ranked/listing echoes and lifecycle metadata only unless new sources are added.,1,Elsa Facial Skin Care,marydressupgames,http://www.kongregate.com/games/marydressupgames/elsa-facial-skin-care,www.kongregate.com/games/marydressupgames/elsa-facial-skin-care,16,1,2016-02-28,2016-02-28,0,0,no_page_cdx_rows,0,no_archived_endpoint_rows_observed,24,0,0,0,,,,no,,,2016-02-28,observed_first_seen_not_launch_date,live_metrics_failed_http_404,2026-06-30,live_metrics_unavailable,http_404,2016-02-28,2026-06-30,low_game_page_not_verified,top_20_ranked_count_gaps_no_metrics,Escalate to alternate count sources; checked page URL variants have no usable CDX rows.
no_game_page_or_endpoint_archives,No exact game-page or endpoint count source remains; use ranked/listing echoes and lifecycle metadata only unless new sources are added.,1,Pregnant Elsa Baby Room Deco,mafagames,http://www.kongregate.com/games/mafagames/pregnant-elsa-baby-room-deco,www.kongregate.com/games/mafagames/pregnant-elsa-baby-room-deco,16,1,2016-05-23,2016-05-23,0,0,no_page_cdx_rows,0,no_archived_endpoint_rows_observed,24,0,0,0,,,,no,,,2016-05-23,observed_first_seen_not_launch_date,live_metrics_failed_http_404,2026-06-30,live_metrics_unavailable,http_404,2016-05-23,2026-06-30,low_game_page_not_verified,top_20_ranked_count_gaps_no_metrics,Escalate to alternate count sources; checked page URL variants have no usable CDX rows.
no_game_page_or_endpoint_archives,No exact game-page or endpoint count source remains; use ranked/listing echoes and lifecycle metadata only unless new sources are added.,1,Dimensional (beta),Vermillion_gd,http://www.kongregate.com/games/Vermillion_gd/dimensional-beta,www.kongregate.com/games/vermillion_gd/dimensional-beta,16,1,2017-07-03,2017-07-03,0,0,no_page_cdx_rows,0,no_archived_endpoint_rows_observed,34,0,0,0,,,,no,,,2017-07-03,observed_first_seen_not_launch_date,live_metrics_failed_http_404,2026-06-30,live_metrics_unavailable,http_404,2017-07-03,2026-06-30,low_game_page_not_verified,top_20_ranked_count_gaps_no_metrics,Escalate to alternate count sources; checked page URL variants have no usable CDX rows.
no_game_page_or_endpoint_archives,No exact game-page or endpoint count source remains; use ranked/listing echoes and lifecycle metadata only unless new sources are added.,1,Sand Worm,mafagames,http://www.kongregate.com/games/mafagames/sand-worm,www.kongregate.com/games/mafagames/sand-worm,16,1,2017-09-30,2017-09-30,0,0,no_page_cdx_rows,0,no_archived_endpoint_rows_observed,33,0,0,0,,,,no,,,2017-09-30,observed_first_seen_not_launch_date,live_metrics_failed_http_404,2026-06-30,live_metrics_unavailable,http_404,2017-09-30,2026-06-30,low_game_page_not_verified,top_20_ranked_count_gaps_no_metrics,Escalate to alternate count sources; checked page URL variants have no usable CDX rows.
no_game_page_or_endpoint_archives,No exact game-page or endpoint count source remains; use ranked/listing echoes and lifecycle metadata only unless new sources are added.,1,Kosmogon,quickcasualgames,http://www.kongregate.com/games/quickcasualgames/kosmogon,www.kongregate.com/games/quickcasualgames/kosmogon,17,1,2017-05-16,2017-05-16,0,0,no_page_cdx_rows,0,no_archived_endpoint_rows_observed,24,0,0,0,,,,no,,,2017-05-16,observed_first_seen_not_launch_date,live_metrics_failed_http_404,2026-06-30,live_metrics_unavailable,http_404,2017-05-16,2026-06-30,low_game_page_not_verified,top_20_ranked_count_gaps_no_metrics,Escalate to alternate count sources; checked page URL variants have no usable CDX rows.
no_game_page_or_endpoint_archives,No exact game-page or endpoint count source remains; use ranked/listing echoes and lifecycle metadata only unless new sources are added.,1,Bus & Subway Runner,echocargames,http://www.kongregate.com/games/echocargames/bus-subway-runner,www.kongregate.com/games/echocargames/bus-subway-runner,17,1,2017-09-30,2017-09-30,0,0,no_page_cdx_rows,0,no_archived_endpoint_rows_observed,24,0,0,0,,,,no,,,2017-09-30,observed_first_seen_not_launch_date,live_metrics_failed_http_404,2026-06-30,live_metrics_unavailable,http_404,2017-09-30,2026-06-30,low_game_page_not_verified,top_20_ranked_count_gaps_no_metrics,Escalate to alternate count sources; checked page URL variants have no usable CDX rows.
no_game_page_or_endpoint_archives,No exact game-page or endpoint count source remains; use ranked/listing echoes and lifecycle metadata only unless new sources are added.,1,Murder,hussnainjaved534,http://www.kongregate.com/games/hussnainjaved534/murder,www.kongregate.com/games/hussnainjaved534/murder,17,1,2017-10-24,2017-10-24,0,0,no_page_cdx_rows,0,no_archived_endpoint_rows_observed,24,0,0,0,,,,no,,,2017-10-24,observed_first_seen_not_launch_date,live_metrics_failed_http_404,2026-06-30,live_metrics_unavailable,http_404,2017-10-24,2026-06-30,low_game_page_not_verified,top_20_ranked_count_gaps_no_metrics,Escalate to alternate count sources; checked page URL variants have no usable CDX rows.
