status,followup_tier,game_name,game_url,canonical_game_key,best_rank,top_n_appearances,listing_play_count_rows,needs_game_page_history,first_seen_date,last_seen_date,cached_cdx_variants,unique_cdx_rows,parsed_page_rows,failed_page_rows,no_explicit_count_failures,network_or_fetch_failures,dynamic_metric_placeholder_pages,game_metrics_updater_pages,blank_gameplays_count_pages,metrics_json_probe_observations,metrics_json_cdx_rows,alternate_endpoint_cdx_rows,recommended_next_action
dynamic_metrics_placeholder,1,The Gates of Heaven,http://www.kongregate.com/games/EmperorMason/the-gates-of-heaven,www.kongregate.com/games/emperormason/the-gates-of-heaven,1,2,0,yes,2014-09-26,2014-09-26,3,1,0,1,1,0,1,1,1,0,0,0,Probe exact archived metrics.json endpoints; cached HTML defers counts to JavaScript-injected metrics.
dynamic_metrics_placeholder,1,Mu Complex : Episode One,http://www.kongregate.com/games/StudioCime/mu-complex-episode-one,www.kongregate.com/games/studiocime/mu-complex-episode-one,1,20,0,yes,2014-11-11,2015-10-03,3,56,0,20,14,6,14,14,14,0,0,0,Probe exact archived metrics.json endpoints; cached HTML defers counts to JavaScript-injected metrics.
dynamic_metrics_placeholder,1,The Enchanted Cave 2,http://www.kongregate.com/games/DustinAux/the-enchanted-cave-2,www.kongregate.com/games/dustinaux/the-enchanted-cave-2,1,949,0,yes,2015-02-07,2015-09-15,2,72,0,20,19,1,19,19,19,0,0,0,Probe exact archived metrics.json endpoints; cached HTML defers counts to JavaScript-injected metrics.
dynamic_metrics_placeholder,1,Swarm Simulator,https://www.kongregate.com/games/swarmsim/swarm-simulator,www.kongregate.com/games/swarmsim/swarm-simulator,1,192,17,yes,2015-02-23,2017-06-24,1,304,0,120,35,85,35,35,35,0,0,0,Probe exact archived metrics.json endpoints; cached HTML defers counts to JavaScript-injected metrics.
dynamic_metrics_placeholder,1,Mu Complex : Episode Two,http://www.kongregate.com/games/StudioCime/mu-complex-episode-two,www.kongregate.com/games/studiocime/mu-complex-episode-two,1,3,0,yes,2015-05-12,2015-10-03,2,27,0,27,15,12,15,15,15,0,0,0,Probe exact archived metrics.json endpoints; cached HTML defers counts to JavaScript-injected metrics.
dynamic_metrics_placeholder,1,Crusaders of the Lost Idols,https://www.kongregate.com/games/Codename_Enter/crusaders-of-the-lost-idols,www.kongregate.com/games/codename_enter/crusaders-of-the-lost-idols,1,173,0,yes,2015-08-09,2017-11-08,3,504,0,20,18,2,18,18,18,0,0,0,Probe exact archived metrics.json endpoints; cached HTML defers counts to JavaScript-injected metrics.
dynamic_metrics_placeholder,1,Swords and Souls,https://www.kongregate.com/games/SoulGame/swords-and-souls,www.kongregate.com/games/soulgame/swords-and-souls,1,904,0,yes,2015-10-29,2015-11-17,3,73,0,30,16,14,16,16,16,0,0,0,Probe exact archived metrics.json endpoints; cached HTML defers counts to JavaScript-injected metrics.
dynamic_metrics_placeholder,1,There is no game,https://www.kongregate.com/games/KaMiZoTo_Creator/there-is-no-game,www.kongregate.com/games/kamizoto_creator/there-is-no-game,1,97,13,yes,2016-03-07,2017-03-18,3,176,0,30,17,13,17,17,17,0,0,0,Probe exact archived metrics.json endpoints; cached HTML defers counts to JavaScript-injected metrics.
dynamic_metrics_placeholder,1,SuperBall Idle,http://www.kongregate.com/games/joao8991/superball-idle,www.kongregate.com/games/joao8991/superball-idle,1,1,0,yes,2016-03-24,2016-03-24,2,1,0,1,1,0,1,1,1,0,0,0,Probe exact archived metrics.json endpoints; cached HTML defers counts to JavaScript-injected metrics.
dynamic_metrics_placeholder,1,Cosmos Quest,https://www.kongregate.com/games/GaiaByte/cosmos-quest,www.kongregate.com/games/gaiabyte/cosmos-quest,1,74,17,yes,2017-03-04,2017-06-24,1,125,0,12,11,1,11,11,11,0,0,0,Probe exact archived metrics.json endpoints; cached HTML defers counts to JavaScript-injected metrics.
dynamic_metrics_placeholder,1,Unpuzzle 2,https://www.kongregate.com/games/KekGames/unpuzzle-2,www.kongregate.com/games/kekgames/unpuzzle-2,1,43,0,yes,2018-03-10,2019-05-26,3,17,0,17,13,4,13,13,13,0,0,0,Probe exact archived metrics.json endpoints; cached HTML defers counts to JavaScript-injected metrics.
dynamic_metrics_placeholder,1,Medieval Chronicles 4,https://www.kongregate.com/games/VasantJ/medieval-chronicles-4,www.kongregate.com/games/vasantj/medieval-chronicles-4,1,11,0,yes,2019-05-06,2019-07-18,3,14,0,14,13,1,13,13,13,0,0,0,Probe exact archived metrics.json endpoints; cached HTML defers counts to JavaScript-injected metrics.
dynamic_metrics_placeholder,1,Escape Game - Computer Office Escape,https://www.kongregate.com/games/masasgames/escape-game-computer-office-escape,www.kongregate.com/games/masasgames/escape-game-computer-office-escape,1,157,13,yes,2020-06-02,2020-06-20,2,17,0,17,14,3,14,14,14,0,0,0,Probe exact archived metrics.json endpoints; cached HTML defers counts to JavaScript-injected metrics.
not_checked,1,Pou Popper,http://www.kongregate.com/games/botsgames/pou-popper,www.kongregate.com/games/botsgames/pou-popper,1,1,0,yes,2014-08-08,2014-08-08,0,0,0,0,0,0,0,0,0,0,0,0,Run a bounded page-history CDX shard for this game.
not_checked,1,Wheelie Legend,http://www.kongregate.com/games/colburt187/wheelie-legend,www.kongregate.com/games/colburt187/wheelie-legend,1,1,0,yes,2014-08-22,2014-08-22,0,0,0,0,0,0,0,0,0,0,0,0,Run a bounded page-history CDX shard for this game.
not_checked,1,Battle Of Heroes,http://www.kongregate.com/games/Andrew_Nyers/battle-of-heroes,www.kongregate.com/games/andrew_nyers/battle-of-heroes,1,1,0,yes,2014-08-26,2014-08-26,0,0,0,0,0,0,0,0,0,0,0,0,Run a bounded page-history CDX shard for this game.
not_checked,1,Jellydad Hero,http://www.kongregate.com/games/PITon_/jellydad-hero,www.kongregate.com/games/piton_/jellydad-hero,1,1,0,yes,2014-08-29,2014-08-29,0,0,0,0,0,0,0,0,0,0,0,0,Run a bounded page-history CDX shard for this game.
not_checked,1,Alexia Crow and the pandora's box,http://www.kongregate.com/games/josepho/alexia-crow-and-the-pandoras-box,www.kongregate.com/games/josepho/alexia-crow-and-the-pandoras-box,1,1,0,yes,2014-09-05,2014-09-05,0,0,0,0,0,0,0,0,0,0,0,0,Run a bounded page-history CDX shard for this game.
not_checked,1,The world most bugged game,http://www.kongregate.com/games/ErnaniR/the-world-most-bugged-game,www.kongregate.com/games/ernanir/the-world-most-bugged-game,1,1,0,yes,2014-09-14,2014-09-14,0,0,0,0,0,0,0,0,0,0,0,0,Run a bounded page-history CDX shard for this game.
not_checked,1,Classical Snake,http://www.kongregate.com/games/bilinmexx/classical-snake,www.kongregate.com/games/bilinmexx/classical-snake,1,1,0,yes,2014-09-19,2014-09-19,0,0,0,0,0,0,0,0,0,0,0,0,Run a bounded page-history CDX shard for this game.
not_checked,1,Robo Racing,http://www.kongregate.com/games/smokoko/robo-racing,www.kongregate.com/games/smokoko/robo-racing,1,2,0,yes,2014-09-19,2014-09-19,0,0,0,0,0,0,0,0,0,0,0,0,Run a bounded page-history CDX shard for this game.
not_checked,1,Brakeless Trials Game 2014,http://www.kongregate.com/games/lpunderground1/brakeless-trials-game-2014,www.kongregate.com/games/lpunderground1/brakeless-trials-game-2014,1,1,0,yes,2014-09-20,2014-09-20,0,0,0,0,0,0,0,0,0,0,0,0,Run a bounded page-history CDX shard for this game.
not_checked,1,Evolve,http://www.kongregate.com/games/MohtashamS/evolve,www.kongregate.com/games/mohtashams/evolve,1,1,0,yes,2014-09-26,2014-09-26,0,0,0,0,0,0,0,0,0,0,0,0,Run a bounded page-history CDX shard for this game.
not_checked,1,Robo-Jump,http://www.kongregate.com/games/gr33ngunner007/robo-jump,www.kongregate.com/games/gr33ngunner007/robo-jump,1,2,0,yes,2014-10-03,2014-10-04,0,0,0,0,0,0,0,0,0,0,0,0,Run a bounded page-history CDX shard for this game.
not_checked,1,Bakery French Bread,http://www.kongregate.com/games/IanStokes/bakery-french-bread,www.kongregate.com/games/ianstokes/bakery-french-bread,1,1,0,yes,2014-10-04,2014-10-04,0,0,0,0,0,0,0,0,0,0,0,0,Run a bounded page-history CDX shard for this game.
not_checked,1,Opulent Sunflappiness 3,http://www.kongregate.com/games/stewardhklarlove/opulent-sunflappiness-3,www.kongregate.com/games/stewardhklarlove/opulent-sunflappiness-3,1,1,0,yes,2014-10-09,2014-10-09,0,0,0,0,0,0,0,0,0,0,0,0,Run a bounded page-history CDX shard for this game.
not_checked,1,Umbrella Revolution,http://www.kongregate.com/games/dingjun/umbrella-revolution,www.kongregate.com/games/dingjun/umbrella-revolution,1,1,0,yes,2014-10-10,2014-10-10,0,0,0,0,0,0,0,0,0,0,0,0,Run a bounded page-history CDX shard for this game.
not_checked,1,Freeze Tag,http://www.kongregate.com/games/codenforjesus/freeze-tag,www.kongregate.com/games/codenforjesus/freeze-tag,1,1,0,yes,2014-10-13,2014-10-13,0,0,0,0,0,0,0,0,0,0,0,0,Run a bounded page-history CDX shard for this game.
not_checked,1,The Adventures of Bit and Ravh,http://www.kongregate.com/games/gillenew/the-adventures-of-bit-and-ravh,www.kongregate.com/games/gillenew/the-adventures-of-bit-and-ravh,1,2,0,yes,2014-10-17,2014-10-18,0,0,0,0,0,0,0,0,0,0,0,0,Run a bounded page-history CDX shard for this game.
not_checked,1,March,http://www.kongregate.com/games/UncleBig2D/march,www.kongregate.com/games/unclebig2d/march,1,1,0,yes,2014-10-18,2014-10-18,0,0,0,0,0,0,0,0,0,0,0,0,Run a bounded page-history CDX shard for this game.
not_checked,1,shieldshooting,http://www.kongregate.com/games/youugames/shieldshooting,www.kongregate.com/games/youugames/shieldshooting,1,1,0,yes,2014-10-29,2014-10-29,0,0,0,0,0,0,0,0,0,0,0,0,Run a bounded page-history CDX shard for this game.
not_checked,1,Out Of Order,http://www.kongregate.com/games/bigmonkeyfactory/out-of-order,www.kongregate.com/games/bigmonkeyfactory/out-of-order,1,1,0,yes,2014-10-31,2014-10-31,0,0,0,0,0,0,0,0,0,0,0,0,Run a bounded page-history CDX shard for this game.
not_checked,1,Minions Bejeweled,http://www.kongregate.com/games/wayak/minions-bejeweled,www.kongregate.com/games/wayak/minions-bejeweled,1,1,0,yes,2014-11-11,2014-11-11,0,0,0,0,0,0,0,0,0,0,0,0,Run a bounded page-history CDX shard for this game.
not_checked,1,The Experimental Platformer (v1.2b7),http://www.kongregate.com/games/SilverMediaPro/the-experimental-platformer-v1-2b7,www.kongregate.com/games/silvermediapro/the-experimental-platformer-v1-2b7,1,1,0,yes,2014-11-25,2014-11-25,0,0,0,0,0,0,0,0,0,0,0,0,Run a bounded page-history CDX shard for this game.
not_checked,1,The Monster Dash,http://www.kongregate.com/games/drakebrown987/the-monster-dash,www.kongregate.com/games/drakebrown987/the-monster-dash,1,1,0,yes,2014-12-02,2014-12-02,0,0,0,0,0,0,0,0,0,0,0,0,Run a bounded page-history CDX shard for this game.
not_checked,1,Toeter Shooter,http://www.kongregate.com/games/idaniel95/toeter-shooter,www.kongregate.com/games/idaniel95/toeter-shooter,1,1,0,yes,2014-12-10,2014-12-10,0,0,0,0,0,0,0,0,0,0,0,0,Run a bounded page-history CDX shard for this game.
not_checked,1,Guess the city2,http://www.kongregate.com/games/SandraKim/guess-the-city2,www.kongregate.com/games/sandrakim/guess-the-city2,1,1,0,yes,2014-12-17,2014-12-17,0,0,0,0,0,0,0,0,0,0,0,0,Run a bounded page-history CDX shard for this game.
not_checked,1,Shooter Jet Crystal,http://www.kongregate.com/games/BrenetComics/shooter-jet-crystal,www.kongregate.com/games/brenetcomics/shooter-jet-crystal,1,1,0,yes,2014-12-28,2014-12-28,0,0,0,0,0,0,0,0,0,0,0,0,Run a bounded page-history CDX shard for this game.
not_checked,1,Robo Jump,http://www.kongregate.com/games/paulp_ws/robo-jump,www.kongregate.com/games/paulp_ws/robo-jump,1,1,0,yes,2014-12-30,2014-12-30,0,0,0,0,0,0,0,0,0,0,0,0,Run a bounded page-history CDX shard for this game.
not_checked,1,Cute Baby Girl Spring Outing,http://www.kongregate.com/games/showgirlgames/cute-baby-girl-spring-outing,www.kongregate.com/games/showgirlgames/cute-baby-girl-spring-outing,1,1,0,yes,2015-04-01,2015-04-01,0,0,0,0,0,0,0,0,0,0,0,0,Run a bounded page-history CDX shard for this game.
not_checked,1,Alien Space Blaster 0.1,http://www.kongregate.com/games/TM_HeartGames/alien-space-blaster-0-1,www.kongregate.com/games/tm_heartgames/alien-space-blaster-0-1,1,1,0,yes,2015-09-03,2015-09-03,0,0,0,0,0,0,0,0,0,0,0,0,Run a bounded page-history CDX shard for this game.
not_checked,1,Monster War Zone 3,http://www.kongregate.com/games/monsterplay999/monster-war-zone-3,www.kongregate.com/games/monsterplay999/monster-war-zone-3,1,1,0,yes,2015-09-09,2015-09-09,0,0,0,0,0,0,0,0,0,0,0,0,Run a bounded page-history CDX shard for this game.
not_checked,1,uJet - Jetpack Controller Demonstration,http://www.kongregate.com/games/Vel_1828/ujet-jetpack-controller-demonstration,www.kongregate.com/games/vel_1828/ujet-jetpack-controller-demonstration,1,1,0,yes,2015-09-14,2015-09-14,0,0,0,0,0,0,0,0,0,0,0,0,Run a bounded page-history CDX shard for this game.
not_checked,1,Funny Pets,http://www.kongregate.com/games/ggfdev/funny-pets,www.kongregate.com/games/ggfdev/funny-pets,1,1,0,yes,2015-09-15,2015-09-15,0,0,0,0,0,0,0,0,0,0,0,0,Run a bounded page-history CDX shard for this game.
not_checked,1,Lost Viking,http://www.kongregate.com/games/xraymonx2/lost-viking,www.kongregate.com/games/xraymonx2/lost-viking,1,1,0,yes,2015-09-23,2015-09-23,0,0,0,0,0,0,0,0,0,0,0,0,Run a bounded page-history CDX shard for this game.
not_checked,1,Cool battle,http://www.kongregate.com/games/inventor_123/cool-battle,www.kongregate.com/games/inventor_123/cool-battle,1,1,0,yes,2015-09-30,2015-09-30,0,0,0,0,0,0,0,0,0,0,0,0,Run a bounded page-history CDX shard for this game.
not_checked,1,Alien survival Beta 2,http://www.kongregate.com/games/idknewname1/alien-survival-beta-2,www.kongregate.com/games/idknewname1/alien-survival-beta-2,1,1,0,yes,2015-12-05,2015-12-05,0,0,0,0,0,0,0,0,0,0,0,0,Run a bounded page-history CDX shard for this game.
not_checked,1,Escape to Home,http://www.kongregate.com/games/Rarkahan/escape-to-home,www.kongregate.com/games/rarkahan/escape-to-home,1,1,0,yes,2015-12-18,2015-12-18,0,0,0,0,0,0,0,0,0,0,0,0,Run a bounded page-history CDX shard for this game.
not_checked,1,Monster Love,http://www.kongregate.com/games/esthetix/monster-love,www.kongregate.com/games/esthetix/monster-love,1,1,0,yes,2015-12-26,2015-12-26,0,0,0,0,0,0,0,0,0,0,0,0,Run a bounded page-history CDX shard for this game.
not_checked,1,DanTDM Runner,http://www.kongregate.com/games/MichaelUP/dantdm-runner,www.kongregate.com/games/michaelup/dantdm-runner,1,1,0,yes,2016-01-02,2016-01-02,0,0,0,0,0,0,0,0,0,0,0,0,Run a bounded page-history CDX shard for this game.
not_checked,1,Discover,http://www.kongregate.com/games/N_DEVELOPER/discover,www.kongregate.com/games/n_developer/discover,1,2,0,yes,2016-01-16,2016-02-02,0,0,0,0,0,0,0,0,0,0,0,0,Run a bounded page-history CDX shard for this game.
not_checked,1,New Traffic Jam City,http://www.kongregate.com/games/vitalitygames/new-traffic-jam-city,www.kongregate.com/games/vitalitygames/new-traffic-jam-city,1,1,0,yes,2016-01-25,2016-01-25,0,0,0,0,0,0,0,0,0,0,0,0,Run a bounded page-history CDX shard for this game.
not_checked,1,Clash of the Races 5,http://www.kongregate.com/games/thegames8dotcom/clash-of-the-races-5,www.kongregate.com/games/thegames8dotcom/clash-of-the-races-5,1,1,0,yes,2016-02-02,2016-02-02,0,0,0,0,0,0,0,0,0,0,0,0,Run a bounded page-history CDX shard for this game.
not_checked,1,Geoshape beta,http://www.kongregate.com/games/anarchiamgames/geoshape-beta,www.kongregate.com/games/anarchiamgames/geoshape-beta,1,1,0,yes,2016-02-17,2016-02-17,0,0,0,0,0,0,0,0,0,0,0,0,Run a bounded page-history CDX shard for this game.
not_checked,1,Space Breakout!,http://www.kongregate.com/games/mintteacup/space-breakout,www.kongregate.com/games/mintteacup/space-breakout,1,1,0,yes,2016-02-28,2016-02-28,0,0,0,0,0,0,0,0,0,0,0,0,Run a bounded page-history CDX shard for this game.
not_checked,1,Roller Ball Plat,http://www.kongregate.com/games/Cyberdrax/roller-ball-plat,www.kongregate.com/games/cyberdrax/roller-ball-plat,1,1,0,yes,2016-03-05,2016-03-05,0,0,0,0,0,0,0,0,0,0,0,0,Run a bounded page-history CDX shard for this game.
not_checked,1,Tactical Anomaly,http://www.kongregate.com/games/Dasius/tactical-anomaly,www.kongregate.com/games/dasius/tactical-anomaly,1,1,0,yes,2016-03-07,2016-03-07,0,0,0,0,0,0,0,0,0,0,0,0,Run a bounded page-history CDX shard for this game.
not_checked,1,Digimon Pyramid Adventure,http://www.kongregate.com/games/qywlgame/digimon-pyramid-adventure,www.kongregate.com/games/qywlgame/digimon-pyramid-adventure,1,1,0,yes,2016-03-16,2016-03-16,0,0,0,0,0,0,0,0,0,0,0,0,Run a bounded page-history CDX shard for this game.
not_checked,1,Journey through Wind and Fire I,http://www.kongregate.com/games/FBMGames/journey-through-wind-and-fire-i,www.kongregate.com/games/fbmgames/journey-through-wind-and-fire-i,1,1,0,yes,2016-03-20,2016-03-20,0,0,0,0,0,0,0,0,0,0,0,0,Run a bounded page-history CDX shard for this game.
not_checked,1,Aliens Hurry Home 2,http://www.kongregate.com/games/BenGAMEn/aliens-hurry-home-2,www.kongregate.com/games/bengamen/aliens-hurry-home-2,1,1,0,yes,2016-05-06,2016-05-06,0,0,0,0,0,0,0,0,0,0,0,0,Run a bounded page-history CDX shard for this game.
not_checked,1,Hurdle Jump,http://www.kongregate.com/games/gamer70008000/hurdle-jump,www.kongregate.com/games/gamer70008000/hurdle-jump,1,1,0,yes,2016-05-15,2016-05-15,0,0,0,0,0,0,0,0,0,0,0,0,Run a bounded page-history CDX shard for this game.
not_checked,1,What's inside the box?,http://www.kongregate.com/games/bontegames/whats-inside-the-box,www.kongregate.com/games/bontegames/whats-inside-the-box,1,1,0,yes,2016-05-23,2016-05-23,0,0,0,0,0,0,0,0,0,0,0,0,Run a bounded page-history CDX shard for this game.
not_checked,1,Atv Mashup,http://www.kongregate.com/games/win1game/atv-mashup,www.kongregate.com/games/win1game/atv-mashup,1,1,0,yes,2016-05-24,2016-05-24,0,0,0,0,0,0,0,0,0,0,0,0,Run a bounded page-history CDX shard for this game.
not_checked,1,Kindness and PAI,http://www.kongregate.com/games/simpleicarus/kindness-and-pai,www.kongregate.com/games/simpleicarus/kindness-and-pai,1,1,0,yes,2016-06-04,2016-06-04,0,0,0,0,0,0,0,0,0,0,0,0,Run a bounded page-history CDX shard for this game.
not_checked,1,Make It Fly 2.0,http://www.kongregate.com/games/gigaXD/make-it-fly-2-0,www.kongregate.com/games/gigaxd/make-it-fly-2-0,1,1,0,yes,2016-06-05,2016-06-05,0,0,0,0,0,0,0,0,0,0,0,0,Run a bounded page-history CDX shard for this game.
not_checked,1,OrangeLandia,http://www.kongregate.com/games/manogyaacharya/orangelandia,www.kongregate.com/games/manogyaacharya/orangelandia,1,1,0,yes,2016-06-13,2016-06-13,0,0,0,0,0,0,0,0,0,0,0,0,Run a bounded page-history CDX shard for this game.
not_checked,1,Dark Scary House Escape,http://www.kongregate.com/games/yolkgamez/dark-scary-house-escape,www.kongregate.com/games/yolkgamez/dark-scary-house-escape,1,1,0,yes,2016-06-22,2016-06-22,0,0,0,0,0,0,0,0,0,0,0,0,Run a bounded page-history CDX shard for this game.
not_checked,1,Space Defender YM,http://www.kongregate.com/games/Yellowmen_Kit/space-defender-ym,www.kongregate.com/games/yellowmen_kit/space-defender-ym,1,1,0,yes,2016-07-14,2016-07-14,0,0,0,0,0,0,0,0,0,0,0,0,Run a bounded page-history CDX shard for this game.
not_checked,1,Captain Reverso,http://www.kongregate.com/games/PaulHTML5/captain-reverso,www.kongregate.com/games/paulhtml5/captain-reverso,1,1,0,yes,2016-07-20,2016-07-20,0,0,0,0,0,0,0,0,0,0,0,0,Run a bounded page-history CDX shard for this game.
not_checked,1,Space Hero,http://www.kongregate.com/games/george2222teodor/space-hero,www.kongregate.com/games/george2222teodor/space-hero,1,1,0,yes,2016-07-27,2016-07-27,0,0,0,0,0,0,0,0,0,0,0,0,Run a bounded page-history CDX shard for this game.
not_checked,1,Nature Hidden Objects,http://www.kongregate.com/games/Kooxpi/nature-hidden-objects,www.kongregate.com/games/kooxpi/nature-hidden-objects,1,1,0,yes,2016-08-05,2016-08-05,0,0,0,0,0,0,0,0,0,0,0,0,Run a bounded page-history CDX shard for this game.
not_checked,1,Shadow Adventure,http://www.kongregate.com/games/keybol/shadow-adventure,www.kongregate.com/games/keybol/shadow-adventure,1,1,0,yes,2016-08-13,2016-08-13,0,0,0,0,0,0,0,0,0,0,0,0,Run a bounded page-history CDX shard for this game.
not_checked,1,Melon Madness,http://www.kongregate.com/games/WalrusSlayer44/melon-madness,www.kongregate.com/games/walrusslayer44/melon-madness,1,1,0,yes,2016-08-20,2016-08-20,0,0,0,0,0,0,0,0,0,0,0,0,Run a bounded page-history CDX shard for this game.
not_checked,1,Spell Sorter,http://www.kongregate.com/games/314owen/spell-sorter,www.kongregate.com/games/314owen/spell-sorter,1,1,0,yes,2016-08-28,2016-08-28,0,0,0,0,0,0,0,0,0,0,0,0,Run a bounded page-history CDX shard for this game.
not_checked,1,Square Jump: Revision of the Icy Tower,http://www.kongregate.com/games/marek123061/square-jump-revision-of-the-icy-tower,www.kongregate.com/games/marek123061/square-jump-revision-of-the-icy-tower,1,1,0,yes,2016-09-03,2016-09-03,0,0,0,0,0,0,0,0,0,0,0,0,Run a bounded page-history CDX shard for this game.
not_checked,1,Unlock prototype,http://www.kongregate.com/games/zeeshahmad/unlock-prototype,www.kongregate.com/games/zeeshahmad/unlock-prototype,1,1,0,yes,2016-09-16,2016-09-16,0,0,0,0,0,0,0,0,0,0,0,0,Run a bounded page-history CDX shard for this game.
not_checked,1,Adam and Eve 2,http://www.kongregate.com/games/fastgames/adam-and-eve-2,www.kongregate.com/games/fastgames/adam-and-eve-2,1,1,0,yes,2016-09-17,2016-09-17,0,0,0,0,0,0,0,0,0,0,0,0,Run a bounded page-history CDX shard for this game.
not_checked,1,Retro Shuriken,http://www.kongregate.com/games/minininja956/retro-shuriken,www.kongregate.com/games/minininja956/retro-shuriken,1,1,0,yes,2016-09-23,2016-09-23,0,0,0,0,0,0,0,0,0,0,0,0,Run a bounded page-history CDX shard for this game.
not_checked,1,Soul Shadows,http://www.kongregate.com/games/minininja956/soul-shadows,www.kongregate.com/games/minininja956/soul-shadows,1,1,0,yes,2016-10-04,2016-10-04,0,0,0,0,0,0,0,0,0,0,0,0,Run a bounded page-history CDX shard for this game.
not_checked,1,Energy Bay,http://www.kongregate.com/games/IDnetGames/energy-bay,www.kongregate.com/games/idnetgames/energy-bay,1,1,0,yes,2016-10-10,2016-10-10,0,0,0,0,0,0,0,0,0,0,0,0,Run a bounded page-history CDX shard for this game.
not_checked,1,Halloween Spooky Motocross,http://www.kongregate.com/games/vitalitygames/halloween-spooky-motocross,www.kongregate.com/games/vitalitygames/halloween-spooky-motocross,1,1,0,yes,2016-10-17,2016-10-17,0,0,0,0,0,0,0,0,0,0,0,0,Run a bounded page-history CDX shard for this game.
not_checked,1,Simple factory idle game,http://www.kongregate.com/games/jopimpas/simple-factory-idle-game,www.kongregate.com/games/jopimpas/simple-factory-idle-game,1,1,0,yes,2016-10-18,2016-10-18,0,0,0,0,0,0,0,0,0,0,0,0,Run a bounded page-history CDX shard for this game.
not_checked,1,[Future Mode] The Warriors Way 0.2,http://www.kongregate.com/games/JuztnKarlS/future-mode-the-warriors-way-0-2,www.kongregate.com/games/juztnkarls/future-mode-the-warriors-way-0-2,1,1,0,yes,2016-10-24,2016-10-24,0,0,0,0,0,0,0,0,0,0,0,0,Run a bounded page-history CDX shard for this game.
not_checked,1,Filler Snake,http://www.kongregate.com/games/eurocrem/filler-snake,www.kongregate.com/games/eurocrem/filler-snake,1,1,0,yes,2016-10-30,2016-10-30,0,0,0,0,0,0,0,0,0,0,0,0,Run a bounded page-history CDX shard for this game.
not_checked,1,ASMR Universe(Web),http://www.kongregate.com/games/PoeTesla/asmr-universe-web,www.kongregate.com/games/poetesla/asmr-universe-web,1,1,0,yes,2017-05-05,2017-05-05,0,0,0,0,0,0,0,0,0,0,0,0,Run a bounded page-history CDX shard for this game.
not_checked,1,Making a Batch File,http://www.kongregate.com/games/rhittzer/making-a-batch-file,www.kongregate.com/games/rhittzer/making-a-batch-file,1,1,0,yes,2017-06-04,2017-06-04,0,0,0,0,0,0,0,0,0,0,0,0,Run a bounded page-history CDX shard for this game.
not_checked,1,Shootyship,http://www.kongregate.com/games/AOSOJ/shootyship,www.kongregate.com/games/aosoj/shootyship,1,1,0,yes,2017-06-15,2017-06-15,0,0,0,0,0,0,0,0,0,0,0,0,Run a bounded page-history CDX shard for this game.
not_checked,1,Snappy Shark,http://www.kongregate.com/games/johnnyk022181/snappy-shark,www.kongregate.com/games/johnnyk022181/snappy-shark,1,1,0,yes,2017-06-16,2017-06-16,0,0,0,0,0,0,0,0,0,0,0,0,Run a bounded page-history CDX shard for this game.
not_checked,1,calculator,http://www.kongregate.com/games/asaber33/calculator,www.kongregate.com/games/asaber33/calculator,1,1,0,yes,2017-06-25,2017-06-25,0,0,0,0,0,0,0,0,0,0,0,0,Run a bounded page-history CDX shard for this game.
not_checked,1,Idle Spinner,http://www.kongregate.com/games/RufusGuy/idle-spinner,www.kongregate.com/games/rufusguy/idle-spinner,1,1,0,yes,2017-07-03,2017-07-03,0,0,0,0,0,0,0,0,0,0,0,0,Run a bounded page-history CDX shard for this game.
not_checked,1,Tricoloma Home,http://www.kongregate.com/games/Enagamess/tricoloma-home,www.kongregate.com/games/enagamess/tricoloma-home,1,1,0,yes,2017-07-12,2017-07-12,0,0,0,0,0,0,0,0,0,0,0,0,Run a bounded page-history CDX shard for this game.
not_checked,1,Faraway: Puzzle Escape,http://www.kongregate.com/games/Mousecity_Apps/faraway-puzzle-escape,www.kongregate.com/games/mousecity_apps/faraway-puzzle-escape,1,1,0,yes,2017-07-20,2017-07-20,0,0,0,0,0,0,0,0,0,0,0,0,Run a bounded page-history CDX shard for this game.
not_checked,1,Little Bitty Byte,http://www.kongregate.com/games/PartyBug/little-bitty-byte,www.kongregate.com/games/partybug/little-bitty-byte,1,1,0,yes,2017-07-28,2017-07-28,0,0,0,0,0,0,0,0,0,0,0,0,Run a bounded page-history CDX shard for this game.
not_checked,1,EZ MONEY ALL DAYYY,http://www.kongregate.com/games/colenye/ez-money-all-dayyy,www.kongregate.com/games/colenye/ez-money-all-dayyy,1,1,0,yes,2017-07-29,2017-07-29,0,0,0,0,0,0,0,0,0,0,0,0,Run a bounded page-history CDX shard for this game.
not_checked,1,Shootrio,http://www.kongregate.com/games/ZuvayGame/shootrio,www.kongregate.com/games/zuvaygame/shootrio,1,1,0,yes,2017-08-05,2017-08-05,0,0,0,0,0,0,0,0,0,0,0,0,Run a bounded page-history CDX shard for this game.
not_checked,1,Desert Bus 3D,http://www.kongregate.com/games/firkinstudios/desert-bus-3d,www.kongregate.com/games/firkinstudios/desert-bus-3d,1,1,0,yes,2017-08-11,2017-08-11,0,0,0,0,0,0,0,0,0,0,0,0,Run a bounded page-history CDX shard for this game.
not_checked,1,Zombie Cannon Attack!,http://www.kongregate.com/games/RubbleGames/zombie-cannon-attack,www.kongregate.com/games/rubblegames/zombie-cannon-attack,1,1,0,yes,2017-08-23,2017-08-23,0,0,0,0,0,0,0,0,0,0,0,0,Run a bounded page-history CDX shard for this game.
not_checked,1,Good Apprentice Pelo 2021,http://www.kongregate.com/games/stewardhklarlove/good-apprentice-pelo-2021,www.kongregate.com/games/stewardhklarlove/good-apprentice-pelo-2021,1,1,0,yes,2017-09-04,2017-09-04,0,0,0,0,0,0,0,0,0,0,0,0,Run a bounded page-history CDX shard for this game.
not_checked,1,Back To Home,http://www.kongregate.com/games/spacegrid/back-to-home,www.kongregate.com/games/spacegrid/back-to-home,1,1,0,yes,2017-09-20,2017-09-20,0,0,0,0,0,0,0,0,0,0,0,0,Run a bounded page-history CDX shard for this game.
not_checked,1,Supervivencia en la Selva,http://www.kongregate.com/games/adry_fab/supervivencia-en-la-selva,www.kongregate.com/games/adry_fab/supervivencia-en-la-selva,1,1,0,yes,2017-10-08,2017-10-08,0,0,0,0,0,0,0,0,0,0,0,0,Run a bounded page-history CDX shard for this game.
not_checked,1,Escape From Ghost House 3,http://www.kongregate.com/games/top10newgames/escape-from-ghost-house-3,www.kongregate.com/games/top10newgames/escape-from-ghost-house-3,1,1,0,yes,2017-10-15,2017-10-15,0,0,0,0,0,0,0,0,0,0,0,0,Run a bounded page-history CDX shard for this game.
not_checked,1,Warscrap,http://www.kongregate.com/games/warscrap/warscrap,www.kongregate.com/games/warscrap/warscrap,1,1,0,yes,2017-11-06,2017-11-06,0,0,0,0,0,0,0,0,0,0,0,0,Run a bounded page-history CDX shard for this game.
not_checked,1,SCP 079,https://www.kongregate.com/games/DevHeroNatio/scp-079,www.kongregate.com/games/devheronatio/scp-079,1,1,0,yes,2019-08-25,2019-08-25,0,0,0,0,0,0,0,0,0,0,0,0,Run a bounded page-history CDX shard for this game.
not_checked,1,Medieval Chronicles 7,https://www.kongregate.com/games/VasantJ/medieval-chronicles-7,www.kongregate.com/games/vasantj/medieval-chronicles-7,1,19,0,yes,2020-01-01,2020-01-06,0,0,0,0,0,0,0,0,0,0,0,0,Run a bounded page-history CDX shard for this game.
not_checked,1,test,https://www.kongregate.com/games/eyewars/test,www.kongregate.com/games/eyewars/test,1,1,0,yes,2021-01-25,2021-01-25,0,0,0,0,0,0,0,0,0,0,0,0,Run a bounded page-history CDX shard for this game.
not_checked,1,Salads by Chef: Merge Сraft,https://www.kongregate.com/games/gpush_games/salads-by-chef-merge-sraft,www.kongregate.com/games/gpush_games/salads-by-chef-merge-sraft,1,1,0,yes,2024-01-17,2024-01-17,0,0,0,0,0,0,0,0,0,0,0,0,Run a bounded page-history CDX shard for this game.
not_checked,1,Tracesoccer,https://www.kongregate.com/games/Nevolane/tracesoccer,www.kongregate.com/games/nevolane/tracesoccer,1,1,0,yes,2024-01-17,2024-01-17,0,0,0,0,0,0,0,0,0,0,0,0,Run a bounded page-history CDX shard for this game.
dynamic_metrics_placeholder,1,Supermechs,http://www.kongregate.com/games/Tacticsoft/supermechs,www.kongregate.com/games/tacticsoft/supermechs,2,391,0,yes,2016-06-05,2018-11-25,3,206,0,14,12,2,12,12,12,0,0,0,Probe exact archived metrics.json endpoints; cached HTML defers counts to JavaScript-injected metrics.
not_checked,1,Ghost Climb,http://www.kongregate.com/games/2pgcom/ghost-climb,www.kongregate.com/games/2pgcom/ghost-climb,2,1,0,yes,2014-08-22,2014-08-22,0,0,0,0,0,0,0,0,0,0,0,0,Run a bounded page-history CDX shard for this game.
not_checked,1,EggDrop,http://www.kongregate.com/games/BrainStormer/eggdrop,www.kongregate.com/games/brainstormer/eggdrop,2,1,0,yes,2014-08-26,2014-08-26,0,0,0,0,0,0,0,0,0,0,0,0,Run a bounded page-history CDX shard for this game.
not_checked,1,Pair My Alphabets,http://www.kongregate.com/games/quicksailor/pair-my-alphabets,www.kongregate.com/games/quicksailor/pair-my-alphabets,2,1,0,yes,2014-09-02,2014-09-02,0,0,0,0,0,0,0,0,0,0,0,0,Run a bounded page-history CDX shard for this game.
not_checked,1,Colorize,http://www.kongregate.com/games/HundredHands/colorize,www.kongregate.com/games/hundredhands/colorize,2,2,0,yes,2014-09-14,2014-09-20,0,0,0,0,0,0,0,0,0,0,0,0,Run a bounded page-history CDX shard for this game.
not_checked,1,3D Zombie Hell,http://www.kongregate.com/games/szrylmz/3d-zombie-hell,www.kongregate.com/games/szrylmz/3d-zombie-hell,2,2,0,yes,2014-09-19,2014-09-19,0,0,0,0,0,0,0,0,0,0,0,0,Run a bounded page-history CDX shard for this game.
not_checked,1,Tutti - The Skater Capybara,http://www.kongregate.com/games/JunkeiraGrecco/tutti-the-skater-capybara,www.kongregate.com/games/junkeiragrecco/tutti-the-skater-capybara,2,1,0,yes,2014-09-19,2014-09-19,0,0,0,0,0,0,0,0,0,0,0,0,Run a bounded page-history CDX shard for this game.
not_checked,1,Dead Ops,http://www.kongregate.com/games/alex3698/dead-ops,www.kongregate.com/games/alex3698/dead-ops,2,1,0,yes,2014-09-26,2014-09-26,0,0,0,0,0,0,0,0,0,0,0,0,Run a bounded page-history CDX shard for this game.
not_checked,1,Fastest Lap,http://www.kongregate.com/games/gamer70008000/fastest-lap,www.kongregate.com/games/gamer70008000/fastest-lap,2,1,0,yes,2014-10-04,2014-10-04,0,0,0,0,0,0,0,0,0,0,0,0,Run a bounded page-history CDX shard for this game.
not_checked,1,SpongeBob Save Crab,http://www.kongregate.com/games/game4joy1/spongebob-save-crab,www.kongregate.com/games/game4joy1/spongebob-save-crab,2,1,0,yes,2014-10-09,2014-10-09,0,0,0,0,0,0,0,0,0,0,0,0,Run a bounded page-history CDX shard for this game.
not_checked,1,Humans vs. Golems: Soccer,http://www.kongregate.com/games/TukkoRauta/humans-vs-golems-soccer,www.kongregate.com/games/tukkorauta/humans-vs-golems-soccer,2,1,0,yes,2014-10-10,2014-10-10,0,0,0,0,0,0,0,0,0,0,0,0,Run a bounded page-history CDX shard for this game.
not_checked,1,TestGame5334,http://www.kongregate.com/games/jimmydelaney19/testgame5334,www.kongregate.com/games/jimmydelaney19/testgame5334,2,1,0,yes,2014-10-13,2014-10-13,0,0,0,0,0,0,0,0,0,0,0,0,Run a bounded page-history CDX shard for this game.
not_checked,1,Fruit Frenzy,http://www.kongregate.com/games/TreSensa/fruit-frenzy,www.kongregate.com/games/tresensa/fruit-frenzy,2,2,0,yes,2014-10-17,2014-10-18,0,0,0,0,0,0,0,0,0,0,0,0,Run a bounded page-history CDX shard for this game.
not_checked,1,Wearing Flowers,http://www.kongregate.com/games/gogameskiff/wearing-flowers,www.kongregate.com/games/gogameskiff/wearing-flowers,2,1,0,yes,2014-10-18,2014-10-18,0,0,0,0,0,0,0,0,0,0,0,0,Run a bounded page-history CDX shard for this game.
not_checked,1,A Pirate Adventure,http://www.kongregate.com/games/hrishi29x/a-pirate-adventure,www.kongregate.com/games/hrishi29x/a-pirate-adventure,2,1,0,yes,2014-10-31,2014-10-31,0,0,0,0,0,0,0,0,0,0,0,0,Run a bounded page-history CDX shard for this game.
not_checked,1,Floof V1.00,http://www.kongregate.com/games/sega42596/floof-v1-00,www.kongregate.com/games/sega42596/floof-v1-00,2,1,0,yes,2014-11-11,2014-11-11,0,0,0,0,0,0,0,0,0,0,0,0,Run a bounded page-history CDX shard for this game.
not_checked,1,Blobs Temple Adventure!,http://www.kongregate.com/games/Uramin/blobs-temple-adventure,www.kongregate.com/games/uramin/blobs-temple-adventure,2,1,0,yes,2014-11-25,2014-11-25,0,0,0,0,0,0,0,0,0,0,0,0,Run a bounded page-history CDX shard for this game.
not_checked,1,FPSnake,http://www.kongregate.com/games/PacoSwifty/fpsnake,www.kongregate.com/games/pacoswifty/fpsnake,2,1,0,yes,2014-12-02,2014-12-02,0,0,0,0,0,0,0,0,0,0,0,0,Run a bounded page-history CDX shard for this game.
not_checked,1,Mega Blobber,http://www.kongregate.com/games/Deeepgames/mega-blobber,www.kongregate.com/games/deeepgames/mega-blobber,2,1,0,yes,2014-12-10,2014-12-10,0,0,0,0,0,0,0,0,0,0,0,0,Run a bounded page-history CDX shard for this game.
not_checked,1,Far Away Home - Alpha gameplay,http://www.kongregate.com/games/MiniLimoStudio/far-away-home-alpha-gameplay,www.kongregate.com/games/minilimostudio/far-away-home-alpha-gameplay,2,1,0,yes,2014-12-17,2014-12-17,0,0,0,0,0,0,0,0,0,0,0,0,Run a bounded page-history CDX shard for this game.
not_checked,1,Pre-Civilization Bronze Age,http://www.kongregate.com/games/clarusvictoria/pre-civilization-bronze-age,www.kongregate.com/games/clarusvictoria/pre-civilization-bronze-age,2,1,0,yes,2014-12-17,2014-12-17,0,0,0,0,0,0,0,0,0,0,0,0,Run a bounded page-history CDX shard for this game.
not_checked,1,Zombie Payback,http://www.kongregate.com/games/XxDarkWorldxX/zombie-payback,www.kongregate.com/games/xxdarkworldxx/zombie-payback,2,1,0,yes,2014-12-28,2014-12-28,0,0,0,0,0,0,0,0,0,0,0,0,Run a bounded page-history CDX shard for this game.
not_checked,1,Crystal Galaxia,http://www.kongregate.com/games/Danibellido/crystal-galaxia,www.kongregate.com/games/danibellido/crystal-galaxia,2,1,0,yes,2014-12-30,2014-12-30,0,0,0,0,0,0,0,0,0,0,0,0,Run a bounded page-history CDX shard for this game.
not_checked,1,Button Game Adventure,http://www.kongregate.com/games/swipefaststudios/button-game-adventure,www.kongregate.com/games/swipefaststudios/button-game-adventure,2,1,0,yes,2015-09-03,2015-09-03,0,0,0,0,0,0,0,0,0,0,0,0,Run a bounded page-history CDX shard for this game.
not_checked,1,How To Be A Gent,http://www.kongregate.com/games/maxglockling/how-to-be-a-gent,www.kongregate.com/games/maxglockling/how-to-be-a-gent,2,1,0,yes,2015-09-14,2015-09-14,0,0,0,0,0,0,0,0,0,0,0,0,Run a bounded page-history CDX shard for this game.
not_checked,1,Massive Singleplayer Online,http://www.kongregate.com/games/Warstrider/massive-singleplayer-online,www.kongregate.com/games/warstrider/massive-singleplayer-online,2,1,0,yes,2015-09-15,2015-09-15,0,0,0,0,0,0,0,0,0,0,0,0,Run a bounded page-history CDX shard for this game.
not_checked,1,Necromancer's Quest Beta,http://www.kongregate.com/games/ExperaGameStudio/necromancers-quest-beta,www.kongregate.com/games/experagamestudio/necromancers-quest-beta,2,1,0,yes,2015-09-23,2015-09-23,0,0,0,0,0,0,0,0,0,0,0,0,Run a bounded page-history CDX shard for this game.
not_checked,1,Billy jump,http://www.kongregate.com/games/israelmaiden6/billy-jump,www.kongregate.com/games/israelmaiden6/billy-jump,2,1,0,yes,2015-12-05,2015-12-05,0,0,0,0,0,0,0,0,0,0,0,0,Run a bounded page-history CDX shard for this game.
not_checked,1,Interstellar Velocity. Beta 0.9,http://www.kongregate.com/games/paroxysm2000/interstellar-velocity-beta-0-9,www.kongregate.com/games/paroxysm2000/interstellar-velocity-beta-0-9,2,1,0,yes,2015-12-18,2015-12-18,0,0,0,0,0,0,0,0,0,0,0,0,Run a bounded page-history CDX shard for this game.
not_checked,1,Gingerbread Men's Carnival Escape,http://www.kongregate.com/games/GameKB/gingerbread-mens-carnival-escape,www.kongregate.com/games/gamekb/gingerbread-mens-carnival-escape,2,1,0,yes,2015-12-26,2015-12-26,0,0,0,0,0,0,0,0,0,0,0,0,Run a bounded page-history CDX shard for this game.
not_checked,1,openEtG,http://www.kongregate.com/games/kaekaze/openetg,www.kongregate.com/games/kaekaze/openetg,2,1,0,yes,2016-01-02,2016-01-02,0,0,0,0,0,0,0,0,0,0,0,0,Run a bounded page-history CDX shard for this game.
not_checked,1,Football2016,http://www.kongregate.com/games/ProAssasinXD/football2016,www.kongregate.com/games/proassasinxd/football2016,2,1,0,yes,2016-01-16,2016-01-16,0,0,0,0,0,0,0,0,0,0,0,0,Run a bounded page-history CDX shard for this game.
not_checked,1,Class RoomPuzzle,http://www.kongregate.com/games/jumpo102006/class-roompuzzle,www.kongregate.com/games/jumpo102006/class-roompuzzle,2,1,0,yes,2016-01-25,2016-01-25,0,0,0,0,0,0,0,0,0,0,0,0,Run a bounded page-history CDX shard for this game.
not_checked,1,Quester Joe,http://www.kongregate.com/games/leronir/quester-joe,www.kongregate.com/games/leronir/quester-joe,2,1,0,yes,2016-02-02,2016-02-02,0,0,0,0,0,0,0,0,0,0,0,0,Run a bounded page-history CDX shard for this game.
not_checked,1,Dacia Taxi Jigsaw,http://www.kongregate.com/games/newgamess/dacia-taxi-jigsaw,www.kongregate.com/games/newgamess/dacia-taxi-jigsaw,2,1,0,yes,2016-02-17,2016-02-17,0,0,0,0,0,0,0,0,0,0,0,0,Run a bounded page-history CDX shard for this game.
not_checked,1,Ancient Greece: The Impossible Task,http://www.kongregate.com/games/chrisjmarino/ancient-greece-the-impossible-task,www.kongregate.com/games/chrisjmarino/ancient-greece-the-impossible-task,2,1,0,yes,2016-02-28,2016-02-28,0,0,0,0,0,0,0,0,0,0,0,0,Run a bounded page-history CDX shard for this game.
not_checked,1,Classical Pong,http://www.kongregate.com/games/JumesB/classical-pong,www.kongregate.com/games/jumesb/classical-pong,2,1,0,yes,2016-03-20,2016-03-20,0,0,0,0,0,0,0,0,0,0,0,0,Run a bounded page-history CDX shard for this game.
not_checked,1,Cat around the world - Alipne Lakes,http://www.kongregate.com/games/myplayyard/cat-around-the-world-alipne-lakes,www.kongregate.com/games/myplayyard/cat-around-the-world-alipne-lakes,2,1,0,yes,2016-03-24,2016-03-24,0,0,0,0,0,0,0,0,0,0,0,0,Run a bounded page-history CDX shard for this game.
not_checked,1,Paint Box,http://www.kongregate.com/games/qkygames/paint-box,www.kongregate.com/games/qkygames/paint-box,2,1,0,yes,2016-05-06,2016-05-06,0,0,0,0,0,0,0,0,0,0,0,0,Run a bounded page-history CDX shard for this game.
not_checked,1,Army Parking Mania,http://www.kongregate.com/games/vitalitygames/army-parking-mania,www.kongregate.com/games/vitalitygames/army-parking-mania,2,1,0,yes,2016-05-23,2016-05-23,0,0,0,0,0,0,0,0,0,0,0,0,Run a bounded page-history CDX shard for this game.
not_checked,1,FunBox,http://www.kongregate.com/games/Pio6/funbox,www.kongregate.com/games/pio6/funbox,2,1,0,yes,2016-06-04,2016-06-04,0,0,0,0,0,0,0,0,0,0,0,0,Run a bounded page-history CDX shard for this game.
not_checked,1,For USA,http://www.kongregate.com/games/yasdar/for-usa,www.kongregate.com/games/yasdar/for-usa,2,1,0,yes,2016-06-05,2016-06-05,0,0,0,0,0,0,0,0,0,0,0,0,Run a bounded page-history CDX shard for this game.
not_checked,1,WigWigWig,http://www.kongregate.com/games/Glebaster/wigwigwig,www.kongregate.com/games/glebaster/wigwigwig,2,1,0,yes,2016-06-13,2016-06-13,0,0,0,0,0,0,0,0,0,0,0,0,Run a bounded page-history CDX shard for this game.
not_checked,1,Harry potter Eagle eyes,http://www.kongregate.com/games/oktar/harry-potter-eagle-eyes,www.kongregate.com/games/oktar/harry-potter-eagle-eyes,2,1,0,yes,2016-06-22,2016-06-22,0,0,0,0,0,0,0,0,0,0,0,0,Run a bounded page-history CDX shard for this game.
not_checked,1,ROYAL THIEF,http://www.kongregate.com/games/SergioG482/royal-thief,www.kongregate.com/games/sergiog482/royal-thief,2,1,0,yes,2016-06-29,2016-06-29,0,0,0,0,0,0,0,0,0,0,0,0,Run a bounded page-history CDX shard for this game.
not_checked,1,Elephant Multi-task,http://www.kongregate.com/games/Peaceful8/elephant-multi-task,www.kongregate.com/games/peaceful8/elephant-multi-task,2,1,0,yes,2016-07-14,2016-07-14,0,0,0,0,0,0,0,0,0,0,0,0,Run a bounded page-history CDX shard for this game.
not_checked,1,The Epic Gang,http://www.kongregate.com/games/DarkenSoft/the-epic-gang,www.kongregate.com/games/darkensoft/the-epic-gang,2,1,0,yes,2016-07-20,2016-07-20,0,0,0,0,0,0,0,0,0,0,0,0,Run a bounded page-history CDX shard for this game.
not_checked,1,KNF Sightglass Cuppa Restaurant Escape,http://www.kongregate.com/games/knfgame1/knf-sightglass-cuppa-restaurant-escape,www.kongregate.com/games/knfgame1/knf-sightglass-cuppa-restaurant-escape,2,1,0,yes,2016-07-27,2016-07-27,0,0,0,0,0,0,0,0,0,0,0,0,Run a bounded page-history CDX shard for this game.
not_checked,1,Tittu And Annie 16,http://www.kongregate.com/games/Enagamess/tittu-and-annie-16,www.kongregate.com/games/enagamess/tittu-and-annie-16,2,1,0,yes,2016-08-13,2016-08-13,0,0,0,0,0,0,0,0,0,0,0,0,Run a bounded page-history CDX shard for this game.
not_checked,1,Parkour Legends,http://www.kongregate.com/games/RobertWGames/parkour-legends,www.kongregate.com/games/robertwgames/parkour-legends,2,1,0,yes,2016-08-20,2016-08-20,0,0,0,0,0,0,0,0,0,0,0,0,Run a bounded page-history CDX shard for this game.
not_checked,1,Bottle Crash Deluxe,http://www.kongregate.com/games/LinzioGame/bottle-crash-deluxe,www.kongregate.com/games/linziogame/bottle-crash-deluxe,2,1,0,yes,2016-08-28,2016-08-28,0,0,0,0,0,0,0,0,0,0,0,0,Run a bounded page-history CDX shard for this game.
not_checked,1,Cat Drop,http://www.kongregate.com/games/OutGG/cat-drop,www.kongregate.com/games/outgg/cat-drop,2,1,0,yes,2016-09-03,2016-09-03,0,0,0,0,0,0,0,0,0,0,0,0,Run a bounded page-history CDX shard for this game.
not_checked,1,ICEBERG,http://www.kongregate.com/games/KekGames/iceberg,www.kongregate.com/games/kekgames/iceberg,2,1,0,yes,2016-09-16,2016-09-16,0,0,0,0,0,0,0,0,0,0,0,0,Run a bounded page-history CDX shard for this game.
not_checked,1,Eve quest,http://www.kongregate.com/games/NikolaiS179/eve-quest,www.kongregate.com/games/nikolais179/eve-quest,2,1,0,yes,2016-09-17,2016-09-17,0,0,0,0,0,0,0,0,0,0,0,0,Run a bounded page-history CDX shard for this game.
not_checked,1,Halloween Search For History,http://www.kongregate.com/games/Enagamess/halloween-search-for-history,www.kongregate.com/games/enagamess/halloween-search-for-history,2,1,0,yes,2016-10-04,2016-10-04,0,0,0,0,0,0,0,0,0,0,0,0,Run a bounded page-history CDX shard for this game.
not_checked,1,Jumpocat,http://www.kongregate.com/games/FreeS/jumpocat,www.kongregate.com/games/frees/jumpocat,2,1,0,yes,2016-10-17,2016-10-17,0,0,0,0,0,0,0,0,0,0,0,0,Run a bounded page-history CDX shard for this game.
not_checked,1,Triangle Hero,http://www.kongregate.com/games/StarvingStudios/triangle-hero,www.kongregate.com/games/starvingstudios/triangle-hero,2,1,0,yes,2016-10-18,2016-10-18,0,0,0,0,0,0,0,0,0,0,0,0,Run a bounded page-history CDX shard for this game.
not_checked,1,Halloween Creepy Cemetry,http://www.kongregate.com/games/Enagamess/halloween-creepy-cemetry,www.kongregate.com/games/enagamess/halloween-creepy-cemetry,2,1,0,yes,2016-10-24,2016-10-24,0,0,0,0,0,0,0,0,0,0,0,0,Run a bounded page-history CDX shard for this game.
not_checked,1,Another Platform Game,http://www.kongregate.com/games/PlayHardStudios/another-platform-game,www.kongregate.com/games/playhardstudios/another-platform-game,2,1,0,yes,2016-10-30,2016-10-30,0,0,0,0,0,0,0,0,0,0,0,0,Run a bounded page-history CDX shard for this game.
not_checked,1,Fast and Chairious BETA,http://www.kongregate.com/games/HectorFV/fast-and-chairious-beta,www.kongregate.com/games/hectorfv/fast-and-chairious-beta,2,1,0,yes,2017-05-05,2017-05-05,0,0,0,0,0,0,0,0,0,0,0,0,Run a bounded page-history CDX shard for this game.
not_checked,1,Nidiarde,http://www.kongregate.com/games/JanaChumi/nidiarde,www.kongregate.com/games/janachumi/nidiarde,2,1,0,yes,2017-05-25,2017-05-25,0,0,0,0,0,0,0,0,0,0,0,0,Run a bounded page-history CDX shard for this game.
not_checked,1,Binary Switcher,http://www.kongregate.com/games/runvsgamedev/binary-switcher,www.kongregate.com/games/runvsgamedev/binary-switcher,2,1,0,yes,2017-06-04,2017-06-04,0,0,0,0,0,0,0,0,0,0,0,0,Run a bounded page-history CDX shard for this game.
not_checked,1,Car Drift Racers,http://www.kongregate.com/games/vitalitygames/car-drift-racers,www.kongregate.com/games/vitalitygames/car-drift-racers,2,1,0,yes,2017-06-15,2017-06-15,0,0,0,0,0,0,0,0,0,0,0,0,Run a bounded page-history CDX shard for this game.
not_checked,1,Zombie defense,http://www.kongregate.com/games/smoluss/zombie-defense,www.kongregate.com/games/smoluss/zombie-defense,2,1,0,yes,2017-06-25,2017-06-25,0,0,0,0,0,0,0,0,0,0,0,0,Run a bounded page-history CDX shard for this game.
not_checked,1,Knf Hotel Escape,http://www.kongregate.com/games/knfescapegame/knf-hotel-escape,www.kongregate.com/games/knfescapegame/knf-hotel-escape,2,1,0,yes,2017-07-03,2017-07-03,0,0,0,0,0,0,0,0,0,0,0,0,Run a bounded page-history CDX shard for this game.
not_checked,1,mPandanda,http://www.kongregate.com/games/mpandanda/mpandanda,www.kongregate.com/games/mpandanda/mpandanda,2,1,0,yes,2017-07-12,2017-07-12,0,0,0,0,0,0,0,0,0,0,0,0,Run a bounded page-history CDX shard for this game.
not_checked,1,Twisted Cooking Mama,http://www.kongregate.com/games/PartyBug/twisted-cooking-mama,www.kongregate.com/games/partybug/twisted-cooking-mama,2,1,0,yes,2017-07-28,2017-07-28,0,0,0,0,0,0,0,0,0,0,0,0,Run a bounded page-history CDX shard for this game.
not_checked,1,Zombie Cave,http://www.kongregate.com/games/minininja956/zombie-cave,www.kongregate.com/games/minininja956/zombie-cave,2,1,0,yes,2017-07-29,2017-07-29,0,0,0,0,0,0,0,0,0,0,0,0,Run a bounded page-history CDX shard for this game.
not_checked,1,Toy Drop,http://www.kongregate.com/games/Darkmoonfire/toy-drop,www.kongregate.com/games/darkmoonfire/toy-drop,2,1,0,yes,2017-08-05,2017-08-05,0,0,0,0,0,0,0,0,0,0,0,0,Run a bounded page-history CDX shard for this game.
not_checked,1,DOT.,http://www.kongregate.com/games/9PacStudios/dot,www.kongregate.com/games/9pacstudios/dot,2,1,0,yes,2017-08-11,2017-08-11,0,0,0,0,0,0,0,0,0,0,0,0,Run a bounded page-history CDX shard for this game.
not_checked,1,Ensemble,http://www.kongregate.com/games/Vermillion_gd/ensemble,www.kongregate.com/games/vermillion_gd/ensemble,2,1,0,yes,2017-08-17,2017-08-17,0,0,0,0,0,0,0,0,0,0,0,0,Run a bounded page-history CDX shard for this game.
not_checked,1,Swordz.io,http://www.kongregate.com/games/Leonylyner/swordz-io,www.kongregate.com/games/leonylyner/swordz-io,2,1,0,yes,2017-08-23,2017-08-23,0,0,0,0,0,0,0,0,0,0,0,0,Run a bounded page-history CDX shard for this game.
not_checked,1,The Meat - The Game Adventure,http://www.kongregate.com/games/ALT_Games/the-meat-the-game-adventure,www.kongregate.com/games/alt_games/the-meat-the-game-adventure,2,1,0,yes,2017-09-04,2017-09-04,0,0,0,0,0,0,0,0,0,0,0,0,Run a bounded page-history CDX shard for this game.
not_checked,1,SS17 Swallala Elena,http://www.kongregate.com/games/lionel_ict/ss17-swallala-elena,www.kongregate.com/games/lionel_ict/ss17-swallala-elena,2,1,0,yes,2017-09-13,2017-09-13,0,0,0,0,0,0,0,0,0,0,0,0,Run a bounded page-history CDX shard for this game.
not_checked,1,Duck Witch Escape,http://www.kongregate.com/games/8bgames/duck-witch-escape,www.kongregate.com/games/8bgames/duck-witch-escape,2,1,0,yes,2017-09-20,2017-09-20,0,0,0,0,0,0,0,0,0,0,0,0,Run a bounded page-history CDX shard for this game.
not_checked,1,PlaneQuests,http://www.kongregate.com/games/LvCKrolentStudio/planequests,www.kongregate.com/games/lvckrolentstudio/planequests,2,1,0,yes,2017-10-08,2017-10-08,0,0,0,0,0,0,0,0,0,0,0,0,Run a bounded page-history CDX shard for this game.
not_checked,1,hi no homo,http://www.kongregate.com/games/zephybite/hi-no-homo,www.kongregate.com/games/zephybite/hi-no-homo,2,1,0,yes,2017-10-15,2017-10-15,0,0,0,0,0,0,0,0,0,0,0,0,Run a bounded page-history CDX shard for this game.
not_checked,1,Booga,http://www.kongregate.com/games/AshCrimsonEL/booga,www.kongregate.com/games/ashcrimsonel/booga,2,1,0,yes,2017-10-24,2017-10-24,0,0,0,0,0,0,0,0,0,0,0,0,Run a bounded page-history CDX shard for this game.
not_checked,1,Thanksgiving Friend Rescue 1,http://www.kongregate.com/games/top10newgames/thanksgiving-friend-rescue-1,www.kongregate.com/games/top10newgames/thanksgiving-friend-rescue-1,2,1,0,yes,2017-11-06,2017-11-06,0,0,0,0,0,0,0,0,0,0,0,0,Run a bounded page-history CDX shard for this game.
not_checked,1,Snake,https://www.kongregate.com/games/Doodler_101/snake,www.kongregate.com/games/doodler_101/snake,2,1,0,yes,2019-08-25,2019-08-25,0,0,0,0,0,0,0,0,0,0,0,0,Run a bounded page-history CDX shard for this game.
not_checked,1,Factory Balls forever,https://www.kongregate.com/games/bontegames/factory-balls-forever,www.kongregate.com/games/bontegames/factory-balls-forever,2,49,13,yes,2020-01-02,2020-01-02,0,0,0,0,0,0,0,0,0,0,0,0,Run a bounded page-history CDX shard for this game.
not_checked,1,Medieval Chronicles 8,https://www.kongregate.com/games/VasantJ/medieval-chronicles-8,www.kongregate.com/games/vasantj/medieval-chronicles-8,2,4,0,yes,2020-03-02,2020-06-07,0,0,0,0,0,0,0,0,0,0,0,0,Run a bounded page-history CDX shard for this game.
not_checked,1,Bullfrogs,http://www.kongregate.com/games/Warstrider/bullfrogs,www.kongregate.com/games/warstrider/bullfrogs,2,1,0,yes,2021-01-25,2021-01-25,0,0,0,0,0,0,0,0,0,0,0,0,Run a bounded page-history CDX shard for this game.
not_checked,1,RPGCorp,https://www.kongregate.com/games/Arckaon/rpgcorp,www.kongregate.com/games/arckaon/rpgcorp,2,1,0,yes,2021-11-12,2021-11-12,0,0,0,0,0,0,0,0,0,0,0,0,Run a bounded page-history CDX shard for this game.
not_checked,1,Dear Edmund,https://www.kongregate.com/games/MindTheGrease/dear-edmund,www.kongregate.com/games/mindthegrease/dear-edmund,2,2,0,yes,2024-01-17,2024-01-17,0,0,0,0,0,0,0,0,0,0,0,0,Run a bounded page-history CDX shard for this game.
dynamic_metrics_placeholder,1,Miscrits,http://www.kongregate.com/games/BrokenBulb/miscrits,www.kongregate.com/games/brokenbulb/miscrits,3,6,0,yes,2014-12-27,2015-04-03,3,25,0,25,17,8,17,17,17,0,0,0,Probe exact archived metrics.json endpoints; cached HTML defers counts to JavaScript-injected metrics.
dynamic_metrics_placeholder,1,Trimps,https://www.kongregate.com/games/GreenSatellite/trimps,www.kongregate.com/games/greensatellite/trimps,3,209,30,yes,2015-07-26,2016-09-03,3,228,0,30,14,16,14,14,14,0,0,0,Probe exact archived metrics.json endpoints; cached HTML defers counts to JavaScript-injected metrics.
dynamic_metrics_placeholder,1,Blockade3D,https://www.kongregate.com/games/blockadeboss/blockade3d,www.kongregate.com/games/blockadeboss/blockade3d,3,140,20,yes,2016-08-17,2019-03-02,2,108,0,30,15,15,15,15,15,0,0,0,Probe exact archived metrics.json endpoints; cached HTML defers counts to JavaScript-injected metrics.
dynamic_metrics_placeholder,1,Medieval Cop 8 -DeathWish- (Part 3),http://www.kongregate.com/games/VasantJ/medieval-cop-8-deathwish-part-3,www.kongregate.com/games/vasantj/medieval-cop-8-deathwish-part-3,3,12,0,yes,2017-08-25,2017-09-16,2,29,0,29,15,14,15,15,15,0,0,0,Probe exact archived metrics.json endpoints; cached HTML defers counts to JavaScript-injected metrics.
dynamic_metrics_placeholder,1,Sports Heads: Football Championship,https://www.kongregate.com/games/Mousebreaker/sports-heads-football-championship,www.kongregate.com/games/mousebreaker/sports-heads-football-championship,3,16,2,yes,2024-04-01,2025-08-01,2,13,0,13,13,0,13,13,13,0,0,0,Probe exact archived metrics.json endpoints; cached HTML defers counts to JavaScript-injected metrics.
not_checked,1,AZ Tank Game,http://www.kongregate.com/games/Asheer/az-tank-game,www.kongregate.com/games/asheer/az-tank-game,3,1,0,yes,2014-07-26,2014-07-26,0,0,0,0,0,0,0,0,0,0,0,0,Run a bounded page-history CDX shard for this game.
not_checked,1,Ben 10 Train Champ,http://www.kongregate.com/games/win1game/ben-10-train-champ,www.kongregate.com/games/win1game/ben-10-train-champ,3,1,0,yes,2014-07-30,2014-07-30,0,0,0,0,0,0,0,0,0,0,0,0,Run a bounded page-history CDX shard for this game.
not_checked,1,max dificult z,http://www.kongregate.com/games/megancitu/max-dificult-z,www.kongregate.com/games/megancitu/max-dificult-z,3,1,0,yes,2014-08-22,2014-08-22,0,0,0,0,0,0,0,0,0,0,0,0,Run a bounded page-history CDX shard for this game.
not_checked,1,Parking Lot Smashball,http://www.kongregate.com/games/JawGames/parking-lot-smashball,www.kongregate.com/games/jawgames/parking-lot-smashball,3,1,0,yes,2014-08-26,2014-08-26,0,0,0,0,0,0,0,0,0,0,0,0,Run a bounded page-history CDX shard for this game.
not_checked,1,Jogo de Exploração,http://www.kongregate.com/games/Mr_Ferrado/jogo-de-explora-o,www.kongregate.com/games/mr_ferrado/jogo-de-explora-o,3,1,0,yes,2014-08-29,2014-08-29,0,0,0,0,0,0,0,0,0,0,0,0,Run a bounded page-history CDX shard for this game.
not_checked,1,Archaeologist Office Escape,http://www.kongregate.com/games/quicksailor/archaeologist-office-escape,www.kongregate.com/games/quicksailor/archaeologist-office-escape,3,1,0,yes,2014-09-02,2014-09-02,0,0,0,0,0,0,0,0,0,0,0,0,Run a bounded page-history CDX shard for this game.
not_checked,1,Racing Porsche Jigsaw,http://www.kongregate.com/games/newgamess/racing-porsche-jigsaw,www.kongregate.com/games/newgamess/racing-porsche-jigsaw,3,1,0,yes,2014-09-12,2014-09-12,0,0,0,0,0,0,0,0,0,0,0,0,Run a bounded page-history CDX shard for this game.
not_checked,1,Kiss the duck,http://www.kongregate.com/games/hidrasoin/kiss-the-duck,www.kongregate.com/games/hidrasoin/kiss-the-duck,3,1,0,yes,2014-09-14,2014-09-14,0,0,0,0,0,0,0,0,0,0,0,0,Run a bounded page-history CDX shard for this game.
not_checked,1,Frip and Froop's Logical Labyrinth,http://www.kongregate.com/games/OtterTeej/frip-and-froops-logical-labyrinth,www.kongregate.com/games/otterteej/frip-and-froops-logical-labyrinth,3,1,0,yes,2014-09-19,2014-09-19,0,0,0,0,0,0,0,0,0,0,0,0,Run a bounded page-history CDX shard for this game.
not_checked,1,Old Taxi Jigsaw,http://www.kongregate.com/games/newgamess/old-taxi-jigsaw,www.kongregate.com/games/newgamess/old-taxi-jigsaw,3,2,0,yes,2014-09-19,2014-09-19,0,0,0,0,0,0,0,0,0,0,0,0,Run a bounded page-history CDX shard for this game.
not_checked,1,Redshift,http://www.kongregate.com/games/ClipwireGames/redshift,www.kongregate.com/games/clipwiregames/redshift,3,1,0,yes,2014-09-26,2014-09-26,0,0,0,0,0,0,0,0,0,0,0,0,Run a bounded page-history CDX shard for this game.
not_checked,1,War on Iraq,http://www.kongregate.com/games/FreeWorldGroup/war-on-iraq,www.kongregate.com/games/freeworldgroup/war-on-iraq,3,1,0,yes,2014-09-26,2014-09-26,0,0,0,0,0,0,0,0,0,0,0,0,Run a bounded page-history CDX shard for this game.
not_checked,1,Tap It! - Tap the red button!,http://www.kongregate.com/games/GuilhermeG5/tap-it-tap-the-red-button,www.kongregate.com/games/guilhermeg5/tap-it-tap-the-red-button,3,1,0,yes,2014-10-04,2014-10-04,0,0,0,0,0,0,0,0,0,0,0,0,Run a bounded page-history CDX shard for this game.
not_checked,1,Click the Monkey,http://www.kongregate.com/games/bigkev711/click-the-monkey,www.kongregate.com/games/bigkev711/click-the-monkey,3,1,0,yes,2014-10-10,2014-10-10,0,0,0,0,0,0,0,0,0,0,0,0,Run a bounded page-history CDX shard for this game.
not_checked,1,PekaFace,http://www.kongregate.com/games/tima291199/pekaface,www.kongregate.com/games/tima291199/pekaface,3,1,0,yes,2014-10-13,2014-10-13,0,0,0,0,0,0,0,0,0,0,0,0,Run a bounded page-history CDX shard for this game.
not_checked,1,qsplit,http://www.kongregate.com/games/FtMFtM/qsplit,www.kongregate.com/games/ftmftm/qsplit,3,2,0,yes,2014-10-17,2014-10-18,0,0,0,0,0,0,0,0,0,0,0,0,Run a bounded page-history CDX shard for this game.
not_checked,1,Yaba V0.1,http://www.kongregate.com/games/FordJr/yaba-v0-1,www.kongregate.com/games/fordjr/yaba-v0-1,3,1,0,yes,2014-10-18,2014-10-18,0,0,0,0,0,0,0,0,0,0,0,0,Run a bounded page-history CDX shard for this game.
not_checked,1,2048,http://www.kongregate.com/games/Geckoo1337/2048,www.kongregate.com/games/geckoo1337/2048,3,1,0,yes,2014-10-24,2014-10-24,0,0,0,0,0,0,0,0,0,0,0,0,Run a bounded page-history CDX shard for this game.
not_checked,1,Wandering Eyes,http://www.kongregate.com/games/myplayyard/wandering-eyes,www.kongregate.com/games/myplayyard/wandering-eyes,3,1,0,yes,2014-10-29,2014-10-29,0,0,0,0,0,0,0,0,0,0,0,0,Run a bounded page-history CDX shard for this game.
not_checked,1,Potato Pirate,http://www.kongregate.com/games/sorenof/potato-pirate,www.kongregate.com/games/sorenof/potato-pirate,3,1,0,yes,2014-10-31,2014-10-31,0,0,0,0,0,0,0,0,0,0,0,0,Run a bounded page-history CDX shard for this game.
not_checked,1,Match It RGB,http://www.kongregate.com/games/Danieo6/match-it-rgb,www.kongregate.com/games/danieo6/match-it-rgb,3,1,0,yes,2014-11-11,2014-11-11,0,0,0,0,0,0,0,0,0,0,0,0,Run a bounded page-history CDX shard for this game.
not_checked,1,[TEST] AvengerHeroWorld,http://www.kongregate.com/games/galaxymika/test-avengerheroworld,www.kongregate.com/games/galaxymika/test-avengerheroworld,3,1,0,yes,2014-11-25,2014-11-25,0,0,0,0,0,0,0,0,0,0,0,0,Run a bounded page-history CDX shard for this game.
not_checked,1,Burro Bandito,http://www.kongregate.com/games/corralezd/burro-bandito,www.kongregate.com/games/corralezd/burro-bandito,3,1,0,yes,2014-12-02,2014-12-02,0,0,0,0,0,0,0,0,0,0,0,0,Run a bounded page-history CDX shard for this game.
not_checked,1,Plat Jump Demo,http://www.kongregate.com/games/chigbi/plat-jump-demo,www.kongregate.com/games/chigbi/plat-jump-demo,3,1,0,yes,2014-12-10,2014-12-10,0,0,0,0,0,0,0,0,0,0,0,0,Run a bounded page-history CDX shard for this game.
not_checked,1,We're Dropping Christmas,http://www.kongregate.com/games/WCGD/were-dropping-christmas,www.kongregate.com/games/wcgd/were-dropping-christmas,3,1,0,yes,2014-12-17,2014-12-17,0,0,0,0,0,0,0,0,0,0,0,0,Run a bounded page-history CDX shard for this game.
not_checked,1,Patih Araya Demo,http://www.kongregate.com/games/greatz/patih-araya-demo,www.kongregate.com/games/greatz/patih-araya-demo,3,1,0,yes,2014-12-28,2014-12-28,0,0,0,0,0,0,0,0,0,0,0,0,Run a bounded page-history CDX shard for this game.
not_checked,1,New Year Surprise,http://www.kongregate.com/games/SandraKim/new-year-surprise,www.kongregate.com/games/sandrakim/new-year-surprise,3,1,0,yes,2014-12-30,2014-12-30,0,0,0,0,0,0,0,0,0,0,0,0,Run a bounded page-history CDX shard for this game.
not_checked,1,Astronaut A12 (A12_),http://www.kongregate.com/games/DevinBeggs1214/astronaut-a12-a12,www.kongregate.com/games/devinbeggs1214/astronaut-a12-a12,3,1,0,yes,2015-04-01,2015-04-01,0,0,0,0,0,0,0,0,0,0,0,0,Run a bounded page-history CDX shard for this game.
not_checked,1,AnonymousHotel,http://www.kongregate.com/games/JairusScott/anonymoushotel,www.kongregate.com/games/jairusscott/anonymoushotel,3,1,0,yes,2015-09-03,2015-09-03,0,0,0,0,0,0,0,0,0,0,0,0,Run a bounded page-history CDX shard for this game.
not_checked,1,Musical keyboard,http://www.kongregate.com/games/GoodGodlyGod/musical-keyboard,www.kongregate.com/games/goodgodlygod/musical-keyboard,3,1,0,yes,2015-09-09,2015-09-09,0,0,0,0,0,0,0,0,0,0,0,0,Run a bounded page-history CDX shard for this game.
not_checked,1,Zombie Ace,http://www.kongregate.com/games/abcgames2015/zombie-ace,www.kongregate.com/games/abcgames2015/zombie-ace,3,1,0,yes,2015-09-14,2015-09-14,0,0,0,0,0,0,0,0,0,0,0,0,Run a bounded page-history CDX shard for this game.
not_checked,1,Black Cats House Escape,http://www.kongregate.com/games/ainarsa/black-cats-house-escape,www.kongregate.com/games/ainarsa/black-cats-house-escape,3,1,0,yes,2015-09-23,2015-09-23,0,0,0,0,0,0,0,0,0,0,0,0,Run a bounded page-history CDX shard for this game.
not_checked,1,Pong,http://www.kongregate.com/games/BiVision/pong,www.kongregate.com/games/bivision/pong,3,1,0,yes,2015-09-30,2015-09-30,0,0,0,0,0,0,0,0,0,0,0,0,Run a bounded page-history CDX shard for this game.
not_checked,1,Enter into Darkness 3,http://www.kongregate.com/games/Newshield_Ent/enter-into-darkness-3,www.kongregate.com/games/newshield_ent/enter-into-darkness-3,3,1,0,yes,2015-12-05,2015-12-05,0,0,0,0,0,0,0,0,0,0,0,0,Run a bounded page-history CDX shard for this game.
not_checked,1,Bullet Boy,http://www.kongregate.com/games/PomeloGames/bullet-boy,www.kongregate.com/games/pomelogames/bullet-boy,3,1,0,yes,2015-12-18,2015-12-18,0,0,0,0,0,0,0,0,0,0,0,0,Run a bounded page-history CDX shard for this game.
not_checked,1,TheLastSurvivor,http://www.kongregate.com/games/KERBOGAMES/thelastsurvivor,www.kongregate.com/games/kerbogames/thelastsurvivor,3,1,0,yes,2015-12-26,2015-12-26,0,0,0,0,0,0,0,0,0,0,0,0,Run a bounded page-history CDX shard for this game.
not_checked,1,Construction Sabotage War 3,http://www.kongregate.com/games/thegames8dotcom/construction-sabotage-war-3,www.kongregate.com/games/thegames8dotcom/construction-sabotage-war-3,3,1,0,yes,2016-01-02,2016-01-02,0,0,0,0,0,0,0,0,0,0,0,0,Run a bounded page-history CDX shard for this game.
not_checked,1,SpaceWar,http://www.kongregate.com/games/qsqd3c2a1/spacewar,www.kongregate.com/games/qsqd3c2a1/spacewar,3,1,0,yes,2016-01-16,2016-01-16,0,0,0,0,0,0,0,0,0,0,0,0,Run a bounded page-history CDX shard for this game.
not_checked,1,Memory - Talktalk,http://www.kongregate.com/games/Bella500/memory-talktalk,www.kongregate.com/games/bella500/memory-talktalk,3,1,0,yes,2016-01-25,2016-01-25,0,0,0,0,0,0,0,0,0,0,0,0,Run a bounded page-history CDX shard for this game.
not_checked,1,Classic Pong,http://www.kongregate.com/games/chopperu123/classic-pong,www.kongregate.com/games/chopperu123/classic-pong,3,1,0,yes,2016-02-02,2016-02-02,0,0,0,0,0,0,0,0,0,0,0,0,Run a bounded page-history CDX shard for this game.
not_checked,1,Pizza guy,http://www.kongregate.com/games/llwolf/pizza-guy,www.kongregate.com/games/llwolf/pizza-guy,3,1,0,yes,2016-02-17,2016-02-17,0,0,0,0,0,0,0,0,0,0,0,0,Run a bounded page-history CDX shard for this game.
not_checked,1,Can You Escape Love? An Escape the Room Game Inspired by Undertale,http://www.kongregate.com/games/chibixi/can-you-escape-love-an-escape-the-room-game-inspired-by-undertale,www.kongregate.com/games/chibixi/can-you-escape-love-an-escape-the-room-game-inspired-by-undertale,3,1,0,yes,2016-02-28,2016-02-28,0,0,0,0,0,0,0,0,0,0,0,0,Run a bounded page-history CDX shard for this game.
not_checked,1,Wipo,http://www.kongregate.com/games/BlueSn0w/wipo,www.kongregate.com/games/bluesn0w/wipo,3,1,0,yes,2016-03-05,2016-03-05,0,0,0,0,0,0,0,0,0,0,0,0,Run a bounded page-history CDX shard for this game.
not_checked,1,Anti-Plane,http://www.kongregate.com/games/calinutz05/anti-plane,www.kongregate.com/games/calinutz05/anti-plane,3,1,0,yes,2016-03-07,2016-03-07,0,0,0,0,0,0,0,0,0,0,0,0,Run a bounded page-history CDX shard for this game.
not_checked,1,TANKS!,http://www.kongregate.com/games/nyantoaster/tanks,www.kongregate.com/games/nyantoaster/tanks,3,1,0,yes,2016-03-16,2016-03-16,0,0,0,0,0,0,0,0,0,0,0,0,Run a bounded page-history CDX shard for this game.
not_checked,1,Spell idle 2,http://www.kongregate.com/games/omgnoob191/spell-idle-2,www.kongregate.com/games/omgnoob191/spell-idle-2,3,1,0,yes,2016-03-20,2016-03-20,0,0,0,0,0,0,0,0,0,0,0,0,Run a bounded page-history CDX shard for this game.
not_checked,1,Card game,http://www.kongregate.com/games/badfitz100/card-game,www.kongregate.com/games/badfitz100/card-game,3,1,0,yes,2016-03-24,2016-03-24,0,0,0,0,0,0,0,0,0,0,0,0,Run a bounded page-history CDX shard for this game.
not_checked,1,Pacman Star Adventure 2,http://www.kongregate.com/games/Gamesdeveloper/pacman-star-adventure-2,www.kongregate.com/games/gamesdeveloper/pacman-star-adventure-2,3,1,0,yes,2016-05-06,2016-05-06,0,0,0,0,0,0,0,0,0,0,0,0,Run a bounded page-history CDX shard for this game.
not_checked,1,Rock Sweeper,http://www.kongregate.com/games/coconutloverrr/rock-sweeper,www.kongregate.com/games/coconutloverrr/rock-sweeper,3,1,0,yes,2016-05-15,2016-05-15,0,0,0,0,0,0,0,0,0,0,0,0,Run a bounded page-history CDX shard for this game.
not_checked,1,Easter with Family,http://www.kongregate.com/games/SandraKim/easter-with-family,www.kongregate.com/games/sandrakim/easter-with-family,3,1,0,yes,2016-05-23,2016-05-23,0,0,0,0,0,0,0,0,0,0,0,0,Run a bounded page-history CDX shard for this game.
not_checked,1,Juggernaut Jigsaw,http://www.kongregate.com/games/newgamess/juggernaut-jigsaw,www.kongregate.com/games/newgamess/juggernaut-jigsaw,3,1,0,yes,2016-05-24,2016-05-24,0,0,0,0,0,0,0,0,0,0,0,0,Run a bounded page-history CDX shard for this game.
not_checked,1,Attraction,http://www.kongregate.com/games/Aldrinsalazar/attraction,www.kongregate.com/games/aldrinsalazar/attraction,3,1,0,yes,2016-06-04,2016-06-04,0,0,0,0,0,0,0,0,0,0,0,0,Run a bounded page-history CDX shard for this game.
not_checked,1,The Mansion Tour!!,http://www.kongregate.com/games/del9901705_39278/the-mansion-tour,www.kongregate.com/games/del9901705_39278/the-mansion-tour,3,1,0,yes,2016-06-13,2016-06-13,0,0,0,0,0,0,0,0,0,0,0,0,Run a bounded page-history CDX shard for this game.
not_checked,1,Terroir Studio,http://www.kongregate.com/games/chasles/terroir-studio,www.kongregate.com/games/chasles/terroir-studio,3,1,0,yes,2016-06-22,2016-06-22,0,0,0,0,0,0,0,0,0,0,0,0,Run a bounded page-history CDX shard for this game.
not_checked,1,Bonehead,http://www.kongregate.com/games/PoLlOrOn/bonehead,www.kongregate.com/games/polloron/bonehead,3,1,0,yes,2016-06-29,2016-06-29,0,0,0,0,0,0,0,0,0,0,0,0,Run a bounded page-history CDX shard for this game.
not_checked,1,Smash duel,http://www.kongregate.com/games/xelu3banh/smash-duel,www.kongregate.com/games/xelu3banh/smash-duel,3,1,0,yes,2016-07-07,2016-07-07,0,0,0,0,0,0,0,0,0,0,0,0,Run a bounded page-history CDX shard for this game.
not_checked,1,Space Assault,http://www.kongregate.com/games/tete94/space-assault,www.kongregate.com/games/tete94/space-assault,3,1,0,yes,2016-07-14,2016-07-14,0,0,0,0,0,0,0,0,0,0,0,0,Run a bounded page-history CDX shard for this game.
not_checked,1,The Secret Lab,http://www.kongregate.com/games/SandraKim/the-secret-lab,www.kongregate.com/games/sandrakim/the-secret-lab,3,1,0,yes,2016-07-20,2016-07-20,0,0,0,0,0,0,0,0,0,0,0,0,Run a bounded page-history CDX shard for this game.
not_checked,1,KNF mysterious snow forest escape,http://www.kongregate.com/games/knfgame1/knf-mysterious-snow-forest-escape,www.kongregate.com/games/knfgame1/knf-mysterious-snow-forest-escape,3,1,0,yes,2016-07-27,2016-07-27,0,0,0,0,0,0,0,0,0,0,0,0,Run a bounded page-history CDX shard for this game.
not_checked,1,Tittu And Annie 11,http://www.kongregate.com/games/Enagamess/tittu-and-annie-11,www.kongregate.com/games/enagamess/tittu-and-annie-11,3,1,0,yes,2016-08-05,2016-08-05,0,0,0,0,0,0,0,0,0,0,0,0,Run a bounded page-history CDX shard for this game.
not_checked,1,Bobcat Theft Escape,http://www.kongregate.com/games/yolkgamez/bobcat-theft-escape,www.kongregate.com/games/yolkgamez/bobcat-theft-escape,3,1,0,yes,2016-08-13,2016-08-13,0,0,0,0,0,0,0,0,0,0,0,0,Run a bounded page-history CDX shard for this game.
not_checked,1,Soy Luna Pac-Man,http://www.kongregate.com/games/juegosluna/soy-luna-pac-man,www.kongregate.com/games/juegosluna/soy-luna-pac-man,3,1,0,yes,2016-08-28,2016-08-28,0,0,0,0,0,0,0,0,0,0,0,0,Run a bounded page-history CDX shard for this game.
not_checked,1,Bad Pad - DEMO,http://www.kongregate.com/games/AvishayMizrav/bad-pad-demo,www.kongregate.com/games/avishaymizrav/bad-pad-demo,3,1,0,yes,2016-09-03,2016-09-03,0,0,0,0,0,0,0,0,0,0,0,0,Run a bounded page-history CDX shard for this game.
not_checked,1,Escape Rooms 3,http://www.kongregate.com/games/rahchel321/escape-rooms-3,www.kongregate.com/games/rahchel321/escape-rooms-3,3,1,0,yes,2016-09-16,2016-09-16,0,0,0,0,0,0,0,0,0,0,0,0,Run a bounded page-history CDX shard for this game.
not_checked,1,Blaze Hidden Stars,http://www.kongregate.com/games/blazejuegos/blaze-hidden-stars,www.kongregate.com/games/blazejuegos/blaze-hidden-stars,3,1,0,yes,2016-09-17,2016-09-17,0,0,0,0,0,0,0,0,0,0,0,0,Run a bounded page-history CDX shard for this game.
not_checked,1,Giga Sun Rising 04,http://www.kongregate.com/games/gigasun/giga-sun-rising-04,www.kongregate.com/games/gigasun/giga-sun-rising-04,3,1,0,yes,2016-09-23,2016-09-23,0,0,0,0,0,0,0,0,0,0,0,0,Run a bounded page-history CDX shard for this game.
not_checked,1,Seize the Saucers!,http://www.kongregate.com/games/123kenny10/seize-the-saucers,www.kongregate.com/games/123kenny10/seize-the-saucers,3,1,0,yes,2016-10-04,2016-10-04,0,0,0,0,0,0,0,0,0,0,0,0,Run a bounded page-history CDX shard for this game.
not_checked,1,Hallowwen Escape Games - 10 Turnips,http://www.kongregate.com/games/Enagamess/hallowwen-escape-games-10-turnips,www.kongregate.com/games/enagamess/hallowwen-escape-games-10-turnips,3,1,0,yes,2016-10-17,2016-10-17,0,0,0,0,0,0,0,0,0,0,0,0,Run a bounded page-history CDX shard for this game.
not_checked,1,Bisectors with different distance functions,http://www.kongregate.com/games/laspinko/bisectors-with-different-distance-functions,www.kongregate.com/games/laspinko/bisectors-with-different-distance-functions,3,1,0,yes,2016-10-18,2016-10-18,0,0,0,0,0,0,0,0,0,0,0,0,Run a bounded page-history CDX shard for this game.
not_checked,1,Halloween Brightness Paves The Path,http://www.kongregate.com/games/Enagamess/halloween-brightness-paves-the-path,www.kongregate.com/games/enagamess/halloween-brightness-paves-the-path,3,1,0,yes,2016-10-24,2016-10-24,0,0,0,0,0,0,0,0,0,0,0,0,Run a bounded page-history CDX shard for this game.
not_checked,1,Heroes vs Devil,http://www.kongregate.com/games/Husenicar/heroes-vs-devil,www.kongregate.com/games/husenicar/heroes-vs-devil,3,1,0,yes,2016-10-30,2016-10-30,0,0,0,0,0,0,0,0,0,0,0,0,Run a bounded page-history CDX shard for this game.
not_checked,1,GiTD#66 Gameplay Demo,http://www.kongregate.com/games/nutter666/gitd-66-gameplay-demo,www.kongregate.com/games/nutter666/gitd-66-gameplay-demo,3,1,0,yes,2017-05-05,2017-05-05,0,0,0,0,0,0,0,0,0,0,0,0,Run a bounded page-history CDX shard for this game.
not_checked,1,breakout,http://www.kongregate.com/games/AvelinoM/breakout,www.kongregate.com/games/avelinom/breakout,3,1,0,yes,2017-05-25,2017-05-25,0,0,0,0,0,0,0,0,0,0,0,0,Run a bounded page-history CDX shard for this game.
not_checked,1,10 Shot Soccer,http://www.kongregate.com/games/teemukorh/10-shot-soccer,www.kongregate.com/games/teemukorh/10-shot-soccer,3,1,0,yes,2017-05-26,2017-05-26,0,0,0,0,0,0,0,0,0,0,0,0,Run a bounded page-history CDX shard for this game.
not_checked,1,Herb Garden,http://www.kongregate.com/games/ZumwaltWood/herb-garden,www.kongregate.com/games/zumwaltwood/herb-garden,3,1,0,yes,2017-06-04,2017-06-04,0,0,0,0,0,0,0,0,0,0,0,0,Run a bounded page-history CDX shard for this game.
not_checked,1,Mafia Roulette (Local Test),http://www.kongregate.com/games/toxikb/mafia-roulette-local-test,www.kongregate.com/games/toxikb/mafia-roulette-local-test,3,1,0,yes,2017-06-15,2017-06-15,0,0,0,0,0,0,0,0,0,0,0,0,Run a bounded page-history CDX shard for this game.
not_checked,1,Rotator,http://www.kongregate.com/games/Stefan4024/rotator,www.kongregate.com/games/stefan4024/rotator,3,1,0,yes,2017-06-25,2017-06-25,0,0,0,0,0,0,0,0,0,0,0,0,Run a bounded page-history CDX shard for this game.
not_checked,1,NSR Prison Escape,http://www.kongregate.com/games/Nsrgames/nsr-prison-escape,www.kongregate.com/games/nsrgames/nsr-prison-escape,3,1,0,yes,2017-07-03,2017-07-03,0,0,0,0,0,0,0,0,0,0,0,0,Run a bounded page-history CDX shard for this game.
not_checked,1,Coppice,http://www.kongregate.com/games/Enagamess/coppice,www.kongregate.com/games/enagamess/coppice,3,1,0,yes,2017-07-12,2017-07-12,0,0,0,0,0,0,0,0,0,0,0,0,Run a bounded page-history CDX shard for this game.
not_checked,1,Defense Prototype 3,http://www.kongregate.com/games/mikhog/defense-prototype-3,www.kongregate.com/games/mikhog/defense-prototype-3,3,1,0,yes,2017-07-20,2017-07-20,0,0,0,0,0,0,0,0,0,0,0,0,Run a bounded page-history CDX shard for this game.
not_checked,1,Create A Wrestler,http://www.kongregate.com/games/salcha00/create-a-wrestler,www.kongregate.com/games/salcha00/create-a-wrestler,3,1,0,yes,2017-07-28,2017-07-28,0,0,0,0,0,0,0,0,0,0,0,0,Run a bounded page-history CDX shard for this game.
not_checked,1,flappyturkey,http://www.kongregate.com/games/gameallblack/flappyturkey,www.kongregate.com/games/gameallblack/flappyturkey,3,1,0,yes,2017-07-29,2017-07-29,0,0,0,0,0,0,0,0,0,0,0,0,Run a bounded page-history CDX shard for this game.
not_checked,1,Summoner's Tale (in developing),http://www.kongregate.com/games/Mohamed_Negm/summoners-tale-in-developing,www.kongregate.com/games/mohamed_negm/summoners-tale-in-developing,3,1,0,yes,2017-08-05,2017-08-05,0,0,0,0,0,0,0,0,0,0,0,0,Run a bounded page-history CDX shard for this game.
not_checked,1,Tantalus,http://www.kongregate.com/games/bier919/tantalus,www.kongregate.com/games/bier919/tantalus,3,1,0,yes,2017-08-11,2017-08-11,0,0,0,0,0,0,0,0,0,0,0,0,Run a bounded page-history CDX shard for this game.
not_checked,1,Rango,http://www.kongregate.com/games/sadistfairy/rango,www.kongregate.com/games/sadistfairy/rango,3,1,0,yes,2017-08-17,2017-08-17,0,0,0,0,0,0,0,0,0,0,0,0,Run a bounded page-history CDX shard for this game.
not_checked,1,Knf Chalet Bungalow Escape,http://www.kongregate.com/games/knfescapegame/knf-chalet-bungalow-escape,www.kongregate.com/games/knfescapegame/knf-chalet-bungalow-escape,3,1,0,yes,2017-08-23,2017-08-23,0,0,0,0,0,0,0,0,0,0,0,0,Run a bounded page-history CDX shard for this game.
not_checked,1,Stardust,http://www.kongregate.com/games/voidExec/stardust,www.kongregate.com/games/voidexec/stardust,3,1,0,yes,2017-09-04,2017-09-04,0,0,0,0,0,0,0,0,0,0,0,0,Run a bounded page-history CDX shard for this game.
not_checked,1,SS17 SuperCarla,http://www.kongregate.com/games/lionel_ict/ss17-supercarla,www.kongregate.com/games/lionel_ict/ss17-supercarla,3,1,0,yes,2017-09-13,2017-09-13,0,0,0,0,0,0,0,0,0,0,0,0,Run a bounded page-history CDX shard for this game.
not_checked,1,Last Man Alive,http://www.kongregate.com/games/storm_howard/last-man-alive,www.kongregate.com/games/storm_howard/last-man-alive,3,1,0,yes,2017-09-30,2017-09-30,0,0,0,0,0,0,0,0,0,0,0,0,Run a bounded page-history CDX shard for this game.
not_checked,1,Dr. Steward 75K's Intergalactic Darryl Naturam 2021,http://www.kongregate.com/games/stewardhklarlove/dr-steward-75ks-intergalactic-darryl-naturam-2021,www.kongregate.com/games/stewardhklarlove/dr-steward-75ks-intergalactic-darryl-naturam-2021,3,1,0,yes,2017-10-08,2017-10-08,0,0,0,0,0,0,0,0,0,0,0,0,Run a bounded page-history CDX shard for this game.
not_checked,1,Space Stranger,http://www.kongregate.com/games/LatypovKamil/space-stranger,www.kongregate.com/games/latypovkamil/space-stranger,3,1,0,yes,2017-10-15,2017-10-15,0,0,0,0,0,0,0,0,0,0,0,0,Run a bounded page-history CDX shard for this game.
not_checked,1,Marble Duel: Old-school match 3 blasting,http://www.kongregate.com/games/HeroCraft_Games/marble-duel-old-school-match-3-blasting,www.kongregate.com/games/herocraft_games/marble-duel-old-school-match-3-blasting,3,1,0,yes,2017-10-24,2017-10-24,0,0,0,0,0,0,0,0,0,0,0,0,Run a bounded page-history CDX shard for this game.
not_checked,1,3Dsteve009096-1,http://www.kongregate.com/games/steve009096/3dsteve009096-1,www.kongregate.com/games/steve009096/3dsteve009096-1,3,1,0,yes,2017-11-06,2017-11-06,0,0,0,0,0,0,0,0,0,0,0,0,Run a bounded page-history CDX shard for this game.
not_checked,1,Unpuzzle,https://www.kongregate.com/games/KekGames/unpuzzle,www.kongregate.com/games/kekgames/unpuzzle,3,40,0,yes,2019-02-01,2019-05-26,0,0,0,0,0,0,0,0,0,0,0,0,Run a bounded page-history CDX shard for this game.
not_checked,1,Baloon Rush 2,https://www.kongregate.com/games/Maty733/baloon-rush-2,www.kongregate.com/games/maty733/baloon-rush-2,3,1,0,yes,2019-08-25,2019-08-25,0,0,0,0,0,0,0,0,0,0,0,0,Run a bounded page-history CDX shard for this game.
not_checked,1,Medieval Chronicles 9 (Part 2),https://www.kongregate.com/games/VasantJ/medieval-chronicles-9-part-2,www.kongregate.com/games/vasantj/medieval-chronicles-9-part-2,3,48,13,yes,2020-06-07,2020-06-07,0,0,0,0,0,0,0,0,0,0,0,0,Run a bounded page-history CDX shard for this game.
not_checked,1,Sokob,http://www.kongregate.com/games/adgard/sokob,www.kongregate.com/games/adgard/sokob,3,1,0,yes,2021-01-25,2021-01-25,0,0,0,0,0,0,0,0,0,0,0,0,Run a bounded page-history CDX shard for this game.
dynamic_metrics_placeholder,1,Bloons Monkey City,https://www.kongregate.com/games/Ninjakiwi/bloons-monkey-city,www.kongregate.com/games/ninjakiwi/bloons-monkey-city,4,1109,0,yes,2014-11-25,2018-01-10,3,384,0,30,28,2,28,28,28,0,0,0,Probe exact archived metrics.json endpoints; cached HTML defers counts to JavaScript-injected metrics.
dynamic_metrics_placeholder,1,KingsRoad,http://www.kongregate.com/games/RumbleGames/kingsroad,www.kongregate.com/games/rumblegames/kingsroad,4,27,0,yes,2014-12-27,2019-10-22,3,235,0,30,14,16,14,14,14,0,0,0,Probe exact archived metrics.json endpoints; cached HTML defers counts to JavaScript-injected metrics.
dynamic_metrics_placeholder,1,Realm Grinder,https://www.kongregate.com/games/DivineGames/realm-grinder,www.kongregate.com/games/divinegames/realm-grinder,4,167,0,yes,2015-07-26,2015-11-17,3,149,0,30,16,14,16,16,16,0,0,0,Probe exact archived metrics.json endpoints; cached HTML defers counts to JavaScript-injected metrics.
dynamic_metrics_placeholder,1,Evo Explores,https://www.kongregate.com/games/tobeglad/evo-explores,www.kongregate.com/games/tobeglad/evo-explores,4,66,13,yes,2016-09-05,2019-05-26,2,116,0,30,16,14,16,16,16,0,0,0,Probe exact archived metrics.json endpoints; cached HTML defers counts to JavaScript-injected metrics.
dynamic_metrics_placeholder,1,Medieval Cop - Dregg Me To Hell,http://www.kongregate.com/games/VasantJ/medieval-cop-dregg-me-to-hell,www.kongregate.com/games/vasantj/medieval-cop-dregg-me-to-hell,4,8,0,yes,2016-11-18,2016-12-05,1,13,0,13,13,0,13,13,13,0,0,0,Probe exact archived metrics.json endpoints; cached HTML defers counts to JavaScript-injected metrics.
dynamic_metrics_placeholder,1,Medieval Cop 9 -Song & Silence- (Part 1),https://www.kongregate.com/games/VasantJ/medieval-cop-9-song-silence-part-1,www.kongregate.com/games/vasantj/medieval-cop-9-song-silence-part-1,4,69,15,yes,2019-05-06,2020-01-02,2,23,0,23,15,8,15,15,15,0,0,0,Probe exact archived metrics.json endpoints; cached HTML defers counts to JavaScript-injected metrics.
dynamic_metrics_placeholder,1,N Step Steve: Part 1,https://www.kongregate.com/games/EPGstudios/n-step-steve-part-1,www.kongregate.com/games/epgstudios/n-step-steve-part-1,4,43,13,yes,2024-01-17,2025-10-07,3,7,0,7,7,0,4,4,4,0,0,0,Probe exact archived metrics.json endpoints; cached HTML defers counts to JavaScript-injected metrics.
no_page_cdx_rows,1,Drift Race in the open world,https://www.kongregate.com/games/roman8/drift-race-in-the-open-world,www.kongregate.com/games/roman8/drift-race-in-the-open-world,4,15,0,yes,2024-01-21,2025-10-07,3,0,0,0,0,0,0,0,0,0,0,0,Escalate to alternate count sources; checked page URL variants have no usable CDX rows.
not_checked,1,The River Cabin,http://www.kongregate.com/games/SandraKim/the-river-cabin,www.kongregate.com/games/sandrakim/the-river-cabin,4,1,0,yes,2014-08-22,2014-08-22,0,0,0,0,0,0,0,0,0,0,0,0,Run a bounded page-history CDX shard for this game.
not_checked,1,Soccer Free Kick Challenge,http://www.kongregate.com/games/JawGames/soccer-free-kick-challenge,www.kongregate.com/games/jawgames/soccer-free-kick-challenge,4,1,0,yes,2014-08-26,2014-08-26,0,0,0,0,0,0,0,0,0,0,0,0,Run a bounded page-history CDX shard for this game.
not_checked,1,Astro Destroyer,http://www.kongregate.com/games/iGamersbox/astro-destroyer,www.kongregate.com/games/igamersbox/astro-destroyer,4,1,0,yes,2014-08-29,2014-08-29,0,0,0,0,0,0,0,0,0,0,0,0,Run a bounded page-history CDX shard for this game.
not_checked,1,Escape From Forbidden Forest,http://www.kongregate.com/games/Enagamess/escape-from-forbidden-forest,www.kongregate.com/games/enagamess/escape-from-forbidden-forest,4,1,0,yes,2014-09-02,2014-09-02,0,0,0,0,0,0,0,0,0,0,0,0,Run a bounded page-history CDX shard for this game.
not_checked,1,3D Snake!,http://www.kongregate.com/games/JaredTimpson/3d-snake,www.kongregate.com/games/jaredtimpson/3d-snake,4,1,0,yes,2014-09-05,2014-09-05,0,0,0,0,0,0,0,0,0,0,0,0,Run a bounded page-history CDX shard for this game.
not_checked,1,Airport Minibus Parking,http://www.kongregate.com/games/funnychasegames/airport-minibus-parking,www.kongregate.com/games/funnychasegames/airport-minibus-parking,4,1,0,yes,2014-09-12,2014-09-12,0,0,0,0,0,0,0,0,0,0,0,0,Run a bounded page-history CDX shard for this game.
not_checked,1,Fun to Boot,http://www.kongregate.com/games/PlexusPuzzles/fun-to-boot,www.kongregate.com/games/plexuspuzzles/fun-to-boot,4,1,0,yes,2014-09-14,2014-09-14,0,0,0,0,0,0,0,0,0,0,0,0,Run a bounded page-history CDX shard for this game.
not_checked,1,Tic Tac Toe,http://www.kongregate.com/games/EmperorMason/tic-tac-toe,www.kongregate.com/games/emperormason/tic-tac-toe,4,1,0,yes,2014-09-19,2014-09-19,0,0,0,0,0,0,0,0,0,0,0,0,Run a bounded page-history CDX shard for this game.
not_checked,1,Pontus,http://www.kongregate.com/games/pontusmaska/pontus,www.kongregate.com/games/pontusmaska/pontus,4,1,0,yes,2014-09-26,2014-09-26,0,0,0,0,0,0,0,0,0,0,0,0,Run a bounded page-history CDX shard for this game.
not_checked,1,The poop machine,http://www.kongregate.com/games/poopeegames/the-poop-machine,www.kongregate.com/games/poopeegames/the-poop-machine,4,1,0,yes,2014-09-26,2014-09-26,0,0,0,0,0,0,0,0,0,0,0,0,Run a bounded page-history CDX shard for this game.
not_checked,1,Wave1,http://www.kongregate.com/games/Xpxilomm/wave1,www.kongregate.com/games/xpxilomm/wave1,4,2,0,yes,2014-10-03,2014-10-04,0,0,0,0,0,0,0,0,0,0,0,0,Run a bounded page-history CDX shard for this game.
not_checked,1,Zombie Siege,http://www.kongregate.com/games/yell/zombie-siege,www.kongregate.com/games/yell/zombie-siege,4,1,0,yes,2014-10-04,2014-10-04,0,0,0,0,0,0,0,0,0,0,0,0,Run a bounded page-history CDX shard for this game.
not_checked,1,3-bit Zombies,http://www.kongregate.com/games/nicomay99/3-bit-zombies,www.kongregate.com/games/nicomay99/3-bit-zombies,4,1,0,yes,2014-10-09,2014-10-09,0,0,0,0,0,0,0,0,0,0,0,0,Run a bounded page-history CDX shard for this game.
not_checked,1,Fruit Smash Beta,http://www.kongregate.com/games/2bsocial/fruit-smash-beta,www.kongregate.com/games/2bsocial/fruit-smash-beta,4,1,0,yes,2014-10-10,2014-10-10,0,0,0,0,0,0,0,0,0,0,0,0,Run a bounded page-history CDX shard for this game.
not_checked,1,Topdown Shooter,http://www.kongregate.com/games/Phasko/topdown-shooter,www.kongregate.com/games/phasko/topdown-shooter,4,1,0,yes,2014-10-13,2014-10-13,0,0,0,0,0,0,0,0,0,0,0,0,Run a bounded page-history CDX shard for this game.
not_checked,1,Matchtron,http://www.kongregate.com/games/cwpobs/matchtron,www.kongregate.com/games/cwpobs/matchtron,4,2,0,yes,2014-10-17,2014-10-18,0,0,0,0,0,0,0,0,0,0,0,0,Run a bounded page-history CDX shard for this game.
not_checked,1,Sweggy Burd 420 MLG,http://www.kongregate.com/games/madscs/sweggy-burd-420-mlg,www.kongregate.com/games/madscs/sweggy-burd-420-mlg,4,1,0,yes,2014-10-18,2014-10-18,0,0,0,0,0,0,0,0,0,0,0,0,Run a bounded page-history CDX shard for this game.
not_checked,1,Mordecai Saw Game,http://www.kongregate.com/games/inkagames/mordecai-saw-game,www.kongregate.com/games/inkagames/mordecai-saw-game,4,1,0,yes,2014-10-24,2014-10-24,0,0,0,0,0,0,0,0,0,0,0,0,Run a bounded page-history CDX shard for this game.
not_checked,1,Audi R8 Differences,http://www.kongregate.com/games/newgamess/audi-r8-differences,www.kongregate.com/games/newgamess/audi-r8-differences,4,1,0,yes,2014-10-29,2014-10-29,0,0,0,0,0,0,0,0,0,0,0,0,Run a bounded page-history CDX shard for this game.
not_checked,1,Box Man's Dreams,http://www.kongregate.com/games/micGAMER254/box-mans-dreams,www.kongregate.com/games/micgamer254/box-mans-dreams,4,1,0,yes,2014-10-31,2014-10-31,0,0,0,0,0,0,0,0,0,0,0,0,Run a bounded page-history CDX shard for this game.
not_checked,1,Cursor Cloned,http://www.kongregate.com/games/GGMagenta/cursor-cloned,www.kongregate.com/games/ggmagenta/cursor-cloned,4,1,0,yes,2014-11-25,2014-11-25,0,0,0,0,0,0,0,0,0,0,0,0,Run a bounded page-history CDX shard for this game.
not_checked,1,Buzz - I saw my friends,http://www.kongregate.com/games/UninspiredStudio/buzz-i-saw-my-friends,www.kongregate.com/games/uninspiredstudio/buzz-i-saw-my-friends,4,1,0,yes,2014-12-02,2014-12-02,0,0,0,0,0,0,0,0,0,0,0,0,Run a bounded page-history CDX shard for this game.
not_checked,1,Trailer Simulator 2015,http://www.kongregate.com/games/trailersimulator/trailer-simulator-2015,www.kongregate.com/games/trailersimulator/trailer-simulator-2015,4,1,0,yes,2014-12-10,2014-12-10,0,0,0,0,0,0,0,0,0,0,0,0,Run a bounded page-history CDX shard for this game.
not_checked,1,Far Away Home - Alpha gameplay planet Sidon,http://www.kongregate.com/games/MiniLimoStudio/far-away-home-alpha-gameplay-planet-sidon,www.kongregate.com/games/minilimostudio/far-away-home-alpha-gameplay-planet-sidon,4,1,0,yes,2014-12-17,2014-12-17,0,0,0,0,0,0,0,0,0,0,0,0,Run a bounded page-history CDX shard for this game.
not_checked,1,Egg in the Air,http://www.kongregate.com/games/indiejump/egg-in-the-air,www.kongregate.com/games/indiejump/egg-in-the-air,4,1,0,yes,2014-12-28,2014-12-28,0,0,0,0,0,0,0,0,0,0,0,0,Run a bounded page-history CDX shard for this game.
not_checked,1,Tom and Jerry Jigsaw,http://www.kongregate.com/games/game4joy1/tom-and-jerry-jigsaw,www.kongregate.com/games/game4joy1/tom-and-jerry-jigsaw,4,1,0,yes,2014-12-30,2014-12-30,0,0,0,0,0,0,0,0,0,0,0,0,Run a bounded page-history CDX shard for this game.
not_checked,1,Classic Jon,http://www.kongregate.com/games/CoolFlow/classic-jon,www.kongregate.com/games/coolflow/classic-jon,4,1,0,yes,2015-04-01,2015-04-01,0,0,0,0,0,0,0,0,0,0,0,0,Run a bounded page-history CDX shard for this game.
not_checked,1,King Slime 2,http://www.kongregate.com/games/guvigo2/king-slime-2,www.kongregate.com/games/guvigo2/king-slime-2,4,1,0,yes,2015-09-03,2015-09-03,0,0,0,0,0,0,0,0,0,0,0,0,Run a bounded page-history CDX shard for this game.
not_checked,1,Unlimited Bunker,http://www.kongregate.com/games/ainarsa/unlimited-bunker,www.kongregate.com/games/ainarsa/unlimited-bunker,4,1,0,yes,2015-09-14,2015-09-14,0,0,0,0,0,0,0,0,0,0,0,0,Run a bounded page-history CDX shard for this game.
not_checked,1,Wooden Basement Escape,http://www.kongregate.com/games/ainarsa/wooden-basement-escape,www.kongregate.com/games/ainarsa/wooden-basement-escape,4,1,0,yes,2015-09-15,2015-09-15,0,0,0,0,0,0,0,0,0,0,0,0,Run a bounded page-history CDX shard for this game.
not_checked,1,I.D.K (interplanetary demolition knights),http://www.kongregate.com/games/del9265494_55149/i-d-k-interplanetary-demolition-knights,www.kongregate.com/games/del9265494_55149/i-d-k-interplanetary-demolition-knights,4,1,0,yes,2015-09-23,2015-09-23,0,0,0,0,0,0,0,0,0,0,0,0,Run a bounded page-history CDX shard for this game.
not_checked,1,Stop the Fan on the Fly!,http://www.kongregate.com/games/lakotasdad/stop-the-fan-on-the-fly,www.kongregate.com/games/lakotasdad/stop-the-fan-on-the-fly,4,1,0,yes,2015-09-30,2015-09-30,0,0,0,0,0,0,0,0,0,0,0,0,Run a bounded page-history CDX shard for this game.
not_checked,1,Bullet Heaven 2,http://www.kongregate.com/games/kupo707/bullet-heaven-2,www.kongregate.com/games/kupo707/bullet-heaven-2,4,2,0,yes,2015-11-08,2015-11-13,0,0,0,0,0,0,0,0,0,0,0,0,Run a bounded page-history CDX shard for this game.
not_checked,1,Enter into Darkness 2,http://www.kongregate.com/games/Newshield_Ent/enter-into-darkness-2,www.kongregate.com/games/newshield_ent/enter-into-darkness-2,4,1,0,yes,2015-12-05,2015-12-05,0,0,0,0,0,0,0,0,0,0,0,0,Run a bounded page-history CDX shard for this game.
not_checked,1,Grim And Slamrock,http://www.kongregate.com/games/bradbittner0/grim-and-slamrock,www.kongregate.com/games/bradbittner0/grim-and-slamrock,4,1,0,yes,2015-12-18,2015-12-18,0,0,0,0,0,0,0,0,0,0,0,0,Run a bounded page-history CDX shard for this game.
not_checked,1,Santas Christmas Gifts Venture,http://www.kongregate.com/games/firstescapegames/santas-christmas-gifts-venture,www.kongregate.com/games/firstescapegames/santas-christmas-gifts-venture,4,1,0,yes,2015-12-26,2015-12-26,0,0,0,0,0,0,0,0,0,0,0,0,Run a bounded page-history CDX shard for this game.
not_checked,1,The Troll Face Quiz Demo,http://www.kongregate.com/games/TheGameCreatorX/the-troll-face-quiz-demo,www.kongregate.com/games/thegamecreatorx/the-troll-face-quiz-demo,4,2,0,yes,2016-01-16,2016-02-02,0,0,0,0,0,0,0,0,0,0,0,0,Run a bounded page-history CDX shard for this game.
not_checked,1,Castle Defence,http://www.kongregate.com/games/sublevelgames/castle-defence,www.kongregate.com/games/sublevelgames/castle-defence,4,1,0,yes,2016-01-25,2016-01-25,0,0,0,0,0,0,0,0,0,0,0,0,Run a bounded page-history CDX shard for this game.
not_checked,1,Super Demolisher Dev.,http://www.kongregate.com/games/Lucifiphic_Rias/super-demolisher-dev,www.kongregate.com/games/lucifiphic_rias/super-demolisher-dev,4,1,0,yes,2016-02-02,2016-02-02,0,0,0,0,0,0,0,0,0,0,0,0,Run a bounded page-history CDX shard for this game.
not_checked,1,Jump To Perfection,http://www.kongregate.com/games/tanzimhsn972/jump-to-perfection,www.kongregate.com/games/tanzimhsn972/jump-to-perfection,4,1,0,yes,2016-02-17,2016-02-17,0,0,0,0,0,0,0,0,0,0,0,0,Run a bounded page-history CDX shard for this game.
not_checked,1,Xrunning,http://www.kongregate.com/games/Xbeta/xrunning,www.kongregate.com/games/xbeta/xrunning,4,1,0,yes,2016-02-28,2016-02-28,0,0,0,0,0,0,0,0,0,0,0,0,Run a bounded page-history CDX shard for this game.
not_checked,1,MEAN MINING MACHINE III,http://www.kongregate.com/games/netzeus/mean-mining-machine-iii,www.kongregate.com/games/netzeus/mean-mining-machine-iii,4,1,0,yes,2016-03-05,2016-03-05,0,0,0,0,0,0,0,0,0,0,0,0,Run a bounded page-history CDX shard for this game.
not_checked,1,Ball Roller,http://www.kongregate.com/games/tackypoop111/ball-roller,www.kongregate.com/games/tackypoop111/ball-roller,4,1,0,yes,2016-03-07,2016-03-07,0,0,0,0,0,0,0,0,0,0,0,0,Run a bounded page-history CDX shard for this game.
not_checked,1,Pixel Modern SWAT VS Mercenary,http://www.kongregate.com/games/mentolatux/pixel-modern-swat-vs-mercenary,www.kongregate.com/games/mentolatux/pixel-modern-swat-vs-mercenary,4,1,0,yes,2016-03-20,2016-03-20,0,0,0,0,0,0,0,0,0,0,0,0,Run a bounded page-history CDX shard for this game.
not_checked,1,Little Goku Fight the Red Ribbon,http://www.kongregate.com/games/carloconetwork/little-goku-fight-the-red-ribbon,www.kongregate.com/games/carloconetwork/little-goku-fight-the-red-ribbon,4,1,0,yes,2016-03-24,2016-03-24,0,0,0,0,0,0,0,0,0,0,0,0,Run a bounded page-history CDX shard for this game.
not_checked,1,Lost Ethereal,http://www.kongregate.com/games/theLucre/lost-ethereal,www.kongregate.com/games/thelucre/lost-ethereal,4,1,0,yes,2016-05-15,2016-05-15,0,0,0,0,0,0,0,0,0,0,0,0,Run a bounded page-history CDX shard for this game.
not_checked,1,Flieger,http://www.kongregate.com/games/born2drill/flieger,www.kongregate.com/games/born2drill/flieger,4,1,0,yes,2016-05-23,2016-05-23,0,0,0,0,0,0,0,0,0,0,0,0,Run a bounded page-history CDX shard for this game.
not_checked,1,Atomic Level,http://www.kongregate.com/games/nolina/atomic-level,www.kongregate.com/games/nolina/atomic-level,4,1,0,yes,2016-05-24,2016-05-24,0,0,0,0,0,0,0,0,0,0,0,0,Run a bounded page-history CDX shard for this game.
not_checked,1,Dolidon,http://www.kongregate.com/games/DonM83/dolidon,www.kongregate.com/games/donm83/dolidon,4,1,0,yes,2016-06-04,2016-06-04,0,0,0,0,0,0,0,0,0,0,0,0,Run a bounded page-history CDX shard for this game.
not_checked,1,Flash vs Arrow vs Supergirl,http://www.kongregate.com/games/neal867/flash-vs-arrow-vs-supergirl,www.kongregate.com/games/neal867/flash-vs-arrow-vs-supergirl,4,1,0,yes,2016-06-05,2016-06-05,0,0,0,0,0,0,0,0,0,0,0,0,Run a bounded page-history CDX shard for this game.
not_checked,1,Ninja Spark,http://www.kongregate.com/games/tchilla/ninja-spark,www.kongregate.com/games/tchilla/ninja-spark,4,1,0,yes,2016-06-13,2016-06-13,0,0,0,0,0,0,0,0,0,0,0,0,Run a bounded page-history CDX shard for this game.
not_checked,1,Mine Rush,http://www.kongregate.com/games/AndeanCoyote/mine-rush,www.kongregate.com/games/andeancoyote/mine-rush,4,1,0,yes,2016-06-22,2016-06-22,0,0,0,0,0,0,0,0,0,0,0,0,Run a bounded page-history CDX shard for this game.
not_checked,1,Space Invaders Mini,http://www.kongregate.com/games/M4LD0/space-invaders-mini,www.kongregate.com/games/m4ld0/space-invaders-mini,4,1,0,yes,2016-06-29,2016-06-29,0,0,0,0,0,0,0,0,0,0,0,0,Run a bounded page-history CDX shard for this game.
not_checked,1,Assault Universe Asteroid Runner,http://www.kongregate.com/games/ZinkZonkStudios/assault-universe-asteroid-runner,www.kongregate.com/games/zinkzonkstudios/assault-universe-asteroid-runner,4,1,0,yes,2016-07-07,2016-07-07,0,0,0,0,0,0,0,0,0,0,0,0,Run a bounded page-history CDX shard for this game.
not_checked,1,Feed The D (Christian-Friendly),http://www.kongregate.com/games/AnAlt_Ver3/feed-the-d-christian-friendly,www.kongregate.com/games/analt_ver3/feed-the-d-christian-friendly,4,1,0,yes,2016-07-14,2016-07-14,0,0,0,0,0,0,0,0,0,0,0,0,Run a bounded page-history CDX shard for this game.
not_checked,1,Mino-War,http://www.kongregate.com/games/MPCDS/mino-war,www.kongregate.com/games/mpcds/mino-war,4,1,0,yes,2016-07-20,2016-07-20,0,0,0,0,0,0,0,0,0,0,0,0,Run a bounded page-history CDX shard for this game.
not_checked,1,Plushy Animals,http://www.kongregate.com/games/zygomaticgames/plushy-animals,www.kongregate.com/games/zygomaticgames/plushy-animals,4,1,0,yes,2016-07-27,2016-07-27,0,0,0,0,0,0,0,0,0,0,0,0,Run a bounded page-history CDX shard for this game.
not_checked,1,Who Can Escape The Fortress,http://www.kongregate.com/games/rahchel321/who-can-escape-the-fortress,www.kongregate.com/games/rahchel321/who-can-escape-the-fortress,4,1,0,yes,2016-08-05,2016-08-05,0,0,0,0,0,0,0,0,0,0,0,0,Run a bounded page-history CDX shard for this game.
not_checked,1,Starbomb,http://www.kongregate.com/games/HappyWhippings/starbomb,www.kongregate.com/games/happywhippings/starbomb,4,1,0,yes,2016-08-13,2016-08-13,0,0,0,0,0,0,0,0,0,0,0,0,Run a bounded page-history CDX shard for this game.
not_checked,1,Space Wings Beta,http://www.kongregate.com/games/LucasCs91274/space-wings-beta,www.kongregate.com/games/lucascs91274/space-wings-beta,4,1,0,yes,2016-08-20,2016-08-20,0,0,0,0,0,0,0,0,0,0,0,0,Run a bounded page-history CDX shard for this game.
not_checked,1,Asylum Murder House,http://www.kongregate.com/games/CrazyEscapeGames/asylum-murder-house,www.kongregate.com/games/crazyescapegames/asylum-murder-house,4,1,0,yes,2016-08-28,2016-08-28,0,0,0,0,0,0,0,0,0,0,0,0,Run a bounded page-history CDX shard for this game.
not_checked,1,Japanese Kana Practice,http://www.kongregate.com/games/PotatoSlapper/japanese-kana-practice,www.kongregate.com/games/potatoslapper/japanese-kana-practice,4,1,0,yes,2016-09-03,2016-09-03,0,0,0,0,0,0,0,0,0,0,0,0,Run a bounded page-history CDX shard for this game.
not_checked,1,Facility Escape,http://www.kongregate.com/games/bakuriu4/facility-escape,www.kongregate.com/games/bakuriu4/facility-escape,4,1,0,yes,2016-09-16,2016-09-16,0,0,0,0,0,0,0,0,0,0,0,0,Run a bounded page-history CDX shard for this game.
not_checked,1,Rocket vs. Cars,http://www.kongregate.com/games/flying_chairs/rocket-vs-cars,www.kongregate.com/games/flying_chairs/rocket-vs-cars,4,1,0,yes,2016-09-17,2016-09-17,0,0,0,0,0,0,0,0,0,0,0,0,Run a bounded page-history CDX shard for this game.
not_checked,1,Princesses Grill Party,http://www.kongregate.com/games/gamesforgirlz/princesses-grill-party,www.kongregate.com/games/gamesforgirlz/princesses-grill-party,4,1,0,yes,2016-10-04,2016-10-04,0,0,0,0,0,0,0,0,0,0,0,0,Run a bounded page-history CDX shard for this game.
not_checked,1,Princess Lilly Dark Forest Escape,http://www.kongregate.com/games/playitonline/princess-lilly-dark-forest-escape,www.kongregate.com/games/playitonline/princess-lilly-dark-forest-escape,4,1,0,yes,2016-10-10,2016-10-10,0,0,0,0,0,0,0,0,0,0,0,0,Run a bounded page-history CDX shard for this game.
not_checked,1,Little Johny House Escape,http://www.kongregate.com/games/knfescapegame/little-johny-house-escape,www.kongregate.com/games/knfescapegame/little-johny-house-escape,4,1,0,yes,2016-10-17,2016-10-17,0,0,0,0,0,0,0,0,0,0,0,0,Run a bounded page-history CDX shard for this game.
not_checked,1,Fractals [kinda math stuff?],http://www.kongregate.com/games/laspinko/fractals-kinda-math-stuff,www.kongregate.com/games/laspinko/fractals-kinda-math-stuff,4,1,0,yes,2016-10-18,2016-10-18,0,0,0,0,0,0,0,0,0,0,0,0,Run a bounded page-history CDX shard for this game.
not_checked,1,Brick Trip Runner,http://www.kongregate.com/games/higatsu/brick-trip-runner,www.kongregate.com/games/higatsu/brick-trip-runner,4,1,0,yes,2016-10-24,2016-10-24,0,0,0,0,0,0,0,0,0,0,0,0,Run a bounded page-history CDX shard for this game.
not_checked,1,IdlePixelGemMiner,http://www.kongregate.com/games/Andrei9900/idlepixelgemminer,www.kongregate.com/games/andrei9900/idlepixelgemminer,4,1,0,yes,2016-10-30,2016-10-30,0,0,0,0,0,0,0,0,0,0,0,0,Run a bounded page-history CDX shard for this game.
not_checked,1,Idle Bouncer,http://www.kongregate.com/games/almostidle/idle-bouncer,www.kongregate.com/games/almostidle/idle-bouncer,4,7,0,yes,2017-02-15,2017-04-01,0,0,0,0,0,0,0,0,0,0,0,0,Run a bounded page-history CDX shard for this game.
not_checked,1,Roll a Ball Test,http://www.kongregate.com/games/Jonty9999/roll-a-ball-test,www.kongregate.com/games/jonty9999/roll-a-ball-test,4,1,0,yes,2017-05-05,2017-05-05,0,0,0,0,0,0,0,0,0,0,0,0,Run a bounded page-history CDX shard for this game.
not_checked,1,Tree Tap - Money Idle Clicker,http://www.kongregate.com/games/Donislaw/tree-tap-money-idle-clicker,www.kongregate.com/games/donislaw/tree-tap-money-idle-clicker,4,1,0,yes,2017-05-25,2017-05-25,0,0,0,0,0,0,0,0,0,0,0,0,Run a bounded page-history CDX shard for this game.
not_checked,1,Bank adventure,http://www.kongregate.com/games/MirchiS/bank-adventure,www.kongregate.com/games/mirchis/bank-adventure,4,1,0,yes,2017-05-26,2017-05-26,0,0,0,0,0,0,0,0,0,0,0,0,Run a bounded page-history CDX shard for this game.
not_checked,1,SWITCH,http://www.kongregate.com/games/Mirakus/switch,www.kongregate.com/games/mirakus/switch,4,1,0,yes,2017-06-04,2017-06-04,0,0,0,0,0,0,0,0,0,0,0,0,Run a bounded page-history CDX shard for this game.
not_checked,1,Arkansas,http://www.kongregate.com/games/Alexiar2/arkansas,www.kongregate.com/games/alexiar2/arkansas,4,1,0,yes,2017-06-15,2017-06-15,0,0,0,0,0,0,0,0,0,0,0,0,Run a bounded page-history CDX shard for this game.
not_checked,1,Maximum Damage,http://www.kongregate.com/games/cubenom/maximum-damage,www.kongregate.com/games/cubenom/maximum-damage,4,1,0,yes,2017-06-25,2017-06-25,0,0,0,0,0,0,0,0,0,0,0,0,Run a bounded page-history CDX shard for this game.
not_checked,1,Atlas Designer,http://www.kongregate.com/games/Enagamess/atlas-designer,www.kongregate.com/games/enagamess/atlas-designer,4,1,0,yes,2017-07-03,2017-07-03,0,0,0,0,0,0,0,0,0,0,0,0,Run a bounded page-history CDX shard for this game.
not_checked,1,Extreme OffRoad Cars,http://www.kongregate.com/games/vitalitygames/extreme-offroad-cars,www.kongregate.com/games/vitalitygames/extreme-offroad-cars,4,1,0,yes,2017-07-12,2017-07-12,0,0,0,0,0,0,0,0,0,0,0,0,Run a bounded page-history CDX shard for this game.
not_checked,1,Knf Deluxe House Escape,http://www.kongregate.com/games/knfescapegame/knf-deluxe-house-escape,www.kongregate.com/games/knfescapegame/knf-deluxe-house-escape,4,1,0,yes,2017-07-20,2017-07-20,0,0,0,0,0,0,0,0,0,0,0,0,Run a bounded page-history CDX shard for this game.
not_checked,1,Afterburner,http://www.kongregate.com/games/zerodevider/afterburner,www.kongregate.com/games/zerodevider/afterburner,4,1,0,yes,2017-07-29,2017-07-29,0,0,0,0,0,0,0,0,0,0,0,0,Run a bounded page-history CDX shard for this game.
not_checked,1,Ancient palace,http://www.kongregate.com/games/top10newgames/ancient-palace,www.kongregate.com/games/top10newgames/ancient-palace,4,1,0,yes,2017-08-05,2017-08-05,0,0,0,0,0,0,0,0,0,0,0,0,Run a bounded page-history CDX shard for this game.
not_checked,1,Walk Box Deluxe,http://www.kongregate.com/games/cockibo/walk-box-deluxe,www.kongregate.com/games/cockibo/walk-box-deluxe,4,1,0,yes,2017-08-11,2017-08-11,0,0,0,0,0,0,0,0,0,0,0,0,Run a bounded page-history CDX shard for this game.
not_checked,1,Forbidden Trace - The Cliffs,http://www.kongregate.com/games/NoFateNet/forbidden-trace-the-cliffs,www.kongregate.com/games/nofatenet/forbidden-trace-the-cliffs,4,1,0,yes,2017-08-17,2017-08-17,0,0,0,0,0,0,0,0,0,0,0,0,Run a bounded page-history CDX shard for this game.
not_checked,1,GodClicker,http://www.kongregate.com/games/BullerSweety/godclicker,www.kongregate.com/games/bullersweety/godclicker,4,1,0,yes,2017-08-23,2017-08-23,0,0,0,0,0,0,0,0,0,0,0,0,Run a bounded page-history CDX shard for this game.
not_checked,1,The Forgotten Art,http://www.kongregate.com/games/Stav_S/the-forgotten-art,www.kongregate.com/games/stav_s/the-forgotten-art,4,1,0,yes,2017-08-25,2017-08-25,0,0,0,0,0,0,0,0,0,0,0,0,Run a bounded page-history CDX shard for this game.
not_checked,1,Hunter House Escape,http://www.kongregate.com/games/Nsrgames/hunter-house-escape,www.kongregate.com/games/nsrgames/hunter-house-escape,4,1,0,yes,2017-09-04,2017-09-04,0,0,0,0,0,0,0,0,0,0,0,0,Run a bounded page-history CDX shard for this game.
not_checked,1,SS17 Marta Pons,http://www.kongregate.com/games/lionel_ict/ss17-marta-pons,www.kongregate.com/games/lionel_ict/ss17-marta-pons,4,1,0,yes,2017-09-13,2017-09-13,0,0,0,0,0,0,0,0,0,0,0,0,Run a bounded page-history CDX shard for this game.
not_checked,1,Indian Forest,http://www.kongregate.com/games/spacegrid/indian-forest,www.kongregate.com/games/spacegrid/indian-forest,4,1,0,yes,2017-09-20,2017-09-20,0,0,0,0,0,0,0,0,0,0,0,0,Run a bounded page-history CDX shard for this game.
not_checked,1,クールカツ AMV God Of The New World,http://www.kongregate.com/games/neal867/amv-god-of-the-new-world,www.kongregate.com/games/neal867/amv-god-of-the-new-world,4,1,0,yes,2017-09-30,2017-09-30,0,0,0,0,0,0,0,0,0,0,0,0,Run a bounded page-history CDX shard for this game.
not_checked,1,Block Tower,http://www.kongregate.com/games/rigbymark653/block-tower,www.kongregate.com/games/rigbymark653/block-tower,4,1,0,yes,2017-10-08,2017-10-08,0,0,0,0,0,0,0,0,0,0,0,0,Run a bounded page-history CDX shard for this game.
not_checked,1,Room Escape 18,http://www.kongregate.com/games/Nsrgames/room-escape-18,www.kongregate.com/games/nsrgames/room-escape-18,4,1,0,yes,2017-10-15,2017-10-15,0,0,0,0,0,0,0,0,0,0,0,0,Run a bounded page-history CDX shard for this game.
not_checked,1,18 Wheeler Trucks Differences,http://www.kongregate.com/games/newgamess/18-wheeler-trucks-differences,www.kongregate.com/games/newgamess/18-wheeler-trucks-differences,4,1,0,yes,2017-10-24,2017-10-24,0,0,0,0,0,0,0,0,0,0,0,0,Run a bounded page-history CDX shard for this game.
not_checked,1,Berinjela & SnowBall,http://www.kongregate.com/games/imsec/berinjela-snowball,www.kongregate.com/games/imsec/berinjela-snowball,4,1,0,yes,2017-11-06,2017-11-06,0,0,0,0,0,0,0,0,0,0,0,0,Run a bounded page-history CDX shard for this game.
not_checked,1,Sea Is Below,https://www.kongregate.com/games/Abhinav_kun/sea-is-below,www.kongregate.com/games/abhinav_kun/sea-is-below,4,1,0,yes,2019-08-25,2019-08-25,0,0,0,0,0,0,0,0,0,0,0,0,Run a bounded page-history CDX shard for this game.
not_checked,1,UnpuzzleR,https://www.kongregate.com/games/KekGames/unpuzzler,www.kongregate.com/games/kekgames/unpuzzler,4,29,0,yes,2019-12-07,2020-01-02,0,0,0,0,0,0,0,0,0,0,0,0,Run a bounded page-history CDX shard for this game.
not_checked,1,n,http://www.kongregate.com/games/Legenderyhero24/n,www.kongregate.com/games/legenderyhero24/n,4,1,0,yes,2021-01-25,2021-01-25,0,0,0,0,0,0,0,0,0,0,0,0,Run a bounded page-history CDX shard for this game.
not_checked,1,Dragon Clicker 0.2,https://www.kongregate.com/games/DanimalsTCGYT/dragon-clicker-0-2,www.kongregate.com/games/danimalstcgyt/dragon-clicker-0-2,4,1,0,yes,2021-11-12,2021-11-12,0,0,0,0,0,0,0,0,0,0,0,0,Run a bounded page-history CDX shard for this game.
dynamic_metrics_placeholder,1,The Very Organized Thief,http://www.kongregate.com/games/arcan3artist/the-very-organized-thief,www.kongregate.com/games/arcan3artist/the-very-organized-thief,5,62,0,yes,2014-11-01,2017-04-08,2,109,0,30,15,15,15,15,15,0,0,0,Probe exact archived metrics.json endpoints; cached HTML defers counts to JavaScript-injected metrics.
dynamic_metrics_placeholder,1,Bit Heroes,https://www.kongregate.com/games/Juppiomenz/bit-heroes,www.kongregate.com/games/juppiomenz/bit-heroes,5,604,6,yes,2017-02-15,2017-03-18,1,438,0,80,26,54,26,26,26,0,0,0,Probe exact archived metrics.json endpoints; cached HTML defers counts to JavaScript-injected metrics.
dynamic_metrics_placeholder,1,Medieval Chronicles 8 (Part 2),https://www.kongregate.com/games/VasantJ/medieval-chronicles-8-part-2,www.kongregate.com/games/vasantj/medieval-chronicles-8-part-2,5,82,13,yes,2020-07-02,2020-07-09,2,4,0,4,4,0,4,4,4,0,0,0,Probe exact archived metrics.json endpoints; cached HTML defers counts to JavaScript-injected metrics.
dynamic_metrics_placeholder,1,Footie Fight,https://www.kongregate.com/games/oogzyent/footie-fight,www.kongregate.com/games/oogzyent/footie-fight,5,15,0,yes,2024-04-01,2025-10-07,3,5,0,5,5,0,3,3,3,13,0,0,Escalate to alternate list/external sources; archived HTML defers counts to metrics.json and exact metrics endpoints have no CDX rows.
dynamic_metrics_placeholder,1,Trader of Stories - Chapter 3,https://www.kongregate.com/games/mrudi/trader-of-stories-chapter-3,www.kongregate.com/games/mrudi/trader-of-stories-chapter-3,5,22,4,yes,2024-04-01,2026-01-03,2,9,0,9,9,0,7,7,7,0,0,0,Probe exact archived metrics.json endpoints; cached HTML defers counts to JavaScript-injected metrics.
not_checked,1,max dificult x,http://www.kongregate.com/games/heletrico/max-dificult-x,www.kongregate.com/games/heletrico/max-dificult-x,5,1,0,yes,2014-08-22,2014-08-22,0,0,0,0,0,0,0,0,0,0,0,0,Run a bounded page-history CDX shard for this game.
not_checked,1,Color Cube Clicker,http://www.kongregate.com/games/GameDev408/color-cube-clicker,www.kongregate.com/games/gamedev408/color-cube-clicker,5,1,0,yes,2014-08-26,2014-08-26,0,0,0,0,0,0,0,0,0,0,0,0,Run a bounded page-history CDX shard for this game.
not_checked,1,Tic Tac Toe,http://www.kongregate.com/games/iDummy/tic-tac-toe,www.kongregate.com/games/idummy/tic-tac-toe,5,1,0,yes,2014-08-29,2014-08-29,0,0,0,0,0,0,0,0,0,0,0,0,Run a bounded page-history CDX shard for this game.
not_checked,1,The Beginning,http://www.kongregate.com/games/NuclearNapalm/the-beginning,www.kongregate.com/games/nuclearnapalm/the-beginning,5,1,0,yes,2014-09-02,2014-09-02,0,0,0,0,0,0,0,0,0,0,0,0,Run a bounded page-history CDX shard for this game.
not_checked,1,No Brakes,http://www.kongregate.com/games/thepodge/no-brakes,www.kongregate.com/games/thepodge/no-brakes,5,1,0,yes,2014-09-05,2014-09-05,0,0,0,0,0,0,0,0,0,0,0,0,Run a bounded page-history CDX shard for this game.
not_checked,1,Temple,http://www.kongregate.com/games/TacoGames/temple,www.kongregate.com/games/tacogames/temple,5,1,0,yes,2014-09-12,2014-09-12,0,0,0,0,0,0,0,0,0,0,0,0,Run a bounded page-history CDX shard for this game.
not_checked,1,Pushing Arena,http://www.kongregate.com/games/fiore1996/pushing-arena,www.kongregate.com/games/fiore1996/pushing-arena,5,1,0,yes,2014-09-14,2014-09-14,0,0,0,0,0,0,0,0,0,0,0,0,Run a bounded page-history CDX shard for this game.
not_checked,1,Heroic Escape,http://www.kongregate.com/games/diggidy27/heroic-escape,www.kongregate.com/games/diggidy27/heroic-escape,5,1,0,yes,2014-09-19,2014-09-19,0,0,0,0,0,0,0,0,0,0,0,0,Run a bounded page-history CDX shard for this game.
not_checked,1,3D Ghost Maze,http://www.kongregate.com/games/kebabs91/3d-ghost-maze,www.kongregate.com/games/kebabs91/3d-ghost-maze,5,1,0,yes,2014-09-20,2014-09-20,0,0,0,0,0,0,0,0,0,0,0,0,Run a bounded page-history CDX shard for this game.
not_checked,1,Cage Bird,http://www.kongregate.com/games/Ymar2011/cage-bird,www.kongregate.com/games/ymar2011/cage-bird,5,2,0,yes,2014-10-03,2014-10-04,0,0,0,0,0,0,0,0,0,0,0,0,Run a bounded page-history CDX shard for this game.
not_checked,1,White,http://www.kongregate.com/games/OinkIguana/white,www.kongregate.com/games/oinkiguana/white,5,1,0,yes,2014-10-09,2014-10-09,0,0,0,0,0,0,0,0,0,0,0,0,Run a bounded page-history CDX shard for this game.
not_checked,1,Pixel Warfare,http://www.kongregate.com/games/PacoGame5/pixel-warfare,www.kongregate.com/games/pacogame5/pixel-warfare,5,1,0,yes,2014-10-10,2014-10-10,0,0,0,0,0,0,0,0,0,0,0,0,Run a bounded page-history CDX shard for this game.
not_checked,1,Minion Go Home,http://www.kongregate.com/games/tungnguyendev/minion-go-home,www.kongregate.com/games/tungnguyendev/minion-go-home,5,1,0,yes,2014-10-13,2014-10-13,0,0,0,0,0,0,0,0,0,0,0,0,Run a bounded page-history CDX shard for this game.
not_checked,1,Battle Pirates,https://www.kongregate.com/en/games/KIXEYE/battle-pirates,www.kongregate.com/games/kixeye/battle-pirates,5,4,2,yes,2014-10-17,2014-10-18,0,0,0,0,0,0,0,0,0,0,0,0,Run a bounded page-history CDX shard for this game.
not_checked,1,TDMS Alpha,http://www.kongregate.com/games/CraftyDart/tdms-alpha,www.kongregate.com/games/craftydart/tdms-alpha,5,1,0,yes,2014-10-18,2014-10-18,0,0,0,0,0,0,0,0,0,0,0,0,Run a bounded page-history CDX shard for this game.
not_checked,1,Color Picker,http://www.kongregate.com/games/PeterLauris/color-picker,www.kongregate.com/games/peterlauris/color-picker,5,1,0,yes,2014-10-24,2014-10-24,0,0,0,0,0,0,0,0,0,0,0,0,Run a bounded page-history CDX shard for this game.
not_checked,1,Snot Launch,http://www.kongregate.com/games/sorenof/snot-launch,www.kongregate.com/games/sorenof/snot-launch,5,1,0,yes,2014-10-31,2014-10-31,0,0,0,0,0,0,0,0,0,0,0,0,Run a bounded page-history CDX shard for this game.
not_checked,1,CrazyCicle,http://www.kongregate.com/games/s2hago/crazycicle,www.kongregate.com/games/s2hago/crazycicle,5,1,0,yes,2014-11-11,2014-11-11,0,0,0,0,0,0,0,0,0,0,0,0,Run a bounded page-history CDX shard for this game.
not_checked,1,Glorkian Warrior: The Trials Of Glork,http://www.kongregate.com/games/pixeljamgames/glorkian-warrior-the-trials-of-glork,www.kongregate.com/games/pixeljamgames/glorkian-warrior-the-trials-of-glork,5,1,0,yes,2014-11-25,2014-11-25,0,0,0,0,0,0,0,0,0,0,0,0,Run a bounded page-history CDX shard for this game.
not_checked,1,Game of Bombs,http://www.kongregate.com/games/popelyshev/game-of-bombs,www.kongregate.com/games/popelyshev/game-of-bombs,5,1,0,yes,2014-12-02,2014-12-02,0,0,0,0,0,0,0,0,0,0,0,0,Run a bounded page-history CDX shard for this game.
not_checked,1,December Problems,http://www.kongregate.com/games/MamauGames/december-problems,www.kongregate.com/games/mamaugames/december-problems,5,1,0,yes,2014-12-10,2014-12-10,0,0,0,0,0,0,0,0,0,0,0,0,Run a bounded page-history CDX shard for this game.
not_checked,1,Captain Glasgow's Game,http://www.kongregate.com/games/CaptainGlasgow/captain-glasgows-game,www.kongregate.com/games/captainglasgow/captain-glasgows-game,5,1,0,yes,2014-12-28,2014-12-28,0,0,0,0,0,0,0,0,0,0,0,0,Run a bounded page-history CDX shard for this game.
not_checked,1,Headless Zombie 2,http://www.kongregate.com/games/flazm/headless-zombie-2,www.kongregate.com/games/flazm/headless-zombie-2,5,1,0,yes,2014-12-30,2014-12-30,0,0,0,0,0,0,0,0,0,0,0,0,Run a bounded page-history CDX shard for this game.
not_checked,1,GRAVITY,http://www.kongregate.com/games/Primagin/gravity,www.kongregate.com/games/primagin/gravity,5,1,0,yes,2015-04-01,2015-04-01,0,0,0,0,0,0,0,0,0,0,0,0,Run a bounded page-history CDX shard for this game.
not_checked,1,Holyday City,http://www.kongregate.com/games/HolydayStudios/holyday-city,www.kongregate.com/games/holydaystudios/holyday-city,5,12,0,yes,2015-05-06,2015-10-29,0,0,0,0,0,0,0,0,0,0,0,0,Run a bounded page-history CDX shard for this game.
not_checked,1,Hero Simulator,http://www.kongregate.com/games/revanaii/hero-simulator,www.kongregate.com/games/revanaii/hero-simulator,5,25,0,yes,2015-07-26,2017-04-08,0,0,0,0,0,0,0,0,0,0,0,0,Run a bounded page-history CDX shard for this game.
not_checked,1,You are the Monst-Hair,http://www.kongregate.com/games/polskais1/you-are-the-monst-hair,www.kongregate.com/games/polskais1/you-are-the-monst-hair,5,1,0,yes,2015-09-03,2015-09-03,0,0,0,0,0,0,0,0,0,0,0,0,Run a bounded page-history CDX shard for this game.
not_checked,1,Breakerino,http://www.kongregate.com/games/TheRaynoan/breakerino,www.kongregate.com/games/theraynoan/breakerino,5,1,0,yes,2015-09-09,2015-09-09,0,0,0,0,0,0,0,0,0,0,0,0,Run a bounded page-history CDX shard for this game.
not_checked,1,KoGaMa | ♦ GEOMETRY DASH ♦,http://www.kongregate.com/games/KoGaMaDaniel/kogama-geometry-dash,www.kongregate.com/games/kogamadaniel/kogama-geometry-dash,5,1,0,yes,2015-09-14,2015-09-14,0,0,0,0,0,0,0,0,0,0,0,0,Run a bounded page-history CDX shard for this game.
not_checked,1,Super Pirate Adventure,http://www.kongregate.com/games/Gamesdeveloper/super-pirate-adventure,www.kongregate.com/games/gamesdeveloper/super-pirate-adventure,5,1,0,yes,2015-09-15,2015-09-15,0,0,0,0,0,0,0,0,0,0,0,0,Run a bounded page-history CDX shard for this game.
not_checked,1,Earth Typing Defense,http://www.kongregate.com/games/heroikcom/earth-typing-defense,www.kongregate.com/games/heroikcom/earth-typing-defense,5,1,0,yes,2015-09-23,2015-09-23,0,0,0,0,0,0,0,0,0,0,0,0,Run a bounded page-history CDX shard for this game.
not_checked,1,Japanese Language - Hiragana & Katakana Exceed,http://www.kongregate.com/games/Pidroh/japanese-language-hiragana-katakana-exceed,www.kongregate.com/games/pidroh/japanese-language-hiragana-katakana-exceed,5,1,0,yes,2015-09-30,2015-09-30,0,0,0,0,0,0,0,0,0,0,0,0,Run a bounded page-history CDX shard for this game.
not_checked,1,Tap Adventure,https://www.kongregate.com/games/Avaloid/tap-adventure,www.kongregate.com/games/avaloid/tap-adventure,5,56,0,yes,2015-10-21,2015-11-17,0,0,0,0,0,0,0,0,0,0,0,0,Run a bounded page-history CDX shard for this game.
not_checked,1,Launch the Pig,http://www.kongregate.com/games/Jotappolk/launch-the-pig,www.kongregate.com/games/jotappolk/launch-the-pig,5,1,0,yes,2015-12-18,2015-12-18,0,0,0,0,0,0,0,0,0,0,0,0,Run a bounded page-history CDX shard for this game.
not_checked,1,Aid The Santa,http://www.kongregate.com/games/Enagamess/aid-the-santa,www.kongregate.com/games/enagamess/aid-the-santa,5,1,0,yes,2015-12-26,2015-12-26,0,0,0,0,0,0,0,0,0,0,0,0,Run a bounded page-history CDX shard for this game.
not_checked,1,Beach Rush K,http://www.kongregate.com/games/Runeworks/beach-rush-k,www.kongregate.com/games/runeworks/beach-rush-k,5,1,0,yes,2016-01-02,2016-01-02,0,0,0,0,0,0,0,0,0,0,0,0,Run a bounded page-history CDX shard for this game.
not_checked,1,Space War,http://www.kongregate.com/games/kinmyy/space-war,www.kongregate.com/games/kinmyy/space-war,5,1,0,yes,2016-01-16,2016-01-16,0,0,0,0,0,0,0,0,0,0,0,0,Run a bounded page-history CDX shard for this game.
not_checked,1,Rescue From Trench House,http://www.kongregate.com/games/Enagamess/rescue-from-trench-house,www.kongregate.com/games/enagamess/rescue-from-trench-house,5,1,0,yes,2016-01-25,2016-01-25,0,0,0,0,0,0,0,0,0,0,0,0,Run a bounded page-history CDX shard for this game.
not_checked,1,Youtube Runner,http://www.kongregate.com/games/MeroDN/youtube-runner,www.kongregate.com/games/merodn/youtube-runner,5,1,0,yes,2016-02-28,2016-02-28,0,0,0,0,0,0,0,0,0,0,0,0,Run a bounded page-history CDX shard for this game.
not_checked,1,Medieval Cop - The True Monster,https://www.kongregate.com/games/VasantJ/medieval-cop-the-true-monster,www.kongregate.com/games/vasantj/medieval-cop-the-true-monster,5,42,15,yes,2016-03-05,2016-03-05,0,0,0,0,0,0,0,0,0,0,0,0,Run a bounded page-history CDX shard for this game.
not_checked,1,"Brock, the Broccoli BETA 1.3",http://www.kongregate.com/games/Gabrielepower86/brock-the-broccoli-beta-1-3,www.kongregate.com/games/gabrielepower86/brock-the-broccoli-beta-1-3,5,1,0,yes,2016-03-07,2016-03-07,0,0,0,0,0,0,0,0,0,0,0,0,Run a bounded page-history CDX shard for this game.
not_checked,1,Lovely Day,http://www.kongregate.com/games/SandraKim/lovely-day,www.kongregate.com/games/sandrakim/lovely-day,5,1,0,yes,2016-03-24,2016-03-24,0,0,0,0,0,0,0,0,0,0,0,0,Run a bounded page-history CDX shard for this game.
not_checked,1,Special Strike: DLC 4,http://www.kongregate.com/games/brvasil/special-strike-dlc-4,www.kongregate.com/games/brvasil/special-strike-dlc-4,5,1,0,yes,2016-05-06,2016-05-06,0,0,0,0,0,0,0,0,0,0,0,0,Run a bounded page-history CDX shard for this game.
not_checked,1,Just Bounce,http://www.kongregate.com/games/asyncrobot/just-bounce,www.kongregate.com/games/asyncrobot/just-bounce,5,1,0,yes,2016-05-23,2016-05-23,0,0,0,0,0,0,0,0,0,0,0,0,Run a bounded page-history CDX shard for this game.
not_checked,1,Car Transporter Jigsaw,http://www.kongregate.com/games/newgamess/car-transporter-jigsaw,www.kongregate.com/games/newgamess/car-transporter-jigsaw,5,1,0,yes,2016-05-24,2016-05-24,0,0,0,0,0,0,0,0,0,0,0,0,Run a bounded page-history CDX shard for this game.
not_checked,1,Gravitational Attraction.,http://www.kongregate.com/games/chesster415/gravitational-attraction,www.kongregate.com/games/chesster415/gravitational-attraction,5,1,0,yes,2016-06-04,2016-06-04,0,0,0,0,0,0,0,0,0,0,0,0,Run a bounded page-history CDX shard for this game.
not_checked,1,Overwatch: Tracer Concept,http://www.kongregate.com/games/neal867/overwatch-tracer-concept,www.kongregate.com/games/neal867/overwatch-tracer-concept,5,1,0,yes,2016-06-05,2016-06-05,0,0,0,0,0,0,0,0,0,0,0,0,Run a bounded page-history CDX shard for this game.
not_checked,1,Following Zombie (horror),http://www.kongregate.com/games/sandrudarius/following-zombie-horror,www.kongregate.com/games/sandrudarius/following-zombie-horror,5,1,0,yes,2016-06-13,2016-06-13,0,0,0,0,0,0,0,0,0,0,0,0,Run a bounded page-history CDX shard for this game.
not_checked,1,Escape the Study,http://www.kongregate.com/games/BoredAllNight/escape-the-study,www.kongregate.com/games/boredallnight/escape-the-study,5,1,0,yes,2016-06-29,2016-06-29,0,0,0,0,0,0,0,0,0,0,0,0,Run a bounded page-history CDX shard for this game.
not_checked,1,Celebrity Gunslingers,http://www.kongregate.com/games/freegamepick/celebrity-gunslingers,www.kongregate.com/games/freegamepick/celebrity-gunslingers,5,1,0,yes,2016-07-07,2016-07-07,0,0,0,0,0,0,0,0,0,0,0,0,Run a bounded page-history CDX shard for this game.
not_checked,1,Space Bunny,http://www.kongregate.com/games/catsito001/space-bunny,www.kongregate.com/games/catsito001/space-bunny,5,1,0,yes,2016-07-14,2016-07-14,0,0,0,0,0,0,0,0,0,0,0,0,Run a bounded page-history CDX shard for this game.
not_checked,1,The Last Kingdom,http://www.kongregate.com/games/SandraKim/the-last-kingdom,www.kongregate.com/games/sandrakim/the-last-kingdom,5,1,0,yes,2016-07-20,2016-07-20,0,0,0,0,0,0,0,0,0,0,0,0,Run a bounded page-history CDX shard for this game.
not_checked,1,Brick blast,http://www.kongregate.com/games/Miafuck/brick-blast,www.kongregate.com/games/miafuck/brick-blast,5,1,0,yes,2016-08-05,2016-08-05,0,0,0,0,0,0,0,0,0,0,0,0,Run a bounded page-history CDX shard for this game.
not_checked,1,What Country Is This Flag,http://www.kongregate.com/games/LovattoStudio/what-country-is-this-flag,www.kongregate.com/games/lovattostudio/what-country-is-this-flag,5,1,0,yes,2016-08-13,2016-08-13,0,0,0,0,0,0,0,0,0,0,0,0,Run a bounded page-history CDX shard for this game.
not_checked,1,Prison Escape,http://www.kongregate.com/games/DukesOfDevon/prison-escape,www.kongregate.com/games/dukesofdevon/prison-escape,5,1,0,yes,2016-08-20,2016-08-20,0,0,0,0,0,0,0,0,0,0,0,0,Run a bounded page-history CDX shard for this game.
not_checked,1,Le Royal Casino,http://www.kongregate.com/games/MrBirdHacker/le-royal-casino,www.kongregate.com/games/mrbirdhacker/le-royal-casino,5,1,0,yes,2016-08-28,2016-08-28,0,0,0,0,0,0,0,0,0,0,0,0,Run a bounded page-history CDX shard for this game.
not_checked,1,Las Vegas Casino Bar Escape,http://www.kongregate.com/games/yolkgamez/las-vegas-casino-bar-escape,www.kongregate.com/games/yolkgamez/las-vegas-casino-bar-escape,5,1,0,yes,2016-09-03,2016-09-03,0,0,0,0,0,0,0,0,0,0,0,0,Run a bounded page-history CDX shard for this game.
not_checked,1,Fishy Uprising,http://www.kongregate.com/games/AngrySnorlax/fishy-uprising,www.kongregate.com/games/angrysnorlax/fishy-uprising,5,1,0,yes,2016-09-16,2016-09-16,0,0,0,0,0,0,0,0,0,0,0,0,Run a bounded page-history CDX shard for this game.
not_checked,1,First Person In Real Life 4,http://www.kongregate.com/games/lisanti/first-person-in-real-life-4,www.kongregate.com/games/lisanti/first-person-in-real-life-4,5,1,0,yes,2016-09-17,2016-09-17,0,0,0,0,0,0,0,0,0,0,0,0,Run a bounded page-history CDX shard for this game.
not_checked,1,Jump Frenzy,http://www.kongregate.com/games/gamer70008000/jump-frenzy,www.kongregate.com/games/gamer70008000/jump-frenzy,5,1,0,yes,2016-09-23,2016-09-23,0,0,0,0,0,0,0,0,0,0,0,0,Run a bounded page-history CDX shard for this game.
not_checked,1,Escape Rooms 4,http://www.kongregate.com/games/rahchel321/escape-rooms-4,www.kongregate.com/games/rahchel321/escape-rooms-4,5,1,0,yes,2016-10-04,2016-10-04,0,0,0,0,0,0,0,0,0,0,0,0,Run a bounded page-history CDX shard for this game.
not_checked,1,Cargostone,http://www.kongregate.com/games/vitalitygames/cargostone,www.kongregate.com/games/vitalitygames/cargostone,5,1,0,yes,2016-10-10,2016-10-10,0,0,0,0,0,0,0,0,0,0,0,0,Run a bounded page-history CDX shard for this game.
not_checked,1,Kalimba Adventures,http://www.kongregate.com/games/jogosgratispro/kalimba-adventures,www.kongregate.com/games/jogosgratispro/kalimba-adventures,5,1,0,yes,2016-10-17,2016-10-17,0,0,0,0,0,0,0,0,0,0,0,0,Run a bounded page-history CDX shard for this game.
not_checked,1,Mandelbrot set[Math stuff],http://www.kongregate.com/games/laspinko/mandelbrot-set-math-stuff,www.kongregate.com/games/laspinko/mandelbrot-set-math-stuff,5,1,0,yes,2016-10-18,2016-10-18,0,0,0,0,0,0,0,0,0,0,0,0,Run a bounded page-history CDX shard for this game.
not_checked,1,Save My Pig!,http://www.kongregate.com/games/AmazingTito/save-my-pig,www.kongregate.com/games/amazingtito/save-my-pig,5,1,0,yes,2016-10-24,2016-10-24,0,0,0,0,0,0,0,0,0,0,0,0,Run a bounded page-history CDX shard for this game.
not_checked,1,Animation Throwdown,http://www.kongregate.com/games/Throwdown/animation-throwdown,www.kongregate.com/games/throwdown/animation-throwdown,5,48,4,yes,2017-02-15,2017-11-08,0,0,0,0,0,0,0,0,0,0,0,0,Run a bounded page-history CDX shard for this game.
not_checked,1,Idle Wizards Walk,http://www.kongregate.com/games/squiddymccloud/idle-wizards-walk,www.kongregate.com/games/squiddymccloud/idle-wizards-walk,5,1,0,yes,2017-05-05,2017-05-05,0,0,0,0,0,0,0,0,0,0,0,0,Run a bounded page-history CDX shard for this game.
not_checked,1,Mushroom Land,http://www.kongregate.com/games/MirchiS/mushroom-land,www.kongregate.com/games/mirchis/mushroom-land,5,1,0,yes,2017-05-16,2017-05-16,0,0,0,0,0,0,0,0,0,0,0,0,Run a bounded page-history CDX shard for this game.
not_checked,1,Boho Chic Spring Shopping,http://www.kongregate.com/games/gamesforgirlz/boho-chic-spring-shopping,www.kongregate.com/games/gamesforgirlz/boho-chic-spring-shopping,5,1,0,yes,2017-05-25,2017-05-25,0,0,0,0,0,0,0,0,0,0,0,0,Run a bounded page-history CDX shard for this game.
not_checked,1,The Jasper in Shaolin School,http://www.kongregate.com/games/Enagamess/the-jasper-in-shaolin-school,www.kongregate.com/games/enagamess/the-jasper-in-shaolin-school,5,1,0,yes,2017-05-26,2017-05-26,0,0,0,0,0,0,0,0,0,0,0,0,Run a bounded page-history CDX shard for this game.
not_checked,1,Feed the Spider,http://www.kongregate.com/games/nunesbarbosa/feed-the-spider,www.kongregate.com/games/nunesbarbosa/feed-the-spider,5,1,0,yes,2017-06-04,2017-06-04,0,0,0,0,0,0,0,0,0,0,0,0,Run a bounded page-history CDX shard for this game.
not_checked,1,Scottish Solitaire (HTML5),http://www.kongregate.com/games/zygomaticgames/scottish-solitaire-html5,www.kongregate.com/games/zygomaticgames/scottish-solitaire-html5,5,1,0,yes,2017-06-15,2017-06-15,0,0,0,0,0,0,0,0,0,0,0,0,Run a bounded page-history CDX shard for this game.
not_checked,1,Nordic Kingdom,http://www.kongregate.com/games/MARTINIRosso/nordic-kingdom,www.kongregate.com/games/martinirosso/nordic-kingdom,5,1,0,yes,2017-06-16,2017-06-16,0,0,0,0,0,0,0,0,0,0,0,0,Run a bounded page-history CDX shard for this game.
not_checked,1,Wreck The Yard Beta,http://www.kongregate.com/games/Furious/wreck-the-yard-beta,www.kongregate.com/games/furious/wreck-the-yard-beta,5,1,0,yes,2017-06-25,2017-06-25,0,0,0,0,0,0,0,0,0,0,0,0,Run a bounded page-history CDX shard for this game.
not_checked,1,Speed Square,http://www.kongregate.com/games/SnipeShot360/speed-square,www.kongregate.com/games/snipeshot360/speed-square,5,1,0,yes,2017-07-03,2017-07-03,0,0,0,0,0,0,0,0,0,0,0,0,Run a bounded page-history CDX shard for this game.
not_checked,1,Be fast or die,http://www.kongregate.com/games/KlasseMia19/be-fast-or-die,www.kongregate.com/games/klassemia19/be-fast-or-die,5,1,0,yes,2017-07-12,2017-07-12,0,0,0,0,0,0,0,0,0,0,0,0,Run a bounded page-history CDX shard for this game.
not_checked,1,Fantasy Pyramid Solitaire,http://www.kongregate.com/games/Vegarius/fantasy-pyramid-solitaire,www.kongregate.com/games/vegarius/fantasy-pyramid-solitaire,5,1,0,yes,2017-07-20,2017-07-20,0,0,0,0,0,0,0,0,0,0,0,0,Run a bounded page-history CDX shard for this game.
not_checked,1,Rubber Dinghy,http://www.kongregate.com/games/greatguygames/rubber-dinghy,www.kongregate.com/games/greatguygames/rubber-dinghy,5,1,0,yes,2017-07-28,2017-07-28,0,0,0,0,0,0,0,0,0,0,0,0,Run a bounded page-history CDX shard for this game.
not_checked,1,Teddy Time,http://www.kongregate.com/games/pbooty/teddy-time,www.kongregate.com/games/pbooty/teddy-time,5,1,0,yes,2017-07-29,2017-07-29,0,0,0,0,0,0,0,0,0,0,0,0,Run a bounded page-history CDX shard for this game.
not_checked,1,Ancient Temple Escape,http://www.kongregate.com/games/top10newgames/ancient-temple-escape,www.kongregate.com/games/top10newgames/ancient-temple-escape,5,1,0,yes,2017-08-05,2017-08-05,0,0,0,0,0,0,0,0,0,0,0,0,Run a bounded page-history CDX shard for this game.
not_checked,1,Fox Runner Adventures,http://www.kongregate.com/games/tedsanders11/fox-runner-adventures,www.kongregate.com/games/tedsanders11/fox-runner-adventures,5,1,0,yes,2017-08-11,2017-08-11,0,0,0,0,0,0,0,0,0,0,0,0,Run a bounded page-history CDX shard for this game.
not_checked,1,Seas The Day,http://www.kongregate.com/games/ankhgames/seas-the-day,www.kongregate.com/games/ankhgames/seas-the-day,5,1,0,yes,2017-08-17,2017-08-17,0,0,0,0,0,0,0,0,0,0,0,0,Run a bounded page-history CDX shard for this game.
not_checked,1,1010 Hex (HTML5),http://www.kongregate.com/games/zygomaticgames/1010-hex-html5,www.kongregate.com/games/zygomaticgames/1010-hex-html5,5,1,0,yes,2017-08-23,2017-08-23,0,0,0,0,0,0,0,0,0,0,0,0,Run a bounded page-history CDX shard for this game.
not_checked,1,FWG Flight,http://www.kongregate.com/games/FreeWorldGroup/fwg-flight,www.kongregate.com/games/freeworldgroup/fwg-flight,5,1,0,yes,2017-08-25,2017-08-25,0,0,0,0,0,0,0,0,0,0,0,0,Run a bounded page-history CDX shard for this game.
not_checked,1,Mushroom Clicker,http://www.kongregate.com/games/mushroomfanlol/mushroom-clicker,www.kongregate.com/games/mushroomfanlol/mushroom-clicker,5,1,0,yes,2017-09-04,2017-09-04,0,0,0,0,0,0,0,0,0,0,0,0,Run a bounded page-history CDX shard for this game.
not_checked,1,Cute Bear Caring,http://www.kongregate.com/games/gamesforgirlz/cute-bear-caring,www.kongregate.com/games/gamesforgirlz/cute-bear-caring,5,1,0,yes,2017-09-13,2017-09-13,0,0,0,0,0,0,0,0,0,0,0,0,Run a bounded page-history CDX shard for this game.
not_checked,1,Ball Temere,http://www.kongregate.com/games/Miancky/ball-temere,www.kongregate.com/games/miancky/ball-temere,5,1,0,yes,2017-09-20,2017-09-20,0,0,0,0,0,0,0,0,0,0,0,0,Run a bounded page-history CDX shard for this game.
not_checked,1,The Elder Bones,http://www.kongregate.com/games/PolakX3/the-elder-bones,www.kongregate.com/games/polakx3/the-elder-bones,5,1,0,yes,2017-09-30,2017-09-30,0,0,0,0,0,0,0,0,0,0,0,0,Run a bounded page-history CDX shard for this game.
not_checked,1,Foempies,http://www.kongregate.com/games/Udder/foempies,www.kongregate.com/games/udder/foempies,5,1,0,yes,2017-10-08,2017-10-08,0,0,0,0,0,0,0,0,0,0,0,0,Run a bounded page-history CDX shard for this game.
not_checked,1,Asteroid Attack!,http://www.kongregate.com/games/reid_myles/asteroid-attack,www.kongregate.com/games/reid_myles/asteroid-attack,5,1,0,yes,2017-10-15,2017-10-15,0,0,0,0,0,0,0,0,0,0,0,0,Run a bounded page-history CDX shard for this game.
not_checked,1,Decrepitos The Game,http://www.kongregate.com/games/mofdna/decrepitos-the-game,www.kongregate.com/games/mofdna/decrepitos-the-game,5,1,0,yes,2017-10-24,2017-10-24,0,0,0,0,0,0,0,0,0,0,0,0,Run a bounded page-history CDX shard for this game.
not_checked,1,Holyday City Reloaded,http://www.kongregate.com/games/HolydayStudios/holyday-city-reloaded,www.kongregate.com/games/holydaystudios/holyday-city-reloaded,5,4,0,yes,2017-11-01,2018-12-22,0,0,0,0,0,0,0,0,0,0,0,0,Run a bounded page-history CDX shard for this game.
not_checked,1,Shprot - Sprat Diet,https://www.kongregate.com/games/kbvpneofit/shprot-sprat-diet,www.kongregate.com/games/kbvpneofit/shprot-sprat-diet,5,1,0,yes,2019-08-25,2019-08-25,0,0,0,0,0,0,0,0,0,0,0,0,Run a bounded page-history CDX shard for this game.
not_checked,1,Space Over Retro Community,http://www.kongregate.com/games/NeoBiel/space-over-retro-community,www.kongregate.com/games/neobiel/space-over-retro-community,5,1,0,yes,2021-01-25,2021-01-25,0,0,0,0,0,0,0,0,0,0,0,0,Run a bounded page-history CDX shard for this game.
not_checked,1,LoucoLandia,https://www.kongregate.com/games/BarbaraE17/loucolandia,www.kongregate.com/games/barbarae17/loucolandia,5,1,0,yes,2021-11-12,2021-11-12,0,0,0,0,0,0,0,0,0,0,0,0,Run a bounded page-history CDX shard for this game.
not_checked,1,Underworld Idle,https://www.kongregate.com/games/e_cha/underworld-idle,www.kongregate.com/games/e_cha/underworld-idle,5,2,0,yes,2023-12-21,2023-12-21,0,0,0,0,0,0,0,0,0,0,0,0,Run a bounded page-history CDX shard for this game.
not_checked,1,Skrillex Equinox Launchpad v2.0,https://www.kongregate.com/en/games/Gothicbub/skrillex-equinox-launchpad-v2-0,www.kongregate.com/games/gothicbub/skrillex-equinox-launchpad-v2-0,5,1,0,yes,2026-01-03,2026-01-03,0,0,0,0,0,0,0,0,0,0,0,0,Run a bounded page-history CDX shard for this game.
dynamic_metrics_placeholder,1,Game of Thrones Ascent,http://www.kongregate.com/games/DisruptorBeam/game-of-thrones-ascent,www.kongregate.com/games/disruptorbeam/game-of-thrones-ascent,6,28,0,yes,2014-11-10,2016-06-01,3,313,0,30,14,16,14,14,14,0,0,0,Probe exact archived metrics.json endpoints; cached HTML defers counts to JavaScript-injected metrics.
dynamic_metrics_placeholder,1,Medieval Chronicles 9,https://www.kongregate.com/games/VasantJ/medieval-chronicles-9,www.kongregate.com/games/vasantj/medieval-chronicles-9,6,48,13,yes,2020-06-07,2023-12-01,3,24,0,24,14,10,14,14,14,0,0,0,Probe exact archived metrics.json endpoints; cached HTML defers counts to JavaScript-injected metrics.
not_checked,1,Run Hikari Run,http://www.kongregate.com/games/MrYayak/run-hikari-run,www.kongregate.com/games/mryayak/run-hikari-run,6,1,0,yes,2014-08-22,2014-08-22,0,0,0,0,0,0,0,0,0,0,0,0,Run a bounded page-history CDX shard for this game.
not_checked,1,The Swordman,http://www.kongregate.com/games/TheGameFather/the-swordman,www.kongregate.com/games/thegamefather/the-swordman,6,1,0,yes,2014-08-26,2014-08-26,0,0,0,0,0,0,0,0,0,0,0,0,Run a bounded page-history CDX shard for this game.
not_checked,1,Secret Cave Escape,http://www.kongregate.com/games/Enagamess/secret-cave-escape,www.kongregate.com/games/enagamess/secret-cave-escape,6,1,0,yes,2014-09-02,2014-09-02,0,0,0,0,0,0,0,0,0,0,0,0,Run a bounded page-history CDX shard for this game.
not_checked,1,Gold Miner Slots,http://www.kongregate.com/games/TreSensa/gold-miner-slots,www.kongregate.com/games/tresensa/gold-miner-slots,6,1,0,yes,2014-09-05,2014-09-05,0,0,0,0,0,0,0,0,0,0,0,0,Run a bounded page-history CDX shard for this game.
not_checked,1,Space Flash,http://www.kongregate.com/games/spectr_006/space-flash,www.kongregate.com/games/spectr_006/space-flash,6,1,0,yes,2014-09-12,2014-09-12,0,0,0,0,0,0,0,0,0,0,0,0,Run a bounded page-history CDX shard for this game.
not_checked,1,Idle Artisian Miner(Beta2),http://www.kongregate.com/games/CremeenGraphics/idle-artisian-miner-beta2,www.kongregate.com/games/cremeengraphics/idle-artisian-miner-beta2,6,1,0,yes,2014-09-14,2014-09-14,0,0,0,0,0,0,0,0,0,0,0,0,Run a bounded page-history CDX shard for this game.
not_checked,1,Sir. Killer,http://www.kongregate.com/games/galaxymika/sir-killer,www.kongregate.com/games/galaxymika/sir-killer,6,1,0,yes,2014-09-19,2014-09-19,0,0,0,0,0,0,0,0,0,0,0,0,Run a bounded page-history CDX shard for this game.
not_checked,1,Tetristeroids,http://www.kongregate.com/games/benbrunton/tetristeroids,www.kongregate.com/games/benbrunton/tetristeroids,6,2,0,yes,2014-09-19,2014-09-19,0,0,0,0,0,0,0,0,0,0,0,0,Run a bounded page-history CDX shard for this game.
not_checked,1,Test Game 1,http://www.kongregate.com/games/mandheer/test-game-1,www.kongregate.com/games/mandheer/test-game-1,6,1,0,yes,2014-09-20,2014-09-20,0,0,0,0,0,0,0,0,0,0,0,0,Run a bounded page-history CDX shard for this game.
not_checked,1,Bunny Defender,http://www.kongregate.com/games/MujahidK2/bunny-defender,www.kongregate.com/games/mujahidk2/bunny-defender,6,1,0,yes,2014-09-26,2014-09-26,0,0,0,0,0,0,0,0,0,0,0,0,Run a bounded page-history CDX shard for this game.
not_checked,1,Burning World,http://www.kongregate.com/games/LightwellGames/burning-world,www.kongregate.com/games/lightwellgames/burning-world,6,1,0,yes,2014-09-26,2014-09-26,0,0,0,0,0,0,0,0,0,0,0,0,Run a bounded page-history CDX shard for this game.
not_checked,1,BCS`S Runner,http://www.kongregate.com/games/carter101/bcs-s-runner,www.kongregate.com/games/carter101/bcs-s-runner,6,1,0,yes,2014-10-04,2014-10-04,0,0,0,0,0,0,0,0,0,0,0,0,Run a bounded page-history CDX shard for this game.
not_checked,1,Coin,http://www.kongregate.com/games/LeTienAnh/coin,www.kongregate.com/games/letienanh/coin,6,1,0,yes,2014-10-09,2014-10-09,0,0,0,0,0,0,0,0,0,0,0,0,Run a bounded page-history CDX shard for this game.
not_checked,1,Circles,http://www.kongregate.com/games/Laith_Alnasser/circles,www.kongregate.com/games/laith_alnasser/circles,6,1,0,yes,2014-10-10,2014-10-10,0,0,0,0,0,0,0,0,0,0,0,0,Run a bounded page-history CDX shard for this game.
not_checked,1,Button Hunting,http://www.kongregate.com/games/MmmaMarry/button-hunting,www.kongregate.com/games/mmmamarry/button-hunting,6,1,0,yes,2014-10-18,2014-10-18,0,0,0,0,0,0,0,0,0,0,0,0,Run a bounded page-history CDX shard for this game.
not_checked,1,Cake Flyer,http://www.kongregate.com/games/Beremans/cake-flyer,www.kongregate.com/games/beremans/cake-flyer,6,1,0,yes,2014-10-24,2014-10-24,0,0,0,0,0,0,0,0,0,0,0,0,Run a bounded page-history CDX shard for this game.
not_checked,1,Clear Star Luxury,http://www.kongregate.com/games/game4joy1/clear-star-luxury,www.kongregate.com/games/game4joy1/clear-star-luxury,6,1,0,yes,2014-10-29,2014-10-29,0,0,0,0,0,0,0,0,0,0,0,0,Run a bounded page-history CDX shard for this game.
not_checked,1,Googleygames:Crazybots,http://www.kongregate.com/games/sorenof/googleygames-crazybots,www.kongregate.com/games/sorenof/googleygames-crazybots,6,1,0,yes,2014-10-31,2014-10-31,0,0,0,0,0,0,0,0,0,0,0,0,Run a bounded page-history CDX shard for this game.
not_checked,1,Doors 3: Locked Out,http://www.kongregate.com/games/ArcticArcade/doors-3-locked-out,www.kongregate.com/games/arcticarcade/doors-3-locked-out,6,1,0,yes,2014-11-11,2014-11-11,0,0,0,0,0,0,0,0,0,0,0,0,Run a bounded page-history CDX shard for this game.
not_checked,1,"This is the ABSOLUTE best game in Kongregate history and you will not regret clicking that play button ever in your entire life, i like pie",http://www.kongregate.com/games/MaoWEE/this-is-the-absolute-best-game-in-kongregate-history-and-you-will-not-regret-clicking-that-play-button-ever-in-your-entire-life-i-like-pie,www.kongregate.com/games/maowee/this-is-the-absolute-best-game-in-kongregate-history-and-you-will-not-regret-clicking-that-play-button-ever-in-your-entire-life-i-like-pie,6,1,0,yes,2014-11-25,2014-11-25,0,0,0,0,0,0,0,0,0,0,0,0,Run a bounded page-history CDX shard for this game.
not_checked,1,Ragtag,http://www.kongregate.com/games/Ryanupinhere/ragtag,www.kongregate.com/games/ryanupinhere/ragtag,6,1,0,yes,2014-12-02,2014-12-02,0,0,0,0,0,0,0,0,0,0,0,0,Run a bounded page-history CDX shard for this game.
not_checked,1,Fix Your Sports Car,http://www.kongregate.com/games/gamolition/fix-your-sports-car,www.kongregate.com/games/gamolition/fix-your-sports-car,6,1,0,yes,2014-12-10,2014-12-10,0,0,0,0,0,0,0,0,0,0,0,0,Run a bounded page-history CDX shard for this game.
not_checked,1,The Labyrinth Of The Nameless Bone Dragon,http://www.kongregate.com/games/Pokeking50/the-labyrinth-of-the-nameless-bone-dragon,www.kongregate.com/games/pokeking50/the-labyrinth-of-the-nameless-bone-dragon,6,1,0,yes,2014-12-17,2014-12-17,0,0,0,0,0,0,0,0,0,0,0,0,Run a bounded page-history CDX shard for this game.
not_checked,1,doner,http://www.kongregate.com/games/plays2342/doner,www.kongregate.com/games/plays2342/doner,6,1,0,yes,2014-12-28,2014-12-28,0,0,0,0,0,0,0,0,0,0,0,0,Run a bounded page-history CDX shard for this game.
not_checked,1,Baby Daisy Cooking Time,http://www.kongregate.com/games/niklec/baby-daisy-cooking-time,www.kongregate.com/games/niklec/baby-daisy-cooking-time,6,1,0,yes,2014-12-30,2014-12-30,0,0,0,0,0,0,0,0,0,0,0,0,Run a bounded page-history CDX shard for this game.
not_checked,1,#VoteStabby,http://www.kongregate.com/games/YAYitsAndrew/votestabby,www.kongregate.com/games/yayitsandrew/votestabby,6,1,0,yes,2015-04-01,2015-04-01,0,0,0,0,0,0,0,0,0,0,0,0,Run a bounded page-history CDX shard for this game.
not_checked,1,Clarence Pac Man,http://www.kongregate.com/games/juegosclarence/clarence-pac-man,www.kongregate.com/games/juegosclarence/clarence-pac-man,6,1,0,yes,2015-09-03,2015-09-03,0,0,0,0,0,0,0,0,0,0,0,0,Run a bounded page-history CDX shard for this game.
not_checked,1,Roundabout,http://www.kongregate.com/games/BryceSummer/roundabout,www.kongregate.com/games/brycesummer/roundabout,6,1,0,yes,2015-09-09,2015-09-09,0,0,0,0,0,0,0,0,0,0,0,0,Run a bounded page-history CDX shard for this game.
not_checked,1,2 Player Tron,http://www.kongregate.com/games/KoGaMaDaniel/2-player-tron,www.kongregate.com/games/kogamadaniel/2-player-tron,6,1,0,yes,2015-09-14,2015-09-14,0,0,0,0,0,0,0,0,0,0,0,0,Run a bounded page-history CDX shard for this game.
not_checked,1,Slow Mustache,http://www.kongregate.com/games/DrinKadriu/slow-mustache,www.kongregate.com/games/drinkadriu/slow-mustache,6,1,0,yes,2015-09-15,2015-09-15,0,0,0,0,0,0,0,0,0,0,0,0,Run a bounded page-history CDX shard for this game.
not_checked,1,Blink,http://www.kongregate.com/games/JeffreyLaarman/blink,www.kongregate.com/games/jeffreylaarman/blink,6,1,0,yes,2015-09-23,2015-09-23,0,0,0,0,0,0,0,0,0,0,0,0,Run a bounded page-history CDX shard for this game.
not_checked,1,Enter into Darkness,http://www.kongregate.com/games/Newshield_Ent/enter-into-darkness,www.kongregate.com/games/newshield_ent/enter-into-darkness,6,1,0,yes,2015-12-05,2015-12-05,0,0,0,0,0,0,0,0,0,0,0,0,Run a bounded page-history CDX shard for this game.
not_checked,1,Treasure Recovery From Island,http://www.kongregate.com/games/Enagamess/treasure-recovery-from-island,www.kongregate.com/games/enagamess/treasure-recovery-from-island,6,1,0,yes,2015-12-26,2015-12-26,0,0,0,0,0,0,0,0,0,0,0,0,Run a bounded page-history CDX shard for this game.
not_checked,1,Instant Fight (2 Players),http://www.kongregate.com/games/Siiriis/instant-fight-2-players,www.kongregate.com/games/siiriis/instant-fight-2-players,6,1,0,yes,2016-01-02,2016-01-02,0,0,0,0,0,0,0,0,0,0,0,0,Run a bounded page-history CDX shard for this game.
not_checked,1,space war,http://www.kongregate.com/games/onlyoneli/space-war,www.kongregate.com/games/onlyoneli/space-war,6,1,0,yes,2016-01-16,2016-01-16,0,0,0,0,0,0,0,0,0,0,0,0,Run a bounded page-history CDX shard for this game.
not_checked,1,Lift The Curse Of The Girl,http://www.kongregate.com/games/Enagamess/lift-the-curse-of-the-girl,www.kongregate.com/games/enagamess/lift-the-curse-of-the-girl,6,1,0,yes,2016-01-25,2016-01-25,0,0,0,0,0,0,0,0,0,0,0,0,Run a bounded page-history CDX shard for this game.
not_checked,1,Quotidian,http://www.kongregate.com/games/terra0nova/quotidian,www.kongregate.com/games/terra0nova/quotidian,6,1,0,yes,2016-02-02,2016-02-02,0,0,0,0,0,0,0,0,0,0,0,0,Run a bounded page-history CDX shard for this game.
not_checked,1,Shoot Mr C,http://www.kongregate.com/games/NickBobJr/shoot-mr-c,www.kongregate.com/games/nickbobjr/shoot-mr-c,6,1,0,yes,2016-02-17,2016-02-17,0,0,0,0,0,0,0,0,0,0,0,0,Run a bounded page-history CDX shard for this game.
not_checked,1,Death Canyon:Zombies,http://www.kongregate.com/games/kipplz199/death-canyon-zombies,www.kongregate.com/games/kipplz199/death-canyon-zombies,6,1,0,yes,2016-02-28,2016-02-28,0,0,0,0,0,0,0,0,0,0,0,0,Run a bounded page-history CDX shard for this game.
not_checked,1,Foxes and Eagles,http://www.kongregate.com/games/kamilsk/foxes-and-eagles,www.kongregate.com/games/kamilsk/foxes-and-eagles,6,1,0,yes,2016-03-05,2016-03-05,0,0,0,0,0,0,0,0,0,0,0,0,Run a bounded page-history CDX shard for this game.
not_checked,1,Stealth Master (Game created for college Assignment),http://www.kongregate.com/games/brewis_dark/stealth-master-game-created-for-college-assignment,www.kongregate.com/games/brewis_dark/stealth-master-game-created-for-college-assignment,6,1,0,yes,2016-03-07,2016-03-07,0,0,0,0,0,0,0,0,0,0,0,0,Run a bounded page-history CDX shard for this game.
not_checked,1,sad Buble shotter,http://www.kongregate.com/games/techidwarf/sad-buble-shotter,www.kongregate.com/games/techidwarf/sad-buble-shotter,6,1,0,yes,2016-03-20,2016-03-20,0,0,0,0,0,0,0,0,0,0,0,0,Run a bounded page-history CDX shard for this game.
not_checked,1,GameToilet Mobile#2 : Watch Paint Dry,http://www.kongregate.com/games/kingbaggot/gametoilet-mobile-2-watch-paint-dry,www.kongregate.com/games/kingbaggot/gametoilet-mobile-2-watch-paint-dry,6,1,0,yes,2016-03-24,2016-03-24,0,0,0,0,0,0,0,0,0,0,0,0,Run a bounded page-history CDX shard for this game.
not_checked,1,Zombie Kentaur 2,http://www.kongregate.com/games/TheronK71/zombie-kentaur-2,www.kongregate.com/games/theronk71/zombie-kentaur-2,6,1,0,yes,2016-05-06,2016-05-06,0,0,0,0,0,0,0,0,0,0,0,0,Run a bounded page-history CDX shard for this game.
not_checked,1,Super Monkey Adventure,http://www.kongregate.com/games/flowlab/super-monkey-adventure,www.kongregate.com/games/flowlab/super-monkey-adventure,6,1,0,yes,2016-05-15,2016-05-15,0,0,0,0,0,0,0,0,0,0,0,0,Run a bounded page-history CDX shard for this game.
not_checked,1,Penalty Shooters 2,http://www.kongregate.com/games/vladetam/penalty-shooters-2,www.kongregate.com/games/vladetam/penalty-shooters-2,6,1,0,yes,2016-05-23,2016-05-23,0,0,0,0,0,0,0,0,0,0,0,0,Run a bounded page-history CDX shard for this game.
not_checked,1,The Donald Trump Dating Simulator from Hell,http://www.kongregate.com/games/Codemonkey77/the-donald-trump-dating-simulator-from-hell,www.kongregate.com/games/codemonkey77/the-donald-trump-dating-simulator-from-hell,6,1,0,yes,2016-05-24,2016-05-24,0,0,0,0,0,0,0,0,0,0,0,0,Run a bounded page-history CDX shard for this game.
not_checked,1,Tir,http://www.kongregate.com/games/Kasmilus/tir,www.kongregate.com/games/kasmilus/tir,6,1,0,yes,2016-06-04,2016-06-04,0,0,0,0,0,0,0,0,0,0,0,0,Run a bounded page-history CDX shard for this game.
not_checked,1,Mass,http://www.kongregate.com/games/DHALVINCORP/mass,www.kongregate.com/games/dhalvincorp/mass,6,1,0,yes,2016-06-05,2016-06-05,0,0,0,0,0,0,0,0,0,0,0,0,Run a bounded page-history CDX shard for this game.
not_checked,1,Tori Energy Factory,http://www.kongregate.com/games/GriseGames/tori-energy-factory,www.kongregate.com/games/grisegames/tori-energy-factory,6,1,0,yes,2016-06-13,2016-06-13,0,0,0,0,0,0,0,0,0,0,0,0,Run a bounded page-history CDX shard for this game.
not_checked,1,Block Ship (Muted game),http://www.kongregate.com/games/EpicCreeper127/block-ship-muted-game,www.kongregate.com/games/epiccreeper127/block-ship-muted-game,6,1,0,yes,2016-06-29,2016-06-29,0,0,0,0,0,0,0,0,0,0,0,0,Run a bounded page-history CDX shard for this game.
not_checked,1,Famous Paintings Parodies,http://www.kongregate.com/games/Munguia/famous-paintings-parodies,www.kongregate.com/games/munguia/famous-paintings-parodies,6,1,0,yes,2016-07-07,2016-07-07,0,0,0,0,0,0,0,0,0,0,0,0,Run a bounded page-history CDX shard for this game.
not_checked,1,Solek adventure in green lime land,http://www.kongregate.com/games/TowaOffKranuh/solek-adventure-in-green-lime-land,www.kongregate.com/games/towaoffkranuh/solek-adventure-in-green-lime-land,6,1,0,yes,2016-07-14,2016-07-14,0,0,0,0,0,0,0,0,0,0,0,0,Run a bounded page-history CDX shard for this game.
not_checked,1,Pink Panther Jigsaw,http://www.kongregate.com/games/newgamess/pink-panther-jigsaw,www.kongregate.com/games/newgamess/pink-panther-jigsaw,6,1,0,yes,2016-07-20,2016-07-20,0,0,0,0,0,0,0,0,0,0,0,0,Run a bounded page-history CDX shard for this game.
not_checked,1,Replica,http://www.kongregate.com/games/Klatu/replica,www.kongregate.com/games/klatu/replica,6,1,0,yes,2016-08-05,2016-08-05,0,0,0,0,0,0,0,0,0,0,0,0,Run a bounded page-history CDX shard for this game.
not_checked,1,Dragon Fortress,http://www.kongregate.com/games/littlegiantworld/dragon-fortress,www.kongregate.com/games/littlegiantworld/dragon-fortress,6,1,0,yes,2016-08-13,2016-08-13,0,0,0,0,0,0,0,0,0,0,0,0,Run a bounded page-history CDX shard for this game.
not_checked,1,Attack On Trump,http://www.kongregate.com/games/dci05049/attack-on-trump,www.kongregate.com/games/dci05049/attack-on-trump,6,1,0,yes,2016-08-20,2016-08-20,0,0,0,0,0,0,0,0,0,0,0,0,Run a bounded page-history CDX shard for this game.
not_checked,1,Meena Classic Room Puzzle Game,http://www.kongregate.com/games/meenagame/meena-classic-room-puzzle-game,www.kongregate.com/games/meenagame/meena-classic-room-puzzle-game,6,1,0,yes,2016-08-28,2016-08-28,0,0,0,0,0,0,0,0,0,0,0,0,Run a bounded page-history CDX shard for this game.
not_checked,1,Find The Super Surf Board,http://www.kongregate.com/games/Enagamess/find-the-super-surf-board,www.kongregate.com/games/enagamess/find-the-super-surf-board,6,1,0,yes,2016-09-03,2016-09-03,0,0,0,0,0,0,0,0,0,0,0,0,Run a bounded page-history CDX shard for this game.
not_checked,1,Genie Goes Walkaboutg,http://www.kongregate.com/games/SkidsInMeFalcon/genie-goes-walkaboutg,www.kongregate.com/games/skidsinmefalcon/genie-goes-walkaboutg,6,1,0,yes,2016-09-16,2016-09-16,0,0,0,0,0,0,0,0,0,0,0,0,Run a bounded page-history CDX shard for this game.
not_checked,1,Fighting Corner,http://www.kongregate.com/games/minininja956/fighting-corner,www.kongregate.com/games/minininja956/fighting-corner,6,1,0,yes,2016-09-17,2016-09-17,0,0,0,0,0,0,0,0,0,0,0,0,Run a bounded page-history CDX shard for this game.
not_checked,1,Gordo's Oddisey,http://www.kongregate.com/games/SergioPL14/gordos-oddisey,www.kongregate.com/games/sergiopl14/gordos-oddisey,6,1,0,yes,2016-09-23,2016-09-23,0,0,0,0,0,0,0,0,0,0,0,0,Run a bounded page-history CDX shard for this game.
not_checked,1,Snake Cuby,http://www.kongregate.com/games/sevencolorsapps/snake-cuby,www.kongregate.com/games/sevencolorsapps/snake-cuby,6,1,0,yes,2016-10-04,2016-10-04,0,0,0,0,0,0,0,0,0,0,0,0,Run a bounded page-history CDX shard for this game.
not_checked,1,Halloween Soul Rescue,http://www.kongregate.com/games/Enagamess/halloween-soul-rescue,www.kongregate.com/games/enagamess/halloween-soul-rescue,6,1,0,yes,2016-10-10,2016-10-10,0,0,0,0,0,0,0,0,0,0,0,0,Run a bounded page-history CDX shard for this game.
not_checked,1,Cleopatra 2187: Demo,http://www.kongregate.com/games/Uroshito/cleopatra-2187-demo,www.kongregate.com/games/uroshito/cleopatra-2187-demo,6,1,0,yes,2016-10-17,2016-10-17,0,0,0,0,0,0,0,0,0,0,0,0,Run a bounded page-history CDX shard for this game.
not_checked,1,Juggler Extraordinaire,http://www.kongregate.com/games/erikomen/juggler-extraordinaire,www.kongregate.com/games/erikomen/juggler-extraordinaire,6,1,0,yes,2016-10-30,2016-10-30,0,0,0,0,0,0,0,0,0,0,0,0,Run a bounded page-history CDX shard for this game.
not_checked,1,Rush Team Free FPS Multiplayers,https://www.kongregate.com/games/rokawar/rush-team-free-fps-multiplayers,www.kongregate.com/games/rokawar/rush-team-free-fps-multiplayers,6,29,4,yes,2017-03-04,2017-03-11,0,0,0,0,0,0,0,0,0,0,0,0,Run a bounded page-history CDX shard for this game.
not_checked,1,Wilson estrda - Lovecraft en Penumbras Vr 0.1,http://www.kongregate.com/games/WilsonEstrada/wilson-estrda-lovecraft-en-penumbras-vr-0-1,www.kongregate.com/games/wilsonestrada/wilson-estrda-lovecraft-en-penumbras-vr-0-1,6,1,0,yes,2017-05-05,2017-05-05,0,0,0,0,0,0,0,0,0,0,0,0,Run a bounded page-history CDX shard for this game.
not_checked,1,Revolution Idle 2,http://www.kongregate.com/games/Gumrok/revolution-idle-2,www.kongregate.com/games/gumrok/revolution-idle-2,6,7,0,yes,2017-05-06,2017-05-30,0,0,0,0,0,0,0,0,0,0,0,0,Run a bounded page-history CDX shard for this game.
not_checked,1,blue:on:,http://www.kongregate.com/games/josehzz/blue-on,www.kongregate.com/games/josehzz/blue-on,6,1,0,yes,2017-05-16,2017-05-16,0,0,0,0,0,0,0,0,0,0,0,0,Run a bounded page-history CDX shard for this game.
not_checked,1,Business Simulator: Idle,http://www.kongregate.com/games/Tatemartin/business-simulator-idle,www.kongregate.com/games/tatemartin/business-simulator-idle,6,1,0,yes,2017-05-26,2017-05-26,0,0,0,0,0,0,0,0,0,0,0,0,Run a bounded page-history CDX shard for this game.
not_checked,1,Jerry's Quest,http://www.kongregate.com/games/MojoUS/jerrys-quest,www.kongregate.com/games/mojous/jerrys-quest,6,1,0,yes,2017-06-04,2017-06-04,0,0,0,0,0,0,0,0,0,0,0,0,Run a bounded page-history CDX shard for this game.
not_checked,1,Girl Throat Surgery,http://www.kongregate.com/games/k25507891/girl-throat-surgery,www.kongregate.com/games/k25507891/girl-throat-surgery,6,1,0,yes,2017-06-15,2017-06-15,0,0,0,0,0,0,0,0,0,0,0,0,Run a bounded page-history CDX shard for this game.
not_checked,1,Lake City,http://www.kongregate.com/games/Enagamess/lake-city,www.kongregate.com/games/enagamess/lake-city,6,1,0,yes,2017-06-16,2017-06-16,0,0,0,0,0,0,0,0,0,0,0,0,Run a bounded page-history CDX shard for this game.
not_checked,1,The Forest Mirror,http://www.kongregate.com/games/JosephMoonGolf/the-forest-mirror,www.kongregate.com/games/josephmoongolf/the-forest-mirror,6,1,0,yes,2017-06-25,2017-06-25,0,0,0,0,0,0,0,0,0,0,0,0,Run a bounded page-history CDX shard for this game.
not_checked,1,The Submarine Mystery,http://www.kongregate.com/games/CrazyEscapeGames/the-submarine-mystery,www.kongregate.com/games/crazyescapegames/the-submarine-mystery,6,1,0,yes,2017-07-03,2017-07-03,0,0,0,0,0,0,0,0,0,0,0,0,Run a bounded page-history CDX shard for this game.
not_checked,1,Ore Hunt,http://www.kongregate.com/games/KlasseMia19/ore-hunt,www.kongregate.com/games/klassemia19/ore-hunt,6,1,0,yes,2017-07-12,2017-07-12,0,0,0,0,0,0,0,0,0,0,0,0,Run a bounded page-history CDX shard for this game.
not_checked,1,Caveman Chuck,http://www.kongregate.com/games/PrimeBitGames/caveman-chuck,www.kongregate.com/games/primebitgames/caveman-chuck,6,1,0,yes,2017-07-20,2017-07-20,0,0,0,0,0,0,0,0,0,0,0,0,Run a bounded page-history CDX shard for this game.
not_checked,1,Bat-Battery,http://www.kongregate.com/games/cenullum/bat-battery,www.kongregate.com/games/cenullum/bat-battery,6,1,0,yes,2017-08-05,2017-08-05,0,0,0,0,0,0,0,0,0,0,0,0,Run a bounded page-history CDX shard for this game.
not_checked,1,The depths idle,http://www.kongregate.com/games/omgnoob191/the-depths-idle,www.kongregate.com/games/omgnoob191/the-depths-idle,6,1,0,yes,2017-08-11,2017-08-11,0,0,0,0,0,0,0,0,0,0,0,0,Run a bounded page-history CDX shard for this game.
not_checked,1,Twist Escape 4,http://www.kongregate.com/games/Nsrgames/twist-escape-4,www.kongregate.com/games/nsrgames/twist-escape-4,6,1,0,yes,2017-08-17,2017-08-17,0,0,0,0,0,0,0,0,0,0,0,0,Run a bounded page-history CDX shard for this game.
not_checked,1,LUMI,http://www.kongregate.com/games/JekOji/lumi,www.kongregate.com/games/jekoji/lumi,6,1,0,yes,2017-08-23,2017-08-23,0,0,0,0,0,0,0,0,0,0,0,0,Run a bounded page-history CDX shard for this game.
not_checked,1,Catch all the Mushrooms,http://www.kongregate.com/games/mushroomfanlol/catch-all-the-mushrooms,www.kongregate.com/games/mushroomfanlol/catch-all-the-mushrooms,6,1,0,yes,2017-09-04,2017-09-04,0,0,0,0,0,0,0,0,0,0,0,0,Run a bounded page-history CDX shard for this game.
not_checked,1,Fashionistas Boho vs Grunge,http://www.kongregate.com/games/IdeaStudio/fashionistas-boho-vs-grunge,www.kongregate.com/games/ideastudio/fashionistas-boho-vs-grunge,6,1,0,yes,2017-09-13,2017-09-13,0,0,0,0,0,0,0,0,0,0,0,0,Run a bounded page-history CDX shard for this game.
not_checked,1,The Locker - Bullet Factory,http://www.kongregate.com/games/Enagamess/the-locker-bullet-factory,www.kongregate.com/games/enagamess/the-locker-bullet-factory,6,1,0,yes,2017-09-20,2017-09-20,0,0,0,0,0,0,0,0,0,0,0,0,Run a bounded page-history CDX shard for this game.
not_checked,1,Try This Room Escape,http://www.kongregate.com/games/8bgames/try-this-room-escape,www.kongregate.com/games/8bgames/try-this-room-escape,6,1,0,yes,2017-09-30,2017-09-30,0,0,0,0,0,0,0,0,0,0,0,0,Run a bounded page-history CDX shard for this game.
not_checked,1,ROOFRUNNER X,http://www.kongregate.com/games/Sincitysaint/roofrunner-x,www.kongregate.com/games/sincitysaint/roofrunner-x,6,1,0,yes,2017-10-08,2017-10-08,0,0,0,0,0,0,0,0,0,0,0,0,Run a bounded page-history CDX shard for this game.
not_checked,1,ma,http://www.kongregate.com/games/talhaa1008/ma,www.kongregate.com/games/talhaa1008/ma,6,1,0,yes,2017-10-15,2017-10-15,0,0,0,0,0,0,0,0,0,0,0,0,Run a bounded page-history CDX shard for this game.
not_checked,1,Oscuro Castle.,http://www.kongregate.com/games/Bluemysterywolf/oscuro-castle,www.kongregate.com/games/bluemysterywolf/oscuro-castle,6,1,0,yes,2017-10-24,2017-10-24,0,0,0,0,0,0,0,0,0,0,0,0,Run a bounded page-history CDX shard for this game.
not_checked,1,Idle Skilling,https://www.kongregate.com/games/lavaflame2/idle-skilling,www.kongregate.com/games/lavaflame2/idle-skilling,6,1,0,yes,2018-12-22,2018-12-22,0,0,0,0,0,0,0,0,0,0,0,0,Run a bounded page-history CDX shard for this game.
not_checked,1,GameJam,https://www.kongregate.com/games/robertonome36/gamejam,www.kongregate.com/games/robertonome36/gamejam,6,1,0,yes,2019-08-25,2019-08-25,0,0,0,0,0,0,0,0,0,0,0,0,Run a bounded page-history CDX shard for this game.
not_checked,1,blue,https://www.kongregate.com/games/bontegames/blue,www.kongregate.com/games/bontegames/blue,6,6,0,yes,2019-10-21,2019-11-19,0,0,0,0,0,0,0,0,0,0,0,0,Run a bounded page-history CDX shard for this game.
dynamic_metrics_placeholder,1,Super Hot,http://www.kongregate.com/games/Bunny_Engel/super-hot,www.kongregate.com/games/bunny_engel/super-hot,7,53,0,yes,2014-11-02,2017-04-15,2,109,0,30,15,15,15,15,15,0,0,0,Probe exact archived metrics.json endpoints; cached HTML defers counts to JavaScript-injected metrics.
not_checked,1,House of Gold (Level 1),http://www.kongregate.com/games/TimoteoVLapa/house-of-gold-level-1,www.kongregate.com/games/timoteovlapa/house-of-gold-level-1,7,1,0,yes,2014-08-22,2014-08-22,0,0,0,0,0,0,0,0,0,0,0,0,Run a bounded page-history CDX shard for this game.
not_checked,1,Girl With Cat,http://www.kongregate.com/games/apache_cd/girl-with-cat,www.kongregate.com/games/apache_cd/girl-with-cat,7,1,0,yes,2014-08-26,2014-08-26,0,0,0,0,0,0,0,0,0,0,0,0,Run a bounded page-history CDX shard for this game.
not_checked,1,Diamond Twist,http://www.kongregate.com/games/win1game/diamond-twist,www.kongregate.com/games/win1game/diamond-twist,7,1,0,yes,2014-08-29,2014-08-29,0,0,0,0,0,0,0,0,0,0,0,0,Run a bounded page-history CDX shard for this game.
not_checked,1,Desert Treasure Escape,http://www.kongregate.com/games/Enagamess/desert-treasure-escape,www.kongregate.com/games/enagamess/desert-treasure-escape,7,1,0,yes,2014-09-02,2014-09-02,0,0,0,0,0,0,0,0,0,0,0,0,Run a bounded page-history CDX shard for this game.
not_checked,1,Pirates and Cannons,http://www.kongregate.com/games/TreSensa/pirates-and-cannons,www.kongregate.com/games/tresensa/pirates-and-cannons,7,1,0,yes,2014-09-05,2014-09-05,0,0,0,0,0,0,0,0,0,0,0,0,Run a bounded page-history CDX shard for this game.
not_checked,1,Angry Birds Rebuilding Warrior,http://www.kongregate.com/games/hibiscus070133/angry-birds-rebuilding-warrior,www.kongregate.com/games/hibiscus070133/angry-birds-rebuilding-warrior,7,1,0,yes,2014-09-12,2014-09-12,0,0,0,0,0,0,0,0,0,0,0,0,Run a bounded page-history CDX shard for this game.
not_checked,1,Kill The Red Dot,http://www.kongregate.com/games/mikeyblue2/kill-the-red-dot,www.kongregate.com/games/mikeyblue2/kill-the-red-dot,7,1,0,yes,2014-09-14,2014-09-14,0,0,0,0,0,0,0,0,0,0,0,0,Run a bounded page-history CDX shard for this game.
not_checked,1,Poncho Alpha,http://www.kongregate.com/games/DanHayesGamer/poncho-alpha,www.kongregate.com/games/danhayesgamer/poncho-alpha,7,1,0,yes,2014-09-19,2014-09-19,0,0,0,0,0,0,0,0,0,0,0,0,Run a bounded page-history CDX shard for this game.
not_checked,1,Sheep Quest,http://www.kongregate.com/games/NewKrok/sheep-quest,www.kongregate.com/games/newkrok/sheep-quest,7,1,0,yes,2014-09-19,2014-09-19,0,0,0,0,0,0,0,0,0,0,0,0,Run a bounded page-history CDX shard for this game.
not_checked,1,Hidden Gnomes - Food Land,http://www.kongregate.com/games/myhiddengame/hidden-gnomes-food-land,www.kongregate.com/games/myhiddengame/hidden-gnomes-food-land,7,1,0,yes,2014-09-20,2014-09-20,0,0,0,0,0,0,0,0,0,0,0,0,Run a bounded page-history CDX shard for this game.
not_checked,1,Age of Pixels - Rome 1,http://www.kongregate.com/games/JackF194/age-of-pixels-rome-1,www.kongregate.com/games/jackf194/age-of-pixels-rome-1,7,1,0,yes,2014-09-26,2014-09-26,0,0,0,0,0,0,0,0,0,0,0,0,Run a bounded page-history CDX shard for this game.
not_checked,1,Highway Rampage,http://www.kongregate.com/games/wallofgame/highway-rampage,www.kongregate.com/games/wallofgame/highway-rampage,7,1,0,yes,2014-09-26,2014-09-26,0,0,0,0,0,0,0,0,0,0,0,0,Run a bounded page-history CDX shard for this game.
not_checked,1,Jumper,http://www.kongregate.com/games/FrankP71/jumper,www.kongregate.com/games/frankp71/jumper,7,1,0,yes,2014-10-03,2014-10-03,0,0,0,0,0,0,0,0,0,0,0,0,Run a bounded page-history CDX shard for this game.
not_checked,1,Little Game,http://www.kongregate.com/games/MaxDangerMouse/little-game,www.kongregate.com/games/maxdangermouse/little-game,7,1,0,yes,2014-10-04,2014-10-04,0,0,0,0,0,0,0,0,0,0,0,0,Run a bounded page-history CDX shard for this game.
not_checked,1,Dice Adventure,http://www.kongregate.com/games/NocturneStudio/dice-adventure,www.kongregate.com/games/nocturnestudio/dice-adventure,7,1,0,yes,2014-10-09,2014-10-09,0,0,0,0,0,0,0,0,0,0,0,0,Run a bounded page-history CDX shard for this game.
not_checked,1,Pirate Kills,http://www.kongregate.com/games/win1game/pirate-kills,www.kongregate.com/games/win1game/pirate-kills,7,1,0,yes,2014-10-10,2014-10-10,0,0,0,0,0,0,0,0,0,0,0,0,Run a bounded page-history CDX shard for this game.
not_checked,1,3D Police Car Driver Simulator,http://www.kongregate.com/games/oyunlaroynama/3d-police-car-driver-simulator,www.kongregate.com/games/oyunlaroynama/3d-police-car-driver-simulator,7,1,0,yes,2014-10-13,2014-10-13,0,0,0,0,0,0,0,0,0,0,0,0,Run a bounded page-history CDX shard for this game.
not_checked,1,My Vampire Sweetheart,http://www.kongregate.com/games/SandraKim/my-vampire-sweetheart,www.kongregate.com/games/sandrakim/my-vampire-sweetheart,7,2,0,yes,2014-10-17,2014-10-18,0,0,0,0,0,0,0,0,0,0,0,0,Run a bounded page-history CDX shard for this game.
not_checked,1,Button Clicker 2,http://www.kongregate.com/games/PulisProgramming/button-clicker-2,www.kongregate.com/games/pulisprogramming/button-clicker-2,7,1,0,yes,2014-10-18,2014-10-18,0,0,0,0,0,0,0,0,0,0,0,0,Run a bounded page-history CDX shard for this game.
not_checked,1,Ladder Cube Free,http://www.kongregate.com/games/dehimer/ladder-cube-free,www.kongregate.com/games/dehimer/ladder-cube-free,7,1,0,yes,2014-10-24,2014-10-24,0,0,0,0,0,0,0,0,0,0,0,0,Run a bounded page-history CDX shard for this game.
not_checked,1,Sofia Cooking Pumpkin Tart,http://www.kongregate.com/games/wowsomegames/sofia-cooking-pumpkin-tart,www.kongregate.com/games/wowsomegames/sofia-cooking-pumpkin-tart,7,1,0,yes,2014-10-29,2014-10-29,0,0,0,0,0,0,0,0,0,0,0,0,Run a bounded page-history CDX shard for this game.
not_checked,1,Escape Skull Rise,http://www.kongregate.com/games/learner102/escape-skull-rise,www.kongregate.com/games/learner102/escape-skull-rise,7,1,0,yes,2014-10-31,2014-10-31,0,0,0,0,0,0,0,0,0,0,0,0,Run a bounded page-history CDX shard for this game.
not_checked,1,Ben10 Heatblast saviour,http://www.kongregate.com/games/mytoongames/ben10-heatblast-saviour,www.kongregate.com/games/mytoongames/ben10-heatblast-saviour,7,1,0,yes,2014-11-11,2014-11-11,0,0,0,0,0,0,0,0,0,0,0,0,Run a bounded page-history CDX shard for this game.
not_checked,1,Flight Of The Bee,http://www.kongregate.com/games/ggfdev/flight-of-the-bee,www.kongregate.com/games/ggfdev/flight-of-the-bee,7,1,0,yes,2014-11-25,2014-11-25,0,0,0,0,0,0,0,0,0,0,0,0,Run a bounded page-history CDX shard for this game.
not_checked,1,RoboTrip,http://www.kongregate.com/games/juhanasuuri/robotrip,www.kongregate.com/games/juhanasuuri/robotrip,7,1,0,yes,2014-12-02,2014-12-02,0,0,0,0,0,0,0,0,0,0,0,0,Run a bounded page-history CDX shard for this game.
not_checked,1,super smach flach 2,http://www.kongregate.com/games/mansur_ibragimov/super-smach-flach-2,www.kongregate.com/games/mansur_ibragimov/super-smach-flach-2,7,1,0,yes,2014-12-17,2014-12-17,0,0,0,0,0,0,0,0,0,0,0,0,Run a bounded page-history CDX shard for this game.
not_checked,1,Tyrant Unleashed,https://www.kongregate.com/games/synapticon/tyrant-unleashed-web,www.kongregate.com/games/synapticon/tyrant-unleashed-web,7,48,6,yes,2014-12-17,2015-10-21,0,0,0,0,0,0,0,0,0,0,0,0,Run a bounded page-history CDX shard for this game.
not_checked,1,Baby Daisy New Year Party,http://www.kongregate.com/games/niklec/baby-daisy-new-year-party,www.kongregate.com/games/niklec/baby-daisy-new-year-party,7,1,0,yes,2014-12-30,2014-12-30,0,0,0,0,0,0,0,0,0,0,0,0,Run a bounded page-history CDX shard for this game.
not_checked,1,Dino Storm,https://www.kongregate.com/games/SplitscreenGames/dino-storm,www.kongregate.com/games/splitscreengames/dino-storm,7,109,0,yes,2015-02-15,2019-02-01,0,0,0,0,0,0,0,0,0,0,0,0,Run a bounded page-history CDX shard for this game.
not_checked,1,In Search Of Purpose,http://www.kongregate.com/games/FreakinTroll/in-search-of-purpose,www.kongregate.com/games/freakintroll/in-search-of-purpose,7,1,0,yes,2015-04-01,2015-04-01,0,0,0,0,0,0,0,0,0,0,0,0,Run a bounded page-history CDX shard for this game.
not_checked,1,qiuweigangfirstgame,http://www.kongregate.com/games/qiuweigang/qiuweigangfirstgame,www.kongregate.com/games/qiuweigang/qiuweigangfirstgame,7,1,0,yes,2015-09-03,2015-09-03,0,0,0,0,0,0,0,0,0,0,0,0,Run a bounded page-history CDX shard for this game.
not_checked,1,Pirates & Cannons,http://www.kongregate.com/games/dabontv/pirates-cannons,www.kongregate.com/games/dabontv/pirates-cannons,7,1,0,yes,2015-09-09,2015-09-09,0,0,0,0,0,0,0,0,0,0,0,0,Run a bounded page-history CDX shard for this game.
not_checked,1,KoGaMa | ♣ Mario 2D ♣,http://www.kongregate.com/games/KoGaMaDaniel/kogama-mario-2d,www.kongregate.com/games/kogamadaniel/kogama-mario-2d,7,1,0,yes,2015-09-14,2015-09-14,0,0,0,0,0,0,0,0,0,0,0,0,Run a bounded page-history CDX shard for this game.
not_checked,1,Back2Base,http://www.kongregate.com/games/Woutfontane/back2base,www.kongregate.com/games/woutfontane/back2base,7,1,0,yes,2015-09-15,2015-09-15,0,0,0,0,0,0,0,0,0,0,0,0,Run a bounded page-history CDX shard for this game.
not_checked,1,Roll a Ball,http://www.kongregate.com/games/andreas2200/roll-a-ball,www.kongregate.com/games/andreas2200/roll-a-ball,7,1,0,yes,2015-09-23,2015-09-23,0,0,0,0,0,0,0,0,0,0,0,0,Run a bounded page-history CDX shard for this game.
not_checked,1,Missile Defence,http://www.kongregate.com/games/Merklar/missile-defence,www.kongregate.com/games/merklar/missile-defence,7,1,0,yes,2015-12-05,2015-12-05,0,0,0,0,0,0,0,0,0,0,0,0,Run a bounded page-history CDX shard for this game.
not_checked,1,Witchy Kitty,http://www.kongregate.com/games/dawnpop/witchy-kitty,www.kongregate.com/games/dawnpop/witchy-kitty,7,1,0,yes,2015-12-18,2015-12-18,0,0,0,0,0,0,0,0,0,0,0,0,Run a bounded page-history CDX shard for this game.
not_checked,1,Find The Gift For Best Friend,http://www.kongregate.com/games/Enagamess/find-the-gift-for-best-friend,www.kongregate.com/games/enagamess/find-the-gift-for-best-friend,7,1,0,yes,2015-12-26,2015-12-26,0,0,0,0,0,0,0,0,0,0,0,0,Run a bounded page-history CDX shard for this game.
not_checked,1,Table Tennis - Match of the Year,http://www.kongregate.com/games/spilland/table-tennis-match-of-the-year,www.kongregate.com/games/spilland/table-tennis-match-of-the-year,7,1,0,yes,2016-01-02,2016-01-02,0,0,0,0,0,0,0,0,0,0,0,0,Run a bounded page-history CDX shard for this game.
not_checked,1,Teste nº 08 up,http://www.kongregate.com/games/matheusresende47/teste-n-08-up,www.kongregate.com/games/matheusresende47/teste-n-08-up,7,1,0,yes,2016-01-16,2016-01-16,0,0,0,0,0,0,0,0,0,0,0,0,Run a bounded page-history CDX shard for this game.
not_checked,1,bomberman,http://www.kongregate.com/games/ziketus786/bomberman,www.kongregate.com/games/ziketus786/bomberman,7,1,0,yes,2016-01-25,2016-01-25,0,0,0,0,0,0,0,0,0,0,0,0,Run a bounded page-history CDX shard for this game.
not_checked,1,Freaky Math 1+1,http://www.kongregate.com/games/GeosMedia/freaky-math-1-1,www.kongregate.com/games/geosmedia/freaky-math-1-1,7,1,0,yes,2016-02-02,2016-02-02,0,0,0,0,0,0,0,0,0,0,0,0,Run a bounded page-history CDX shard for this game.
not_checked,1,BlackJack (21),http://www.kongregate.com/games/D0MiNAT0RZ/blackjack-21,www.kongregate.com/games/d0minat0rz/blackjack-21,7,1,0,yes,2016-02-17,2016-02-17,0,0,0,0,0,0,0,0,0,0,0,0,Run a bounded page-history CDX shard for this game.
not_checked,1,RugRat - The Game,http://www.kongregate.com/games/CorebitGames/rugrat-the-game,www.kongregate.com/games/corebitgames/rugrat-the-game,7,1,0,yes,2016-02-28,2016-02-28,0,0,0,0,0,0,0,0,0,0,0,0,Run a bounded page-history CDX shard for this game.
not_checked,1,Chopterfury,http://www.kongregate.com/games/Fjellbyte/chopterfury,www.kongregate.com/games/fjellbyte/chopterfury,7,1,0,yes,2016-03-05,2016-03-05,0,0,0,0,0,0,0,0,0,0,0,0,Run a bounded page-history CDX shard for this game.
not_checked,1,Money Movers,http://www.kongregate.com/games/Funtomic/money-movers,www.kongregate.com/games/funtomic/money-movers,7,1,0,yes,2016-03-07,2016-03-07,0,0,0,0,0,0,0,0,0,0,0,0,Run a bounded page-history CDX shard for this game.
not_checked,1,Captain America,http://www.kongregate.com/games/newgamess/captain-america,www.kongregate.com/games/newgamess/captain-america,7,1,0,yes,2016-03-16,2016-03-16,0,0,0,0,0,0,0,0,0,0,0,0,Run a bounded page-history CDX shard for this game.
not_checked,1,Hack and slash RPG ver1.1,http://www.kongregate.com/games/del9901705_39278/hack-and-slash-rpg-ver1-1,www.kongregate.com/games/del9901705_39278/hack-and-slash-rpg-ver1-1,7,1,0,yes,2016-03-20,2016-03-20,0,0,0,0,0,0,0,0,0,0,0,0,Run a bounded page-history CDX shard for this game.
not_checked,1,The Spes Project,http://www.kongregate.com/games/scumdog77/the-spes-project,www.kongregate.com/games/scumdog77/the-spes-project,7,1,0,yes,2016-03-24,2016-03-24,0,0,0,0,0,0,0,0,0,0,0,0,Run a bounded page-history CDX shard for this game.
not_checked,1,Prismatic Momentum,http://www.kongregate.com/games/insigniolabs/prismatic-momentum,www.kongregate.com/games/insigniolabs/prismatic-momentum,7,1,0,yes,2016-05-06,2016-05-06,0,0,0,0,0,0,0,0,0,0,0,0,Run a bounded page-history CDX shard for this game.
not_checked,1,Caverns of Delirium,http://www.kongregate.com/games/flowlab/caverns-of-delirium,www.kongregate.com/games/flowlab/caverns-of-delirium,7,1,0,yes,2016-05-15,2016-05-15,0,0,0,0,0,0,0,0,0,0,0,0,Run a bounded page-history CDX shard for this game.
not_checked,1,star Match,http://www.kongregate.com/games/gamebazar99/star-match,www.kongregate.com/games/gamebazar99/star-match,7,1,0,yes,2016-05-23,2016-05-23,0,0,0,0,0,0,0,0,0,0,0,0,Run a bounded page-history CDX shard for this game.
not_checked,1,Mini J Cooper Jigsaw,http://www.kongregate.com/games/newgamess/mini-j-cooper-jigsaw,www.kongregate.com/games/newgamess/mini-j-cooper-jigsaw,7,1,0,yes,2016-05-24,2016-05-24,0,0,0,0,0,0,0,0,0,0,0,0,Run a bounded page-history CDX shard for this game.
not_checked,1,Stuntsman Game,http://www.kongregate.com/games/AIexT/stuntsman-game,www.kongregate.com/games/aiext/stuntsman-game,7,1,0,yes,2016-06-04,2016-06-04,0,0,0,0,0,0,0,0,0,0,0,0,Run a bounded page-history CDX shard for this game.
not_checked,1,Guardian Star,http://www.kongregate.com/games/Dmaester/guardian-star,www.kongregate.com/games/dmaester/guardian-star,7,1,0,yes,2016-06-05,2016-06-05,0,0,0,0,0,0,0,0,0,0,0,0,Run a bounded page-history CDX shard for this game.
not_checked,1,Tico Jigsaw,http://www.kongregate.com/games/newgamess/tico-jigsaw,www.kongregate.com/games/newgamess/tico-jigsaw,7,1,0,yes,2016-06-13,2016-06-13,0,0,0,0,0,0,0,0,0,0,0,0,Run a bounded page-history CDX shard for this game.
not_checked,1,Space War,http://www.kongregate.com/games/jerry19li/space-war,www.kongregate.com/games/jerry19li/space-war,7,1,0,yes,2016-06-22,2016-06-22,0,0,0,0,0,0,0,0,0,0,0,0,Run a bounded page-history CDX shard for this game.
not_checked,1,Juggle Sim,http://www.kongregate.com/games/FriggyStudios/juggle-sim,www.kongregate.com/games/friggystudios/juggle-sim,7,1,0,yes,2016-06-29,2016-06-29,0,0,0,0,0,0,0,0,0,0,0,0,Run a bounded page-history CDX shard for this game.
not_checked,1,Darkness Below,http://www.kongregate.com/games/NCI1/darkness-below,www.kongregate.com/games/nci1/darkness-below,7,1,0,yes,2016-07-07,2016-07-07,0,0,0,0,0,0,0,0,0,0,0,0,Run a bounded page-history CDX shard for this game.
not_checked,1,Pfiguero,http://www.kongregate.com/games/javiersan22/pfiguero,www.kongregate.com/games/javiersan22/pfiguero,7,1,0,yes,2016-07-14,2016-07-14,0,0,0,0,0,0,0,0,0,0,0,0,Run a bounded page-history CDX shard for this game.
not_checked,1,Steal the Wheel 13,http://www.kongregate.com/games/Enagamess/steal-the-wheel-13,www.kongregate.com/games/enagamess/steal-the-wheel-13,7,1,0,yes,2016-07-20,2016-07-20,0,0,0,0,0,0,0,0,0,0,0,0,Run a bounded page-history CDX shard for this game.
not_checked,1,The Small Jump,http://www.kongregate.com/games/AlexScripter/the-small-jump,www.kongregate.com/games/alexscripter/the-small-jump,7,1,0,yes,2016-07-27,2016-07-27,0,0,0,0,0,0,0,0,0,0,0,0,Run a bounded page-history CDX shard for this game.
not_checked,1,Forgotten,http://www.kongregate.com/games/TheNoob20/forgotten,www.kongregate.com/games/thenoob20/forgotten,7,1,0,yes,2016-08-05,2016-08-05,0,0,0,0,0,0,0,0,0,0,0,0,Run a bounded page-history CDX shard for this game.
not_checked,1,Color Number Figure,http://www.kongregate.com/games/omgnoob191/color-number-figure,www.kongregate.com/games/omgnoob191/color-number-figure,7,1,0,yes,2016-08-13,2016-08-13,0,0,0,0,0,0,0,0,0,0,0,0,Run a bounded page-history CDX shard for this game.
not_checked,1,Ludo King,http://www.kongregate.com/games/OneOnlineGames/ludo-king,www.kongregate.com/games/oneonlinegames/ludo-king,7,1,0,yes,2016-08-20,2016-08-20,0,0,0,0,0,0,0,0,0,0,0,0,Run a bounded page-history CDX shard for this game.
not_checked,1,R-G-B,http://www.kongregate.com/games/AttalK/r-g-b,www.kongregate.com/games/attalk/r-g-b,7,1,0,yes,2016-08-28,2016-08-28,0,0,0,0,0,0,0,0,0,0,0,0,Run a bounded page-history CDX shard for this game.
not_checked,1,JumpMambo,http://www.kongregate.com/games/UsmanShams/jumpmambo,www.kongregate.com/games/usmanshams/jumpmambo,7,1,0,yes,2016-09-03,2016-09-03,0,0,0,0,0,0,0,0,0,0,0,0,Run a bounded page-history CDX shard for this game.
not_checked,1,Jungle Ride Free,http://www.kongregate.com/games/marciolevi/jungle-ride-free,www.kongregate.com/games/marciolevi/jungle-ride-free,7,1,0,yes,2016-09-16,2016-09-16,0,0,0,0,0,0,0,0,0,0,0,0,Run a bounded page-history CDX shard for this game.
not_checked,1,aliens ufo shooter,http://www.kongregate.com/games/gamebazar99/aliens-ufo-shooter,www.kongregate.com/games/gamebazar99/aliens-ufo-shooter,7,1,0,yes,2016-09-17,2016-09-17,0,0,0,0,0,0,0,0,0,0,0,0,Run a bounded page-history CDX shard for this game.
not_checked,1,Flying Castle,http://www.kongregate.com/games/som911/flying-castle,www.kongregate.com/games/som911/flying-castle,7,1,0,yes,2016-09-23,2016-09-23,0,0,0,0,0,0,0,0,0,0,0,0,Run a bounded page-history CDX shard for this game.
not_checked,1,Stellar Broadsider Test,http://www.kongregate.com/games/Tolaryn/stellar-broadsider-test,www.kongregate.com/games/tolaryn/stellar-broadsider-test,7,1,0,yes,2016-10-04,2016-10-04,0,0,0,0,0,0,0,0,0,0,0,0,Run a bounded page-history CDX shard for this game.
not_checked,1,Faw Truck,http://www.kongregate.com/games/newgamess/faw-truck,www.kongregate.com/games/newgamess/faw-truck,7,1,0,yes,2016-10-10,2016-10-10,0,0,0,0,0,0,0,0,0,0,0,0,Run a bounded page-history CDX shard for this game.
not_checked,1,The Undeads Nightmare,http://www.kongregate.com/games/GamersComet/the-undeads-nightmare,www.kongregate.com/games/gamerscomet/the-undeads-nightmare,7,1,0,yes,2016-10-17,2016-10-17,0,0,0,0,0,0,0,0,0,0,0,0,Run a bounded page-history CDX shard for this game.
not_checked,1,Space Base Defender,http://www.kongregate.com/games/aliceperdomoDev/space-base-defender,www.kongregate.com/games/aliceperdomodev/space-base-defender,7,1,0,yes,2016-10-18,2016-10-18,0,0,0,0,0,0,0,0,0,0,0,0,Run a bounded page-history CDX shard for this game.
not_checked,1,ARKADE demo,http://www.kongregate.com/games/Ivamorlor/arkade-demo,www.kongregate.com/games/ivamorlor/arkade-demo,7,1,0,yes,2016-10-24,2016-10-24,0,0,0,0,0,0,0,0,0,0,0,0,Run a bounded page-history CDX shard for this game.
not_checked,1,Double Jump,http://www.kongregate.com/games/ciobeni/double-jump,www.kongregate.com/games/ciobeni/double-jump,7,1,0,yes,2016-10-30,2016-10-30,0,0,0,0,0,0,0,0,0,0,0,0,Run a bounded page-history CDX shard for this game.
not_checked,1,Sherlock Has a Clue,http://www.kongregate.com/games/esthetix/sherlock-has-a-clue,www.kongregate.com/games/esthetix/sherlock-has-a-clue,7,1,0,yes,2017-05-05,2017-05-05,0,0,0,0,0,0,0,0,0,0,0,0,Run a bounded page-history CDX shard for this game.
not_checked,1,Shop Empire Galaxy,http://www.kongregate.com/games/littlegiantworld/shop-empire-galaxy,www.kongregate.com/games/littlegiantworld/shop-empire-galaxy,7,1,0,yes,2017-05-16,2017-05-16,0,0,0,0,0,0,0,0,0,0,0,0,Run a bounded page-history CDX shard for this game.
not_checked,1,Idle TD,http://www.kongregate.com/games/JosephW55/idle-td,www.kongregate.com/games/josephw55/idle-td,7,1,0,yes,2017-05-25,2017-05-25,0,0,0,0,0,0,0,0,0,0,0,0,Run a bounded page-history CDX shard for this game.
not_checked,1,Biceps Clicker,http://www.kongregate.com/games/llamaware/biceps-clicker,www.kongregate.com/games/llamaware/biceps-clicker,7,1,0,yes,2017-05-26,2017-05-26,0,0,0,0,0,0,0,0,0,0,0,0,Run a bounded page-history CDX shard for this game.
not_checked,1,Idle Tower Defense,https://www.kongregate.com/en/games/tbiz5270/idle-tower-defense,www.kongregate.com/games/tbiz5270/idle-tower-defense,7,19,9,yes,2017-06-03,2017-06-24,0,0,0,0,0,0,0,0,0,0,0,0,Run a bounded page-history CDX shard for this game.
not_checked,1,Mountain City,http://www.kongregate.com/games/Enagamess/mountain-city,www.kongregate.com/games/enagamess/mountain-city,7,1,0,yes,2017-06-15,2017-06-15,0,0,0,0,0,0,0,0,0,0,0,0,Run a bounded page-history CDX shard for this game.
not_checked,1,Dead World,http://www.kongregate.com/games/TDMMCStudios/dead-world,www.kongregate.com/games/tdmmcstudios/dead-world,7,1,0,yes,2017-06-25,2017-06-25,0,0,0,0,0,0,0,0,0,0,0,0,Run a bounded page-history CDX shard for this game.
not_checked,1,Watch Maker,http://www.kongregate.com/games/Enagamess/watch-maker,www.kongregate.com/games/enagamess/watch-maker,7,1,0,yes,2017-07-03,2017-07-03,0,0,0,0,0,0,0,0,0,0,0,0,Run a bounded page-history CDX shard for this game.
not_checked,1,NekoCoffee Express Clicker,http://www.kongregate.com/games/studiouweii/nekocoffee-express-clicker,www.kongregate.com/games/studiouweii/nekocoffee-express-clicker,7,1,0,yes,2017-07-20,2017-07-20,0,0,0,0,0,0,0,0,0,0,0,0,Run a bounded page-history CDX shard for this game.
not_checked,1,Dreams defender,http://www.kongregate.com/games/MissionMmorpg/dreams-defender,www.kongregate.com/games/missionmmorpg/dreams-defender,7,1,0,yes,2017-08-05,2017-08-05,0,0,0,0,0,0,0,0,0,0,0,0,Run a bounded page-history CDX shard for this game.
not_checked,1,Speed UP Your Seksi Babooshka,http://www.kongregate.com/games/ROFL_Games/speed-up-your-seksi-babooshka,www.kongregate.com/games/rofl_games/speed-up-your-seksi-babooshka,7,1,0,yes,2017-08-17,2017-08-17,0,0,0,0,0,0,0,0,0,0,0,0,Run a bounded page-history CDX shard for this game.
not_checked,1,Uniform Crime,http://www.kongregate.com/games/ajazgames/uniform-crime,www.kongregate.com/games/ajazgames/uniform-crime,7,1,0,yes,2017-08-23,2017-08-23,0,0,0,0,0,0,0,0,0,0,0,0,Run a bounded page-history CDX shard for this game.
not_checked,1,Black Night,http://www.kongregate.com/games/Nicecoolguy0/black-night,www.kongregate.com/games/nicecoolguy0/black-night,7,1,0,yes,2017-08-25,2017-08-25,0,0,0,0,0,0,0,0,0,0,0,0,Run a bounded page-history CDX shard for this game.
not_checked,1,SpaceSymbols.io,http://www.kongregate.com/games/iromano/spacesymbols-io,www.kongregate.com/games/iromano/spacesymbols-io,7,1,0,yes,2017-09-04,2017-09-04,0,0,0,0,0,0,0,0,0,0,0,0,Run a bounded page-history CDX shard for this game.
not_checked,1,RET,http://www.kongregate.com/games/EveGames/ret,www.kongregate.com/games/evegames/ret,7,1,0,yes,2017-09-13,2017-09-13,0,0,0,0,0,0,0,0,0,0,0,0,Run a bounded page-history CDX shard for this game.
not_checked,1,The Locker - Scientist House 5,http://www.kongregate.com/games/Enagamess/the-locker-scientist-house-5,www.kongregate.com/games/enagamess/the-locker-scientist-house-5,7,1,0,yes,2017-09-20,2017-09-20,0,0,0,0,0,0,0,0,0,0,0,0,Run a bounded page-history CDX shard for this game.
not_checked,1,Escape From Artist Room,http://www.kongregate.com/games/top10newgames/escape-from-artist-room,www.kongregate.com/games/top10newgames/escape-from-artist-room,7,1,0,yes,2017-09-30,2017-09-30,0,0,0,0,0,0,0,0,0,0,0,0,Run a bounded page-history CDX shard for this game.
not_checked,1,Idle Streamer,http://www.kongregate.com/games/SilverFinish/idle-streamer,www.kongregate.com/games/silverfinish/idle-streamer,7,1,0,yes,2017-10-08,2017-10-08,0,0,0,0,0,0,0,0,0,0,0,0,Run a bounded page-history CDX shard for this game.
not_checked,1,The Maze Stalker,http://www.kongregate.com/games/SlidingHappens/the-maze-stalker,www.kongregate.com/games/slidinghappens/the-maze-stalker,7,1,0,yes,2017-10-15,2017-10-15,0,0,0,0,0,0,0,0,0,0,0,0,Run a bounded page-history CDX shard for this game.
not_checked,1,Mars project,http://www.kongregate.com/games/heckubiss/mars-project,www.kongregate.com/games/heckubiss/mars-project,7,1,0,yes,2017-10-24,2017-10-24,0,0,0,0,0,0,0,0,0,0,0,0,Run a bounded page-history CDX shard for this game.
not_checked,1,Rogue Fable III,https://www.kongregate.com/games/Justin_wang123/rogue-fable-iii,www.kongregate.com/games/justin_wang123/rogue-fable-iii,7,15,4,yes,2018-12-22,2018-12-22,0,0,0,0,0,0,0,0,0,0,0,0,Run a bounded page-history CDX shard for this game.
not_checked,1,Scalak,https://www.kongregate.com/games/chomi3/scalak,www.kongregate.com/games/chomi3/scalak,7,52,13,yes,2019-02-01,2019-05-26,0,0,0,0,0,0,0,0,0,0,0,0,Run a bounded page-history CDX shard for this game.
not_checked,1,"Gragyriss, Captor of Princesses",https://www.kongregate.com/games/snowroadgames/gragyriss-captor-of-princesses,www.kongregate.com/games/snowroadgames/gragyriss-captor-of-princesses,7,17,2,yes,2019-03-30,2019-03-30,0,0,0,0,0,0,0,0,0,0,0,0,Run a bounded page-history CDX shard for this game.
not_checked,1,Amgel Easy Room Escape 1,https://www.kongregate.com/games/amgelescape/amgel-easy-room-escape-1,www.kongregate.com/games/amgelescape/amgel-easy-room-escape-1,7,1,0,yes,2019-08-25,2019-08-25,0,0,0,0,0,0,0,0,0,0,0,0,Run a bounded page-history CDX shard for this game.
not_checked,1,Mahjong Battles Egypt,http://www.kongregate.com/games/fighter106/jungle-balloons-division,www.kongregate.com/games/fighter106/jungle-balloons-division,7,1,0,yes,2021-01-25,2021-01-25,0,0,0,0,0,0,0,0,0,0,0,0,Run a bounded page-history CDX shard for this game.
not_checked,1,Spinneroids,http://www.kongregate.com/games/pukks/spinneroids,www.kongregate.com/games/pukks/spinneroids,7,1,0,yes,2021-11-12,2021-11-12,0,0,0,0,0,0,0,0,0,0,0,0,Run a bounded page-history CDX shard for this game.
not_checked,1,Soccer Random,https://www.kongregate.com/games/rhminteractive/soccer-random,www.kongregate.com/games/rhminteractive/soccer-random,7,8,0,yes,2024-04-01,2025-10-07,0,0,0,0,0,0,0,0,0,0,0,0,Run a bounded page-history CDX shard for this game.
not_checked,1,Paper Knight Quest,https://www.kongregate.com/en/games/ferx_zero/paper-knight-quest,www.kongregate.com/games/ferx_zero/paper-knight-quest,7,5,4,yes,2026-01-03,2026-01-03,0,0,0,0,0,0,0,0,0,0,0,0,Run a bounded page-history CDX shard for this game.
dynamic_metrics_placeholder,1,Bad Eggs Online 2,http://www.kongregate.com/games/Rob_Almighty/bad-eggs-online-2,www.kongregate.com/games/rob_almighty/bad-eggs-online-2,8,51,0,yes,2015-04-03,2017-10-25,3,177,0,30,16,14,16,16,16,0,0,0,Probe exact archived metrics.json endpoints; cached HTML defers counts to JavaScript-injected metrics.
not_checked,1,Square Spinner,http://www.kongregate.com/games/wallofgame/square-spinner,www.kongregate.com/games/wallofgame/square-spinner,8,1,0,yes,2014-08-22,2014-08-22,0,0,0,0,0,0,0,0,0,0,0,0,Run a bounded page-history CDX shard for this game.
not_checked,1,4096 Hexa,http://www.kongregate.com/games/rey5137/4096-hexa,www.kongregate.com/games/rey5137/4096-hexa,8,1,0,yes,2014-08-26,2014-08-26,0,0,0,0,0,0,0,0,0,0,0,0,Run a bounded page-history CDX shard for this game.
not_checked,1,Demons Down Under,http://www.kongregate.com/games/epace/demons-down-under,www.kongregate.com/games/epace/demons-down-under,8,1,0,yes,2014-09-02,2014-09-02,0,0,0,0,0,0,0,0,0,0,0,0,Run a bounded page-history CDX shard for this game.
not_checked,1,10 Gnomes in Venice,http://www.kongregate.com/games/MateuszSkutnik/10-gnomes-in-venice,www.kongregate.com/games/mateuszskutnik/10-gnomes-in-venice,8,1,0,yes,2014-09-05,2014-09-05,0,0,0,0,0,0,0,0,0,0,0,0,Run a bounded page-history CDX shard for this game.
not_checked,1,Zombeast,http://www.kongregate.com/games/Jeuxcom/zombeast,www.kongregate.com/games/jeuxcom/zombeast,8,1,0,yes,2014-09-12,2014-09-12,0,0,0,0,0,0,0,0,0,0,0,0,Run a bounded page-history CDX shard for this game.
not_checked,1,Simple Defence,http://www.kongregate.com/games/CremeenGraphics/simple-defence,www.kongregate.com/games/cremeengraphics/simple-defence,8,1,0,yes,2014-09-14,2014-09-14,0,0,0,0,0,0,0,0,0,0,0,0,Run a bounded page-history CDX shard for this game.
not_checked,1,Lederoid,http://www.kongregate.com/games/Aimia/lederoid,www.kongregate.com/games/aimia/lederoid,8,2,0,yes,2014-09-19,2014-09-19,0,0,0,0,0,0,0,0,0,0,0,0,Run a bounded page-history CDX shard for this game.
not_checked,1,BlockBoy,http://www.kongregate.com/games/ed11e/blockboy,www.kongregate.com/games/ed11e/blockboy,8,1,0,yes,2014-09-20,2014-09-20,0,0,0,0,0,0,0,0,0,0,0,0,Run a bounded page-history CDX shard for this game.
not_checked,1,Flash Animate,http://www.kongregate.com/games/PulisProgramming/flash-animate,www.kongregate.com/games/pulisprogramming/flash-animate,8,1,0,yes,2014-09-26,2014-09-26,0,0,0,0,0,0,0,0,0,0,0,0,Run a bounded page-history CDX shard for this game.
not_checked,1,Testing out Construct 2,http://www.kongregate.com/games/LeBanging/testing-out-construct-2,www.kongregate.com/games/lebanging/testing-out-construct-2,8,1,0,yes,2014-09-26,2014-09-26,0,0,0,0,0,0,0,0,0,0,0,0,Run a bounded page-history CDX shard for this game.
not_checked,1,Flappy Bird Mobile,http://www.kongregate.com/games/Foizur197/flappy-bird-mobile,www.kongregate.com/games/foizur197/flappy-bird-mobile,8,1,0,yes,2014-10-03,2014-10-03,0,0,0,0,0,0,0,0,0,0,0,0,Run a bounded page-history CDX shard for this game.
not_checked,1,Black Bit Ninja 2,http://www.kongregate.com/games/HeroPunchTeam/black-bit-ninja-2,www.kongregate.com/games/heropunchteam/black-bit-ninja-2,8,1,0,yes,2014-10-04,2014-10-04,0,0,0,0,0,0,0,0,0,0,0,0,Run a bounded page-history CDX shard for this game.
not_checked,1,Clickbot,http://www.kongregate.com/games/studio23/clickbot,www.kongregate.com/games/studio23/clickbot,8,1,0,yes,2014-10-09,2014-10-09,0,0,0,0,0,0,0,0,0,0,0,0,Run a bounded page-history CDX shard for this game.
not_checked,1,The Unexplained Disappearance,http://www.kongregate.com/games/SandraKim/the-unexplained-disappearance,www.kongregate.com/games/sandrakim/the-unexplained-disappearance,8,2,0,yes,2014-10-17,2014-10-18,0,0,0,0,0,0,0,0,0,0,0,0,Run a bounded page-history CDX shard for this game.
not_checked,1,Iron Snout,http://www.kongregate.com/games/SnoutUp/iron-snout,www.kongregate.com/games/snoutup/iron-snout,8,1,0,yes,2014-10-18,2014-10-18,0,0,0,0,0,0,0,0,0,0,0,0,Run a bounded page-history CDX shard for this game.
not_checked,1,Voxel Snake,http://www.kongregate.com/games/nuldius/voxel-snake,www.kongregate.com/games/nuldius/voxel-snake,8,1,0,yes,2014-10-24,2014-10-24,0,0,0,0,0,0,0,0,0,0,0,0,Run a bounded page-history CDX shard for this game.
not_checked,1,Tune Your Scary Car,http://www.kongregate.com/games/gamolition/tune-your-scary-car,www.kongregate.com/games/gamolition/tune-your-scary-car,8,1,0,yes,2014-10-29,2014-10-29,0,0,0,0,0,0,0,0,0,0,0,0,Run a bounded page-history CDX shard for this game.
not_checked,1,Punch Out Arena!,http://www.kongregate.com/games/wariobrosz/punch-out-arena,www.kongregate.com/games/wariobrosz/punch-out-arena,8,1,0,yes,2014-10-31,2014-10-31,0,0,0,0,0,0,0,0,0,0,0,0,Run a bounded page-history CDX shard for this game.
not_checked,1,Rogue Legend: Tame the Wild,http://www.kongregate.com/games/HelpIMadeAGame/rogue-legend-tame-the-wild,www.kongregate.com/games/helpimadeagame/rogue-legend-tame-the-wild,8,2,0,yes,2014-10-31,2014-11-11,0,0,0,0,0,0,0,0,0,0,0,0,Run a bounded page-history CDX shard for this game.
not_checked,1,Transmission,http://www.kongregate.com/games/ScienceMuseum/transmission,www.kongregate.com/games/sciencemuseum/transmission,8,5,0,yes,2014-11-01,2014-12-02,0,0,0,0,0,0,0,0,0,0,0,0,Run a bounded page-history CDX shard for this game.
not_checked,1,Zombuddies,http://www.kongregate.com/games/GroZZleR/zombuddies,www.kongregate.com/games/grozzler/zombuddies,8,1,0,yes,2014-11-25,2014-11-25,0,0,0,0,0,0,0,0,0,0,0,0,Run a bounded page-history CDX shard for this game.
not_checked,1,Get rid of Red,http://www.kongregate.com/games/dailybraingames/get-rid-of-red,www.kongregate.com/games/dailybraingames/get-rid-of-red,8,1,0,yes,2014-12-02,2014-12-02,0,0,0,0,0,0,0,0,0,0,0,0,Run a bounded page-history CDX shard for this game.
not_checked,1,Doorway to Darkness,http://www.kongregate.com/games/SandraKim/doorway-to-darkness,www.kongregate.com/games/sandrakim/doorway-to-darkness,8,1,0,yes,2014-12-10,2014-12-10,0,0,0,0,0,0,0,0,0,0,0,0,Run a bounded page-history CDX shard for this game.
not_checked,1,Gangster Revenge Sniper,http://www.kongregate.com/games/a10comgames/gangster-revenge-sniper,www.kongregate.com/games/a10comgames/gangster-revenge-sniper,8,1,0,yes,2014-12-17,2014-12-17,0,0,0,0,0,0,0,0,0,0,0,0,Run a bounded page-history CDX shard for this game.
not_checked,1,Card Hunter,http://www.kongregate.com/games/BlueManchu/card-hunter,www.kongregate.com/games/bluemanchu/card-hunter,8,7,0,yes,2014-12-29,2015-07-06,0,0,0,0,0,0,0,0,0,0,0,0,Run a bounded page-history CDX shard for this game.
not_checked,1,Citroen DS3 Puzzle,http://www.kongregate.com/games/newgamess/citroen-ds3-puzzle,www.kongregate.com/games/newgamess/citroen-ds3-puzzle,8,1,0,yes,2014-12-30,2014-12-30,0,0,0,0,0,0,0,0,0,0,0,0,Run a bounded page-history CDX shard for this game.
not_checked,1,The King of Towers,http://www.kongregate.com/games/Shinezone/thekingoftowers,www.kongregate.com/games/shinezone/thekingoftowers,8,5,0,yes,2015-01-03,2015-02-07,0,0,0,0,0,0,0,0,0,0,0,0,Run a bounded page-history CDX shard for this game.
not_checked,1,Decision 3,https://www.kongregate.com/games/FlyAnvil/decision-3,www.kongregate.com/games/flyanvil/decision-3,8,79,0,yes,2015-02-06,2021-08-04,0,0,0,0,0,0,0,0,0,0,0,0,Run a bounded page-history CDX shard for this game.
not_checked,1,Idle Evolution,http://www.kongregate.com/games/NewProject1/idle-evolution,www.kongregate.com/games/newproject1/idle-evolution,8,8,0,yes,2015-02-16,2015-04-01,0,0,0,0,0,0,0,0,0,0,0,0,Run a bounded page-history CDX shard for this game.
not_checked,1,Death Squad,http://www.kongregate.com/games/IDNoise/death-squad,www.kongregate.com/games/idnoise/death-squad,8,1,0,yes,2015-03-31,2015-03-31,0,0,0,0,0,0,0,0,0,0,0,0,Run a bounded page-history CDX shard for this game.
not_checked,1,Corredor Infernal,http://www.kongregate.com/games/EmanuelR80/corredor-infernal,www.kongregate.com/games/emanuelr80/corredor-infernal,8,1,0,yes,2015-04-01,2015-04-01,0,0,0,0,0,0,0,0,0,0,0,0,Run a bounded page-history CDX shard for this game.
not_checked,1,Trimps Preview,http://www.kongregate.com/games/GreenSatellite/trimps-preview,www.kongregate.com/games/greensatellite/trimps-preview,8,15,0,yes,2015-07-26,2016-11-08,0,0,0,0,0,0,0,0,0,0,0,0,Run a bounded page-history CDX shard for this game.
not_checked,1,Make Nachos Balls,http://www.kongregate.com/games/loogames/make-nachos-balls,www.kongregate.com/games/loogames/make-nachos-balls,8,1,0,yes,2015-09-14,2015-09-14,0,0,0,0,0,0,0,0,0,0,0,0,Run a bounded page-history CDX shard for this game.
not_checked,1,Mack Hidden Letters,http://www.kongregate.com/games/newgamess/mack-hidden-letters,www.kongregate.com/games/newgamess/mack-hidden-letters,8,1,0,yes,2015-09-15,2015-09-15,0,0,0,0,0,0,0,0,0,0,0,0,Run a bounded page-history CDX shard for this game.
not_checked,1,Let's get 45 or 5 time 9,http://www.kongregate.com/games/chichay2010/lets-get-45-or-5-time-9,www.kongregate.com/games/chichay2010/lets-get-45-or-5-time-9,8,1,0,yes,2015-09-23,2015-09-23,0,0,0,0,0,0,0,0,0,0,0,0,Run a bounded page-history CDX shard for this game.
not_checked,1,Red Crucible: Firestorm,http://www.kongregate.com/games/rocketeergames/red-crucible-firestorm,www.kongregate.com/games/rocketeergames/red-crucible-firestorm,8,24,0,yes,2015-10-27,2015-12-03,0,0,0,0,0,0,0,0,0,0,0,0,Run a bounded page-history CDX shard for this game.
not_checked,1,Ruby & Majesty: Treasure Team,http://www.kongregate.com/games/TheWzzard/ruby-majesty-treasure-team,www.kongregate.com/games/thewzzard/ruby-majesty-treasure-team,8,1,0,yes,2015-12-05,2015-12-05,0,0,0,0,0,0,0,0,0,0,0,0,Run a bounded page-history CDX shard for this game.
not_checked,1,Earth Space War,http://www.kongregate.com/games/Brute/earth-space-war,www.kongregate.com/games/brute/earth-space-war,8,1,0,yes,2015-12-18,2015-12-18,0,0,0,0,0,0,0,0,0,0,0,0,Run a bounded page-history CDX shard for this game.
not_checked,1,No Escape,http://www.kongregate.com/games/splitgamer/no-escape,www.kongregate.com/games/splitgamer/no-escape,8,1,0,yes,2015-12-26,2015-12-26,0,0,0,0,0,0,0,0,0,0,0,0,Run a bounded page-history CDX shard for this game.
not_checked,1,Pliner Adventures,http://www.kongregate.com/games/Ginprone/pliner-adventures,www.kongregate.com/games/ginprone/pliner-adventures,8,1,0,yes,2016-01-02,2016-01-02,0,0,0,0,0,0,0,0,0,0,0,0,Run a bounded page-history CDX shard for this game.
not_checked,1,Pong Clone,http://www.kongregate.com/games/clivingston8/pong-clone,www.kongregate.com/games/clivingston8/pong-clone,8,1,0,yes,2016-01-25,2016-01-25,0,0,0,0,0,0,0,0,0,0,0,0,Run a bounded page-history CDX shard for this game.
not_checked,1,Timberjack,http://www.kongregate.com/games/GeosMedia/timberjack,www.kongregate.com/games/geosmedia/timberjack,8,1,0,yes,2016-02-02,2016-02-02,0,0,0,0,0,0,0,0,0,0,0,0,Run a bounded page-history CDX shard for this game.
not_checked,1,Election Punch-Off,http://www.kongregate.com/games/arfgames/election-punch-off,www.kongregate.com/games/arfgames/election-punch-off,8,1,0,yes,2016-02-17,2016-02-17,0,0,0,0,0,0,0,0,0,0,0,0,Run a bounded page-history CDX shard for this game.
not_checked,1,Bouncy Box,http://www.kongregate.com/games/funar/bouncy-box,www.kongregate.com/games/funar/bouncy-box,8,1,0,yes,2016-02-28,2016-02-28,0,0,0,0,0,0,0,0,0,0,0,0,Run a bounded page-history CDX shard for this game.
not_checked,1,Imperium War 4,http://www.kongregate.com/games/thegames8dotcom/imperium-war-4,www.kongregate.com/games/thegames8dotcom/imperium-war-4,8,1,0,yes,2016-03-05,2016-03-05,0,0,0,0,0,0,0,0,0,0,0,0,Run a bounded page-history CDX shard for this game.
not_checked,1,Help Me Fly (Fixed),http://www.kongregate.com/games/Funtomic/help-me-fly-fixed,www.kongregate.com/games/funtomic/help-me-fly-fixed,8,1,0,yes,2016-03-07,2016-03-07,0,0,0,0,0,0,0,0,0,0,0,0,Run a bounded page-history CDX shard for this game.
not_checked,1,The Compound,http://www.kongregate.com/games/retrograzer/the-compound,www.kongregate.com/games/retrograzer/the-compound,8,1,0,yes,2016-03-16,2016-03-16,0,0,0,0,0,0,0,0,0,0,0,0,Run a bounded page-history CDX shard for this game.
not_checked,1,Frodo's Journey Rol Trivial,http://www.kongregate.com/games/jovijano/frodos-journey-rol-trivial,www.kongregate.com/games/jovijano/frodos-journey-rol-trivial,8,1,0,yes,2016-03-20,2016-03-20,0,0,0,0,0,0,0,0,0,0,0,0,Run a bounded page-history CDX shard for this game.
not_checked,1,Cute Dino Coloring,http://www.kongregate.com/games/5xplay/cute-dino-coloring,www.kongregate.com/games/5xplay/cute-dino-coloring,8,1,0,yes,2016-03-24,2016-03-24,0,0,0,0,0,0,0,0,0,0,0,0,Run a bounded page-history CDX shard for this game.
not_checked,1,Retribution,http://www.kongregate.com/games/HongKhaV/retribution,www.kongregate.com/games/hongkhav/retribution,8,1,0,yes,2016-05-06,2016-05-06,0,0,0,0,0,0,0,0,0,0,0,0,Run a bounded page-history CDX shard for this game.
not_checked,1,Morton the Monkey,http://www.kongregate.com/games/flowlab/morton-the-monkey,www.kongregate.com/games/flowlab/morton-the-monkey,8,1,0,yes,2016-05-15,2016-05-15,0,0,0,0,0,0,0,0,0,0,0,0,Run a bounded page-history CDX shard for this game.
not_checked,1,Brothers Treasure Recovery 15,http://www.kongregate.com/games/Enagamess/brothers-treasure-recovery-15,www.kongregate.com/games/enagamess/brothers-treasure-recovery-15,8,1,0,yes,2016-05-23,2016-05-23,0,0,0,0,0,0,0,0,0,0,0,0,Run a bounded page-history CDX shard for this game.
not_checked,1,SuperHeroes Crossy Road,http://www.kongregate.com/games/gamer70008000/superheroes-crossy-road,www.kongregate.com/games/gamer70008000/superheroes-crossy-road,8,1,0,yes,2016-05-24,2016-05-24,0,0,0,0,0,0,0,0,0,0,0,0,Run a bounded page-history CDX shard for this game.
not_checked,1,Magnet Boy,http://www.kongregate.com/games/CreativeTurtle/magnet-boy,www.kongregate.com/games/creativeturtle/magnet-boy,8,1,0,yes,2016-06-04,2016-06-04,0,0,0,0,0,0,0,0,0,0,0,0,Run a bounded page-history CDX shard for this game.
not_checked,1,Ping Pong,http://www.kongregate.com/games/lexjox777/ping-pong,www.kongregate.com/games/lexjox777/ping-pong,8,1,0,yes,2016-06-05,2016-06-05,0,0,0,0,0,0,0,0,0,0,0,0,Run a bounded page-history CDX shard for this game.
not_checked,1,Sisu Truck Jigsaw,http://www.kongregate.com/games/newgamess/sisu-truck-jigsaw,www.kongregate.com/games/newgamess/sisu-truck-jigsaw,8,1,0,yes,2016-06-13,2016-06-13,0,0,0,0,0,0,0,0,0,0,0,0,Run a bounded page-history CDX shard for this game.
not_checked,1,Cabbage Run,http://www.kongregate.com/games/ainwood87/cabbage-run,www.kongregate.com/games/ainwood87/cabbage-run,8,1,0,yes,2016-06-22,2016-06-22,0,0,0,0,0,0,0,0,0,0,0,0,Run a bounded page-history CDX shard for this game.
not_checked,1,Rogue Tower,http://www.kongregate.com/games/Grand_Eagle/rogue-tower,www.kongregate.com/games/grand_eagle/rogue-tower,8,1,0,yes,2016-06-29,2016-06-29,0,0,0,0,0,0,0,0,0,0,0,0,Run a bounded page-history CDX shard for this game.
not_checked,1,Coralcraft,http://www.kongregate.com/games/NCI1/coralcraft,www.kongregate.com/games/nci1/coralcraft,8,1,0,yes,2016-07-07,2016-07-07,0,0,0,0,0,0,0,0,0,0,0,0,Run a bounded page-history CDX shard for this game.
not_checked,1,Alien Defense 8,http://www.kongregate.com/games/HouseofWillis/alien-defense-8,www.kongregate.com/games/houseofwillis/alien-defense-8,8,1,0,yes,2016-07-14,2016-07-14,0,0,0,0,0,0,0,0,0,0,0,0,Run a bounded page-history CDX shard for this game.
not_checked,1,Kenworth K 100 Jigsaw,http://www.kongregate.com/games/newgamess/kenworth-k-100-jigsaw,www.kongregate.com/games/newgamess/kenworth-k-100-jigsaw,8,1,0,yes,2016-07-20,2016-07-20,0,0,0,0,0,0,0,0,0,0,0,0,Run a bounded page-history CDX shard for this game.
not_checked,1,Rectangler Jumper,http://www.kongregate.com/games/AlexScripter/rectangler-jumper,www.kongregate.com/games/alexscripter/rectangler-jumper,8,1,0,yes,2016-07-27,2016-07-27,0,0,0,0,0,0,0,0,0,0,0,0,Run a bounded page-history CDX shard for this game.
not_checked,1,RedLue Tick,http://www.kongregate.com/games/Ellyz/redlue-tick,www.kongregate.com/games/ellyz/redlue-tick,8,1,0,yes,2016-08-05,2016-08-05,0,0,0,0,0,0,0,0,0,0,0,0,Run a bounded page-history CDX shard for this game.
not_checked,1,Twist,http://www.kongregate.com/games/LovattoStudio/twist,www.kongregate.com/games/lovattostudio/twist,8,1,0,yes,2016-08-13,2016-08-13,0,0,0,0,0,0,0,0,0,0,0,0,Run a bounded page-history CDX shard for this game.
not_checked,1,The Cave Explorer,http://www.kongregate.com/games/mrnannings/the-cave-explorer,www.kongregate.com/games/mrnannings/the-cave-explorer,8,1,0,yes,2016-08-20,2016-08-20,0,0,0,0,0,0,0,0,0,0,0,0,Run a bounded page-history CDX shard for this game.
not_checked,1,Alien Mystery : Palace,http://www.kongregate.com/games/Enagamess/alien-mystery-palace,www.kongregate.com/games/enagamess/alien-mystery-palace,8,1,0,yes,2016-08-28,2016-08-28,0,0,0,0,0,0,0,0,0,0,0,0,Run a bounded page-history CDX shard for this game.
not_checked,1,Pawn Shop,http://www.kongregate.com/games/Enagamess/pawn-shop,www.kongregate.com/games/enagamess/pawn-shop,8,1,0,yes,2016-09-03,2016-09-03,0,0,0,0,0,0,0,0,0,0,0,0,Run a bounded page-history CDX shard for this game.
not_checked,1,Grim Legions,http://www.kongregate.com/games/Mutant369/grim-legions,www.kongregate.com/games/mutant369/grim-legions,8,1,0,yes,2016-09-16,2016-09-16,0,0,0,0,0,0,0,0,0,0,0,0,Run a bounded page-history CDX shard for this game.
not_checked,1,Mana Island Adventure CHY - Collect Game,http://www.kongregate.com/games/Keyeske/mana-island-adventure-chy-collect-game,www.kongregate.com/games/keyeske/mana-island-adventure-chy-collect-game,8,1,0,yes,2016-09-17,2016-09-17,0,0,0,0,0,0,0,0,0,0,0,0,Run a bounded page-history CDX shard for this game.
not_checked,1,Lines FRVR,http://www.kongregate.com/games/FRVRGames/lines-frvr,www.kongregate.com/games/frvrgames/lines-frvr,8,1,0,yes,2016-09-23,2016-09-23,0,0,0,0,0,0,0,0,0,0,0,0,Run a bounded page-history CDX shard for this game.
not_checked,1,Aventura de Little Oryx V.2,http://www.kongregate.com/games/RodrigoA479/aventura-de-little-oryx-v-2,www.kongregate.com/games/rodrigoa479/aventura-de-little-oryx-v-2,8,1,0,yes,2016-10-04,2016-10-04,0,0,0,0,0,0,0,0,0,0,0,0,Run a bounded page-history CDX shard for this game.
not_checked,1,Tank Game,http://www.kongregate.com/games/Jorjor35/tank-game,www.kongregate.com/games/jorjor35/tank-game,8,1,0,yes,2016-10-10,2016-10-10,0,0,0,0,0,0,0,0,0,0,0,0,Run a bounded page-history CDX shard for this game.
not_checked,1,Unknown,http://www.kongregate.com/games/blasmena/unknown,www.kongregate.com/games/blasmena/unknown,8,1,0,yes,2016-10-17,2016-10-17,0,0,0,0,0,0,0,0,0,0,0,0,Run a bounded page-history CDX shard for this game.
not_checked,1,Zombie Head Zmash,http://www.kongregate.com/games/cameronmcl/zombie-head-zmash,www.kongregate.com/games/cameronmcl/zombie-head-zmash,8,1,0,yes,2016-10-18,2016-10-18,0,0,0,0,0,0,0,0,0,0,0,0,Run a bounded page-history CDX shard for this game.
not_checked,1,Woof Realms,http://www.kongregate.com/games/RagnarWoofRealms/woof-realms,www.kongregate.com/games/ragnarwoofrealms/woof-realms,8,1,0,yes,2016-10-24,2016-10-24,0,0,0,0,0,0,0,0,0,0,0,0,Run a bounded page-history CDX shard for this game.
not_checked,1,Duck Commander,http://www.kongregate.com/games/Takiuri/duck-commander,www.kongregate.com/games/takiuri/duck-commander,8,1,0,yes,2016-10-30,2016-10-30,0,0,0,0,0,0,0,0,0,0,0,0,Run a bounded page-history CDX shard for this game.
not_checked,1,Computer Evolution,http://www.kongregate.com/games/joao8991/computer-evolution,www.kongregate.com/games/joao8991/computer-evolution,8,3,0,yes,2017-03-11,2017-04-01,0,0,0,0,0,0,0,0,0,0,0,0,Run a bounded page-history CDX shard for this game.
not_checked,1,Idle Raiders: Second Run,http://www.kongregate.com/games/pitforest/idle-raiders-second-run,www.kongregate.com/games/pitforest/idle-raiders-second-run,8,2,0,yes,2017-04-01,2017-04-15,0,0,0,0,0,0,0,0,0,0,0,0,Run a bounded page-history CDX shard for this game.
not_checked,1,Straw Hat Samurai: Duels,https://www.kongregate.com/games/Lutgames/straw-hat-samurai-duels,www.kongregate.com/games/lutgames/straw-hat-samurai-duels,8,99,0,yes,2017-04-08,2018-06-25,0,0,0,0,0,0,0,0,0,0,0,0,Run a bounded page-history CDX shard for this game.
not_checked,1,Tanki Online,http://www.kongregate.com/games/tankionlineuser/tanki-online,www.kongregate.com/games/tankionlineuser/tanki-online,8,4,0,yes,2017-04-08,2017-04-15,0,0,0,0,0,0,0,0,0,0,0,0,Run a bounded page-history CDX shard for this game.
not_checked,1,Thomas the Tank Engine Drops Acid,http://www.kongregate.com/games/WhoCaresInt/thomas-the-tank-engine-drops-acid,www.kongregate.com/games/whocaresint/thomas-the-tank-engine-drops-acid,8,1,0,yes,2017-05-05,2017-05-05,0,0,0,0,0,0,0,0,0,0,0,0,Run a bounded page-history CDX shard for this game.
not_checked,1,Invasio,http://www.kongregate.com/games/Satur010/invasio,www.kongregate.com/games/satur010/invasio,8,1,0,yes,2017-05-16,2017-05-16,0,0,0,0,0,0,0,0,0,0,0,0,Run a bounded page-history CDX shard for this game.
not_checked,1,Elf Run (Christmas Game),http://www.kongregate.com/games/RealRacing3Sozx/elf-run-christmas-game,www.kongregate.com/games/realracing3sozx/elf-run-christmas-game,8,1,0,yes,2017-05-25,2017-05-25,0,0,0,0,0,0,0,0,0,0,0,0,Run a bounded page-history CDX shard for this game.
not_checked,1,Kelin's Delivery: Rain,http://www.kongregate.com/games/NeithR/kelins-delivery-rain,www.kongregate.com/games/neithr/kelins-delivery-rain,8,1,0,yes,2017-05-26,2017-05-26,0,0,0,0,0,0,0,0,0,0,0,0,Run a bounded page-history CDX shard for this game.
not_checked,1,Artefacts,http://www.kongregate.com/games/Enagamess/artefacts,www.kongregate.com/games/enagamess/artefacts,8,1,0,yes,2017-06-04,2017-06-04,0,0,0,0,0,0,0,0,0,0,0,0,Run a bounded page-history CDX shard for this game.
not_checked,1,Ninja Save Princess,http://www.kongregate.com/games/k25507891/ninja-save-princess,www.kongregate.com/games/k25507891/ninja-save-princess,8,1,0,yes,2017-06-15,2017-06-15,0,0,0,0,0,0,0,0,0,0,0,0,Run a bounded page-history CDX shard for this game.
not_checked,1,Room Escape 10,http://www.kongregate.com/games/MirchiS/room-escape-10,www.kongregate.com/games/mirchis/room-escape-10,8,1,0,yes,2017-06-16,2017-06-16,0,0,0,0,0,0,0,0,0,0,0,0,Run a bounded page-history CDX shard for this game.
not_checked,1,Archaeologist,http://www.kongregate.com/games/Enagamess/archaeologist,www.kongregate.com/games/enagamess/archaeologist,8,1,0,yes,2017-07-03,2017-07-03,0,0,0,0,0,0,0,0,0,0,0,0,Run a bounded page-history CDX shard for this game.
not_checked,1,LOL,http://www.kongregate.com/games/igranje/lol,www.kongregate.com/games/igranje/lol,8,1,0,yes,2017-07-12,2017-07-12,0,0,0,0,0,0,0,0,0,0,0,0,Run a bounded page-history CDX shard for this game.
not_checked,1,Sakura Festival Escape,http://www.kongregate.com/games/CrazyEscapeGames/sakura-festival-escape,www.kongregate.com/games/crazyescapegames/sakura-festival-escape,8,1,0,yes,2017-07-20,2017-07-20,0,0,0,0,0,0,0,0,0,0,0,0,Run a bounded page-history CDX shard for this game.
not_checked,1,Windows XP Simulator,http://www.kongregate.com/games/TinotinTube/windows-xp-simulator,www.kongregate.com/games/tinotintube/windows-xp-simulator,8,1,0,yes,2017-07-28,2017-07-28,0,0,0,0,0,0,0,0,0,0,0,0,Run a bounded page-history CDX shard for this game.
not_checked,1,Chamber Traveler,http://www.kongregate.com/games/tadster/chamber-traveler,www.kongregate.com/games/tadster/chamber-traveler,8,1,0,yes,2017-07-29,2017-07-29,0,0,0,0,0,0,0,0,0,0,0,0,Run a bounded page-history CDX shard for this game.
not_checked,1,Knf Find The Energy Drink,http://www.kongregate.com/games/knfescapegame/knf-find-the-energy-drink,www.kongregate.com/games/knfescapegame/knf-find-the-energy-drink,8,1,0,yes,2017-08-05,2017-08-05,0,0,0,0,0,0,0,0,0,0,0,0,Run a bounded page-history CDX shard for this game.
not_checked,1,TetrisMtjaras,http://www.kongregate.com/games/mtjaras/tetrismtjaras,www.kongregate.com/games/mtjaras/tetrismtjaras,8,1,0,yes,2017-08-11,2017-08-11,0,0,0,0,0,0,0,0,0,0,0,0,Run a bounded page-history CDX shard for this game.
not_checked,1,EXXPLOR II,http://www.kongregate.com/games/imsec/exxplor-ii,www.kongregate.com/games/imsec/exxplor-ii,8,1,0,yes,2017-08-17,2017-08-17,0,0,0,0,0,0,0,0,0,0,0,0,Run a bounded page-history CDX shard for this game.
not_checked,1,Rectangle Person,http://www.kongregate.com/games/EternalXp/rectangle-person,www.kongregate.com/games/eternalxp/rectangle-person,8,1,0,yes,2017-08-23,2017-08-23,0,0,0,0,0,0,0,0,0,0,0,0,Run a bounded page-history CDX shard for this game.
not_checked,1,Gnome-pocolypse,http://www.kongregate.com/games/AlphaDragon601/gnome-pocolypse,www.kongregate.com/games/alphadragon601/gnome-pocolypse,8,1,0,yes,2017-08-25,2017-08-25,0,0,0,0,0,0,0,0,0,0,0,0,Run a bounded page-history CDX shard for this game.
not_checked,1,Spaceman's Adventures,http://www.kongregate.com/games/KennyC415/spacemans-adventures,www.kongregate.com/games/kennyc415/spacemans-adventures,8,1,0,yes,2017-09-04,2017-09-04,0,0,0,0,0,0,0,0,0,0,0,0,Run a bounded page-history CDX shard for this game.
not_checked,1,Silencer Escape,http://www.kongregate.com/games/CrazyEscapeGames/silencer-escape,www.kongregate.com/games/crazyescapegames/silencer-escape,8,1,0,yes,2017-09-13,2017-09-13,0,0,0,0,0,0,0,0,0,0,0,0,Run a bounded page-history CDX shard for this game.
not_checked,1,Castle Woodwarf,http://www.kongregate.com/games/Mentor31/castle-woodwarf,www.kongregate.com/games/mentor31/castle-woodwarf,8,1,0,yes,2017-09-20,2017-09-20,0,0,0,0,0,0,0,0,0,0,0,0,Run a bounded page-history CDX shard for this game.
not_checked,1,Ninja Game Teste,http://www.kongregate.com/games/AlunosI/ninja-game-teste,www.kongregate.com/games/alunosi/ninja-game-teste,8,1,0,yes,2017-09-30,2017-09-30,0,0,0,0,0,0,0,0,0,0,0,0,Run a bounded page-history CDX shard for this game.
not_checked,1,TristeJuego,http://www.kongregate.com/games/guerreroleond/tristejuego,www.kongregate.com/games/guerreroleond/tristejuego,8,1,0,yes,2017-10-08,2017-10-08,0,0,0,0,0,0,0,0,0,0,0,0,Run a bounded page-history CDX shard for this game.
not_checked,1,SpaceBird3d,http://www.kongregate.com/games/NoodleArmedGames/spacebird3d,www.kongregate.com/games/noodlearmedgames/spacebird3d,8,1,0,yes,2017-10-15,2017-10-15,0,0,0,0,0,0,0,0,0,0,0,0,Run a bounded page-history CDX shard for this game.
not_checked,1,Wormhole Rider,http://www.kongregate.com/games/goblikstudios/wormhole-rider,www.kongregate.com/games/goblikstudios/wormhole-rider,8,1,0,yes,2017-10-24,2017-10-24,0,0,0,0,0,0,0,0,0,0,0,0,Run a bounded page-history CDX shard for this game.
not_checked,1,Squid Ink,http://www.kongregate.com/games/LollygagGames/squid-ink,www.kongregate.com/games/lollygaggames/squid-ink,8,3,0,yes,2017-11-01,2017-11-08,0,0,0,0,0,0,0,0,0,0,0,0,Run a bounded page-history CDX shard for this game.
not_checked,1,Hexologic,https://www.kongregate.com/games/mythicowl/hexologic,www.kongregate.com/games/mythicowl/hexologic,8,73,13,yes,2019-02-01,2019-02-01,0,0,0,0,0,0,0,0,0,0,0,0,Run a bounded page-history CDX shard for this game.
not_checked,1,Xmas Triple Mahjong,http://www.kongregate.com/games/fighter106/lof-shadow-match-2,www.kongregate.com/games/fighter106/lof-shadow-match-2,8,1,0,yes,2021-01-25,2021-01-25,0,0,0,0,0,0,0,0,0,0,0,0,Run a bounded page-history CDX shard for this game.
not_checked,1,Nothing,https://www.kongregate.com/games/JimmyJYaaa/nothing,www.kongregate.com/games/jimmyjyaaa/nothing,8,1,0,yes,2021-11-12,2021-11-12,0,0,0,0,0,0,0,0,0,0,0,0,Run a bounded page-history CDX shard for this game.
not_checked,1,Pixel Shooter,https://www.kongregate.com/games/sidvariya/pixel-shooter,www.kongregate.com/games/sidvariya/pixel-shooter,8,1,0,yes,2024-04-01,2024-04-01,0,0,0,0,0,0,0,0,0,0,0,0,Run a bounded page-history CDX shard for this game.
not_checked,1,Zombie Derby 2,https://www.kongregate.com/en/games/BrineMedia/zombie-derby-2,www.kongregate.com/games/brinemedia/zombie-derby-2,8,28,14,yes,2024-06-05,2025-04-03,0,0,0,0,0,0,0,0,0,0,0,0,Run a bounded page-history CDX shard for this game.
not_checked,1,Haunted Campus,http://www.kongregate.com/games/SandraKim/haunted-campus,www.kongregate.com/games/sandrakim/haunted-campus,9,1,0,yes,2014-08-22,2014-08-22,0,0,0,0,0,0,0,0,0,0,0,0,Run a bounded page-history CDX shard for this game.
not_checked,1,Space War,http://www.kongregate.com/games/02378/space-war,www.kongregate.com/games/02378/space-war,9,1,0,yes,2014-08-26,2014-08-26,0,0,0,0,0,0,0,0,0,0,0,0,Run a bounded page-history CDX shard for this game.
not_checked,1,Link,http://www.kongregate.com/games/hundredhundred/link,www.kongregate.com/games/hundredhundred/link,9,1,0,yes,2014-08-29,2014-08-29,0,0,0,0,0,0,0,0,0,0,0,0,Run a bounded page-history CDX shard for this game.
not_checked,1,Extreme Treadmill Survival,http://www.kongregate.com/games/AndresasLidell/extreme-treadmill-survival,www.kongregate.com/games/andresaslidell/extreme-treadmill-survival,9,1,0,yes,2014-09-05,2014-09-05,0,0,0,0,0,0,0,0,0,0,0,0,Run a bounded page-history CDX shard for this game.
not_checked,1,Angry Birds Adventure,http://www.kongregate.com/games/hibiscus070133/angry-birds-adventure,www.kongregate.com/games/hibiscus070133/angry-birds-adventure,9,1,0,yes,2014-09-12,2014-09-12,0,0,0,0,0,0,0,0,0,0,0,0,Run a bounded page-history CDX shard for this game.
not_checked,1,Super Shoot Game Derivative thingy,http://www.kongregate.com/games/boriordan/super-shoot-game-derivative-thingy,www.kongregate.com/games/boriordan/super-shoot-game-derivative-thingy,9,1,0,yes,2014-09-14,2014-09-14,0,0,0,0,0,0,0,0,0,0,0,0,Run a bounded page-history CDX shard for this game.
not_checked,1,Royal Knights Tournament,http://www.kongregate.com/games/qywlgame/royal-knights-tournament,www.kongregate.com/games/qywlgame/royal-knights-tournament,9,2,0,yes,2014-09-19,2014-09-19,0,0,0,0,0,0,0,0,0,0,0,0,Run a bounded page-history CDX shard for this game.
not_checked,1,Vinyl Memories,http://www.kongregate.com/games/nfyre/vinyl-memories,www.kongregate.com/games/nfyre/vinyl-memories,9,1,0,yes,2014-09-20,2014-09-20,0,0,0,0,0,0,0,0,0,0,0,0,Run a bounded page-history CDX shard for this game.
not_checked,1,Besieged 2 Infinite,http://www.kongregate.com/games/leviathangames/besieged-2-infinite,www.kongregate.com/games/leviathangames/besieged-2-infinite,9,1,0,yes,2014-09-26,2014-09-26,0,0,0,0,0,0,0,0,0,0,0,0,Run a bounded page-history CDX shard for this game.
not_checked,1,Flappy Bird Mobile iphone,http://www.kongregate.com/games/Foizur197/flappy-bird-mobile-iphone,www.kongregate.com/games/foizur197/flappy-bird-mobile-iphone,9,1,0,yes,2014-10-03,2014-10-03,0,0,0,0,0,0,0,0,0,0,0,0,Run a bounded page-history CDX shard for this game.
not_checked,1,AquAttack,http://www.kongregate.com/games/bsaaoperative/aquattack,www.kongregate.com/games/bsaaoperative/aquattack,9,1,0,yes,2014-10-04,2014-10-04,0,0,0,0,0,0,0,0,0,0,0,0,Run a bounded page-history CDX shard for this game.
not_checked,1,Aliens Go Home,http://www.kongregate.com/games/campanag/aliens-go-home,www.kongregate.com/games/campanag/aliens-go-home,9,1,0,yes,2014-10-10,2014-10-10,0,0,0,0,0,0,0,0,0,0,0,0,Run a bounded page-history CDX shard for this game.
not_checked,1,18 Wheeler Double Cargo,http://www.kongregate.com/games/vitalitygames/18-wheeler-double-cargo,www.kongregate.com/games/vitalitygames/18-wheeler-double-cargo,9,1,0,yes,2014-10-13,2014-10-13,0,0,0,0,0,0,0,0,0,0,0,0,Run a bounded page-history CDX shard for this game.
not_checked,1,Country Cottage Escape,http://www.kongregate.com/games/quicksailor/country-cottage-escape,www.kongregate.com/games/quicksailor/country-cottage-escape,9,2,0,yes,2014-10-17,2014-10-18,0,0,0,0,0,0,0,0,0,0,0,0,Run a bounded page-history CDX shard for this game.
not_checked,1,Sequence,http://www.kongregate.com/games/fahadraghied/sequence,www.kongregate.com/games/fahadraghied/sequence,9,1,0,yes,2014-10-24,2014-10-24,0,0,0,0,0,0,0,0,0,0,0,0,Run a bounded page-history CDX shard for this game.
not_checked,1,Floppy Pumpkin,http://www.kongregate.com/games/loogames/floppy-pumpkin,www.kongregate.com/games/loogames/floppy-pumpkin,9,1,0,yes,2014-10-29,2014-10-29,0,0,0,0,0,0,0,0,0,0,0,0,Run a bounded page-history CDX shard for this game.
not_checked,1,Multiplayer Pong 3000,http://www.kongregate.com/games/marcovsdp/multiplayer-pong-3000,www.kongregate.com/games/marcovsdp/multiplayer-pong-3000,9,1,0,yes,2014-10-31,2014-10-31,0,0,0,0,0,0,0,0,0,0,0,0,Run a bounded page-history CDX shard for this game.
not_checked,1,Ocean Gem Harvester,http://www.kongregate.com/games/DessIntress/ocean-gem-harvester,www.kongregate.com/games/dessintress/ocean-gem-harvester,9,1,0,yes,2014-11-11,2014-11-11,0,0,0,0,0,0,0,0,0,0,0,0,Run a bounded page-history CDX shard for this game.
not_checked,1,CHALKY,http://www.kongregate.com/games/P3drc/chalky,www.kongregate.com/games/p3drc/chalky,9,1,0,yes,2014-11-25,2014-11-25,0,0,0,0,0,0,0,0,0,0,0,0,Run a bounded page-history CDX shard for this game.
not_checked,1,Skater Rage,http://www.kongregate.com/games/jgrelewicz/skater-rage,www.kongregate.com/games/jgrelewicz/skater-rage,9,1,0,yes,2014-12-02,2014-12-02,0,0,0,0,0,0,0,0,0,0,0,0,Run a bounded page-history CDX shard for this game.
not_checked,1,TopDownTankShooterGame,http://www.kongregate.com/games/Ih4teappels/topdowntankshootergame,www.kongregate.com/games/ih4teappels/topdowntankshootergame,9,1,0,yes,2014-12-10,2014-12-10,0,0,0,0,0,0,0,0,0,0,0,0,Run a bounded page-history CDX shard for this game.
not_checked,1,Idle Conquest,http://www.kongregate.com/games/CodeRiftStudios/idle-conquest,www.kongregate.com/games/coderiftstudios/idle-conquest,9,1,0,yes,2014-12-17,2014-12-17,0,0,0,0,0,0,0,0,0,0,0,0,Run a bounded page-history CDX shard for this game.
not_checked,1,Mutilate-a-Doll 2,http://www.kongregate.com/games/0rava/mutilate-a-doll-2,www.kongregate.com/games/0rava/mutilate-a-doll-2,9,968,0,yes,2014-12-17,2015-05-15,0,0,0,0,0,0,0,0,0,0,0,0,Run a bounded page-history CDX shard for this game.
not_checked,1,Tricky Trailer Park Escape,http://www.kongregate.com/games/quicksailor/tricky-trailer-park-escape,www.kongregate.com/games/quicksailor/tricky-trailer-park-escape,9,1,0,yes,2014-12-17,2014-12-17,0,0,0,0,0,0,0,0,0,0,0,0,Run a bounded page-history CDX shard for this game.
not_checked,1,Rolling Cube,http://www.kongregate.com/games/kcscs/rolling-cube,www.kongregate.com/games/kcscs/rolling-cube,9,1,0,yes,2014-12-30,2014-12-30,0,0,0,0,0,0,0,0,0,0,0,0,Run a bounded page-history CDX shard for this game.
not_checked,1,Strikeforce Kitty 2,http://www.kongregate.com/games/MARTINIRosso/strikeforce-kitty-2,www.kongregate.com/games/martinirosso/strikeforce-kitty-2,9,3,0,yes,2015-01-29,2015-02-07,0,0,0,0,0,0,0,0,0,0,0,0,Run a bounded page-history CDX shard for this game.
not_checked,1,Time Clickers,http://www.kongregate.com/games/ProtonStudio/time-clickers,www.kongregate.com/games/protonstudio/time-clickers,9,5,0,yes,2015-03-29,2015-07-26,0,0,0,0,0,0,0,0,0,0,0,0,Run a bounded page-history CDX shard for this game.
not_checked,1,Candy Shooter Deluxe,http://www.kongregate.com/games/guuby/candy-shooter-deluxe,www.kongregate.com/games/guuby/candy-shooter-deluxe,9,1,0,yes,2015-04-01,2015-04-01,0,0,0,0,0,0,0,0,0,0,0,0,Run a bounded page-history CDX shard for this game.
not_checked,1,Transport Defender,http://www.kongregate.com/games/IDNoise/transport-defender,www.kongregate.com/games/idnoise/transport-defender,9,22,0,yes,2015-07-26,2017-04-08,0,0,0,0,0,0,0,0,0,0,0,0,Run a bounded page-history CDX shard for this game.
not_checked,1,UniWar,http://www.kongregate.com/games/evilryo0309/uniwar,www.kongregate.com/games/evilryo0309/uniwar,9,1,0,yes,2015-09-03,2015-09-03,0,0,0,0,0,0,0,0,0,0,0,0,Run a bounded page-history CDX shard for this game.
not_checked,1,Starry Light,http://www.kongregate.com/games/WatermelonGames/starry-light,www.kongregate.com/games/watermelongames/starry-light,9,1,0,yes,2015-09-09,2015-09-09,0,0,0,0,0,0,0,0,0,0,0,0,Run a bounded page-history CDX shard for this game.
not_checked,1,Test Project Unity,http://www.kongregate.com/games/PanzerI/test-project-unity,www.kongregate.com/games/panzeri/test-project-unity,9,1,0,yes,2015-09-14,2015-09-14,0,0,0,0,0,0,0,0,0,0,0,0,Run a bounded page-history CDX shard for this game.
not_checked,1,Motor Cross Nitro,http://www.kongregate.com/games/kidsgamess/motor-cross-nitro,www.kongregate.com/games/kidsgamess/motor-cross-nitro,9,1,0,yes,2015-09-15,2015-09-15,0,0,0,0,0,0,0,0,0,0,0,0,Run a bounded page-history CDX shard for this game.
not_checked,1,Jainee's Survival Island,http://www.kongregate.com/games/misaru_02/jainees-survival-island,www.kongregate.com/games/misaru_02/jainees-survival-island,9,1,0,yes,2015-09-23,2015-09-23,0,0,0,0,0,0,0,0,0,0,0,0,Run a bounded page-history CDX shard for this game.
not_checked,1,Wind Seed,http://www.kongregate.com/games/Phylum/wind-seed,www.kongregate.com/games/phylum/wind-seed,9,1,0,yes,2015-09-30,2015-09-30,0,0,0,0,0,0,0,0,0,0,0,0,Run a bounded page-history CDX shard for this game.
not_checked,1,Martin: Samantha's Blood,http://www.kongregate.com/games/Ganderoleg/martin-samanthas-blood,www.kongregate.com/games/ganderoleg/martin-samanthas-blood,9,1,0,yes,2015-12-05,2015-12-05,0,0,0,0,0,0,0,0,0,0,0,0,Run a bounded page-history CDX shard for this game.
not_checked,1,Why The Woods Whisper,http://www.kongregate.com/games/powerpuffz/why-the-woods-whisper,www.kongregate.com/games/powerpuffz/why-the-woods-whisper,9,1,0,yes,2015-12-18,2015-12-18,0,0,0,0,0,0,0,0,0,0,0,0,Run a bounded page-history CDX shard for this game.
not_checked,1,Twin Towers 3,http://www.kongregate.com/games/thegames8dotcom/twin-towers-3,www.kongregate.com/games/thegames8dotcom/twin-towers-3,9,1,0,yes,2015-12-26,2015-12-26,0,0,0,0,0,0,0,0,0,0,0,0,Run a bounded page-history CDX shard for this game.
not_checked,1,Cube-y Escape,http://www.kongregate.com/games/SUPERWERER/cube-y-escape,www.kongregate.com/games/superwerer/cube-y-escape,9,1,0,yes,2016-01-02,2016-01-02,0,0,0,0,0,0,0,0,0,0,0,0,Run a bounded page-history CDX shard for this game.
not_checked,1,Galaxy Brix,http://www.kongregate.com/games/clivingston8/galaxy-brix,www.kongregate.com/games/clivingston8/galaxy-brix,9,1,0,yes,2016-01-25,2016-01-25,0,0,0,0,0,0,0,0,0,0,0,0,Run a bounded page-history CDX shard for this game.
not_checked,1,Yoda Jigsaw,http://www.kongregate.com/games/newgamess/yoda-jigsaw,www.kongregate.com/games/newgamess/yoda-jigsaw,9,1,0,yes,2016-02-02,2016-02-02,0,0,0,0,0,0,0,0,0,0,0,0,Run a bounded page-history CDX shard for this game.
not_checked,1,The Maze World,http://www.kongregate.com/games/majderrami/the-maze-world,www.kongregate.com/games/majderrami/the-maze-world,9,1,0,yes,2016-02-28,2016-02-28,0,0,0,0,0,0,0,0,0,0,0,0,Run a bounded page-history CDX shard for this game.
not_checked,1,Chinese Room Escape,http://www.kongregate.com/games/Enagamess/chinese-room-escape,www.kongregate.com/games/enagamess/chinese-room-escape,9,1,0,yes,2016-03-05,2016-03-05,0,0,0,0,0,0,0,0,0,0,0,0,Run a bounded page-history CDX shard for this game.
not_checked,1,Potato Rebellion,http://www.kongregate.com/games/Funtomic/potato-rebellion,www.kongregate.com/games/funtomic/potato-rebellion,9,1,0,yes,2016-03-07,2016-03-07,0,0,0,0,0,0,0,0,0,0,0,0,Run a bounded page-history CDX shard for this game.
not_checked,1,Ford Transcon,http://www.kongregate.com/games/newgamess/ford-transcon,www.kongregate.com/games/newgamess/ford-transcon,9,1,0,yes,2016-03-16,2016-03-16,0,0,0,0,0,0,0,0,0,0,0,0,Run a bounded page-history CDX shard for this game.
not_checked,1,Volcano Idols,http://www.kongregate.com/games/laFunk/volcano-idols,www.kongregate.com/games/lafunk/volcano-idols,9,1,0,yes,2016-03-20,2016-03-20,0,0,0,0,0,0,0,0,0,0,0,0,Run a bounded page-history CDX shard for this game.
not_checked,1,TimberMan HTML5,http://www.kongregate.com/games/PaulHTML5/timberman-html5,www.kongregate.com/games/paulhtml5/timberman-html5,9,1,0,yes,2016-03-24,2016-03-24,0,0,0,0,0,0,0,0,0,0,0,0,Run a bounded page-history CDX shard for this game.
not_checked,1,Mother's Day Spot Difference,http://www.kongregate.com/games/WillingGamesA/mothers-day-spot-difference,www.kongregate.com/games/willinggamesa/mothers-day-spot-difference,9,1,0,yes,2016-05-06,2016-05-06,0,0,0,0,0,0,0,0,0,0,0,0,Run a bounded page-history CDX shard for this game.
not_checked,1,AXG,http://www.kongregate.com/games/gameartdevguy/axg,www.kongregate.com/games/gameartdevguy/axg,9,1,0,yes,2016-05-15,2016-05-15,0,0,0,0,0,0,0,0,0,0,0,0,Run a bounded page-history CDX shard for this game.
not_checked,1,Brothers Treasure Recovery 14,http://www.kongregate.com/games/Enagamess/brothers-treasure-recovery-14,www.kongregate.com/games/enagamess/brothers-treasure-recovery-14,9,1,0,yes,2016-05-23,2016-05-23,0,0,0,0,0,0,0,0,0,0,0,0,Run a bounded page-history CDX shard for this game.
not_checked,1,Get Get Out of Hell!,http://www.kongregate.com/games/Trapman88/get-get-out-of-hell,www.kongregate.com/games/trapman88/get-get-out-of-hell,9,1,0,yes,2016-05-24,2016-05-24,0,0,0,0,0,0,0,0,0,0,0,0,Run a bounded page-history CDX shard for this game.
not_checked,1,Unstable Orbits,http://www.kongregate.com/games/silentviper/unstable-orbits,www.kongregate.com/games/silentviper/unstable-orbits,9,1,0,yes,2016-06-04,2016-06-04,0,0,0,0,0,0,0,0,0,0,0,0,Run a bounded page-history CDX shard for this game.
not_checked,1,Snake,http://www.kongregate.com/games/pikmin2011/snake,www.kongregate.com/games/pikmin2011/snake,9,1,0,yes,2016-06-05,2016-06-05,0,0,0,0,0,0,0,0,0,0,0,0,Run a bounded page-history CDX shard for this game.
not_checked,1,Monster Truck Shadowlands 2,http://www.kongregate.com/games/vitalitygames/monster-truck-shadowlands-2,www.kongregate.com/games/vitalitygames/monster-truck-shadowlands-2,9,1,0,yes,2016-06-13,2016-06-13,0,0,0,0,0,0,0,0,0,0,0,0,Run a bounded page-history CDX shard for this game.
not_checked,1,SPACE WARII,http://www.kongregate.com/games/hj1213/space-warii,www.kongregate.com/games/hj1213/space-warii,9,1,0,yes,2016-06-22,2016-06-22,0,0,0,0,0,0,0,0,0,0,0,0,Run a bounded page-history CDX shard for this game.
not_checked,1,Breach of Contract 1.6,http://www.kongregate.com/games/aidangig56/breach-of-contract-1-6,www.kongregate.com/games/aidangig56/breach-of-contract-1-6,9,1,0,yes,2016-07-07,2016-07-07,0,0,0,0,0,0,0,0,0,0,0,0,Run a bounded page-history CDX shard for this game.
not_checked,1,GreenGo,http://www.kongregate.com/games/1BluePineapple/greengo,www.kongregate.com/games/1bluepineapple/greengo,9,1,0,yes,2016-07-14,2016-07-14,0,0,0,0,0,0,0,0,0,0,0,0,Run a bounded page-history CDX shard for this game.
not_checked,1,Ninja Dog Quest,http://www.kongregate.com/games/RHMGames/ninja-dog-quest,www.kongregate.com/games/rhmgames/ninja-dog-quest,9,1,0,yes,2016-07-20,2016-07-20,0,0,0,0,0,0,0,0,0,0,0,0,Run a bounded page-history CDX shard for this game.
not_checked,1,Daf Truck Memory,http://www.kongregate.com/games/newgamess/daf-truck-memory,www.kongregate.com/games/newgamess/daf-truck-memory,9,1,0,yes,2016-07-27,2016-07-27,0,0,0,0,0,0,0,0,0,0,0,0,Run a bounded page-history CDX shard for this game.
not_checked,1,YouTube Tycoon,http://www.kongregate.com/games/NGC_Man/youtube-tycoon,www.kongregate.com/games/ngc_man/youtube-tycoon,9,1,0,yes,2016-08-05,2016-08-05,0,0,0,0,0,0,0,0,0,0,0,0,Run a bounded page-history CDX shard for this game.
not_checked,1,Wild Test RPG,http://www.kongregate.com/games/ploo98/wild-test-rpg,www.kongregate.com/games/ploo98/wild-test-rpg,9,1,0,yes,2016-08-20,2016-08-20,0,0,0,0,0,0,0,0,0,0,0,0,Run a bounded page-history CDX shard for this game.
not_checked,1,Escape Game: Locked House,http://www.kongregate.com/games/rahchel321/escape-game-locked-house,www.kongregate.com/games/rahchel321/escape-game-locked-house,9,1,0,yes,2016-08-28,2016-08-28,0,0,0,0,0,0,0,0,0,0,0,0,Run a bounded page-history CDX shard for this game.
not_checked,1,GPD Pong (Student Project),http://www.kongregate.com/games/GregoryD137/gpd-pong-student-project,www.kongregate.com/games/gregoryd137/gpd-pong-student-project,9,1,0,yes,2016-09-03,2016-09-03,0,0,0,0,0,0,0,0,0,0,0,0,Run a bounded page-history CDX shard for this game.
not_checked,1,Hardest Free Game,http://www.kongregate.com/games/GazThomas/hardest-free-game,www.kongregate.com/games/gazthomas/hardest-free-game,9,1,0,yes,2016-09-16,2016-09-16,0,0,0,0,0,0,0,0,0,0,0,0,Run a bounded page-history CDX shard for this game.
not_checked,1,Escape Dead End 2,http://www.kongregate.com/games/Enagamess/escape-dead-end-2,www.kongregate.com/games/enagamess/escape-dead-end-2,9,1,0,yes,2016-09-17,2016-09-17,0,0,0,0,0,0,0,0,0,0,0,0,Run a bounded page-history CDX shard for this game.
not_checked,1,Happy Neighbors,http://www.kongregate.com/games/SandraKim/happy-neighbors,www.kongregate.com/games/sandrakim/happy-neighbors,9,1,0,yes,2016-09-23,2016-09-23,0,0,0,0,0,0,0,0,0,0,0,0,Run a bounded page-history CDX shard for this game.
not_checked,1,Aventura de Little Oryx,http://www.kongregate.com/games/RodrigoA479/aventura-de-little-oryx,www.kongregate.com/games/rodrigoa479/aventura-de-little-oryx,9,1,0,yes,2016-10-04,2016-10-04,0,0,0,0,0,0,0,0,0,0,0,0,Run a bounded page-history CDX shard for this game.
not_checked,1,Hyundai RN 30,http://www.kongregate.com/games/newgamess/hyundai-rn-30,www.kongregate.com/games/newgamess/hyundai-rn-30,9,1,0,yes,2016-10-10,2016-10-10,0,0,0,0,0,0,0,0,0,0,0,0,Run a bounded page-history CDX shard for this game.
not_checked,1,Schism,http://www.kongregate.com/games/BowWow200/schism,www.kongregate.com/games/bowwow200/schism,9,1,0,yes,2016-10-17,2016-10-17,0,0,0,0,0,0,0,0,0,0,0,0,Run a bounded page-history CDX shard for this game.
not_checked,1,Brother in dungoen,http://www.kongregate.com/games/rhinobrosstudio/brother-in-dungoen,www.kongregate.com/games/rhinobrosstudio/brother-in-dungoen,9,1,0,yes,2016-10-18,2016-10-18,0,0,0,0,0,0,0,0,0,0,0,0,Run a bounded page-history CDX shard for this game.
not_checked,1,Kappa Pong,http://www.kongregate.com/games/ChaoticHawk1/kappa-pong,www.kongregate.com/games/chaotichawk1/kappa-pong,9,1,0,yes,2016-10-24,2016-10-24,0,0,0,0,0,0,0,0,0,0,0,0,Run a bounded page-history CDX shard for this game.
not_checked,1,Factory idle,https://www.kongregate.com/games/Baldurans/factory-idle,www.kongregate.com/games/baldurans/factory-idle,9,182,30,yes,2016-11-06,2017-04-08,0,0,0,0,0,0,0,0,0,0,0,0,Run a bounded page-history CDX shard for this game.
not_checked,1,Bad Eggs Online,http://www.kongregate.com/games/Rob_Almighty/bad-eggs-online,www.kongregate.com/games/rob_almighty/bad-eggs-online,9,10,0,yes,2016-11-07,2017-04-01,0,0,0,0,0,0,0,0,0,0,0,0,Run a bounded page-history CDX shard for this game.
not_checked,1,Demon War: Idle Rebellion,http://www.kongregate.com/games/ColdCoreStudios/demon-war-idle-rebellion,www.kongregate.com/games/coldcorestudios/demon-war-idle-rebellion,9,6,0,yes,2016-12-22,2017-03-04,0,0,0,0,0,0,0,0,0,0,0,0,Run a bounded page-history CDX shard for this game.
not_checked,1,Snake.is MLG Edition,http://www.kongregate.com/games/vizgl/snake-is-mlg-edition,www.kongregate.com/games/vizgl/snake-is-mlg-edition,9,1,0,yes,2017-05-05,2017-05-05,0,0,0,0,0,0,0,0,0,0,0,0,Run a bounded page-history CDX shard for this game.
not_checked,1,Beat up Trump,http://www.kongregate.com/games/SatireGames/beat-up-trump,www.kongregate.com/games/satiregames/beat-up-trump,9,1,0,yes,2017-05-16,2017-05-16,0,0,0,0,0,0,0,0,0,0,0,0,Run a bounded page-history CDX shard for this game.
not_checked,1,Goopies,http://www.kongregate.com/games/johnnyk022181/goopies,www.kongregate.com/games/johnnyk022181/goopies,9,1,0,yes,2017-05-25,2017-05-25,0,0,0,0,0,0,0,0,0,0,0,0,Run a bounded page-history CDX shard for this game.
not_checked,1,Dark Floors of Zombies,http://www.kongregate.com/games/igrodroms/dark-floors-of-zombies,www.kongregate.com/games/igrodroms/dark-floors-of-zombies,9,1,0,yes,2017-05-26,2017-05-26,0,0,0,0,0,0,0,0,0,0,0,0,Run a bounded page-history CDX shard for this game.
not_checked,1,Knf Classic Lodge Escape,http://www.kongregate.com/games/knfescapegame/knf-classic-lodge-escape,www.kongregate.com/games/knfescapegame/knf-classic-lodge-escape,9,1,0,yes,2017-06-04,2017-06-04,0,0,0,0,0,0,0,0,0,0,0,0,Run a bounded page-history CDX shard for this game.
not_checked,1,Dot Dash,http://www.kongregate.com/games/redarx/dot-dash,www.kongregate.com/games/redarx/dot-dash,9,1,0,yes,2017-06-15,2017-06-15,0,0,0,0,0,0,0,0,0,0,0,0,Run a bounded page-history CDX shard for this game.
not_checked,1,Temple Of Morr 2,http://www.kongregate.com/games/Enagamess/temple-of-morr-2,www.kongregate.com/games/enagamess/temple-of-morr-2,9,1,0,yes,2017-06-16,2017-06-16,0,0,0,0,0,0,0,0,0,0,0,0,Run a bounded page-history CDX shard for this game.
not_checked,1,AFK Don't Talk To Me,http://www.kongregate.com/games/Libertyraincloud/afk-dont-talk-to-me,www.kongregate.com/games/libertyraincloud/afk-dont-talk-to-me,9,1,0,yes,2017-06-25,2017-06-25,0,0,0,0,0,0,0,0,0,0,0,0,Run a bounded page-history CDX shard for this game.
not_checked,1,A Strange Market,http://www.kongregate.com/games/Klatu/a-strange-market,www.kongregate.com/games/klatu/a-strange-market,9,1,0,yes,2017-07-03,2017-07-03,0,0,0,0,0,0,0,0,0,0,0,0,Run a bounded page-history CDX shard for this game.
not_checked,1,Graviball V0.4,http://www.kongregate.com/games/HarshTheAwesome/graviball-v0-4,www.kongregate.com/games/harshtheawesome/graviball-v0-4,9,1,0,yes,2017-07-20,2017-07-20,0,0,0,0,0,0,0,0,0,0,0,0,Run a bounded page-history CDX shard for this game.
not_checked,1,Cardboard Catbox Painful Pitfalls,http://www.kongregate.com/games/squiddymccloud/cardboard-catbox-painful-pitfalls,www.kongregate.com/games/squiddymccloud/cardboard-catbox-painful-pitfalls,9,1,0,yes,2017-07-28,2017-07-28,0,0,0,0,0,0,0,0,0,0,0,0,Run a bounded page-history CDX shard for this game.
not_checked,1,Asteroids,http://www.kongregate.com/games/mcgeezax101/asteroids,www.kongregate.com/games/mcgeezax101/asteroids,9,1,0,yes,2017-08-05,2017-08-05,0,0,0,0,0,0,0,0,0,0,0,0,Run a bounded page-history CDX shard for this game.
not_checked,1,Monsterkill,http://www.kongregate.com/games/8PixStudio/monsterkill,www.kongregate.com/games/8pixstudio/monsterkill,9,1,0,yes,2017-08-11,2017-08-11,0,0,0,0,0,0,0,0,0,0,0,0,Run a bounded page-history CDX shard for this game.
not_checked,1,Dream Adventure Escape,http://www.kongregate.com/games/Nsrgames/dream-adventure-escape,www.kongregate.com/games/nsrgames/dream-adventure-escape,9,1,0,yes,2017-08-23,2017-08-23,0,0,0,0,0,0,0,0,0,0,0,0,Run a bounded page-history CDX shard for this game.
not_checked,1,When the Lights Go Down,http://www.kongregate.com/games/dragonlance5/when-the-lights-go-down,www.kongregate.com/games/dragonlance5/when-the-lights-go-down,9,1,0,yes,2017-08-25,2017-08-25,0,0,0,0,0,0,0,0,0,0,0,0,Run a bounded page-history CDX shard for this game.
not_checked,1,TwoLands Clickers,http://www.kongregate.com/games/LudosProject/twolands-clickers,www.kongregate.com/games/ludosproject/twolands-clickers,9,1,0,yes,2017-09-04,2017-09-04,0,0,0,0,0,0,0,0,0,0,0,0,Run a bounded page-history CDX shard for this game.
not_checked,1,Dam,http://www.kongregate.com/games/Enagamess/dam,www.kongregate.com/games/enagamess/dam,9,1,0,yes,2017-09-13,2017-09-13,0,0,0,0,0,0,0,0,0,0,0,0,Run a bounded page-history CDX shard for this game.
not_checked,1,Zebras Connect,http://www.kongregate.com/games/mosso70/zebras-connect,www.kongregate.com/games/mosso70/zebras-connect,9,1,0,yes,2017-09-20,2017-09-20,0,0,0,0,0,0,0,0,0,0,0,0,Run a bounded page-history CDX shard for this game.
not_checked,1,Cobras,http://www.kongregate.com/games/AlunosI/cobras,www.kongregate.com/games/alunosi/cobras,9,1,0,yes,2017-09-30,2017-09-30,0,0,0,0,0,0,0,0,0,0,0,0,Run a bounded page-history CDX shard for this game.
not_checked,1,Good and the Bad,http://www.kongregate.com/games/virajmalia/good-and-the-bad,www.kongregate.com/games/virajmalia/good-and-the-bad,9,1,0,yes,2017-10-08,2017-10-08,0,0,0,0,0,0,0,0,0,0,0,0,Run a bounded page-history CDX shard for this game.
not_checked,1,Idle Streamer 2,http://www.kongregate.com/games/SilverFinish/idle-streamer-2,www.kongregate.com/games/silverfinish/idle-streamer-2,9,1,0,yes,2017-10-15,2017-10-15,0,0,0,0,0,0,0,0,0,0,0,0,Run a bounded page-history CDX shard for this game.
not_checked,1,InvasionUnity,http://www.kongregate.com/games/spsv/invasionunity,www.kongregate.com/games/spsv/invasionunity,9,1,0,yes,2017-10-24,2017-10-24,0,0,0,0,0,0,0,0,0,0,0,0,Run a bounded page-history CDX shard for this game.
not_checked,1,Sort the Court!,https://www.kongregate.com/games/graebor/sort-the-court,www.kongregate.com/games/graebor/sort-the-court,9,120,0,yes,2017-10-25,2017-12-27,0,0,0,0,0,0,0,0,0,0,0,0,Run a bounded page-history CDX shard for this game.
not_checked,1,Obversum,http://www.kongregate.com/games/mmongeon/obversum,www.kongregate.com/games/mmongeon/obversum,9,1,0,yes,2017-11-06,2017-11-06,0,0,0,0,0,0,0,0,0,0,0,0,Run a bounded page-history CDX shard for this game.
not_checked,1,The Evil Lair,http://www.kongregate.com/games/zotakomen/the-evil-lair,www.kongregate.com/games/zotakomen/the-evil-lair,9,1,0,yes,2018-12-22,2018-12-22,0,0,0,0,0,0,0,0,0,0,0,0,Run a bounded page-history CDX shard for this game.
not_checked,1,Hacky Sack Adventure,https://www.kongregate.com/games/MARXOR/hacky-sack-adventure,www.kongregate.com/games/marxor/hacky-sack-adventure,9,1,0,yes,2019-08-25,2019-08-25,0,0,0,0,0,0,0,0,0,0,0,0,Run a bounded page-history CDX shard for this game.
not_checked,1,Creeper Goo,http://www.kongregate.com/games/efefef20/test-game2,www.kongregate.com/games/efefef20/test-game2,9,1,0,yes,2021-01-25,2021-01-25,0,0,0,0,0,0,0,0,0,0,0,0,Run a bounded page-history CDX shard for this game.
not_checked,1,Rogue Fable IV,https://www.kongregate.com/games/Justin_wang123/rogue-fable-iv,www.kongregate.com/games/justin_wang123/rogue-fable-iv,9,1,0,yes,2024-01-17,2024-01-17,0,0,0,0,0,0,0,0,0,0,0,0,Run a bounded page-history CDX shard for this game.
not_checked,1,In Space,https://www.kongregate.com/games/pitigamedev/in-space,www.kongregate.com/games/pitigamedev/in-space,9,4,0,yes,2024-04-01,2025-10-07,0,0,0,0,0,0,0,0,0,0,0,0,Run a bounded page-history CDX shard for this game.
dynamic_metrics_placeholder,1,Fleeing the Complex,https://www.kongregate.com/games/Puffballs_United/fleeing-the-complex,www.kongregate.com/games/puffballs_united/fleeing-the-complex,10,724,0,yes,2016-03-05,2018-03-12,2,182,0,30,15,15,15,15,15,0,0,0,Probe exact archived metrics.json endpoints; cached HTML defers counts to JavaScript-injected metrics.
dynamic_metrics_placeholder,1,Superfighters,https://www.kongregate.com/games/TRBW001/superfighters,www.kongregate.com/games/trbw001/superfighters,10,97,0,yes,2018-06-25,2022-02-08,3,24,0,24,14,10,14,14,14,0,0,0,Probe exact archived metrics.json endpoints; cached HTML defers counts to JavaScript-injected metrics.
dynamic_metrics_placeholder,1,Incremancer,https://www.kongregate.com/games/JamesG466/incremancer,www.kongregate.com/games/jamesg466/incremancer,10,395,17,yes,2019-11-15,2019-11-15,2,140,0,4,4,0,4,4,4,0,0,0,Probe exact archived metrics.json endpoints; cached HTML defers counts to JavaScript-injected metrics.
dynamic_metrics_placeholder,1,Mecha Galaxy,https://www.kongregate.com/games/VictoryAwaits/mecha-galaxy,www.kongregate.com/games/victoryawaits/mecha-galaxy,10,2,0,yes,2024-10-04,2024-10-08,1,206,0,73,32,41,31,31,31,0,0,0,Probe exact archived metrics.json endpoints; cached HTML defers counts to JavaScript-injected metrics.
dynamic_metrics_placeholder,1,Boxing Random,https://www.kongregate.com/games/rhminteractive/boxing-random,www.kongregate.com/games/rhminteractive/boxing-random,10,2,0,yes,2025-03-22,2025-03-26,2,2,0,2,2,0,2,2,2,0,0,0,Probe exact archived metrics.json endpoints; cached HTML defers counts to JavaScript-injected metrics.
not_checked,1,Drunken Wrestlers,http://www.kongregate.com/games/SkutteOleg/drunken-wrestlers,www.kongregate.com/games/skutteoleg/drunken-wrestlers,10,96,0,yes,2014-08-22,2014-08-22,0,0,0,0,0,0,0,0,0,0,0,0,Run a bounded page-history CDX shard for this game.
not_checked,1,Honey Bunny X,http://www.kongregate.com/games/invisibleturtle1/honey-bunny-x,www.kongregate.com/games/invisibleturtle1/honey-bunny-x,10,1,0,yes,2014-08-22,2014-08-22,0,0,0,0,0,0,0,0,0,0,0,0,Run a bounded page-history CDX shard for this game.
not_checked,1,Klarb Procreation Rift,http://www.kongregate.com/games/L0gicaL1nsanity/klarb-procreation-rift,www.kongregate.com/games/l0gical1nsanity/klarb-procreation-rift,10,1,0,yes,2014-08-26,2014-08-26,0,0,0,0,0,0,0,0,0,0,0,0,Run a bounded page-history CDX shard for this game.
not_checked,1,Block Witch,http://www.kongregate.com/games/captainmatti/block-witch,www.kongregate.com/games/captainmatti/block-witch,10,1,0,yes,2014-08-29,2014-08-29,0,0,0,0,0,0,0,0,0,0,0,0,Run a bounded page-history CDX shard for this game.
not_checked,1,Quest for Sara,http://www.kongregate.com/games/toaster101/quest-for-sara,www.kongregate.com/games/toaster101/quest-for-sara,10,1,0,yes,2014-09-02,2014-09-02,0,0,0,0,0,0,0,0,0,0,0,0,Run a bounded page-history CDX shard for this game.
not_checked,1,Ballistica,http://www.kongregate.com/games/fg247/ballistica,www.kongregate.com/games/fg247/ballistica,10,1,0,yes,2014-09-05,2014-09-05,0,0,0,0,0,0,0,0,0,0,0,0,Run a bounded page-history CDX shard for this game.
not_checked,1,Quest for Chicken,http://www.kongregate.com/games/Beremans/quest-for-chicken,www.kongregate.com/games/beremans/quest-for-chicken,10,1,0,yes,2014-09-12,2014-09-12,0,0,0,0,0,0,0,0,0,0,0,0,Run a bounded page-history CDX shard for this game.
not_checked,1,INXSYS,http://www.kongregate.com/games/Aliensl/inxsys,www.kongregate.com/games/aliensl/inxsys,10,1,0,yes,2014-09-14,2014-09-14,0,0,0,0,0,0,0,0,0,0,0,0,Run a bounded page-history CDX shard for this game.
not_checked,1,PuzzleLineRpg,http://www.kongregate.com/games/Ageofgames/puzzlelinerpg,www.kongregate.com/games/ageofgames/puzzlelinerpg,10,2,0,yes,2014-09-19,2014-09-19,0,0,0,0,0,0,0,0,0,0,0,0,Run a bounded page-history CDX shard for this game.
not_checked,1,"Run, Jump, Meow",http://www.kongregate.com/games/independo/run-jump-meow,www.kongregate.com/games/independo/run-jump-meow,10,1,0,yes,2014-09-20,2014-09-20,0,0,0,0,0,0,0,0,0,0,0,0,Run a bounded page-history CDX shard for this game.
not_checked,1,Neophoenix,http://www.kongregate.com/games/jfpraetor/neophoenix,www.kongregate.com/games/jfpraetor/neophoenix,10,1,0,yes,2014-09-26,2014-09-26,0,0,0,0,0,0,0,0,0,0,0,0,Run a bounded page-history CDX shard for this game.
not_checked,1,Voice from the Sea,http://www.kongregate.com/games/zeiva/voice-from-the-sea,www.kongregate.com/games/zeiva/voice-from-the-sea,10,1,0,yes,2014-09-26,2014-09-26,0,0,0,0,0,0,0,0,0,0,0,0,Run a bounded page-history CDX shard for this game.
not_checked,1,Duck Hunt,http://www.kongregate.com/games/Killer_Killed/duck-hunt,www.kongregate.com/games/killer_killed/duck-hunt,10,1,0,yes,2014-10-03,2014-10-03,0,0,0,0,0,0,0,0,0,0,0,0,Run a bounded page-history CDX shard for this game.
not_checked,1,Gravitee Wars Online,http://www.kongregate.com/games/FunkyPear/gravitee-wars-online,www.kongregate.com/games/funkypear/gravitee-wars-online,10,36,4,yes,2014-10-03,2014-10-24,0,0,0,0,0,0,0,0,0,0,0,0,Run a bounded page-history CDX shard for this game.
not_checked,1,Barons Gate 2,http://www.kongregate.com/games/Griman/barons-gate-2,www.kongregate.com/games/griman/barons-gate-2,10,1,0,yes,2014-10-04,2014-10-04,0,0,0,0,0,0,0,0,0,0,0,0,Run a bounded page-history CDX shard for this game.
not_checked,1,Flappy Potato,http://www.kongregate.com/games/CharisOTimoros/flappy-potato,www.kongregate.com/games/charisotimoros/flappy-potato,10,1,0,yes,2014-10-13,2014-10-13,0,0,0,0,0,0,0,0,0,0,0,0,Run a bounded page-history CDX shard for this game.
not_checked,1,Road Run Mirr,http://www.kongregate.com/games/Alpha_bros/road-run-mirr,www.kongregate.com/games/alpha_bros/road-run-mirr,10,1,0,yes,2014-10-17,2014-10-17,0,0,0,0,0,0,0,0,0,0,0,0,Run a bounded page-history CDX shard for this game.
not_checked,1,Kakele Hx,http://www.kongregate.com/games/LucasXero/kakele-hx,www.kongregate.com/games/lucasxero/kakele-hx,10,1,0,yes,2014-10-24,2014-10-24,0,0,0,0,0,0,0,0,0,0,0,0,Run a bounded page-history CDX shard for this game.
not_checked,1,Age Manipulation,http://www.kongregate.com/games/dphoenix90/age-manipulation,www.kongregate.com/games/dphoenix90/age-manipulation,10,1,0,yes,2014-10-29,2014-10-29,0,0,0,0,0,0,0,0,0,0,0,0,Run a bounded page-history CDX shard for this game.
not_checked,1,Demon Tag Online,http://www.kongregate.com/games/LastLightStudios/demon-tag-online,www.kongregate.com/games/lastlightstudios/demon-tag-online,10,1,0,yes,2014-10-31,2014-10-31,0,0,0,0,0,0,0,0,0,0,0,0,Run a bounded page-history CDX shard for this game.
not_checked,1,BALLGAME!,http://www.kongregate.com/games/MuzzammilS/ballgame,www.kongregate.com/games/muzzammils/ballgame,10,1,0,yes,2014-11-11,2014-11-11,0,0,0,0,0,0,0,0,0,0,0,0,Run a bounded page-history CDX shard for this game.
not_checked,1,Space Station Escape BM,http://www.kongregate.com/games/sunvoltizer/space-station-escape-bm,www.kongregate.com/games/sunvoltizer/space-station-escape-bm,10,1,0,yes,2014-11-25,2014-11-25,0,0,0,0,0,0,0,0,0,0,0,0,Run a bounded page-history CDX shard for this game.
not_checked,1,Zuzu The Elf,http://www.kongregate.com/games/ArcadeHero/zuzu-the-elf,www.kongregate.com/games/arcadehero/zuzu-the-elf,10,1,0,yes,2014-12-02,2014-12-02,0,0,0,0,0,0,0,0,0,0,0,0,Run a bounded page-history CDX shard for this game.
not_checked,1,Walled,http://www.kongregate.com/games/Uguii/walled,www.kongregate.com/games/uguii/walled,10,1,0,yes,2014-12-10,2014-12-10,0,0,0,0,0,0,0,0,0,0,0,0,Run a bounded page-history CDX shard for this game.
not_checked,1,Sentinel,http://www.kongregate.com/games/Gasparfx/sentinel,www.kongregate.com/games/gasparfx/sentinel,10,1,0,yes,2014-12-17,2014-12-17,0,0,0,0,0,0,0,0,0,0,0,0,Run a bounded page-history CDX shard for this game.
not_checked,1,Akaneiro,http://www.kongregate.com/games/Spicyhorse/akaneiro,www.kongregate.com/games/spicyhorse/akaneiro,10,18,0,yes,2014-12-27,2016-11-19,0,0,0,0,0,0,0,0,0,0,0,0,Run a bounded page-history CDX shard for this game.
not_checked,1,Beetlo,http://www.kongregate.com/games/daoudsammer/beetlo,www.kongregate.com/games/daoudsammer/beetlo,10,1,0,yes,2014-12-30,2014-12-30,0,0,0,0,0,0,0,0,0,0,0,0,Run a bounded page-history CDX shard for this game.
not_checked,1,RobotPet,http://www.kongregate.com/games/nooze/robotpet,www.kongregate.com/games/nooze/robotpet,10,1,0,yes,2015-01-03,2015-01-03,0,0,0,0,0,0,0,0,0,0,0,0,Run a bounded page-history CDX shard for this game.
not_checked,1,Galactic Clicker,http://www.kongregate.com/games/ceptri/galactic-clicker,www.kongregate.com/games/ceptri/galactic-clicker,10,4,0,yes,2015-01-18,2015-02-07,0,0,0,0,0,0,0,0,0,0,0,0,Run a bounded page-history CDX shard for this game.
not_checked,1,Dystopia 101,http://www.kongregate.com/games/Plopix/dystopia-101,www.kongregate.com/games/plopix/dystopia-101,10,1,0,yes,2015-04-01,2015-04-01,0,0,0,0,0,0,0,0,0,0,0,0,Run a bounded page-history CDX shard for this game.
not_checked,1,Woodclicker,http://www.kongregate.com/games/Exception_e/woodclicker,www.kongregate.com/games/exception_e/woodclicker,10,2,0,yes,2015-05-06,2015-05-12,0,0,0,0,0,0,0,0,0,0,0,0,Run a bounded page-history CDX shard for this game.
not_checked,1,Flappy Bird (MY GAME),http://www.kongregate.com/games/BryanProGamer/flappy-bird-my-game,www.kongregate.com/games/bryanprogamer/flappy-bird-my-game,10,1,0,yes,2015-09-03,2015-09-03,0,0,0,0,0,0,0,0,0,0,0,0,Run a bounded page-history CDX shard for this game.
not_checked,1,Wallzy,http://www.kongregate.com/games/crazyram/wallzy,www.kongregate.com/games/crazyram/wallzy,10,1,0,yes,2015-09-09,2015-09-09,0,0,0,0,0,0,0,0,0,0,0,0,Run a bounded page-history CDX shard for this game.
not_checked,1,Hut Take Control 5,http://www.kongregate.com/games/monsterplay999/hut-take-control-5,www.kongregate.com/games/monsterplay999/hut-take-control-5,10,1,0,yes,2015-09-14,2015-09-14,0,0,0,0,0,0,0,0,0,0,0,0,Run a bounded page-history CDX shard for this game.
not_checked,1,Barbie playing with Baby,http://www.kongregate.com/games/gamesforgirlz/barbie-playing-with-baby,www.kongregate.com/games/gamesforgirlz/barbie-playing-with-baby,10,1,0,yes,2015-09-30,2015-09-30,0,0,0,0,0,0,0,0,0,0,0,0,Run a bounded page-history CDX shard for this game.
not_checked,1,RCM,http://www.kongregate.com/games/groupsky/rcm,www.kongregate.com/games/groupsky/rcm,10,2,0,yes,2015-10-04,2015-10-13,0,0,0,0,0,0,0,0,0,0,0,0,Run a bounded page-history CDX shard for this game.
not_checked,1,Shop Heroes,http://www.kongregate.com/games/cloudcade/shop-heroes,www.kongregate.com/games/cloudcade/shop-heroes,10,9,0,yes,2015-10-29,2017-06-24,0,0,0,0,0,0,0,0,0,0,0,0,Run a bounded page-history CDX shard for this game.
not_checked,1,Contra City,http://www.kongregate.com/games/ContraCity/contra-city,www.kongregate.com/games/contracity/contra-city,10,1,0,yes,2015-11-08,2015-11-08,0,0,0,0,0,0,0,0,0,0,0,0,Run a bounded page-history CDX shard for this game.
not_checked,1,E L K,http://www.kongregate.com/games/weedoor/e-l-k,www.kongregate.com/games/weedoor/e-l-k,10,1,0,yes,2015-12-05,2015-12-05,0,0,0,0,0,0,0,0,0,0,0,0,Run a bounded page-history CDX shard for this game.
not_checked,1,New House Simulator 2015,http://www.kongregate.com/games/gigaXD/new-house-simulator-2015,www.kongregate.com/games/gigaxd/new-house-simulator-2015,10,1,0,yes,2015-12-18,2015-12-18,0,0,0,0,0,0,0,0,0,0,0,0,Run a bounded page-history CDX shard for this game.
not_checked,1,Jigsaw,http://www.kongregate.com/games/OlegF21/jigsaw,www.kongregate.com/games/olegf21/jigsaw,10,1,0,yes,2015-12-26,2015-12-26,0,0,0,0,0,0,0,0,0,0,0,0,Run a bounded page-history CDX shard for this game.
not_checked,1,Avoid the rockets,http://www.kongregate.com/games/StenliO/avoid-the-rockets,www.kongregate.com/games/stenlio/avoid-the-rockets,10,1,0,yes,2016-01-02,2016-01-02,0,0,0,0,0,0,0,0,0,0,0,0,Run a bounded page-history CDX shard for this game.
not_checked,1,Vapid Taxi Jigsaw,http://www.kongregate.com/games/newgamess/vapid-taxi-jigsaw,www.kongregate.com/games/newgamess/vapid-taxi-jigsaw,10,1,0,yes,2016-02-02,2016-02-02,0,0,0,0,0,0,0,0,0,0,0,0,Run a bounded page-history CDX shard for this game.
not_checked,1,SpongeBob Sport Jigsaw,http://www.kongregate.com/games/newgamess/spongebob-sport-jigsaw,www.kongregate.com/games/newgamess/spongebob-sport-jigsaw,10,1,0,yes,2016-02-17,2016-02-17,0,0,0,0,0,0,0,0,0,0,0,0,Run a bounded page-history CDX shard for this game.
not_checked,1,Football with Cubes,http://www.kongregate.com/games/FilipT130/football-with-cubes,www.kongregate.com/games/filipt130/football-with-cubes,10,1,0,yes,2016-02-28,2016-02-28,0,0,0,0,0,0,0,0,0,0,0,0,Run a bounded page-history CDX shard for this game.
not_checked,1,Just Chat,http://www.kongregate.com/games/Salomanity/just-chat,www.kongregate.com/games/salomanity/just-chat,10,1,0,yes,2016-03-05,2016-03-05,0,0,0,0,0,0,0,0,0,0,0,0,Run a bounded page-history CDX shard for this game.
not_checked,1,Deep Sea Hunter 2,http://www.kongregate.com/games/Funtomic/deep-sea-hunter-2,www.kongregate.com/games/funtomic/deep-sea-hunter-2,10,1,0,yes,2016-03-07,2016-03-07,0,0,0,0,0,0,0,0,0,0,0,0,Run a bounded page-history CDX shard for this game.
not_checked,1,One person in a Strange Planet,http://www.kongregate.com/games/Jotappolk/one-person-in-a-strange-planet,www.kongregate.com/games/jotappolk/one-person-in-a-strange-planet,10,1,0,yes,2016-03-16,2016-03-16,0,0,0,0,0,0,0,0,0,0,0,0,Run a bounded page-history CDX shard for this game.
not_checked,1,Notebook Wars U WebV,http://www.kongregate.com/games/matakukos/notebook-wars-u-webv,www.kongregate.com/games/matakukos/notebook-wars-u-webv,10,1,0,yes,2016-03-24,2016-03-24,0,0,0,0,0,0,0,0,0,0,0,0,Run a bounded page-history CDX shard for this game.
not_checked,1,Galaxy Empires v.2,http://www.kongregate.com/games/kubagobg/galaxy-empires-v-2,www.kongregate.com/games/kubagobg/galaxy-empires-v-2,10,1,0,yes,2016-05-06,2016-05-06,0,0,0,0,0,0,0,0,0,0,0,0,Run a bounded page-history CDX shard for this game.
not_checked,1,Space Ninja Future Action,http://www.kongregate.com/games/D34DLY/space-ninja-future-action,www.kongregate.com/games/d34dly/space-ninja-future-action,10,1,0,yes,2016-05-15,2016-05-15,0,0,0,0,0,0,0,0,0,0,0,0,Run a bounded page-history CDX shard for this game.
not_checked,1,Target Practice,http://www.kongregate.com/games/Mrflibfishy/target-practice,www.kongregate.com/games/mrflibfishy/target-practice,10,1,0,yes,2016-05-23,2016-05-23,0,0,0,0,0,0,0,0,0,0,0,0,Run a bounded page-history CDX shard for this game.
not_checked,1,Green's Journey Through Hell,http://www.kongregate.com/games/Trapman88/greens-journey-through-hell,www.kongregate.com/games/trapman88/greens-journey-through-hell,10,1,0,yes,2016-05-24,2016-05-24,0,0,0,0,0,0,0,0,0,0,0,0,Run a bounded page-history CDX shard for this game.
not_checked,1,Blang,http://www.kongregate.com/games/redux/blang,www.kongregate.com/games/redux/blang,10,6,0,yes,2016-05-25,2017-07-24,0,0,0,0,0,0,0,0,0,0,0,0,Run a bounded page-history CDX shard for this game.
not_checked,1,Crush Crush,https://www.kongregate.com/games/SadPandaStudios/crush-crush,www.kongregate.com/games/sadpandastudios/crush-crush,10,130,17,yes,2016-06-01,2019-12-02,0,0,0,0,0,0,0,0,0,0,0,0,Run a bounded page-history CDX shard for this game.
not_checked,1,Ice Cold Love,http://www.kongregate.com/games/Palups/ice-cold-love,www.kongregate.com/games/palups/ice-cold-love,10,1,0,yes,2016-06-04,2016-06-04,0,0,0,0,0,0,0,0,0,0,0,0,Run a bounded page-history CDX shard for this game.
not_checked,1,Fruit Zombie Defense 3,http://www.kongregate.com/games/thegames8dotcom/fruit-zombie-defense-3,www.kongregate.com/games/thegames8dotcom/fruit-zombie-defense-3,10,1,0,yes,2016-06-05,2016-06-05,0,0,0,0,0,0,0,0,0,0,0,0,Run a bounded page-history CDX shard for this game.
not_checked,1,ASTEROIDS CL,http://www.kongregate.com/games/PinedaMR/asteroids-cl,www.kongregate.com/games/pinedamr/asteroids-cl,10,1,0,yes,2016-06-22,2016-06-22,0,0,0,0,0,0,0,0,0,0,0,0,Run a bounded page-history CDX shard for this game.
not_checked,1,IDLE DOGE(Basic Version),http://www.kongregate.com/games/marcew44/idle-doge-basic-version,www.kongregate.com/games/marcew44/idle-doge-basic-version,10,1,0,yes,2016-07-07,2016-07-07,0,0,0,0,0,0,0,0,0,0,0,0,Run a bounded page-history CDX shard for this game.
not_checked,1,One Chance Dungeon,http://www.kongregate.com/games/Carbonbyte/one-chance-dungeon,www.kongregate.com/games/carbonbyte/one-chance-dungeon,10,1,0,yes,2016-07-14,2016-07-14,0,0,0,0,0,0,0,0,0,0,0,0,Run a bounded page-history CDX shard for this game.
not_checked,1,Porsche Vision GT,http://www.kongregate.com/games/newgamess/porsche-vision-gt,www.kongregate.com/games/newgamess/porsche-vision-gt,10,1,0,yes,2016-07-20,2016-07-20,0,0,0,0,0,0,0,0,0,0,0,0,Run a bounded page-history CDX shard for this game.
not_checked,1,Monster Truck Shadowlands 3,http://www.kongregate.com/games/vitalitygames/monster-truck-shadowlands-3,www.kongregate.com/games/vitalitygames/monster-truck-shadowlands-3,10,1,0,yes,2016-07-27,2016-07-27,0,0,0,0,0,0,0,0,0,0,0,0,Run a bounded page-history CDX shard for this game.
not_checked,1,Elsa and Anna landing on Mars,http://www.kongregate.com/games/gamesforgirlz/elsa-and-anna-landing-on-mars,www.kongregate.com/games/gamesforgirlz/elsa-and-anna-landing-on-mars,10,1,0,yes,2016-08-05,2016-08-05,0,0,0,0,0,0,0,0,0,0,0,0,Run a bounded page-history CDX shard for this game.
not_checked,1,Zig Zag,http://www.kongregate.com/games/LovattoStudio/zig-zag,www.kongregate.com/games/lovattostudio/zig-zag,10,1,0,yes,2016-08-13,2016-08-13,0,0,0,0,0,0,0,0,0,0,0,0,Run a bounded page-history CDX shard for this game.
not_checked,1,Who Can Escape Ghost House,http://www.kongregate.com/games/rahchel321/who-can-escape-ghost-house,www.kongregate.com/games/rahchel321/who-can-escape-ghost-house,10,1,0,yes,2016-08-20,2016-08-20,0,0,0,0,0,0,0,0,0,0,0,0,Run a bounded page-history CDX shard for this game.
not_checked,1,Escape Game: 13 Doors,http://www.kongregate.com/games/rahchel321/escape-game-13-doors,www.kongregate.com/games/rahchel321/escape-game-13-doors,10,1,0,yes,2016-08-28,2016-08-28,0,0,0,0,0,0,0,0,0,0,0,0,Run a bounded page-history CDX shard for this game.
not_checked,1,Realistic world,http://www.kongregate.com/games/hkirkman/realistic-world,www.kongregate.com/games/hkirkman/realistic-world,10,1,0,yes,2016-09-03,2016-09-03,0,0,0,0,0,0,0,0,0,0,0,0,Run a bounded page-history CDX shard for this game.
not_checked,1,Boomerang Chang 2,http://www.kongregate.com/games/sushistory/boomerang-chang-2,www.kongregate.com/games/sushistory/boomerang-chang-2,10,1,0,yes,2016-09-16,2016-09-16,0,0,0,0,0,0,0,0,0,0,0,0,Run a bounded page-history CDX shard for this game.
not_checked,1,Shark Hero Dekino - Platform Runner,http://www.kongregate.com/games/Keyeske/shark-hero-dekino-platform-runner,www.kongregate.com/games/keyeske/shark-hero-dekino-platform-runner,10,1,0,yes,2016-09-17,2016-09-17,0,0,0,0,0,0,0,0,0,0,0,0,Run a bounded page-history CDX shard for this game.
not_checked,1,Dangerous Adventure 2,http://www.kongregate.com/games/MARTINIRosso/dangerous-adventure-2,www.kongregate.com/games/martinirosso/dangerous-adventure-2,10,1,0,yes,2016-09-23,2016-09-23,0,0,0,0,0,0,0,0,0,0,0,0,Run a bounded page-history CDX shard for this game.
not_checked,1,Easy Notepad,http://www.kongregate.com/games/dw817/easy-notepad,www.kongregate.com/games/dw817/easy-notepad,10,1,0,yes,2016-10-04,2016-10-04,0,0,0,0,0,0,0,0,0,0,0,0,Run a bounded page-history CDX shard for this game.
not_checked,1,Salvavidas,http://www.kongregate.com/games/srikaran_p/salvavidas,www.kongregate.com/games/srikaran_p/salvavidas,10,1,0,yes,2016-10-10,2016-10-10,0,0,0,0,0,0,0,0,0,0,0,0,Run a bounded page-history CDX shard for this game.
not_checked,1,SqUaReTa Mayhem,http://www.kongregate.com/games/PotatoGalaxyX/squareta-mayhem,www.kongregate.com/games/potatogalaxyx/squareta-mayhem,10,1,0,yes,2016-10-17,2016-10-17,0,0,0,0,0,0,0,0,0,0,0,0,Run a bounded page-history CDX shard for this game.
not_checked,1,G7- Happy Halloween,http://www.kongregate.com/games/Ahamed1989/g7-happy-halloween,www.kongregate.com/games/ahamed1989/g7-happy-halloween,10,1,0,yes,2016-10-18,2016-10-18,0,0,0,0,0,0,0,0,0,0,0,0,Run a bounded page-history CDX shard for this game.
not_checked,1,Kate's Adventure,http://www.kongregate.com/games/bititstudio/kates-adventure,www.kongregate.com/games/bititstudio/kates-adventure,10,1,0,yes,2016-10-24,2016-10-24,0,0,0,0,0,0,0,0,0,0,0,0,Run a bounded page-history CDX shard for this game.
not_checked,1,Bow Island - A Bowshooting Game,http://www.kongregate.com/games/lilgamefactory/bow-island-a-bowshooting-game,www.kongregate.com/games/lilgamefactory/bow-island-a-bowshooting-game,10,1,0,yes,2016-10-30,2016-10-30,0,0,0,0,0,0,0,0,0,0,0,0,Run a bounded page-history CDX shard for this game.
not_checked,1,Knf Car Workshop Escape,http://www.kongregate.com/games/knfescapegame/knf-car-workshop-escape,www.kongregate.com/games/knfescapegame/knf-car-workshop-escape,10,1,0,yes,2017-05-05,2017-05-05,0,0,0,0,0,0,0,0,0,0,0,0,Run a bounded page-history CDX shard for this game.
not_checked,1,The Simplest breakout,http://www.kongregate.com/games/AgaMatt/the-simplest-breakout,www.kongregate.com/games/agamatt/the-simplest-breakout,10,1,0,yes,2017-05-16,2017-05-16,0,0,0,0,0,0,0,0,0,0,0,0,Run a bounded page-history CDX shard for this game.
not_checked,1,Crossbows,http://www.kongregate.com/games/ciobeni/crossbows,www.kongregate.com/games/ciobeni/crossbows,10,1,0,yes,2017-05-25,2017-05-25,0,0,0,0,0,0,0,0,0,0,0,0,Run a bounded page-history CDX shard for this game.
not_checked,1,Tabletop idle,http://www.kongregate.com/games/omgnoob191/tabletop-idle,www.kongregate.com/games/omgnoob191/tabletop-idle,10,9,0,yes,2017-05-27,2017-06-18,0,0,0,0,0,0,0,0,0,0,0,0,Run a bounded page-history CDX shard for this game.
not_checked,1,SPACEPLAN Prototype,http://www.kongregate.com/games/jhollands/spaceplan-prototype,www.kongregate.com/games/jhollands/spaceplan-prototype,10,7,0,yes,2017-05-30,2017-06-18,0,0,0,0,0,0,0,0,0,0,0,0,Run a bounded page-history CDX shard for this game.
not_checked,1,Khozz Quiz,http://www.kongregate.com/games/SrOberon/khozz-quiz,www.kongregate.com/games/sroberon/khozz-quiz,10,1,0,yes,2017-06-15,2017-06-15,0,0,0,0,0,0,0,0,0,0,0,0,Run a bounded page-history CDX shard for this game.
not_checked,1,The Jungle Man,http://www.kongregate.com/games/minininja956/the-jungle-man,www.kongregate.com/games/minininja956/the-jungle-man,10,1,0,yes,2017-06-16,2017-06-16,0,0,0,0,0,0,0,0,0,0,0,0,Run a bounded page-history CDX shard for this game.
not_checked,1,21 SaVaGe - No Heart,http://www.kongregate.com/games/iDarkzQa/21-savage-no-heart,www.kongregate.com/games/idarkzqa/21-savage-no-heart,10,1,0,yes,2017-06-25,2017-06-25,0,0,0,0,0,0,0,0,0,0,0,0,Run a bounded page-history CDX shard for this game.
not_checked,1,Perspective Beta,http://www.kongregate.com/games/awsome52486/perspective-beta,www.kongregate.com/games/awsome52486/perspective-beta,10,1,0,yes,2017-07-03,2017-07-03,0,0,0,0,0,0,0,0,0,0,0,0,Run a bounded page-history CDX shard for this game.
not_checked,1,Act Before Counteract,http://www.kongregate.com/games/Enagamess/act-before-counteract,www.kongregate.com/games/enagamess/act-before-counteract,10,1,0,yes,2017-07-20,2017-07-20,0,0,0,0,0,0,0,0,0,0,0,0,Run a bounded page-history CDX shard for this game.
not_checked,1,Adventure of cursed dippa Escape,http://www.kongregate.com/games/Nsrgames/adventure-of-cursed-dippa-escape,www.kongregate.com/games/nsrgames/adventure-of-cursed-dippa-escape,10,1,0,yes,2017-07-28,2017-07-28,0,0,0,0,0,0,0,0,0,0,0,0,Run a bounded page-history CDX shard for this game.
not_checked,1,Blue Runner,http://www.kongregate.com/games/Larryquartz/blue-runner,www.kongregate.com/games/larryquartz/blue-runner,10,1,0,yes,2017-07-29,2017-07-29,0,0,0,0,0,0,0,0,0,0,0,0,Run a bounded page-history CDX shard for this game.
not_checked,1,Zombie Match,http://www.kongregate.com/games/LovattoStudio/zombie-match,www.kongregate.com/games/lovattostudio/zombie-match,10,1,0,yes,2017-08-05,2017-08-05,0,0,0,0,0,0,0,0,0,0,0,0,Run a bounded page-history CDX shard for this game.
not_checked,1,Forest Cave Escape,http://www.kongregate.com/games/top10newgames/forest-cave-escape,www.kongregate.com/games/top10newgames/forest-cave-escape,10,1,0,yes,2017-08-11,2017-08-11,0,0,0,0,0,0,0,0,0,0,0,0,Run a bounded page-history CDX shard for this game.
not_checked,1,Deep Dive (HTML5),http://www.kongregate.com/games/zygomaticgames/deep-dive-html5,www.kongregate.com/games/zygomaticgames/deep-dive-html5,10,1,0,yes,2017-08-17,2017-08-17,0,0,0,0,0,0,0,0,0,0,0,0,Run a bounded page-history CDX shard for this game.
not_checked,1,Color Labyrinth,http://www.kongregate.com/games/garywolflu/color-labyrinth,www.kongregate.com/games/garywolflu/color-labyrinth,10,1,0,yes,2017-08-23,2017-08-23,0,0,0,0,0,0,0,0,0,0,0,0,Run a bounded page-history CDX shard for this game.
not_checked,1,Antimatter Dimensions,http://www.kongregate.com/games/Hevipelle/antimatter-dimensions,www.kongregate.com/games/hevipelle/antimatter-dimensions,10,4,0,yes,2017-08-25,2017-08-25,0,0,0,0,0,0,0,0,0,0,0,0,Run a bounded page-history CDX shard for this game.
not_checked,1,Square Hopper,http://www.kongregate.com/games/OneSlapStudios/square-hopper,www.kongregate.com/games/oneslapstudios/square-hopper,10,1,0,yes,2017-09-04,2017-09-04,0,0,0,0,0,0,0,0,0,0,0,0,Run a bounded page-history CDX shard for this game.
not_checked,1,Abcd Edu Kids,http://www.kongregate.com/games/Nsrgames/abcd-edu-kids,www.kongregate.com/games/nsrgames/abcd-edu-kids,10,1,0,yes,2017-09-13,2017-09-13,0,0,0,0,0,0,0,0,0,0,0,0,Run a bounded page-history CDX shard for this game.
not_checked,1,Elarasi,http://www.kongregate.com/games/billorko/elarasi,www.kongregate.com/games/billorko/elarasi,10,1,0,yes,2017-09-30,2017-09-30,0,0,0,0,0,0,0,0,0,0,0,0,Run a bounded page-history CDX shard for this game.
not_checked,1,the supper driver,http://www.kongregate.com/games/nrsgames/the-supper-driver,www.kongregate.com/games/nrsgames/the-supper-driver,10,1,0,yes,2017-10-15,2017-10-15,0,0,0,0,0,0,0,0,0,0,0,0,Run a bounded page-history CDX shard for this game.
not_checked,1,Halloween Party,http://www.kongregate.com/games/gonzos/halloween-party,www.kongregate.com/games/gonzos/halloween-party,10,1,0,yes,2017-10-24,2017-10-24,0,0,0,0,0,0,0,0,0,0,0,0,Run a bounded page-history CDX shard for this game.
not_checked,1,Robert Bodnar's Barnsley Adventure,http://www.kongregate.com/games/skarpeci/robert-bodnars-barnsley-adventure,www.kongregate.com/games/skarpeci/robert-bodnars-barnsley-adventure,10,1,0,yes,2017-11-06,2017-11-06,0,0,0,0,0,0,0,0,0,0,0,0,Run a bounded page-history CDX shard for this game.
not_checked,1,Stretchy Ninja BETA,http://www.kongregate.com/games/uzzbuzz/stretchy-ninja-beta,www.kongregate.com/games/uzzbuzz/stretchy-ninja-beta,10,1,0,yes,2021-01-25,2021-01-25,0,0,0,0,0,0,0,0,0,0,0,0,Run a bounded page-history CDX shard for this game.
not_checked,1,Memory Booster Animals,https://www.kongregate.com/games/dslevis/round-racing,www.kongregate.com/games/dslevis/round-racing,10,1,0,yes,2021-11-12,2021-11-12,0,0,0,0,0,0,0,0,0,0,0,0,Run a bounded page-history CDX shard for this game.
not_checked,1,Boxes,http://www.kongregate.com/games/Llamatron/boxes,www.kongregate.com/games/llamatron/boxes,11,1,0,yes,2014-08-22,2014-08-22,0,0,0,0,0,0,0,0,0,0,0,0,Run a bounded page-history CDX shard for this game.
not_checked,1,Red Remover Player Pack,http://www.kongregate.com/games/TheGameHomepage/red-remover-player-pack,www.kongregate.com/games/thegamehomepage/red-remover-player-pack,11,33,0,yes,2014-08-22,2016-04-12,0,0,0,0,0,0,0,0,0,0,0,0,Run a bounded page-history CDX shard for this game.
not_checked,1,Super Monday Night Combat,http://www.kongregate.com/games/uberent/super-monday-night-combat,www.kongregate.com/games/uberent/super-monday-night-combat,11,28,0,yes,2014-08-22,2016-08-17,0,0,0,0,0,0,0,0,0,0,0,0,Run a bounded page-history CDX shard for this game.
not_checked,1,Prince Save Corpse Bride,http://www.kongregate.com/games/67263915w/prince-save-corpse-bride,www.kongregate.com/games/67263915w/prince-save-corpse-bride,11,1,0,yes,2014-08-26,2014-08-26,0,0,0,0,0,0,0,0,0,0,0,0,Run a bounded page-history CDX shard for this game.
not_checked,1,Custom Moon Kombat,http://www.kongregate.com/games/Pixeltastic/custom-moon-kombat,www.kongregate.com/games/pixeltastic/custom-moon-kombat,11,1,0,yes,2014-08-29,2014-08-29,0,0,0,0,0,0,0,0,0,0,0,0,Run a bounded page-history CDX shard for this game.
not_checked,1,Classic Heroes Jigsaw,http://www.kongregate.com/games/newgamess/classic-heroes-jigsaw,www.kongregate.com/games/newgamess/classic-heroes-jigsaw,11,1,0,yes,2014-09-05,2014-09-05,0,0,0,0,0,0,0,0,0,0,0,0,Run a bounded page-history CDX shard for this game.
not_checked,1,Big Talk Marksman,http://www.kongregate.com/games/game4joy1/big-talk-marksman,www.kongregate.com/games/game4joy1/big-talk-marksman,11,1,0,yes,2014-09-12,2014-09-12,0,0,0,0,0,0,0,0,0,0,0,0,Run a bounded page-history CDX shard for this game.
not_checked,1,"Deadly ninjas die when jumped on head, but they are fast so attack them one by one",http://www.kongregate.com/games/MrLat/deadly-ninjas-die-when-jumped-on-head-but-they-are-fast-so-attack-them-one-by-one,www.kongregate.com/games/mrlat/deadly-ninjas-die-when-jumped-on-head-but-they-are-fast-so-attack-them-one-by-one,11,1,0,yes,2014-09-14,2014-09-14,0,0,0,0,0,0,0,0,0,0,0,0,Run a bounded page-history CDX shard for this game.
not_checked,1,Super Splash Cannon,http://www.kongregate.com/games/JeremyW/super-splash-cannon,www.kongregate.com/games/jeremyw/super-splash-cannon,11,1,0,yes,2014-09-20,2014-09-20,0,0,0,0,0,0,0,0,0,0,0,0,Run a bounded page-history CDX shard for this game.
not_checked,1,Candy Hop,http://www.kongregate.com/games/dpub78/candy-hop,www.kongregate.com/games/dpub78/candy-hop,11,1,0,yes,2014-09-26,2014-09-26,0,0,0,0,0,0,0,0,0,0,0,0,Run a bounded page-history CDX shard for this game.
not_checked,1,Flight of the Ninja,http://www.kongregate.com/games/nuggeta/flight-of-the-ninja,www.kongregate.com/games/nuggeta/flight-of-the-ninja,11,1,0,yes,2014-09-26,2014-09-26,0,0,0,0,0,0,0,0,0,0,0,0,Run a bounded page-history CDX shard for this game.
not_checked,1,Rogue Soul 2,https://www.kongregate.com/games/SoulGame/rogue-soul-2,www.kongregate.com/games/soulgame/rogue-soul-2,11,58,0,yes,2014-09-26,2017-05-25,0,0,0,0,0,0,0,0,0,0,0,0,Run a bounded page-history CDX shard for this game.
not_checked,1,Monster War Zone 2,http://www.kongregate.com/games/monsterplay999/monster-war-zone-2,www.kongregate.com/games/monsterplay999/monster-war-zone-2,11,1,0,yes,2014-10-03,2014-10-03,0,0,0,0,0,0,0,0,0,0,0,0,Run a bounded page-history CDX shard for this game.
not_checked,1,Bicycle Race,http://www.kongregate.com/games/BombikOyun/bicycle-race,www.kongregate.com/games/bombikoyun/bicycle-race,11,1,0,yes,2014-10-04,2014-10-04,0,0,0,0,0,0,0,0,0,0,0,0,Run a bounded page-history CDX shard for this game.
not_checked,1,Mansion on the Hill. LD30,http://www.kongregate.com/games/BuffaloPhil/mansion-on-the-hill-ld30,www.kongregate.com/games/buffalophil/mansion-on-the-hill-ld30,11,1,0,yes,2014-10-09,2014-10-09,0,0,0,0,0,0,0,0,0,0,0,0,Run a bounded page-history CDX shard for this game.
not_checked,1,Dreamolisher,http://www.kongregate.com/games/Luts91/dreamolisher,www.kongregate.com/games/luts91/dreamolisher,11,1,0,yes,2014-10-10,2014-10-10,0,0,0,0,0,0,0,0,0,0,0,0,Run a bounded page-history CDX shard for this game.
not_checked,1,Berts Brain,http://www.kongregate.com/games/PenryP/berts-brain,www.kongregate.com/games/penryp/berts-brain,11,1,0,yes,2014-10-13,2014-10-13,0,0,0,0,0,0,0,0,0,0,0,0,Run a bounded page-history CDX shard for this game.
not_checked,1,Dino Meat Hunt 3 Extra,http://www.kongregate.com/games/RHMGames/dino-meat-hunt-3-extra,www.kongregate.com/games/rhmgames/dino-meat-hunt-3-extra,11,1,0,yes,2014-10-24,2014-10-24,0,0,0,0,0,0,0,0,0,0,0,0,Run a bounded page-history CDX shard for this game.
not_checked,1,2048 Halloween,http://www.kongregate.com/games/abyssgames/2048-halloween,www.kongregate.com/games/abyssgames/2048-halloween,11,1,0,yes,2014-10-29,2014-10-29,0,0,0,0,0,0,0,0,0,0,0,0,Run a bounded page-history CDX shard for this game.
not_checked,1,Mr Bones Revenge,http://www.kongregate.com/games/MassiveHawk/mr-bones-revenge,www.kongregate.com/games/massivehawk/mr-bones-revenge,11,1,0,yes,2014-10-31,2014-10-31,0,0,0,0,0,0,0,0,0,0,0,0,Run a bounded page-history CDX shard for this game.
not_checked,1,Soccer Sim,http://www.kongregate.com/games/ourgames/soccer-sim,www.kongregate.com/games/ourgames/soccer-sim,11,1,0,yes,2014-11-11,2014-11-11,0,0,0,0,0,0,0,0,0,0,0,0,Run a bounded page-history CDX shard for this game.
not_checked,1,Disco Stack,http://www.kongregate.com/games/alastaria_games/disco-stack,www.kongregate.com/games/alastaria_games/disco-stack,11,1,0,yes,2014-11-25,2014-11-25,0,0,0,0,0,0,0,0,0,0,0,0,Run a bounded page-history CDX shard for this game.
not_checked,1,Run Dino Run,http://www.kongregate.com/games/ourgames/run-dino-run,www.kongregate.com/games/ourgames/run-dino-run,11,1,0,yes,2014-12-02,2014-12-02,0,0,0,0,0,0,0,0,0,0,0,0,Run a bounded page-history CDX shard for this game.
not_checked,1,Doraemon Jigsaw Puzzle,http://www.kongregate.com/games/showgirlgames/doraemon-jigsaw-puzzle,www.kongregate.com/games/showgirlgames/doraemon-jigsaw-puzzle,11,1,0,yes,2014-12-10,2014-12-10,0,0,0,0,0,0,0,0,0,0,0,0,Run a bounded page-history CDX shard for this game.
not_checked,1,Upside Down,http://www.kongregate.com/games/zygomaticgames/upside-down,www.kongregate.com/games/zygomaticgames/upside-down,11,1,0,yes,2014-12-30,2014-12-30,0,0,0,0,0,0,0,0,0,0,0,0,Run a bounded page-history CDX shard for this game.
not_checked,1,BaseBros,http://www.kongregate.com/games/colburt187/basebros,www.kongregate.com/games/colburt187/basebros,11,1,0,yes,2015-04-01,2015-04-01,0,0,0,0,0,0,0,0,0,0,0,0,Run a bounded page-history CDX shard for this game.
not_checked,1,Idle Online Universe,http://www.kongregate.com/games/iouRPG/idle-online-universe,www.kongregate.com/games/iourpg/idle-online-universe,11,15,2,yes,2015-07-26,2015-07-26,0,0,0,0,0,0,0,0,0,0,0,0,Run a bounded page-history CDX shard for this game.
not_checked,1,Space Super Shooter 2,http://www.kongregate.com/games/JoeM72/space-super-shooter-2,www.kongregate.com/games/joem72/space-super-shooter-2,11,1,0,yes,2015-09-03,2015-09-03,0,0,0,0,0,0,0,0,0,0,0,0,Run a bounded page-history CDX shard for this game.
not_checked,1,Neon Valley: Revenge,http://www.kongregate.com/games/DynnoJMelloe/neon-valley-revenge,www.kongregate.com/games/dynnojmelloe/neon-valley-revenge,11,1,0,yes,2015-09-09,2015-09-09,0,0,0,0,0,0,0,0,0,0,0,0,Run a bounded page-history CDX shard for this game.
not_checked,1,The Last Samurai,http://www.kongregate.com/games/Geovizz/the-last-samurai,www.kongregate.com/games/geovizz/the-last-samurai,11,1,0,yes,2015-09-14,2015-09-14,0,0,0,0,0,0,0,0,0,0,0,0,Run a bounded page-history CDX shard for this game.
not_checked,1,Tastes and Tales,http://www.kongregate.com/games/SandraKim/tastes-and-tales,www.kongregate.com/games/sandrakim/tastes-and-tales,11,1,0,yes,2015-09-23,2015-09-23,0,0,0,0,0,0,0,0,0,0,0,0,Run a bounded page-history CDX shard for this game.
not_checked,1,Click Fight,http://www.kongregate.com/games/HouseyHouse/click-fight,www.kongregate.com/games/houseyhouse/click-fight,11,1,0,yes,2015-09-30,2015-09-30,0,0,0,0,0,0,0,0,0,0,0,0,Run a bounded page-history CDX shard for this game.
not_checked,1,Cube Escape: Case 23,http://www.kongregate.com/games/RustyLake/cube-escape-case-23,www.kongregate.com/games/rustylake/cube-escape-case-23,11,6,0,yes,2015-10-03,2016-02-03,0,0,0,0,0,0,0,0,0,0,0,0,Run a bounded page-history CDX shard for this game.
not_checked,1,GrindCraft,https://www.kongregate.com/games/jetspice/grindcraft,www.kongregate.com/games/jetspice/grindcraft,11,133,17,yes,2015-10-03,2017-04-08,0,0,0,0,0,0,0,0,0,0,0,0,Run a bounded page-history CDX shard for this game.
not_checked,1,Reactor idle,https://www.kongregate.com/games/Baldurans/reactor-idle,www.kongregate.com/games/baldurans/reactor-idle,11,189,30,yes,2015-11-12,2015-11-13,0,0,0,0,0,0,0,0,0,0,0,0,Run a bounded page-history CDX shard for this game.
not_checked,1,Nukklerma The Horror of Bizmar,http://www.kongregate.com/games/KERBOGAMES/nukklerma-the-horror-of-bizmar,www.kongregate.com/games/kerbogames/nukklerma-the-horror-of-bizmar,11,1,0,yes,2015-12-05,2015-12-05,0,0,0,0,0,0,0,0,0,0,0,0,Run a bounded page-history CDX shard for this game.
not_checked,1,DroneCatcher,http://www.kongregate.com/games/ToPeKaMaArSa/dronecatcher,www.kongregate.com/games/topekamaarsa/dronecatcher,11,1,0,yes,2015-12-18,2015-12-18,0,0,0,0,0,0,0,0,0,0,0,0,Run a bounded page-history CDX shard for this game.
not_checked,1,Lunar Defense - Demo,http://www.kongregate.com/games/LastBulletGames/lunar-defense-demo,www.kongregate.com/games/lastbulletgames/lunar-defense-demo,11,1,0,yes,2016-01-02,2016-01-02,0,0,0,0,0,0,0,0,0,0,0,0,Run a bounded page-history CDX shard for this game.
not_checked,1,Generic puzzle game,http://www.kongregate.com/games/badfitz100/generic-puzzle-game,www.kongregate.com/games/badfitz100/generic-puzzle-game,11,1,0,yes,2016-01-16,2016-01-16,0,0,0,0,0,0,0,0,0,0,0,0,Run a bounded page-history CDX shard for this game.
not_checked,1,Flappy Trump,http://www.kongregate.com/games/reflaugh/flappy-trump,www.kongregate.com/games/reflaugh/flappy-trump,11,1,0,yes,2016-01-25,2016-01-25,0,0,0,0,0,0,0,0,0,0,0,0,Run a bounded page-history CDX shard for this game.
not_checked,1,Creepers Hunter,http://www.kongregate.com/games/pixamy/creepers-hunter,www.kongregate.com/games/pixamy/creepers-hunter,11,1,0,yes,2016-02-02,2016-02-02,0,0,0,0,0,0,0,0,0,0,0,0,Run a bounded page-history CDX shard for this game.
not_checked,1,Unicorn,http://www.kongregate.com/games/NotMoribund/unicorn,www.kongregate.com/games/notmoribund/unicorn,11,1,0,yes,2016-02-28,2016-02-28,0,0,0,0,0,0,0,0,0,0,0,0,Run a bounded page-history CDX shard for this game.
not_checked,1,olo,http://www.kongregate.com/games/tonymx/olo,www.kongregate.com/games/tonymx/olo,11,1,0,yes,2016-03-05,2016-03-05,0,0,0,0,0,0,0,0,0,0,0,0,Run a bounded page-history CDX shard for this game.
not_checked,1,Money Movers 2,http://www.kongregate.com/games/Funtomic/money-movers-2,www.kongregate.com/games/funtomic/money-movers-2,11,1,0,yes,2016-03-07,2016-03-07,0,0,0,0,0,0,0,0,0,0,0,0,Run a bounded page-history CDX shard for this game.
not_checked,1,Buggie,http://www.kongregate.com/games/del7400618/buggie,www.kongregate.com/games/del7400618/buggie,11,1,0,yes,2016-03-16,2016-03-16,0,0,0,0,0,0,0,0,0,0,0,0,Run a bounded page-history CDX shard for this game.
not_checked,1,Planetarium,http://www.kongregate.com/games/Icon3x/planetarium,www.kongregate.com/games/icon3x/planetarium,11,1,0,yes,2016-03-20,2016-03-20,0,0,0,0,0,0,0,0,0,0,0,0,Run a bounded page-history CDX shard for this game.
not_checked,1,Connor's 2 Player Space Game,http://www.kongregate.com/games/therealconsgames/connors-2-player-space-game,www.kongregate.com/games/therealconsgames/connors-2-player-space-game,11,1,0,yes,2016-03-24,2016-03-24,0,0,0,0,0,0,0,0,0,0,0,0,Run a bounded page-history CDX shard for this game.
not_checked,1,Rescue the scientist,http://www.kongregate.com/games/Saeedhassan576/rescue-the-scientist,www.kongregate.com/games/saeedhassan576/rescue-the-scientist,11,1,0,yes,2016-05-06,2016-05-06,0,0,0,0,0,0,0,0,0,0,0,0,Run a bounded page-history CDX shard for this game.
not_checked,1,World Tycoon Game,http://www.kongregate.com/games/Coisadegenio/world-tycoon-game,www.kongregate.com/games/coisadegenio/world-tycoon-game,11,1,0,yes,2016-05-15,2016-05-15,0,0,0,0,0,0,0,0,0,0,0,0,Run a bounded page-history CDX shard for this game.
not_checked,1,Happy Feet Treasure Hunt,http://www.kongregate.com/games/qywlgame/happy-feet-treasure-hunt,www.kongregate.com/games/qywlgame/happy-feet-treasure-hunt,11,1,0,yes,2016-05-23,2016-05-23,0,0,0,0,0,0,0,0,0,0,0,0,Run a bounded page-history CDX shard for this game.
not_checked,1,Pane Con Cioccolato,http://www.kongregate.com/games/loogames/pane-con-cioccolato,www.kongregate.com/games/loogames/pane-con-cioccolato,11,1,0,yes,2016-05-24,2016-05-24,0,0,0,0,0,0,0,0,0,0,0,0,Run a bounded page-history CDX shard for this game.
not_checked,1,Galactic Gravity Golf,http://www.kongregate.com/games/Armegalo/galactic-gravity-golf,www.kongregate.com/games/armegalo/galactic-gravity-golf,11,6,0,yes,2016-05-25,2023-11-23,0,0,0,0,0,0,0,0,0,0,0,0,Run a bounded page-history CDX shard for this game.
not_checked,1,Attraction: the game,http://www.kongregate.com/games/1ashl/attraction-the-game,www.kongregate.com/games/1ashl/attraction-the-game,11,1,0,yes,2016-06-04,2016-06-04,0,0,0,0,0,0,0,0,0,0,0,0,Run a bounded page-history CDX shard for this game.
not_checked,1,Abandoned Facility Escape,http://www.kongregate.com/games/thegames8dotcom/abandoned-facility-escape,www.kongregate.com/games/thegames8dotcom/abandoned-facility-escape,11,1,0,yes,2016-06-05,2016-06-05,0,0,0,0,0,0,0,0,0,0,0,0,Run a bounded page-history CDX shard for this game.
not_checked,1,Kohinoor Diamond Recovery,http://www.kongregate.com/games/Enagamess/kohinoor-diamond-recovery,www.kongregate.com/games/enagamess/kohinoor-diamond-recovery,11,1,0,yes,2016-06-13,2016-06-13,0,0,0,0,0,0,0,0,0,0,0,0,Run a bounded page-history CDX shard for this game.
not_checked,1,Tucan Bird,http://www.kongregate.com/games/jborguero/tucan-bird,www.kongregate.com/games/jborguero/tucan-bird,11,1,0,yes,2016-06-22,2016-06-22,0,0,0,0,0,0,0,0,0,0,0,0,Run a bounded page-history CDX shard for this game.
not_checked,1,Move on Green,http://www.kongregate.com/games/OlegAntipov/move-on-green,www.kongregate.com/games/olegantipov/move-on-green,11,1,0,yes,2016-06-29,2016-06-29,0,0,0,0,0,0,0,0,0,0,0,0,Run a bounded page-history CDX shard for this game.
not_checked,1,Killer Shapes,http://www.kongregate.com/games/KTC_Gimli/killer-shapes,www.kongregate.com/games/ktc_gimli/killer-shapes,11,1,0,yes,2016-07-07,2016-07-07,0,0,0,0,0,0,0,0,0,0,0,0,Run a bounded page-history CDX shard for this game.
not_checked,1,Hiro And Baymax Lab Adventure,http://www.kongregate.com/games/k25507891/hiro-and-baymax-lab-adventure,www.kongregate.com/games/k25507891/hiro-and-baymax-lab-adventure,11,1,0,yes,2016-07-20,2016-07-20,0,0,0,0,0,0,0,0,0,0,0,0,Run a bounded page-history CDX shard for this game.
not_checked,1,Vorsteiner Lamborghini,http://www.kongregate.com/games/newgamess/vorsteiner-lamborghini,www.kongregate.com/games/newgamess/vorsteiner-lamborghini,11,1,0,yes,2016-07-27,2016-07-27,0,0,0,0,0,0,0,0,0,0,0,0,Run a bounded page-history CDX shard for this game.
not_checked,1,Recon Earth,http://www.kongregate.com/games/EffigyMedia/recon-earth,www.kongregate.com/games/effigymedia/recon-earth,11,1,0,yes,2016-08-05,2016-08-05,0,0,0,0,0,0,0,0,0,0,0,0,Run a bounded page-history CDX shard for this game.
not_checked,1,KillTown,http://www.kongregate.com/games/Wolfire_Dev/killtown,www.kongregate.com/games/wolfire_dev/killtown,11,1,0,yes,2016-08-13,2016-08-13,0,0,0,0,0,0,0,0,0,0,0,0,Run a bounded page-history CDX shard for this game.
not_checked,1,Adventures of J 10,http://www.kongregate.com/games/Enagamess/adventures-of-j-10,www.kongregate.com/games/enagamess/adventures-of-j-10,11,1,0,yes,2016-08-20,2016-08-20,0,0,0,0,0,0,0,0,0,0,0,0,Run a bounded page-history CDX shard for this game.
not_checked,1,Gym Dressing Room Escape,http://www.kongregate.com/games/yolkgamez/gym-dressing-room-escape,www.kongregate.com/games/yolkgamez/gym-dressing-room-escape,11,1,0,yes,2016-08-28,2016-08-28,0,0,0,0,0,0,0,0,0,0,0,0,Run a bounded page-history CDX shard for this game.
not_checked,1,Parkour School,http://www.kongregate.com/games/P0K3M0NG0/parkour-school,www.kongregate.com/games/p0k3m0ng0/parkour-school,11,1,0,yes,2016-09-03,2016-09-03,0,0,0,0,0,0,0,0,0,0,0,0,Run a bounded page-history CDX shard for this game.
not_checked,1,Meena Golden Treasure Hunting Game,http://www.kongregate.com/games/meenagame/meena-golden-treasure-hunting-game,www.kongregate.com/games/meenagame/meena-golden-treasure-hunting-game,11,1,0,yes,2016-09-16,2016-09-16,0,0,0,0,0,0,0,0,0,0,0,0,Run a bounded page-history CDX shard for this game.
not_checked,1,HIJAB UP,http://www.kongregate.com/games/giuliagushikem/hijab-up,www.kongregate.com/games/giuliagushikem/hijab-up,11,1,0,yes,2016-09-17,2016-09-17,0,0,0,0,0,0,0,0,0,0,0,0,Run a bounded page-history CDX shard for this game.
not_checked,1,Escape from afc,http://www.kongregate.com/games/ajazgames/escape-from-afc,www.kongregate.com/games/ajazgames/escape-from-afc,11,1,0,yes,2016-09-23,2016-09-23,0,0,0,0,0,0,0,0,0,0,0,0,Run a bounded page-history CDX shard for this game.
not_checked,1,Medieval Cop V - The Secrets of Lucifer's Wings,https://www.kongregate.com/en/games/VasantJ/medieval-cop-v-the-secrets-of-lucifers-wings,www.kongregate.com/games/vasantj/medieval-cop-v-the-secrets-of-lucifers-wings,11,35,15,yes,2016-10-03,2019-07-18,0,0,0,0,0,0,0,0,0,0,0,0,Run a bounded page-history CDX shard for this game.
not_checked,1,LOGANS COPY ONLY,http://www.kongregate.com/games/dkdev/logans-copy-only,www.kongregate.com/games/dkdev/logans-copy-only,11,1,0,yes,2016-10-04,2016-10-04,0,0,0,0,0,0,0,0,0,0,0,0,Run a bounded page-history CDX shard for this game.
not_checked,1,Elsa Mropia Doctor,http://www.kongregate.com/games/k25507891/elsa-mropia-doctor,www.kongregate.com/games/k25507891/elsa-mropia-doctor,11,1,0,yes,2016-10-10,2016-10-10,0,0,0,0,0,0,0,0,0,0,0,0,Run a bounded page-history CDX shard for this game.
not_checked,1,Toy N Toy,http://www.kongregate.com/games/Gamesdeveloper/toy-n-toy,www.kongregate.com/games/gamesdeveloper/toy-n-toy,11,1,0,yes,2016-10-17,2016-10-17,0,0,0,0,0,0,0,0,0,0,0,0,Run a bounded page-history CDX shard for this game.
not_checked,1,"""Rodeo",http://www.kongregate.com/games/foacore/rodeo,www.kongregate.com/games/foacore/rodeo,11,1,0,yes,2016-10-18,2016-10-18,0,0,0,0,0,0,0,0,0,0,0,0,Run a bounded page-history CDX shard for this game.
not_checked,1,Toxic Tunnel Escape,http://www.kongregate.com/games/CrazyEscapeGames/toxic-tunnel-escape,www.kongregate.com/games/crazyescapegames/toxic-tunnel-escape,11,1,0,yes,2016-10-24,2016-10-24,0,0,0,0,0,0,0,0,0,0,0,0,Run a bounded page-history CDX shard for this game.
not_checked,1,Parents Save Halloween,http://www.kongregate.com/games/edenicholas/parents-save-halloween,www.kongregate.com/games/edenicholas/parents-save-halloween,11,1,0,yes,2016-10-30,2016-10-30,0,0,0,0,0,0,0,0,0,0,0,0,Run a bounded page-history CDX shard for this game.
not_checked,1,Cat in Japan,https://www.kongregate.com/en/games/bontegames/cat-in-japan,www.kongregate.com/games/bontegames/cat-in-japan,11,34,13,yes,2016-11-07,2017-04-08,0,0,0,0,0,0,0,0,0,0,0,0,Run a bounded page-history CDX shard for this game.
not_checked,1,SPLAT DEATH SALAD,https://www.kongregate.com/games/SophieHoulden/splat-death-salad,www.kongregate.com/games/sophiehoulden/splat-death-salad,11,61,0,yes,2016-11-07,2019-05-08,0,0,0,0,0,0,0,0,0,0,0,0,Run a bounded page-history CDX shard for this game.
not_checked,1,Monkey GO Happy Planet Escape,http://www.kongregate.com/games/Pencilkids/monkey-go-happy-planet-escape,www.kongregate.com/games/pencilkids/monkey-go-happy-planet-escape,11,1,0,yes,2017-05-16,2017-05-16,0,0,0,0,0,0,0,0,0,0,0,0,Run a bounded page-history CDX shard for this game.
not_checked,1,Mecha Metaverse,http://www.kongregate.com/games/VictoryAwaits/mecha-metaverse,www.kongregate.com/games/victoryawaits/mecha-metaverse,11,1,0,yes,2017-05-25,2017-05-25,0,0,0,0,0,0,0,0,0,0,0,0,Run a bounded page-history CDX shard for this game.
not_checked,1,Black and White,http://www.kongregate.com/games/PixSelStudios/black-and-white,www.kongregate.com/games/pixselstudios/black-and-white,11,1,0,yes,2017-05-26,2017-05-26,0,0,0,0,0,0,0,0,0,0,0,0,Run a bounded page-history CDX shard for this game.
not_checked,1,watergames,http://www.kongregate.com/games/rajeshstp/watergames,www.kongregate.com/games/rajeshstp/watergames,11,1,0,yes,2017-06-04,2017-06-04,0,0,0,0,0,0,0,0,0,0,0,0,Run a bounded page-history CDX shard for this game.
not_checked,1,Ball Keeper,http://www.kongregate.com/games/R_Zita/ball-keeper,www.kongregate.com/games/r_zita/ball-keeper,11,1,0,yes,2017-06-15,2017-06-15,0,0,0,0,0,0,0,0,0,0,0,0,Run a bounded page-history CDX shard for this game.
not_checked,1,Escape This Place - Chapter 1,http://www.kongregate.com/games/sphinx27/escape-this-place-chapter-1,www.kongregate.com/games/sphinx27/escape-this-place-chapter-1,11,1,0,yes,2017-06-16,2017-06-16,0,0,0,0,0,0,0,0,0,0,0,0,Run a bounded page-history CDX shard for this game.
not_checked,1,RPG_demo_20170624_0830,http://www.kongregate.com/games/1CHAAAIN/rpg-demo-20170624-0830,www.kongregate.com/games/1chaaain/rpg-demo-20170624-0830,11,1,0,yes,2017-06-25,2017-06-25,0,0,0,0,0,0,0,0,0,0,0,0,Run a bounded page-history CDX shard for this game.
not_checked,1,HitCar.io,http://www.kongregate.com/games/orndotio/hitcar-io,www.kongregate.com/games/orndotio/hitcar-io,11,1,0,yes,2017-07-03,2017-07-03,0,0,0,0,0,0,0,0,0,0,0,0,Run a bounded page-history CDX shard for this game.
not_checked,1,Medieval Cop 8 -DeathWish- (Part 2),https://www.kongregate.com/games/VasantJ/medieval-cop-8-deathwish-part-2,www.kongregate.com/games/vasantj/medieval-cop-8-deathwish-part-2,11,15,0,yes,2017-07-18,2020-01-02,0,0,0,0,0,0,0,0,0,0,0,0,Run a bounded page-history CDX shard for this game.
not_checked,1,Nsr Trapped Key,http://www.kongregate.com/games/Nsrgames/nsr-trapped-key,www.kongregate.com/games/nsrgames/nsr-trapped-key,11,1,0,yes,2017-07-20,2017-07-20,0,0,0,0,0,0,0,0,0,0,0,0,Run a bounded page-history CDX shard for this game.
not_checked,1,Knf Hotel Escape 2,http://www.kongregate.com/games/knfescapegame/knf-hotel-escape-2,www.kongregate.com/games/knfescapegame/knf-hotel-escape-2,11,1,0,yes,2017-07-28,2017-07-28,0,0,0,0,0,0,0,0,0,0,0,0,Run a bounded page-history CDX shard for this game.
not_checked,1,"""PacDude Hero IV 110% Turbo"" Alpha3 Final",http://www.kongregate.com/games/JeZxLee/pacdude-hero-iv-110-turbo-alpha3-final,www.kongregate.com/games/jezxlee/pacdude-hero-iv-110-turbo-alpha3-final,11,1,0,yes,2017-07-29,2017-07-29,0,0,0,0,0,0,0,0,0,0,0,0,Run a bounded page-history CDX shard for this game.
not_checked,1,Gasoline,http://www.kongregate.com/games/gameallblack/gasoline,www.kongregate.com/games/gameallblack/gasoline,11,1,0,yes,2017-08-05,2017-08-05,0,0,0,0,0,0,0,0,0,0,0,0,Run a bounded page-history CDX shard for this game.
not_checked,1,SillyWorld,http://www.kongregate.com/games/AbodUX/sillyworld,www.kongregate.com/games/abodux/sillyworld,11,1,0,yes,2017-08-11,2017-08-11,0,0,0,0,0,0,0,0,0,0,0,0,Run a bounded page-history CDX shard for this game.
not_checked,1,Ninja In Box,http://www.kongregate.com/games/gamesdevelopers/ninja-in-box,www.kongregate.com/games/gamesdevelopers/ninja-in-box,11,1,0,yes,2017-08-17,2017-08-17,0,0,0,0,0,0,0,0,0,0,0,0,Run a bounded page-history CDX shard for this game.
not_checked,1,Pizza House App,http://www.kongregate.com/games/MrJesusKrabs/pizza-house-app,www.kongregate.com/games/mrjesuskrabs/pizza-house-app,11,1,0,yes,2017-08-23,2017-08-23,0,0,0,0,0,0,0,0,0,0,0,0,Run a bounded page-history CDX shard for this game.
not_checked,1,Spiders Arena 2,http://www.kongregate.com/games/brvasil/spiders-arena-2,www.kongregate.com/games/brvasil/spiders-arena-2,11,1,0,yes,2017-08-25,2017-08-25,0,0,0,0,0,0,0,0,0,0,0,0,Run a bounded page-history CDX shard for this game.
not_checked,1,GUNZ.IO Multiplayer RTS Arena,http://www.kongregate.com/games/squirrelsquare/gunz-io-multiplayer-rts-arena,www.kongregate.com/games/squirrelsquare/gunz-io-multiplayer-rts-arena,11,1,0,yes,2017-09-04,2017-09-04,0,0,0,0,0,0,0,0,0,0,0,0,Run a bounded page-history CDX shard for this game.
not_checked,1,Jigsaw Puzzle: Beauty Views,http://www.kongregate.com/games/vladetam/jigsaw-puzzle-beauty-views,www.kongregate.com/games/vladetam/jigsaw-puzzle-beauty-views,11,1,0,yes,2017-09-13,2017-09-13,0,0,0,0,0,0,0,0,0,0,0,0,Run a bounded page-history CDX shard for this game.
not_checked,1,Land Of Darkness,http://www.kongregate.com/games/clockworkmonster/land-of-darkness,www.kongregate.com/games/clockworkmonster/land-of-darkness,11,1,0,yes,2017-09-30,2017-09-30,0,0,0,0,0,0,0,0,0,0,0,0,Run a bounded page-history CDX shard for this game.
not_checked,1,the fort,http://www.kongregate.com/games/nrsgames/the-fort,www.kongregate.com/games/nrsgames/the-fort,11,1,0,yes,2017-10-08,2017-10-08,0,0,0,0,0,0,0,0,0,0,0,0,Run a bounded page-history CDX shard for this game.
not_checked,1,Catch the Rain,http://www.kongregate.com/games/javi10jedf/catch-the-rain,www.kongregate.com/games/javi10jedf/catch-the-rain,11,1,0,yes,2017-10-15,2017-10-15,0,0,0,0,0,0,0,0,0,0,0,0,Run a bounded page-history CDX shard for this game.
not_checked,1,Toaster Factory,http://www.kongregate.com/games/lunardoor/toaster-factory,www.kongregate.com/games/lunardoor/toaster-factory,11,1,0,yes,2017-10-24,2017-10-24,0,0,0,0,0,0,0,0,0,0,0,0,Run a bounded page-history CDX shard for this game.
not_checked,1,Yamb Dice,http://www.kongregate.com/games/algogames/yamb-dice,www.kongregate.com/games/algogames/yamb-dice,11,1,0,yes,2017-11-06,2017-11-06,0,0,0,0,0,0,0,0,0,0,0,0,Run a bounded page-history CDX shard for this game.
not_checked,1,Armor Mayhem,https://www.kongregate.com/games/JuicyBit/armor-mayhem,www.kongregate.com/games/juicybit/armor-mayhem,11,88,0,yes,2018-05-07,2021-08-04,0,0,0,0,0,0,0,0,0,0,0,0,Run a bounded page-history CDX shard for this game.
not_checked,1,LORED,https://www.kongregate.com/games/Drillur/lored,www.kongregate.com/games/drillur/lored,11,1,0,yes,2019-08-25,2019-08-25,0,0,0,0,0,0,0,0,0,0,0,0,Run a bounded page-history CDX shard for this game.
not_checked,1,Medieval Chronicles 6,https://www.kongregate.com/games/VasantJ/medieval-chronicles-6,www.kongregate.com/games/vasantj/medieval-chronicles-6,11,21,0,yes,2019-09-22,2019-10-14,0,0,0,0,0,0,0,0,0,0,0,0,Run a bounded page-history CDX shard for this game.
not_checked,1,Blush Blush,https://www.kongregate.com/games/SadPandaStudios/blush-blush,www.kongregate.com/games/sadpandastudios/blush-blush,11,98,17,yes,2020-11-01,2022-12-06,0,0,0,0,0,0,0,0,0,0,0,0,Run a bounded page-history CDX shard for this game.
not_checked,1,Rise of the Kal-Rul,http://www.kongregate.com/games/Zamol/rise-of-the-kal-rul,www.kongregate.com/games/zamol/rise-of-the-kal-rul,11,1,0,yes,2021-01-25,2021-01-25,0,0,0,0,0,0,0,0,0,0,0,0,Run a bounded page-history CDX shard for this game.
not_checked,1,Fishing Tactics,https://www.kongregate.com/games/dslevis/luck-by-chance-hotsheet-multiplayer,www.kongregate.com/games/dslevis/luck-by-chance-hotsheet-multiplayer,11,1,0,yes,2021-11-12,2021-11-12,0,0,0,0,0,0,0,0,0,0,0,0,Run a bounded page-history CDX shard for this game.
not_checked,1,Sift Heads World act 7 - Ultimatum,https://www.kongregate.com/en/games/WebCypher/sift-heads-world-act-7-ultimatum,www.kongregate.com/games/webcypher/sift-heads-world-act-7-ultimatum,11,30,20,yes,2024-06-12,2025-04-03,0,0,0,0,0,0,0,0,0,0,0,0,Run a bounded page-history CDX shard for this game.
not_checked,1,Earn to Die,https://www.kongregate.com/games/ToffeeGames/earn-to-die,www.kongregate.com/games/toffeegames/earn-to-die,12,76,0,yes,2014-08-22,2022-12-05,0,0,0,0,0,0,0,0,0,0,0,0,Run a bounded page-history CDX shard for this game.
not_checked,1,Mr.Vengeance: Upgrade,http://www.kongregate.com/games/tmifx/mr-vengeance-upgrade,www.kongregate.com/games/tmifx/mr-vengeance-upgrade,12,1,0,yes,2014-08-22,2014-08-22,0,0,0,0,0,0,0,0,0,0,0,0,Run a bounded page-history CDX shard for this game.
not_checked,1,Marbles,http://www.kongregate.com/games/Lokarunith/marbles,www.kongregate.com/games/lokarunith/marbles,12,1,0,yes,2014-08-26,2014-08-26,0,0,0,0,0,0,0,0,0,0,0,0,Run a bounded page-history CDX shard for this game.
not_checked,1,A Special Day,http://www.kongregate.com/games/SandraKim/a-special-day,www.kongregate.com/games/sandrakim/a-special-day,12,1,0,yes,2014-08-29,2014-08-29,0,0,0,0,0,0,0,0,0,0,0,0,Run a bounded page-history CDX shard for this game.
not_checked,1,Parkour City!,http://www.kongregate.com/games/dararan/parkour-city,www.kongregate.com/games/dararan/parkour-city,12,1,0,yes,2014-09-02,2014-09-02,0,0,0,0,0,0,0,0,0,0,0,0,Run a bounded page-history CDX shard for this game.
not_checked,1,Frozen Magic Remove,http://www.kongregate.com/games/game4joy1/frozen-magic-remove,www.kongregate.com/games/game4joy1/frozen-magic-remove,12,1,0,yes,2014-09-12,2014-09-12,0,0,0,0,0,0,0,0,0,0,0,0,Run a bounded page-history CDX shard for this game.
not_checked,1,Water Apocalypse,http://www.kongregate.com/games/Sebbedan/water-apocalypse,www.kongregate.com/games/sebbedan/water-apocalypse,12,1,0,yes,2014-09-14,2014-09-14,0,0,0,0,0,0,0,0,0,0,0,0,Run a bounded page-history CDX shard for this game.
not_checked,1,Bean and Boy,http://www.kongregate.com/games/game4joy1/bean-and-boy,www.kongregate.com/games/game4joy1/bean-and-boy,12,2,0,yes,2014-09-19,2014-09-19,0,0,0,0,0,0,0,0,0,0,0,0,Run a bounded page-history CDX shard for this game.
not_checked,1,The Sketch Project Concept,http://www.kongregate.com/games/littlerockplanet/the-sketch-project-concept,www.kongregate.com/games/littlerockplanet/the-sketch-project-concept,12,1,0,yes,2014-09-20,2014-09-20,0,0,0,0,0,0,0,0,0,0,0,0,Run a bounded page-history CDX shard for this game.
not_checked,1,City bird,http://www.kongregate.com/games/oscarkim/city-bird,www.kongregate.com/games/oscarkim/city-bird,12,1,0,yes,2014-09-26,2014-09-26,0,0,0,0,0,0,0,0,0,0,0,0,Run a bounded page-history CDX shard for this game.
not_checked,1,Piggy Love Story,http://www.kongregate.com/games/kai3114/piggy-love-story,www.kongregate.com/games/kai3114/piggy-love-story,12,1,0,yes,2014-09-26,2014-09-26,0,0,0,0,0,0,0,0,0,0,0,0,Run a bounded page-history CDX shard for this game.
not_checked,1,The Forgotten Soul,http://www.kongregate.com/games/SandraKim/the-forgotten-soul,www.kongregate.com/games/sandrakim/the-forgotten-soul,12,1,0,yes,2014-10-03,2014-10-03,0,0,0,0,0,0,0,0,0,0,0,0,Run a bounded page-history CDX shard for this game.
not_checked,1,Hoop N Line,http://www.kongregate.com/games/kaizen101/hoop-n-line,www.kongregate.com/games/kaizen101/hoop-n-line,12,1,0,yes,2014-10-04,2014-10-04,0,0,0,0,0,0,0,0,0,0,0,0,Run a bounded page-history CDX shard for this game.
not_checked,1,Podium Beauty,http://www.kongregate.com/games/BombikOyun/podium-beauty,www.kongregate.com/games/bombikoyun/podium-beauty,12,1,0,yes,2014-10-09,2014-10-09,0,0,0,0,0,0,0,0,0,0,0,0,Run a bounded page-history CDX shard for this game.
not_checked,1,Undiscovered Paradise,http://www.kongregate.com/games/SandraKim/undiscovered-paradise,www.kongregate.com/games/sandrakim/undiscovered-paradise,12,1,0,yes,2014-10-10,2014-10-10,0,0,0,0,0,0,0,0,0,0,0,0,Run a bounded page-history CDX shard for this game.
not_checked,1,Gold of Knights,http://www.kongregate.com/games/jewelsgames/gold-of-knights,www.kongregate.com/games/jewelsgames/gold-of-knights,12,1,0,yes,2014-10-13,2014-10-13,0,0,0,0,0,0,0,0,0,0,0,0,Run a bounded page-history CDX shard for this game.
not_checked,1,Inhuman Fruits,http://www.kongregate.com/games/odispl/inhuman-fruits,www.kongregate.com/games/odispl/inhuman-fruits,12,1,0,yes,2014-10-17,2014-10-17,0,0,0,0,0,0,0,0,0,0,0,0,Run a bounded page-history CDX shard for this game.
not_checked,1,Burning Scarecrow,http://www.kongregate.com/games/EyesTeam/burning-scarecrow,www.kongregate.com/games/eyesteam/burning-scarecrow,12,1,0,yes,2014-10-24,2014-10-24,0,0,0,0,0,0,0,0,0,0,0,0,Run a bounded page-history CDX shard for this game.
not_checked,1,Pong,http://www.kongregate.com/games/likenot/pong,www.kongregate.com/games/likenot/pong,12,1,0,yes,2014-10-29,2014-10-29,0,0,0,0,0,0,0,0,0,0,0,0,Run a bounded page-history CDX shard for this game.
not_checked,1,Lemonade Stand!,http://www.kongregate.com/games/zKeen/lemonade-stand,www.kongregate.com/games/zkeen/lemonade-stand,12,1,0,yes,2014-10-31,2014-10-31,0,0,0,0,0,0,0,0,0,0,0,0,Run a bounded page-history CDX shard for this game.
not_checked,1,Idleplex,http://www.kongregate.com/games/Kongregate/idleplex,www.kongregate.com/games/kongregate/idleplex,12,13,0,yes,2014-11-02,2015-04-01,0,0,0,0,0,0,0,0,0,0,0,0,Run a bounded page-history CDX shard for this game.
not_checked,1,SpongeBob Squarepants,http://www.kongregate.com/games/newgamess/spongebob-squarepants,www.kongregate.com/games/newgamess/spongebob-squarepants,12,1,0,yes,2014-11-11,2014-11-11,0,0,0,0,0,0,0,0,0,0,0,0,Run a bounded page-history CDX shard for this game.
not_checked,1,Car Race 2,http://www.kongregate.com/games/homeworldarts/car-race-2,www.kongregate.com/games/homeworldarts/car-race-2,12,1,0,yes,2014-11-25,2014-11-25,0,0,0,0,0,0,0,0,0,0,0,0,Run a bounded page-history CDX shard for this game.
not_checked,1,Tappy Bird,http://www.kongregate.com/games/daoudsammer/tappy-bird,www.kongregate.com/games/daoudsammer/tappy-bird,12,1,0,yes,2014-12-02,2014-12-02,0,0,0,0,0,0,0,0,0,0,0,0,Run a bounded page-history CDX shard for this game.
not_checked,1,Labirinth Chase,http://www.kongregate.com/games/lndggomes/labirinth-chase,www.kongregate.com/games/lndggomes/labirinth-chase,12,1,0,yes,2014-12-10,2014-12-10,0,0,0,0,0,0,0,0,0,0,0,0,Run a bounded page-history CDX shard for this game.
not_checked,1,Swords & Potions 2,http://www.kongregate.com/games/EdgebeeStudios/swords-and-potions-2,www.kongregate.com/games/edgebeestudios/swords-and-potions-2,12,7,0,yes,2014-12-17,2015-09-01,0,0,0,0,0,0,0,0,0,0,0,0,Run a bounded page-history CDX shard for this game.
not_checked,1,The Caveman Run,http://www.kongregate.com/games/MostafaMatar/the-caveman-run,www.kongregate.com/games/mostafamatar/the-caveman-run,12,1,0,yes,2014-12-17,2014-12-17,0,0,0,0,0,0,0,0,0,0,0,0,Run a bounded page-history CDX shard for this game.
not_checked,1,sam's hely-cop,http://www.kongregate.com/games/acpkhurana/sams-hely-cop,www.kongregate.com/games/acpkhurana/sams-hely-cop,12,1,0,yes,2014-12-28,2014-12-28,0,0,0,0,0,0,0,0,0,0,0,0,Run a bounded page-history CDX shard for this game.
not_checked,1,Frozen Elsa Room Cleaning Time,http://www.kongregate.com/games/Girlsgames01/frozen-elsa-room-cleaning-time,www.kongregate.com/games/girlsgames01/frozen-elsa-room-cleaning-time,12,1,0,yes,2014-12-30,2014-12-30,0,0,0,0,0,0,0,0,0,0,0,0,Run a bounded page-history CDX shard for this game.
not_checked,1,Reactor Incremental,https://www.kongregate.com/en/games/Cael/reactor-incremental,www.kongregate.com/games/cael/reactor-incremental,12,56,30,yes,2015-02-16,2015-04-01,0,0,0,0,0,0,0,0,0,0,0,0,Run a bounded page-history CDX shard for this game.
not_checked,1,Hamsterball Sports,http://www.kongregate.com/games/DPHSoftwareLtd/hamsterball-sports,www.kongregate.com/games/dphsoftwareltd/hamsterball-sports,12,1,0,yes,2015-04-01,2015-04-01,0,0,0,0,0,0,0,0,0,0,0,0,Run a bounded page-history CDX shard for this game.
not_checked,1,Man or Monster,http://www.kongregate.com/games/miniclip/man-or-monster,www.kongregate.com/games/miniclip/man-or-monster,12,36,0,yes,2015-04-30,2017-04-15,0,0,0,0,0,0,0,0,0,0,0,0,Run a bounded page-history CDX shard for this game.
not_checked,1,Ferret Room Escape,http://www.kongregate.com/games/ainarsa/ferret-room-escape,www.kongregate.com/games/ainarsa/ferret-room-escape,12,1,0,yes,2015-09-09,2015-09-09,0,0,0,0,0,0,0,0,0,0,0,0,Run a bounded page-history CDX shard for this game.
not_checked,1,"Devil Cat ""Lands of Azudar""",http://www.kongregate.com/games/AanryLinkage/devil-cat-lands-of-azudar,www.kongregate.com/games/aanrylinkage/devil-cat-lands-of-azudar,12,1,0,yes,2015-09-14,2015-09-14,0,0,0,0,0,0,0,0,0,0,0,0,Run a bounded page-history CDX shard for this game.
not_checked,1,Round Adventures,http://www.kongregate.com/games/garyrossiter0/round-adventures,www.kongregate.com/games/garyrossiter0/round-adventures,12,1,0,yes,2015-09-15,2015-09-15,0,0,0,0,0,0,0,0,0,0,0,0,Run a bounded page-history CDX shard for this game.
not_checked,1,BMW M6 Jigsaw,http://www.kongregate.com/games/newgamess/bmw-m6-jigsaw,www.kongregate.com/games/newgamess/bmw-m6-jigsaw,12,1,0,yes,2015-09-30,2015-09-30,0,0,0,0,0,0,0,0,0,0,0,0,Run a bounded page-history CDX shard for this game.
not_checked,1,Find Pearl,http://www.kongregate.com/games/mamdohreda/find-pearl,www.kongregate.com/games/mamdohreda/find-pearl,12,1,0,yes,2015-12-05,2015-12-05,0,0,0,0,0,0,0,0,0,0,0,0,Run a bounded page-history CDX shard for this game.
not_checked,1,Teknotic,http://www.kongregate.com/games/Airaku/teknotic,www.kongregate.com/games/airaku/teknotic,12,1,0,yes,2015-12-18,2015-12-18,0,0,0,0,0,0,0,0,0,0,0,0,Run a bounded page-history CDX shard for this game.
not_checked,1,Air Hockey On Kongregate,http://www.kongregate.com/games/404notfound999/air-hockey-on-kongregate,www.kongregate.com/games/404notfound999/air-hockey-on-kongregate,12,1,0,yes,2015-12-26,2015-12-26,0,0,0,0,0,0,0,0,0,0,0,0,Run a bounded page-history CDX shard for this game.
not_checked,1,Simple Pong,http://www.kongregate.com/games/DukesOfDevon/simple-pong,www.kongregate.com/games/dukesofdevon/simple-pong,12,1,0,yes,2016-01-02,2016-01-02,0,0,0,0,0,0,0,0,0,0,0,0,Run a bounded page-history CDX shard for this game.
not_checked,1,Soul Savers,http://www.kongregate.com/games/denzel_justin/soul-savers,www.kongregate.com/games/denzel_justin/soul-savers,12,1,0,yes,2016-01-16,2016-01-16,0,0,0,0,0,0,0,0,0,0,0,0,Run a bounded page-history CDX shard for this game.
not_checked,1,Troncedo Aliens,http://www.kongregate.com/games/rafaelferca/troncedo-aliens,www.kongregate.com/games/rafaelferca/troncedo-aliens,12,1,0,yes,2016-01-25,2016-01-25,0,0,0,0,0,0,0,0,0,0,0,0,Run a bounded page-history CDX shard for this game.
not_checked,1,Baby Dino Ptero,http://www.kongregate.com/games/porcelles/baby-dino-ptero,www.kongregate.com/games/porcelles/baby-dino-ptero,12,1,0,yes,2016-02-17,2016-02-17,0,0,0,0,0,0,0,0,0,0,0,0,Run a bounded page-history CDX shard for this game.
not_checked,1,Yoda's Shrine,http://www.kongregate.com/games/Negativities/yodas-shrine,www.kongregate.com/games/negativities/yodas-shrine,12,1,0,yes,2016-02-28,2016-02-28,0,0,0,0,0,0,0,0,0,0,0,0,Run a bounded page-history CDX shard for this game.
not_checked,1,LilyLeap,http://www.kongregate.com/games/MapleGames/lilyleap,www.kongregate.com/games/maplegames/lilyleap,12,1,0,yes,2016-03-05,2016-03-05,0,0,0,0,0,0,0,0,0,0,0,0,Run a bounded page-history CDX shard for this game.
not_checked,1,Kizi Sushi Train,http://www.kongregate.com/games/Funtomic/kizi-sushi-train,www.kongregate.com/games/funtomic/kizi-sushi-train,12,1,0,yes,2016-03-07,2016-03-07,0,0,0,0,0,0,0,0,0,0,0,0,Run a bounded page-history CDX shard for this game.
not_checked,1,Masha Easter Egg,http://www.kongregate.com/games/juegosmasha/masha-easter-egg,www.kongregate.com/games/juegosmasha/masha-easter-egg,12,1,0,yes,2016-03-16,2016-03-16,0,0,0,0,0,0,0,0,0,0,0,0,Run a bounded page-history CDX shard for this game.
not_checked,1,Drawing online,http://www.kongregate.com/games/OlegF21/drawing-online,www.kongregate.com/games/olegf21/drawing-online,12,1,0,yes,2016-03-20,2016-03-20,0,0,0,0,0,0,0,0,0,0,0,0,Run a bounded page-history CDX shard for this game.
not_checked,1,BodyWalk,http://www.kongregate.com/games/pandanymous/bodywalk,www.kongregate.com/games/pandanymous/bodywalk,12,1,0,yes,2016-03-24,2016-03-24,0,0,0,0,0,0,0,0,0,0,0,0,Run a bounded page-history CDX shard for this game.
not_checked,1,Cube Escape: Birthday,http://www.kongregate.com/games/RustyLake/cube-escape-birthday,www.kongregate.com/games/rustylake/cube-escape-birthday,12,11,0,yes,2016-04-05,2017-01-14,0,0,0,0,0,0,0,0,0,0,0,0,Run a bounded page-history CDX shard for this game.
not_checked,1,Save The Shepherd,http://www.kongregate.com/games/Enagamess/save-the-shepherd,www.kongregate.com/games/enagamess/save-the-shepherd,12,1,0,yes,2016-05-06,2016-05-06,0,0,0,0,0,0,0,0,0,0,0,0,Run a bounded page-history CDX shard for this game.
not_checked,1,The legends of ninja,http://www.kongregate.com/games/indigames/the-legends-of-ninja,www.kongregate.com/games/indigames/the-legends-of-ninja,12,1,0,yes,2016-05-15,2016-05-15,0,0,0,0,0,0,0,0,0,0,0,0,Run a bounded page-history CDX shard for this game.
not_checked,1,Galactic Gravity Golf Deluxe,http://www.kongregate.com/games/Armegalo/galactic-gravity-golf-deluxe,www.kongregate.com/games/armegalo/galactic-gravity-golf-deluxe,12,6,0,yes,2016-05-25,2023-11-23,0,0,0,0,0,0,0,0,0,0,0,0,Run a bounded page-history CDX shard for this game.
not_checked,1,Kongbot In Love,http://www.kongregate.com/games/HeynongMan/kongbot-in-love,www.kongregate.com/games/heynongman/kongbot-in-love,12,1,0,yes,2016-06-04,2016-06-04,0,0,0,0,0,0,0,0,0,0,0,0,Run a bounded page-history CDX shard for this game.
not_checked,1,BMX MASTER,http://www.kongregate.com/games/MASTERMANXD/bmx-master,www.kongregate.com/games/mastermanxd/bmx-master,12,1,0,yes,2016-06-05,2016-06-05,0,0,0,0,0,0,0,0,0,0,0,0,Run a bounded page-history CDX shard for this game.
not_checked,1,MR LAL The Detective 13,http://www.kongregate.com/games/Enagamess/mr-lal-the-detective-13,www.kongregate.com/games/enagamess/mr-lal-the-detective-13,12,1,0,yes,2016-06-13,2016-06-13,0,0,0,0,0,0,0,0,0,0,0,0,Run a bounded page-history CDX shard for this game.
not_checked,1,Missile Clonando,http://www.kongregate.com/games/NemorisGames/missile-clonando,www.kongregate.com/games/nemorisgames/missile-clonando,12,1,0,yes,2016-06-22,2016-06-22,0,0,0,0,0,0,0,0,0,0,0,0,Run a bounded page-history CDX shard for this game.
not_checked,1,Stupid Stones Adventure,http://www.kongregate.com/games/Halvarssongames/stupid-stones-adventure,www.kongregate.com/games/halvarssongames/stupid-stones-adventure,12,1,0,yes,2016-06-29,2016-06-29,0,0,0,0,0,0,0,0,0,0,0,0,Run a bounded page-history CDX shard for this game.
not_checked,1,Trump Jump: The Game,http://www.kongregate.com/games/SnoBoxStudio/trump-jump-the-game,www.kongregate.com/games/snoboxstudio/trump-jump-the-game,12,1,0,yes,2016-07-07,2016-07-07,0,0,0,0,0,0,0,0,0,0,0,0,Run a bounded page-history CDX shard for this game.
not_checked,1,Missile Mayhem,http://www.kongregate.com/games/demeko/missile-mayhem,www.kongregate.com/games/demeko/missile-mayhem,12,1,0,yes,2016-07-14,2016-07-14,0,0,0,0,0,0,0,0,0,0,0,0,Run a bounded page-history CDX shard for this game.
not_checked,1,El Juego Del adivinador,http://www.kongregate.com/games/Asesinopro995/el-juego-del-adivinador,www.kongregate.com/games/asesinopro995/el-juego-del-adivinador,12,1,0,yes,2016-07-20,2016-07-20,0,0,0,0,0,0,0,0,0,0,0,0,Run a bounded page-history CDX shard for this game.
not_checked,1,Bouncy Ball,http://www.kongregate.com/games/AwesomeApps/bouncy-ball,www.kongregate.com/games/awesomeapps/bouncy-ball,12,1,0,yes,2016-07-27,2016-07-27,0,0,0,0,0,0,0,0,0,0,0,0,Run a bounded page-history CDX shard for this game.
not_checked,1,Joy and Disgust Shopping,http://www.kongregate.com/games/gamesforgirlz/joy-and-disgust-shopping,www.kongregate.com/games/gamesforgirlz/joy-and-disgust-shopping,12,1,0,yes,2016-08-05,2016-08-05,0,0,0,0,0,0,0,0,0,0,0,0,Run a bounded page-history CDX shard for this game.
not_checked,1,Bobblehead Boxing,http://www.kongregate.com/games/AndrewZimmer/bobblehead-boxing,www.kongregate.com/games/andrewzimmer/bobblehead-boxing,12,1,0,yes,2016-08-13,2016-08-13,0,0,0,0,0,0,0,0,0,0,0,0,Run a bounded page-history CDX shard for this game.
not_checked,1,Carbon Combat,http://www.kongregate.com/games/CarbonTech/carbon-combat,www.kongregate.com/games/carbontech/carbon-combat,12,7,0,yes,2016-08-17,2017-01-21,0,0,0,0,0,0,0,0,0,0,0,0,Run a bounded page-history CDX shard for this game.
not_checked,1,Cotswold House Crown Escape,http://www.kongregate.com/games/yolkgamez/cotswold-house-crown-escape,www.kongregate.com/games/yolkgamez/cotswold-house-crown-escape,12,1,0,yes,2016-08-20,2016-08-20,0,0,0,0,0,0,0,0,0,0,0,0,Run a bounded page-history CDX shard for this game.
not_checked,1,Platform Legend,http://www.kongregate.com/games/A72_Games/platform-legend,www.kongregate.com/games/a72_games/platform-legend,12,1,0,yes,2016-08-28,2016-08-28,0,0,0,0,0,0,0,0,0,0,0,0,Run a bounded page-history CDX shard for this game.
not_checked,1,CubeBolt,http://www.kongregate.com/games/Reconj/cubebolt,www.kongregate.com/games/reconj/cubebolt,12,1,0,yes,2016-09-03,2016-09-03,0,0,0,0,0,0,0,0,0,0,0,0,Run a bounded page-history CDX shard for this game.
not_checked,1,Crunched metal: Drifting Wars,http://www.kongregate.com/games/PacoGame5/crunched-metal-drifting-wars,www.kongregate.com/games/pacogame5/crunched-metal-drifting-wars,12,1,0,yes,2016-09-16,2016-09-16,0,0,0,0,0,0,0,0,0,0,0,0,Run a bounded page-history CDX shard for this game.
not_checked,1,Kidnapped!,http://www.kongregate.com/games/zombiefy/kidnapped,www.kongregate.com/games/zombiefy/kidnapped,12,1,0,yes,2016-09-17,2016-09-17,0,0,0,0,0,0,0,0,0,0,0,0,Run a bounded page-history CDX shard for this game.
not_checked,1,Escape Dead End 4,http://www.kongregate.com/games/Enagamess/escape-dead-end-4,www.kongregate.com/games/enagamess/escape-dead-end-4,12,1,0,yes,2016-09-23,2016-09-23,0,0,0,0,0,0,0,0,0,0,0,0,Run a bounded page-history CDX shard for this game.
not_checked,1,Le Shoot 'Em Up,http://www.kongregate.com/games/SaitenHazard/le-shoot-em-up,www.kongregate.com/games/saitenhazard/le-shoot-em-up,12,1,0,yes,2016-10-10,2016-10-10,0,0,0,0,0,0,0,0,0,0,0,0,Run a bounded page-history CDX shard for this game.
not_checked,1,Salata Man,http://www.kongregate.com/games/omerturac/salata-man,www.kongregate.com/games/omerturac/salata-man,12,1,0,yes,2016-10-17,2016-10-17,0,0,0,0,0,0,0,0,0,0,0,0,Run a bounded page-history CDX shard for this game.
not_checked,1,Move the Blocks,http://www.kongregate.com/games/gamer70008000/move-the-blocks,www.kongregate.com/games/gamer70008000/move-the-blocks,12,1,0,yes,2016-10-18,2016-10-18,0,0,0,0,0,0,0,0,0,0,0,0,Run a bounded page-history CDX shard for this game.
not_checked,1,Knf Halloween Abandoned Theatre Escape,http://www.kongregate.com/games/knfgames/knf-halloween-abandoned-theatre-escape,www.kongregate.com/games/knfgames/knf-halloween-abandoned-theatre-escape,12,1,0,yes,2016-10-24,2016-10-24,0,0,0,0,0,0,0,0,0,0,0,0,Run a bounded page-history CDX shard for this game.
not_checked,1,Pumpkin Dash,http://www.kongregate.com/games/FathomSchmidt/pumpkin-dash,www.kongregate.com/games/fathomschmidt/pumpkin-dash,12,1,0,yes,2016-10-30,2016-10-30,0,0,0,0,0,0,0,0,0,0,0,0,Run a bounded page-history CDX shard for this game.
not_checked,1,Medieval Shorts 2,http://www.kongregate.com/games/VasantJ/medieval-shorts-2,www.kongregate.com/games/vasantj/medieval-shorts-2,12,3,0,yes,2016-11-29,2016-12-05,0,0,0,0,0,0,0,0,0,0,0,0,Run a bounded page-history CDX shard for this game.
not_checked,1,Red Crucible: Reloaded,http://www.kongregate.com/games/rocketeergames/red-crucible-reloaded,www.kongregate.com/games/rocketeergames/red-crucible-reloaded,12,10,0,yes,2017-01-12,2017-04-15,0,0,0,0,0,0,0,0,0,0,0,0,Run a bounded page-history CDX shard for this game.
not_checked,1,Lost Of Kingdom Tunnels,http://www.kongregate.com/games/Enagamess/lost-of-kingdom-tunnels,www.kongregate.com/games/enagamess/lost-of-kingdom-tunnels,12,1,0,yes,2017-05-05,2017-05-05,0,0,0,0,0,0,0,0,0,0,0,0,Run a bounded page-history CDX shard for this game.
not_checked,1,Drill Wars,http://www.kongregate.com/games/LordCripplus/drill-wars,www.kongregate.com/games/lordcripplus/drill-wars,12,1,0,yes,2017-05-16,2017-05-16,0,0,0,0,0,0,0,0,0,0,0,0,Run a bounded page-history CDX shard for this game.
not_checked,1,BAW(Alpha Version),http://www.kongregate.com/games/PixSelStudios/baw-alpha-version,www.kongregate.com/games/pixselstudios/baw-alpha-version,12,1,0,yes,2017-05-26,2017-05-26,0,0,0,0,0,0,0,0,0,0,0,0,Run a bounded page-history CDX shard for this game.
not_checked,1,Ripple,http://www.kongregate.com/games/Ric3D/ripple,www.kongregate.com/games/ric3d/ripple,12,1,0,yes,2017-06-04,2017-06-04,0,0,0,0,0,0,0,0,0,0,0,0,Run a bounded page-history CDX shard for this game.
not_checked,1,Shift Deviate,http://www.kongregate.com/games/cruzami4life/shift-deviate,www.kongregate.com/games/cruzami4life/shift-deviate,12,1,0,yes,2017-06-15,2017-06-15,0,0,0,0,0,0,0,0,0,0,0,0,Run a bounded page-history CDX shard for this game.
not_checked,1,Typing Invaders,http://www.kongregate.com/games/Legion111/typing-invaders,www.kongregate.com/games/legion111/typing-invaders,12,1,0,yes,2017-06-25,2017-06-25,0,0,0,0,0,0,0,0,0,0,0,0,Run a bounded page-history CDX shard for this game.
not_checked,1,CarArena.io,http://www.kongregate.com/games/orndotio/cararena-io,www.kongregate.com/games/orndotio/cararena-io,12,1,0,yes,2017-07-03,2017-07-03,0,0,0,0,0,0,0,0,0,0,0,0,Run a bounded page-history CDX shard for this game.
not_checked,1,MonsterMash,http://www.kongregate.com/games/Gregorio236/monstermash,www.kongregate.com/games/gregorio236/monstermash,12,1,0,yes,2017-07-12,2017-07-12,0,0,0,0,0,0,0,0,0,0,0,0,Run a bounded page-history CDX shard for this game.
not_checked,1,Endless Planes,http://www.kongregate.com/games/Farmerboy562/endless-planes,www.kongregate.com/games/farmerboy562/endless-planes,12,1,0,yes,2017-07-20,2017-07-20,0,0,0,0,0,0,0,0,0,0,0,0,Run a bounded page-history CDX shard for this game.
not_checked,1,Beater A,http://www.kongregate.com/games/GeorgesE4/beater-a,www.kongregate.com/games/georgese4/beater-a,12,1,0,yes,2017-07-29,2017-07-29,0,0,0,0,0,0,0,0,0,0,0,0,Run a bounded page-history CDX shard for this game.
not_checked,1,Galactic Convoy 2,http://www.kongregate.com/games/DexterReal/galactic-convoy-2,www.kongregate.com/games/dexterreal/galactic-convoy-2,12,1,0,yes,2017-08-05,2017-08-05,0,0,0,0,0,0,0,0,0,0,0,0,Run a bounded page-history CDX shard for this game.
not_checked,1,Minecraft Block Match,http://www.kongregate.com/games/naghistefan94/minecraft-block-match,www.kongregate.com/games/naghistefan94/minecraft-block-match,12,1,0,yes,2017-08-11,2017-08-11,0,0,0,0,0,0,0,0,0,0,0,0,Run a bounded page-history CDX shard for this game.
not_checked,1,kill the guys,http://www.kongregate.com/games/superols/kill-the-guys,www.kongregate.com/games/superols/kill-the-guys,12,1,0,yes,2017-08-17,2017-08-17,0,0,0,0,0,0,0,0,0,0,0,0,Run a bounded page-history CDX shard for this game.
not_checked,1,Nightfall,http://www.kongregate.com/games/hazard_Gamer/nightfall,www.kongregate.com/games/hazard_gamer/nightfall,12,1,0,yes,2017-08-23,2017-08-23,0,0,0,0,0,0,0,0,0,0,0,0,Run a bounded page-history CDX shard for this game.
not_checked,1,The World of Zolcraft,http://www.kongregate.com/games/brvasil/the-world-of-zolcraft,www.kongregate.com/games/brvasil/the-world-of-zolcraft,12,1,0,yes,2017-08-25,2017-08-25,0,0,0,0,0,0,0,0,0,0,0,0,Run a bounded page-history CDX shard for this game.
not_checked,1,Bad Manors,http://www.kongregate.com/games/YugimonGX/bad-manors,www.kongregate.com/games/yugimongx/bad-manors,12,1,0,yes,2017-09-04,2017-09-04,0,0,0,0,0,0,0,0,0,0,0,0,Run a bounded page-history CDX shard for this game.
not_checked,1,GoodWitch,http://www.kongregate.com/games/JeuxBebel/goodwitch,www.kongregate.com/games/jeuxbebel/goodwitch,12,1,0,yes,2017-09-30,2017-09-30,0,0,0,0,0,0,0,0,0,0,0,0,Run a bounded page-history CDX shard for this game.
not_checked,1,Lumber Jack,http://www.kongregate.com/games/trashmail1/lumber-jack,www.kongregate.com/games/trashmail1/lumber-jack,12,1,0,yes,2017-10-08,2017-10-08,0,0,0,0,0,0,0,0,0,0,0,0,Run a bounded page-history CDX shard for this game.
not_checked,1,Apocalypse Z,http://www.kongregate.com/games/SanosVerd/apocalypse-z,www.kongregate.com/games/sanosverd/apocalypse-z,12,1,0,yes,2017-10-15,2017-10-15,0,0,0,0,0,0,0,0,0,0,0,0,Run a bounded page-history CDX shard for this game.
not_checked,1,Penguin Clicker (Beta),http://www.kongregate.com/games/BullerSweety/penguin-clicker-beta,www.kongregate.com/games/bullersweety/penguin-clicker-beta,12,1,0,yes,2017-10-24,2017-10-24,0,0,0,0,0,0,0,0,0,0,0,0,Run a bounded page-history CDX shard for this game.
not_checked,1,Idle Ants,http://www.kongregate.com/games/scorzy88/idle-ants,www.kongregate.com/games/scorzy88/idle-ants,12,3,0,yes,2017-11-01,2017-11-08,0,0,0,0,0,0,0,0,0,0,0,0,Run a bounded page-history CDX shard for this game.
not_checked,1,Soccer Player Idle,http://www.kongregate.com/games/ZuvayGame/soccer-player-idle,www.kongregate.com/games/zuvaygame/soccer-player-idle,12,1,0,yes,2017-11-06,2017-11-06,0,0,0,0,0,0,0,0,0,0,0,0,Run a bounded page-history CDX shard for this game.
not_checked,1,MoleMan,https://www.kongregate.com/games/Luigiplayer/moleman,www.kongregate.com/games/luigiplayer/moleman,12,1,0,yes,2019-08-25,2019-08-25,0,0,0,0,0,0,0,0,0,0,0,0,Run a bounded page-history CDX shard for this game.
not_checked,1,Cursed Treasure 2 Remastered,https://www.kongregate.com/games/IriySoft/cursed-treasure-2-remastered,www.kongregate.com/games/iriysoft/cursed-treasure-2-remastered,12,124,26,yes,2019-11-17,2019-12-07,0,0,0,0,0,0,0,0,0,0,0,0,Run a bounded page-history CDX shard for this game.
not_checked,1,test,http://www.kongregate.com/games/Whatahooda/test,www.kongregate.com/games/whatahooda/test,12,1,0,yes,2021-01-25,2021-01-25,0,0,0,0,0,0,0,0,0,0,0,0,Run a bounded page-history CDX shard for this game.
not_checked,1,Pizza Delivery Puzzles,https://www.kongregate.com/games/dslevis/foodzong,www.kongregate.com/games/dslevis/foodzong,12,1,0,yes,2021-11-12,2021-11-12,0,0,0,0,0,0,0,0,0,0,0,0,Run a bounded page-history CDX shard for this game.
dynamic_metrics_placeholder,1,UnpuzzleX,https://www.kongregate.com/games/KekGames/unpuzzlex,www.kongregate.com/games/kekgames/unpuzzlex,13,409,13,yes,2020-06-20,2020-07-09,2,97,0,80,32,48,32,32,32,0,0,0,Probe exact archived metrics.json endpoints; cached HTML defers counts to JavaScript-injected metrics.
not_checked,1,ClueSweeper,http://www.kongregate.com/games/nerdook/cluesweeper,www.kongregate.com/games/nerdook/cluesweeper,13,11,0,yes,2014-08-22,2015-01-28,0,0,0,0,0,0,0,0,0,0,0,0,Run a bounded page-history CDX shard for this game.
not_checked,1,Crazy Zombie v3.0,http://www.kongregate.com/games/coolappsgame/crazy-zombie-v3-0,www.kongregate.com/games/coolappsgame/crazy-zombie-v3-0,13,1,0,yes,2014-08-22,2014-08-22,0,0,0,0,0,0,0,0,0,0,0,0,Run a bounded page-history CDX shard for this game.
not_checked,1,Berta - LD30,http://www.kongregate.com/games/JaDaSpan/berta-ld30,www.kongregate.com/games/jadaspan/berta-ld30,13,1,0,yes,2014-08-26,2014-08-26,0,0,0,0,0,0,0,0,0,0,0,0,Run a bounded page-history CDX shard for this game.
not_checked,1,Ultraman vs devils,http://www.kongregate.com/games/coolappsgame/ultraman-vs-devils,www.kongregate.com/games/coolappsgame/ultraman-vs-devils,13,1,0,yes,2014-08-29,2014-08-29,0,0,0,0,0,0,0,0,0,0,0,0,Run a bounded page-history CDX shard for this game.
not_checked,1,Island Tour,http://www.kongregate.com/games/MagicCube/island-tour,www.kongregate.com/games/magiccube/island-tour,13,1,0,yes,2014-09-02,2014-09-02,0,0,0,0,0,0,0,0,0,0,0,0,Run a bounded page-history CDX shard for this game.
not_checked,1,Sara Motocross Climb,http://www.kongregate.com/games/loogames/sara-motocross-climb,www.kongregate.com/games/loogames/sara-motocross-climb,13,1,0,yes,2014-09-05,2014-09-05,0,0,0,0,0,0,0,0,0,0,0,0,Run a bounded page-history CDX shard for this game.
not_checked,1,Pou Jelly World 3,http://www.kongregate.com/games/pupugames/pou-jelly-world-3,www.kongregate.com/games/pupugames/pou-jelly-world-3,13,1,0,yes,2014-09-12,2014-09-12,0,0,0,0,0,0,0,0,0,0,0,0,Run a bounded page-history CDX shard for this game.
not_checked,1,Kamacy (kamaci) VS Kermidde (kermaid),http://www.kongregate.com/games/RHMonGAME/kamacy-kamaci-vs-kermidde-kermaid,www.kongregate.com/games/rhmongame/kamacy-kamaci-vs-kermidde-kermaid,13,2,0,yes,2014-09-19,2014-09-19,0,0,0,0,0,0,0,0,0,0,0,0,Run a bounded page-history CDX shard for this game.
not_checked,1,Humpty's shootout,http://www.kongregate.com/games/JeremyW/humptys-shootout,www.kongregate.com/games/jeremyw/humptys-shootout,13,1,0,yes,2014-09-20,2014-09-20,0,0,0,0,0,0,0,0,0,0,0,0,Run a bounded page-history CDX shard for this game.
not_checked,1,Calming,http://www.kongregate.com/games/Slewth1/calming,www.kongregate.com/games/slewth1/calming,13,1,0,yes,2014-09-26,2014-09-26,0,0,0,0,0,0,0,0,0,0,0,0,Run a bounded page-history CDX shard for this game.
not_checked,1,Glue Knight 1.3 + Editor,http://www.kongregate.com/games/GameReclaim/glue-knight-1-3-editor,www.kongregate.com/games/gamereclaim/glue-knight-1-3-editor,13,1,0,yes,2014-09-26,2014-09-26,0,0,0,0,0,0,0,0,0,0,0,0,Run a bounded page-history CDX shard for this game.
not_checked,1,Escape Mystic Room,http://www.kongregate.com/games/quicksailor/escape-mystic-room,www.kongregate.com/games/quicksailor/escape-mystic-room,13,1,0,yes,2014-10-03,2014-10-03,0,0,0,0,0,0,0,0,0,0,0,0,Run a bounded page-history CDX shard for this game.
not_checked,1,Zombies Mashed Potatoes,http://www.kongregate.com/games/IanStokes/zombies-mashed-potatoes,www.kongregate.com/games/ianstokes/zombies-mashed-potatoes,13,1,0,yes,2014-10-04,2014-10-04,0,0,0,0,0,0,0,0,0,0,0,0,Run a bounded page-history CDX shard for this game.
not_checked,1,Firewall Frenzy,http://www.kongregate.com/games/sunaj10/firewall-frenzy,www.kongregate.com/games/sunaj10/firewall-frenzy,13,1,0,yes,2014-10-09,2014-10-09,0,0,0,0,0,0,0,0,0,0,0,0,Run a bounded page-history CDX shard for this game.
not_checked,1,Unexpected Movement,http://www.kongregate.com/games/SandraKim/unexpected-movement,www.kongregate.com/games/sandrakim/unexpected-movement,13,1,0,yes,2014-10-13,2014-10-13,0,0,0,0,0,0,0,0,0,0,0,0,Run a bounded page-history CDX shard for this game.
not_checked,1,Jelly Slice,http://www.kongregate.com/games/TreSensa/jelly-slice,www.kongregate.com/games/tresensa/jelly-slice,13,1,0,yes,2014-10-24,2014-10-24,0,0,0,0,0,0,0,0,0,0,0,0,Run a bounded page-history CDX shard for this game.
not_checked,1,Billy Where ya Babas' @,http://www.kongregate.com/games/neighfox3/billy-where-ya-babas,www.kongregate.com/games/neighfox3/billy-where-ya-babas,13,1,0,yes,2014-10-29,2014-10-29,0,0,0,0,0,0,0,0,0,0,0,0,Run a bounded page-history CDX shard for this game.
not_checked,1,Carentan Shooter,http://www.kongregate.com/games/19392/carentan-shooter,www.kongregate.com/games/19392/carentan-shooter,13,1,0,yes,2014-10-31,2014-10-31,0,0,0,0,0,0,0,0,0,0,0,0,Run a bounded page-history CDX shard for this game.
not_checked,1,Sierra 7,http://www.kongregate.com/games/simonhason/sierra-7,www.kongregate.com/games/simonhason/sierra-7,13,23,0,yes,2014-11-01,2016-02-03,0,0,0,0,0,0,0,0,0,0,0,0,Run a bounded page-history CDX shard for this game.
not_checked,1,Happy Mart,http://www.kongregate.com/games/littlegiantworld/happy-mart,www.kongregate.com/games/littlegiantworld/happy-mart,13,1,0,yes,2014-11-11,2014-11-11,0,0,0,0,0,0,0,0,0,0,0,0,Run a bounded page-history CDX shard for this game.
not_checked,1,Just Testing Something,http://www.kongregate.com/games/ShadyShock/just-testing-something,www.kongregate.com/games/shadyshock/just-testing-something,13,1,0,yes,2014-11-25,2014-11-25,0,0,0,0,0,0,0,0,0,0,0,0,Run a bounded page-history CDX shard for this game.
not_checked,1,Piggy Bank,http://www.kongregate.com/games/Deanomyite/piggy-bank,www.kongregate.com/games/deanomyite/piggy-bank,13,1,0,yes,2014-12-02,2014-12-02,0,0,0,0,0,0,0,0,0,0,0,0,Run a bounded page-history CDX shard for this game.
not_checked,1,Grave Screen Of Death,http://www.kongregate.com/games/FlorentPoujol/grave-screen-of-death,www.kongregate.com/games/florentpoujol/grave-screen-of-death,13,1,0,yes,2014-12-10,2014-12-10,0,0,0,0,0,0,0,0,0,0,0,0,Run a bounded page-history CDX shard for this game.
not_checked,1,Ancient Mahjong,http://www.kongregate.com/games/zygomaticgames/ancient-mahjong,www.kongregate.com/games/zygomaticgames/ancient-mahjong,13,1,0,yes,2014-12-17,2014-12-17,0,0,0,0,0,0,0,0,0,0,0,0,Run a bounded page-history CDX shard for this game.
not_checked,1,Arcuz (Full Version),http://www.kongregate.com/games/funnaut/arcuz-full-version,www.kongregate.com/games/funnaut/arcuz-full-version,13,28,0,yes,2014-12-27,2019-10-22,0,0,0,0,0,0,0,0,0,0,0,0,Run a bounded page-history CDX shard for this game.
not_checked,1,Simple,http://www.kongregate.com/games/htejera/simple,www.kongregate.com/games/htejera/simple,13,1,0,yes,2014-12-28,2014-12-28,0,0,0,0,0,0,0,0,0,0,0,0,Run a bounded page-history CDX shard for this game.
not_checked,1,Road Of Fury 2,http://www.kongregate.com/games/IriySoft/road-of-fury-2,www.kongregate.com/games/iriysoft/road-of-fury-2,13,1,0,yes,2014-12-30,2014-12-30,0,0,0,0,0,0,0,0,0,0,0,0,Run a bounded page-history CDX shard for this game.
not_checked,1,Strange Science,http://www.kongregate.com/games/7ECHNOMANCER/strange-science,www.kongregate.com/games/7echnomancer/strange-science,13,1,0,yes,2015-04-01,2015-04-01,0,0,0,0,0,0,0,0,0,0,0,0,Run a bounded page-history CDX shard for this game.
not_checked,1,Dig Them Up,http://www.kongregate.com/games/chrisfry/dig-them-up,www.kongregate.com/games/chrisfry/dig-them-up,13,1,0,yes,2015-09-09,2015-09-09,0,0,0,0,0,0,0,0,0,0,0,0,Run a bounded page-history CDX shard for this game.
not_checked,1,Super Candy Match 2,http://www.kongregate.com/games/Gamesdeveloper/super-candy-match-2,www.kongregate.com/games/gamesdeveloper/super-candy-match-2,13,1,0,yes,2015-09-14,2015-09-14,0,0,0,0,0,0,0,0,0,0,0,0,Run a bounded page-history CDX shard for this game.
not_checked,1,Worthwood Castle Prophecy,http://www.kongregate.com/games/SandraKim/worthwood-castle-prophecy,www.kongregate.com/games/sandrakim/worthwood-castle-prophecy,13,1,0,yes,2015-09-15,2015-09-15,0,0,0,0,0,0,0,0,0,0,0,0,Run a bounded page-history CDX shard for this game.
not_checked,1,SKI T1,http://www.kongregate.com/games/n0lb0dy2/ski-t1,www.kongregate.com/games/n0lb0dy2/ski-t1,13,1,0,yes,2015-09-23,2015-09-23,0,0,0,0,0,0,0,0,0,0,0,0,Run a bounded page-history CDX shard for this game.
not_checked,1,Locked Doors Escape,http://www.kongregate.com/games/ainarsa/locked-doors-escape,www.kongregate.com/games/ainarsa/locked-doors-escape,13,1,0,yes,2015-09-30,2015-09-30,0,0,0,0,0,0,0,0,0,0,0,0,Run a bounded page-history CDX shard for this game.
not_checked,1,Falling Sands,http://www.kongregate.com/games/ajs11893/falling-sands,www.kongregate.com/games/ajs11893/falling-sands,13,41,13,yes,2015-10-03,2017-04-01,0,0,0,0,0,0,0,0,0,0,0,0,Run a bounded page-history CDX shard for this game.
not_checked,1,Zumbi Blocks,http://www.kongregate.com/games/adrianks47/zumbi-blocks,www.kongregate.com/games/adrianks47/zumbi-blocks,13,27,0,yes,2015-10-08,2017-04-01,0,0,0,0,0,0,0,0,0,0,0,0,Run a bounded page-history CDX shard for this game.
not_checked,1,Cinderella’s Magic Ring,http://www.kongregate.com/games/ainarsa/cinderella-s-magic-ring,www.kongregate.com/games/ainarsa/cinderella-s-magic-ring,13,1,0,yes,2015-12-05,2015-12-05,0,0,0,0,0,0,0,0,0,0,0,0,Run a bounded page-history CDX shard for this game.
not_checked,1,Halloween Night Mystery,http://www.kongregate.com/games/ainarsa/halloween-night-mystery,www.kongregate.com/games/ainarsa/halloween-night-mystery,13,1,0,yes,2015-12-18,2015-12-18,0,0,0,0,0,0,0,0,0,0,0,0,Run a bounded page-history CDX shard for this game.
not_checked,1,Sugar Rush Speedway,http://www.kongregate.com/games/AliMohammed/sugar-rush-speedway,www.kongregate.com/games/alimohammed/sugar-rush-speedway,13,1,0,yes,2016-01-02,2016-01-02,0,0,0,0,0,0,0,0,0,0,0,0,Run a bounded page-history CDX shard for this game.
not_checked,1,Pio's Adventure,http://www.kongregate.com/games/RafaQlo/pios-adventure,www.kongregate.com/games/rafaqlo/pios-adventure,13,1,0,yes,2016-01-16,2016-01-16,0,0,0,0,0,0,0,0,0,0,0,0,Run a bounded page-history CDX shard for this game.
not_checked,1,Circles,http://www.kongregate.com/games/jrokas01/circles,www.kongregate.com/games/jrokas01/circles,13,1,0,yes,2016-01-25,2016-01-25,0,0,0,0,0,0,0,0,0,0,0,0,Run a bounded page-history CDX shard for this game.
not_checked,1,Hollywood Sellout,http://www.kongregate.com/games/SandraKim/hollywood-sellout,www.kongregate.com/games/sandrakim/hollywood-sellout,13,1,0,yes,2016-02-17,2016-02-17,0,0,0,0,0,0,0,0,0,0,0,0,Run a bounded page-history CDX shard for this game.
not_checked,1,Ultimate Time Waster,http://www.kongregate.com/games/charboozi/ultimate-time-waster,www.kongregate.com/games/charboozi/ultimate-time-waster,13,1,0,yes,2016-02-28,2016-02-28,0,0,0,0,0,0,0,0,0,0,0,0,Run a bounded page-history CDX shard for this game.
not_checked,1,Let's Click,http://www.kongregate.com/games/eurocrem/lets-click,www.kongregate.com/games/eurocrem/lets-click,13,1,0,yes,2016-03-05,2016-03-05,0,0,0,0,0,0,0,0,0,0,0,0,Run a bounded page-history CDX shard for this game.
not_checked,1,Princess Prom Photoshoot,http://www.kongregate.com/games/Funtomic/princess-prom-photoshoot,www.kongregate.com/games/funtomic/princess-prom-photoshoot,13,1,0,yes,2016-03-07,2016-03-07,0,0,0,0,0,0,0,0,0,0,0,0,Run a bounded page-history CDX shard for this game.
not_checked,1,An Unconventional Weapon,http://www.kongregate.com/games/DaveTech/an-unconventional-weapon,www.kongregate.com/games/davetech/an-unconventional-weapon,13,1,0,yes,2016-03-16,2016-03-16,0,0,0,0,0,0,0,0,0,0,0,0,Run a bounded page-history CDX shard for this game.
not_checked,1,Batman VS Superman Race,http://www.kongregate.com/games/Gamesdeveloper/batman-vs-superman-race,www.kongregate.com/games/gamesdeveloper/batman-vs-superman-race,13,1,0,yes,2016-03-20,2016-03-20,0,0,0,0,0,0,0,0,0,0,0,0,Run a bounded page-history CDX shard for this game.
not_checked,1,Adventure MatiGames,http://www.kongregate.com/games/Kijamus/adventure-matigames,www.kongregate.com/games/kijamus/adventure-matigames,13,1,0,yes,2016-03-24,2016-03-24,0,0,0,0,0,0,0,0,0,0,0,0,Run a bounded page-history CDX shard for this game.
not_checked,1,Cube Escape: Theatre,https://www.kongregate.com/games/RustyLake/cube-escape-theatre,www.kongregate.com/games/rustylake/cube-escape-theatre,13,76,12,yes,2016-04-26,2016-05-02,0,0,0,0,0,0,0,0,0,0,0,0,Run a bounded page-history CDX shard for this game.
not_checked,1,YOLO Animals,http://www.kongregate.com/games/Memolestas/yolo-animals,www.kongregate.com/games/memolestas/yolo-animals,13,1,0,yes,2016-05-15,2016-05-15,0,0,0,0,0,0,0,0,0,0,0,0,Run a bounded page-history CDX shard for this game.
not_checked,1,Power-Copter,http://www.kongregate.com/games/James_Kholamian/power-copter,www.kongregate.com/games/james_kholamian/power-copter,13,6,0,yes,2016-05-25,2023-11-23,0,0,0,0,0,0,0,0,0,0,0,0,Run a bounded page-history CDX shard for this game.
not_checked,1,The Hideous Dreamer,http://www.kongregate.com/games/BigBlingThing/the-hideous-dreamer,www.kongregate.com/games/bigblingthing/the-hideous-dreamer,13,1,0,yes,2016-06-04,2016-06-04,0,0,0,0,0,0,0,0,0,0,0,0,Run a bounded page-history CDX shard for this game.
not_checked,1,Unmind,http://www.kongregate.com/games/kolloldas/unmind,www.kongregate.com/games/kolloldas/unmind,13,1,0,yes,2016-06-13,2016-06-13,0,0,0,0,0,0,0,0,0,0,0,0,Run a bounded page-history CDX shard for this game.
not_checked,1,Spaceship and asteroids,http://www.kongregate.com/games/NiiQolas/spaceship-and-asteroids,www.kongregate.com/games/niiqolas/spaceship-and-asteroids,13,1,0,yes,2016-06-22,2016-06-22,0,0,0,0,0,0,0,0,0,0,0,0,Run a bounded page-history CDX shard for this game.
not_checked,1,Fruit Monkey,http://www.kongregate.com/games/Gamesdeveloper/fruit-monkey,www.kongregate.com/games/gamesdeveloper/fruit-monkey,13,1,0,yes,2016-06-29,2016-06-29,0,0,0,0,0,0,0,0,0,0,0,0,Run a bounded page-history CDX shard for this game.
not_checked,1,Catroom Drama - CASE 2,http://www.kongregate.com/games/HyperHippoGames/catroom-drama-case-2,www.kongregate.com/games/hyperhippogames/catroom-drama-case-2,13,1,0,yes,2016-07-07,2016-07-07,0,0,0,0,0,0,0,0,0,0,0,0,Run a bounded page-history CDX shard for this game.
not_checked,1,Missile Mayhem Mobile,http://www.kongregate.com/games/demeko/missile-mayhem-mobile,www.kongregate.com/games/demeko/missile-mayhem-mobile,13,1,0,yes,2016-07-14,2016-07-14,0,0,0,0,0,0,0,0,0,0,0,0,Run a bounded page-history CDX shard for this game.
not_checked,1,ADVENTURES OF J,http://www.kongregate.com/games/Enagamess/adventures-of-j,www.kongregate.com/games/enagamess/adventures-of-j,13,1,0,yes,2016-07-27,2016-07-27,0,0,0,0,0,0,0,0,0,0,0,0,Run a bounded page-history CDX shard for this game.
not_checked,1,Idle War,http://www.kongregate.com/games/giulio321/idle-war,www.kongregate.com/games/giulio321/idle-war,13,1,0,yes,2016-08-05,2016-08-05,0,0,0,0,0,0,0,0,0,0,0,0,Run a bounded page-history CDX shard for this game.
not_checked,1,cube wars,http://www.kongregate.com/games/vitynte2/cube-wars,www.kongregate.com/games/vitynte2/cube-wars,13,1,0,yes,2016-08-13,2016-08-13,0,0,0,0,0,0,0,0,0,0,0,0,Run a bounded page-history CDX shard for this game.
not_checked,1,MarsQuest,http://www.kongregate.com/games/mskittlez/marsquest,www.kongregate.com/games/mskittlez/marsquest,13,1,0,yes,2016-08-20,2016-08-20,0,0,0,0,0,0,0,0,0,0,0,0,Run a bounded page-history CDX shard for this game.
not_checked,1,Lost Clues,http://www.kongregate.com/games/SandraKim/lost-clues,www.kongregate.com/games/sandrakim/lost-clues,13,1,0,yes,2016-09-03,2016-09-03,0,0,0,0,0,0,0,0,0,0,0,0,Run a bounded page-history CDX shard for this game.
not_checked,1,Escape Rooms 2,http://www.kongregate.com/games/rahchel321/escape-rooms-2,www.kongregate.com/games/rahchel321/escape-rooms-2,13,1,0,yes,2016-09-16,2016-09-16,0,0,0,0,0,0,0,0,0,0,0,0,Run a bounded page-history CDX shard for this game.
not_checked,1,WarZone Beta .1,http://www.kongregate.com/games/IAmFluzzy/warzone-beta-1,www.kongregate.com/games/iamfluzzy/warzone-beta-1,13,1,0,yes,2016-09-17,2016-09-17,0,0,0,0,0,0,0,0,0,0,0,0,Run a bounded page-history CDX shard for this game.
not_checked,1,Don't Breathe,http://www.kongregate.com/games/yolkgamez/dont-breathe,www.kongregate.com/games/yolkgamez/dont-breathe,13,1,0,yes,2016-09-23,2016-09-23,0,0,0,0,0,0,0,0,0,0,0,0,Run a bounded page-history CDX shard for this game.
not_checked,1,Sweet Candy Mahjong,http://www.kongregate.com/games/fakitaki/sweet-candy-mahjong,www.kongregate.com/games/fakitaki/sweet-candy-mahjong,13,1,0,yes,2016-10-04,2016-10-04,0,0,0,0,0,0,0,0,0,0,0,0,Run a bounded page-history CDX shard for this game.
not_checked,1,Photo Grab!,http://www.kongregate.com/games/AlexKLS/photo-grab,www.kongregate.com/games/alexkls/photo-grab,13,1,0,yes,2016-10-17,2016-10-17,0,0,0,0,0,0,0,0,0,0,0,0,Run a bounded page-history CDX shard for this game.
not_checked,1,Halloween Trick or Treat,http://www.kongregate.com/games/yolkgames/halloween-trick-or-treat,www.kongregate.com/games/yolkgames/halloween-trick-or-treat,13,1,0,yes,2016-10-18,2016-10-18,0,0,0,0,0,0,0,0,0,0,0,0,Run a bounded page-history CDX shard for this game.
not_checked,1,BACKCOLOR,http://www.kongregate.com/games/hoqpe/backcolor,www.kongregate.com/games/hoqpe/backcolor,13,1,0,yes,2016-10-24,2016-10-24,0,0,0,0,0,0,0,0,0,0,0,0,Run a bounded page-history CDX shard for this game.
not_checked,1,Dungeon Runner,http://www.kongregate.com/games/Destructor523/dungeon-runner,www.kongregate.com/games/destructor523/dungeon-runner,13,1,0,yes,2017-05-05,2017-05-05,0,0,0,0,0,0,0,0,0,0,0,0,Run a bounded page-history CDX shard for this game.
not_checked,1,Slurpy Derpy,http://www.kongregate.com/games/ScaryBee/slurpy-derpy,www.kongregate.com/games/scarybee/slurpy-derpy,13,6,0,yes,2017-05-06,2017-05-28,0,0,0,0,0,0,0,0,0,0,0,0,Run a bounded page-history CDX shard for this game.
not_checked,1,Cafeina,http://www.kongregate.com/games/ismaelassassin/cafeina,www.kongregate.com/games/ismaelassassin/cafeina,13,1,0,yes,2017-05-16,2017-05-16,0,0,0,0,0,0,0,0,0,0,0,0,Run a bounded page-history CDX shard for this game.
not_checked,1,The Last Bunker,http://www.kongregate.com/games/HyperHippoGames/the-last-bunker,www.kongregate.com/games/hyperhippogames/the-last-bunker,13,1,0,yes,2017-05-25,2017-05-25,0,0,0,0,0,0,0,0,0,0,0,0,Run a bounded page-history CDX shard for this game.
not_checked,1,KoGaMa: Super Mario N-64,http://www.kongregate.com/games/CaptainJens/kogama-super-mario-n-64,www.kongregate.com/games/captainjens/kogama-super-mario-n-64,13,1,0,yes,2017-05-26,2017-05-26,0,0,0,0,0,0,0,0,0,0,0,0,Run a bounded page-history CDX shard for this game.
not_checked,1,battlegroup.io,http://www.kongregate.com/games/battlegroupio/battlegroup-io,www.kongregate.com/games/battlegroupio/battlegroup-io,13,1,0,yes,2017-06-04,2017-06-04,0,0,0,0,0,0,0,0,0,0,0,0,Run a bounded page-history CDX shard for this game.
not_checked,1,Ghost Runner,http://www.kongregate.com/games/mediumbradley1/ghost-runner,www.kongregate.com/games/mediumbradley1/ghost-runner,13,1,0,yes,2017-06-15,2017-06-15,0,0,0,0,0,0,0,0,0,0,0,0,Run a bounded page-history CDX shard for this game.
not_checked,1,PJ Masks Pac-Man,http://www.kongregate.com/games/pjmasks/pj-masks-pac-man,www.kongregate.com/games/pjmasks/pj-masks-pac-man,13,1,0,yes,2017-06-16,2017-06-16,0,0,0,0,0,0,0,0,0,0,0,0,Run a bounded page-history CDX shard for this game.
not_checked,1,Temple of Impalement,http://www.kongregate.com/games/gamescarab/temple-of-impalement,www.kongregate.com/games/gamescarab/temple-of-impalement,13,1,0,yes,2017-06-25,2017-06-25,0,0,0,0,0,0,0,0,0,0,0,0,Run a bounded page-history CDX shard for this game.
not_checked,1,Dodgeballs.io - Multiplayer .iO Game!,http://www.kongregate.com/games/orndotio/dodgeballs-io-multiplayer-io-game,www.kongregate.com/games/orndotio/dodgeballs-io-multiplayer-io-game,13,1,0,yes,2017-07-03,2017-07-03,0,0,0,0,0,0,0,0,0,0,0,0,Run a bounded page-history CDX shard for this game.
not_checked,1,EVO - The evolutionary journey,http://www.kongregate.com/games/paulocosta1909/evo-the-evolutionary-journey,www.kongregate.com/games/paulocosta1909/evo-the-evolutionary-journey,13,1,0,yes,2017-07-12,2017-07-12,0,0,0,0,0,0,0,0,0,0,0,0,Run a bounded page-history CDX shard for this game.
not_checked,1,Baby Turtle Adventure,http://www.kongregate.com/games/k25507891/baby-turtle-adventure,www.kongregate.com/games/k25507891/baby-turtle-adventure,13,1,0,yes,2017-07-28,2017-07-28,0,0,0,0,0,0,0,0,0,0,0,0,Run a bounded page-history CDX shard for this game.
not_checked,1,The Flying Bird,http://www.kongregate.com/games/sherazbhatti226/the-flying-bird,www.kongregate.com/games/sherazbhatti226/the-flying-bird,13,1,0,yes,2017-07-29,2017-07-29,0,0,0,0,0,0,0,0,0,0,0,0,Run a bounded page-history CDX shard for this game.
not_checked,1,GameMakerUnknowns Bomberplane,http://www.kongregate.com/games/GameMakerUnknown/gamemakerunknowns-bomberplane,www.kongregate.com/games/gamemakerunknown/gamemakerunknowns-bomberplane,13,1,0,yes,2017-08-11,2017-08-11,0,0,0,0,0,0,0,0,0,0,0,0,Run a bounded page-history CDX shard for this game.
not_checked,1,Me Alone 2,http://www.kongregate.com/games/brvasil/me-alone-2,www.kongregate.com/games/brvasil/me-alone-2,13,1,0,yes,2017-08-25,2017-08-25,0,0,0,0,0,0,0,0,0,0,0,0,Run a bounded page-history CDX shard for this game.
not_checked,1,Laser Defender,http://www.kongregate.com/games/EndoRushDev/laser-defender,www.kongregate.com/games/endorushdev/laser-defender,13,1,0,yes,2017-09-30,2017-09-30,0,0,0,0,0,0,0,0,0,0,0,0,Run a bounded page-history CDX shard for this game.
not_checked,1,Royal City Clashers 2,http://www.kongregate.com/games/RHMGames/royal-city-clashers-2,www.kongregate.com/games/rhmgames/royal-city-clashers-2,13,1,0,yes,2017-10-08,2017-10-08,0,0,0,0,0,0,0,0,0,0,0,0,Run a bounded page-history CDX shard for this game.
not_checked,1,Nego Bam Ao Attack,http://www.kongregate.com/games/NormalPowerPlus/nego-bam-ao-attack,www.kongregate.com/games/normalpowerplus/nego-bam-ao-attack,13,1,0,yes,2017-10-15,2017-10-15,0,0,0,0,0,0,0,0,0,0,0,0,Run a bounded page-history CDX shard for this game.
not_checked,1,Fotis kodos,http://www.kongregate.com/games/GiwrgosCh/fotis-kodos,www.kongregate.com/games/giwrgosch/fotis-kodos,13,1,0,yes,2017-10-24,2017-10-24,0,0,0,0,0,0,0,0,0,0,0,0,Run a bounded page-history CDX shard for this game.
not_checked,1,Tower Keepers,http://www.kongregate.com/games/Ninjakiwi/tower-keepers,www.kongregate.com/games/ninjakiwi/tower-keepers,13,3,0,yes,2017-11-01,2017-11-08,0,0,0,0,0,0,0,0,0,0,0,0,Run a bounded page-history CDX shard for this game.
not_checked,1,Duplicity,http://www.kongregate.com/games/AguaHervida/duplicity,www.kongregate.com/games/aguahervida/duplicity,13,1,0,yes,2017-11-06,2017-11-06,0,0,0,0,0,0,0,0,0,0,0,0,Run a bounded page-history CDX shard for this game.
not_checked,1,Mighty Party,https://www.kongregate.com/games/Panoramik/mighty-party,www.kongregate.com/games/panoramik/mighty-party,13,5,0,yes,2018-12-22,2018-12-22,0,0,0,0,0,0,0,0,0,0,0,0,Run a bounded page-history CDX shard for this game.
not_checked,1,Medieval Chronicles 1,https://www.kongregate.com/games/VasantJ/medieval-chronicles-1,www.kongregate.com/games/vasantj/medieval-chronicles-1,13,2,0,yes,2019-02-01,2019-02-01,0,0,0,0,0,0,0,0,0,0,0,0,Run a bounded page-history CDX shard for this game.
not_checked,1,Medieval Cop - The Princess and The Grump,https://www.kongregate.com/games/VasantJ/medieval-cop-the-princess-and-the-grump,www.kongregate.com/games/vasantj/medieval-cop-the-princess-and-the-grump,13,13,4,yes,2019-10-22,2019-10-22,0,0,0,0,0,0,0,0,0,0,0,0,Run a bounded page-history CDX shard for this game.
not_checked,1,testeeee,https://www.kongregate.com/games/edugame12/testeeee,www.kongregate.com/games/edugame12/testeeee,13,1,0,yes,2021-11-12,2021-11-12,0,0,0,0,0,0,0,0,0,0,0,0,Run a bounded page-history CDX shard for this game.
not_checked,1,Barbie Match Up,http://www.kongregate.com/games/coolappsgame/barbie-match-up,www.kongregate.com/games/coolappsgame/barbie-match-up,14,1,0,yes,2014-08-22,2014-08-22,0,0,0,0,0,0,0,0,0,0,0,0,Run a bounded page-history CDX shard for this game.
not_checked,1,The Escape of The Bird Beta 1,http://www.kongregate.com/games/thiagosheckler/the-escape-of-the-bird-beta-1,www.kongregate.com/games/thiagosheckler/the-escape-of-the-bird-beta-1,14,1,0,yes,2014-08-26,2014-08-26,0,0,0,0,0,0,0,0,0,0,0,0,Run a bounded page-history CDX shard for this game.
not_checked,1,Splendid Fairy Dress Up,http://www.kongregate.com/games/loogames/splendid-fairy-dress-up,www.kongregate.com/games/loogames/splendid-fairy-dress-up,14,1,0,yes,2014-08-29,2014-08-29,0,0,0,0,0,0,0,0,0,0,0,0,Run a bounded page-history CDX shard for this game.
not_checked,1,SteamPunk Rabbit Alpha Version,http://www.kongregate.com/games/VasantJ/steampunk-rabbit-alpha-version,www.kongregate.com/games/vasantj/steampunk-rabbit-alpha-version,14,1,0,yes,2014-09-02,2014-09-02,0,0,0,0,0,0,0,0,0,0,0,0,Run a bounded page-history CDX shard for this game.
not_checked,1,Chota Bheem Run Game,http://www.kongregate.com/games/jawadsatti/chota-bheem-run-game,www.kongregate.com/games/jawadsatti/chota-bheem-run-game,14,1,0,yes,2014-09-05,2014-09-05,0,0,0,0,0,0,0,0,0,0,0,0,Run a bounded page-history CDX shard for this game.
not_checked,1,Texas instruments calculator/clock,http://www.kongregate.com/games/JoeB59/texas-instruments-calculator-clock,www.kongregate.com/games/joeb59/texas-instruments-calculator-clock,14,1,0,yes,2014-09-12,2014-09-12,0,0,0,0,0,0,0,0,0,0,0,0,Run a bounded page-history CDX shard for this game.
not_checked,1,EVoiders,http://www.kongregate.com/games/MatthewC272/evoiders,www.kongregate.com/games/matthewc272/evoiders,14,1,0,yes,2014-09-14,2014-09-14,0,0,0,0,0,0,0,0,0,0,0,0,Run a bounded page-history CDX shard for this game.
not_checked,1,Airline Service,http://www.kongregate.com/games/HyoungukK/airline-service,www.kongregate.com/games/hyoungukk/airline-service,14,1,0,yes,2014-09-19,2014-09-19,0,0,0,0,0,0,0,0,0,0,0,0,Run a bounded page-history CDX shard for this game.
not_checked,1,Hard Case,http://www.kongregate.com/games/azad187/hard-case,www.kongregate.com/games/azad187/hard-case,14,1,0,yes,2014-09-20,2014-09-20,0,0,0,0,0,0,0,0,0,0,0,0,Run a bounded page-history CDX shard for this game.
not_checked,1,Penta Cake,http://www.kongregate.com/games/nukermage/penta-cake,www.kongregate.com/games/nukermage/penta-cake,14,1,0,yes,2014-09-26,2014-09-26,0,0,0,0,0,0,0,0,0,0,0,0,Run a bounded page-history CDX shard for this game.
not_checked,1,Troll Tale,http://www.kongregate.com/games/pitergames/troll-tale,www.kongregate.com/games/pitergames/troll-tale,14,1,0,yes,2014-09-26,2014-09-26,0,0,0,0,0,0,0,0,0,0,0,0,Run a bounded page-history CDX shard for this game.
not_checked,1,Pets Swap,http://www.kongregate.com/games/ozdy/pets-swap,www.kongregate.com/games/ozdy/pets-swap,14,1,0,yes,2014-10-03,2014-10-03,0,0,0,0,0,0,0,0,0,0,0,0,Run a bounded page-history CDX shard for this game.
not_checked,1,Lucas vs Crocodile,http://www.kongregate.com/games/therobby3/lucas-vs-crocodile,www.kongregate.com/games/therobby3/lucas-vs-crocodile,14,1,0,yes,2014-10-10,2014-10-10,0,0,0,0,0,0,0,0,0,0,0,0,Run a bounded page-history CDX shard for this game.
not_checked,1,Speed Taxi Hidden Letters,http://www.kongregate.com/games/newgamess/speed-taxi-hidden-letters,www.kongregate.com/games/newgamess/speed-taxi-hidden-letters,14,1,0,yes,2014-10-13,2014-10-13,0,0,0,0,0,0,0,0,0,0,0,0,Run a bounded page-history CDX shard for this game.
not_checked,1,Flappy Rush,http://www.kongregate.com/games/funnychasegames/flappy-rush,www.kongregate.com/games/funnychasegames/flappy-rush,14,1,0,yes,2014-10-17,2014-10-17,0,0,0,0,0,0,0,0,0,0,0,0,Run a bounded page-history CDX shard for this game.
not_checked,1,Mambo vs Pronger,http://www.kongregate.com/games/spookymcslave/mambo-vs-pronger,www.kongregate.com/games/spookymcslave/mambo-vs-pronger,14,1,0,yes,2014-10-24,2014-10-24,0,0,0,0,0,0,0,0,0,0,0,0,Run a bounded page-history CDX shard for this game.
not_checked,1,Shotfirer,http://www.kongregate.com/games/KirIgnatev/shotfirer,www.kongregate.com/games/kirignatev/shotfirer,14,1,0,yes,2014-10-29,2014-10-29,0,0,0,0,0,0,0,0,0,0,0,0,Run a bounded page-history CDX shard for this game.
not_checked,1,Spooky John,http://www.kongregate.com/games/NoBodyAdam/spooky-john,www.kongregate.com/games/nobodyadam/spooky-john,14,1,0,yes,2014-10-31,2014-10-31,0,0,0,0,0,0,0,0,0,0,0,0,Run a bounded page-history CDX shard for this game.
not_checked,1,Incursion,http://www.kongregate.com/games/booblycCom/incursion,www.kongregate.com/games/booblyccom/incursion,14,55,0,yes,2014-11-01,2019-08-04,0,0,0,0,0,0,0,0,0,0,0,0,Run a bounded page-history CDX shard for this game.
not_checked,1,GrindQuest Censored,http://www.kongregate.com/games/Abra24/grindquest-censored,www.kongregate.com/games/abra24/grindquest-censored,14,11,0,yes,2014-11-02,2015-02-17,0,0,0,0,0,0,0,0,0,0,0,0,Run a bounded page-history CDX shard for this game.
not_checked,1,XSpot,http://www.kongregate.com/games/LONDONLAD/xspot,www.kongregate.com/games/londonlad/xspot,14,1,0,yes,2014-11-11,2014-11-11,0,0,0,0,0,0,0,0,0,0,0,0,Run a bounded page-history CDX shard for this game.
not_checked,1,Jungle Wars,http://www.kongregate.com/games/tensquaregames/jungle-wars,www.kongregate.com/games/tensquaregames/jungle-wars,14,1,0,yes,2014-11-25,2014-11-25,0,0,0,0,0,0,0,0,0,0,0,0,Run a bounded page-history CDX shard for this game.
not_checked,1,Stupid Hero,http://www.kongregate.com/games/tungnguyendev/stupid-hero,www.kongregate.com/games/tungnguyendev/stupid-hero,14,1,0,yes,2014-12-02,2014-12-02,0,0,0,0,0,0,0,0,0,0,0,0,Run a bounded page-history CDX shard for this game.
not_checked,1,Platform 31,http://www.kongregate.com/games/Rodaja/platform-31,www.kongregate.com/games/rodaja/platform-31,14,1,0,yes,2014-12-10,2014-12-10,0,0,0,0,0,0,0,0,0,0,0,0,Run a bounded page-history CDX shard for this game.
not_checked,1,Lava Car Escape,http://www.kongregate.com/games/gamolition/lava-car-escape,www.kongregate.com/games/gamolition/lava-car-escape,14,1,0,yes,2014-12-17,2014-12-17,0,0,0,0,0,0,0,0,0,0,0,0,Run a bounded page-history CDX shard for this game.
not_checked,1,Rise of Mythos,http://www.kongregate.com/games/GameFuse/rise-of-mythos,www.kongregate.com/games/gamefuse/rise-of-mythos,14,4,0,yes,2014-12-17,2015-02-07,0,0,0,0,0,0,0,0,0,0,0,0,Run a bounded page-history CDX shard for this game.
not_checked,1,Escape the Hotel Room,http://www.kongregate.com/games/ktm00/escape-the-hotel-room,www.kongregate.com/games/ktm00/escape-the-hotel-room,14,1,0,yes,2014-12-28,2014-12-28,0,0,0,0,0,0,0,0,0,0,0,0,Run a bounded page-history CDX shard for this game.
not_checked,1,Color,http://www.kongregate.com/games/sampearce8/color,www.kongregate.com/games/sampearce8/color,14,1,0,yes,2014-12-30,2014-12-30,0,0,0,0,0,0,0,0,0,0,0,0,Run a bounded page-history CDX shard for this game.
not_checked,1,EggCatcher,http://www.kongregate.com/games/StupidPiglet_com/eggcatcher,www.kongregate.com/games/stupidpiglet_com/eggcatcher,14,1,0,yes,2015-04-01,2015-04-01,0,0,0,0,0,0,0,0,0,0,0,0,Run a bounded page-history CDX shard for this game.
not_checked,1,Sands of the Coliseum,https://www.kongregate.com/games/BerzerkStudio/sands-of-the-coliseum,www.kongregate.com/games/berzerkstudio/sands-of-the-coliseum,14,149,0,yes,2015-04-14,2015-11-12,0,0,0,0,0,0,0,0,0,0,0,0,Run a bounded page-history CDX shard for this game.
not_checked,1,Royal Squad,http://www.kongregate.com/games/platon_skedow/royal-squad,www.kongregate.com/games/platon_skedow/royal-squad,14,2,0,yes,2015-05-06,2015-05-12,0,0,0,0,0,0,0,0,0,0,0,0,Run a bounded page-history CDX shard for this game.
not_checked,1,The Money Makers,http://www.kongregate.com/games/AlpagaGames/the-money-makers,www.kongregate.com/games/alpagagames/the-money-makers,14,2,0,yes,2015-08-09,2015-08-17,0,0,0,0,0,0,0,0,0,0,0,0,Run a bounded page-history CDX shard for this game.
not_checked,1,Book of Shadows,http://www.kongregate.com/games/SandraKim/book-of-shadows,www.kongregate.com/games/sandrakim/book-of-shadows,14,1,0,yes,2015-09-14,2015-09-14,0,0,0,0,0,0,0,0,0,0,0,0,Run a bounded page-history CDX shard for this game.
not_checked,1,Ping Pong Survival,http://www.kongregate.com/games/kidsgamess/ping-pong-survival,www.kongregate.com/games/kidsgamess/ping-pong-survival,14,1,0,yes,2015-09-15,2015-09-15,0,0,0,0,0,0,0,0,0,0,0,0,Run a bounded page-history CDX shard for this game.
not_checked,1,Baby Sophia Haircut,http://www.kongregate.com/games/MarkAntony/baby-sophia-haircut,www.kongregate.com/games/markantony/baby-sophia-haircut,14,1,0,yes,2015-09-23,2015-09-23,0,0,0,0,0,0,0,0,0,0,0,0,Run a bounded page-history CDX shard for this game.
not_checked,1,ODC: One Click Daily,http://www.kongregate.com/games/HyperHippoGames/odc-one-click-daily,www.kongregate.com/games/hyperhippogames/odc-one-click-daily,14,1,0,yes,2015-09-30,2015-09-30,0,0,0,0,0,0,0,0,0,0,0,0,Run a bounded page-history CDX shard for this game.
not_checked,1,GemCraft - Chasing Shadows,http://www.kongregate.com/games/gameinabottle/gemcraft-chasing-shadows,www.kongregate.com/games/gameinabottle/gemcraft-chasing-shadows,14,42,0,yes,2015-10-09,2017-09-06,0,0,0,0,0,0,0,0,0,0,0,0,Run a bounded page-history CDX shard for this game.
not_checked,1,Five Nights At Freddy's 1 Pacman,http://www.kongregate.com/games/The531stGamer/five-nights-at-freddys-1-pacman,www.kongregate.com/games/the531stgamer/five-nights-at-freddys-1-pacman,14,1,0,yes,2015-12-05,2015-12-05,0,0,0,0,0,0,0,0,0,0,0,0,Run a bounded page-history CDX shard for this game.
not_checked,1,Escape if u Can 2D game,http://www.kongregate.com/games/Amber6794/escape-if-u-can-2d-game,www.kongregate.com/games/amber6794/escape-if-u-can-2d-game,14,1,0,yes,2015-12-18,2015-12-18,0,0,0,0,0,0,0,0,0,0,0,0,Run a bounded page-history CDX shard for this game.
not_checked,1,BeatDash,http://www.kongregate.com/games/TahirG8/beatdash,www.kongregate.com/games/tahirg8/beatdash,14,1,0,yes,2015-12-26,2015-12-26,0,0,0,0,0,0,0,0,0,0,0,0,Run a bounded page-history CDX shard for this game.
not_checked,1,Alien Hunt,http://www.kongregate.com/games/3rimgames/alien-hunt,www.kongregate.com/games/3rimgames/alien-hunt,14,1,0,yes,2016-01-02,2016-01-02,0,0,0,0,0,0,0,0,0,0,0,0,Run a bounded page-history CDX shard for this game.
not_checked,1,Man versus the universe,http://www.kongregate.com/games/ELespio/man-versus-the-universe,www.kongregate.com/games/elespio/man-versus-the-universe,14,1,0,yes,2016-01-16,2016-01-16,0,0,0,0,0,0,0,0,0,0,0,0,Run a bounded page-history CDX shard for this game.
not_checked,1,Jake the Pirate Hook,http://www.kongregate.com/games/jakejuegos/jake-the-pirate-hook,www.kongregate.com/games/jakejuegos/jake-the-pirate-hook,14,1,0,yes,2016-01-25,2016-01-25,0,0,0,0,0,0,0,0,0,0,0,0,Run a bounded page-history CDX shard for this game.
not_checked,1,Up to the Sky,http://www.kongregate.com/games/hhh3112/up-to-the-sky,www.kongregate.com/games/hhh3112/up-to-the-sky,14,1,0,yes,2016-02-02,2016-02-02,0,0,0,0,0,0,0,0,0,0,0,0,Run a bounded page-history CDX shard for this game.
not_checked,1,Midas' Gold Plus,http://www.kongregate.com/games/HolydayStudios/midas-gold-plus,www.kongregate.com/games/holydaystudios/midas-gold-plus,14,12,0,yes,2016-02-17,2016-02-17,0,0,0,0,0,0,0,0,0,0,0,0,Run a bounded page-history CDX shard for this game.
not_checked,1,ZType,http://www.kongregate.com/games/PhobosLab/ztype,www.kongregate.com/games/phoboslab/ztype,14,1,0,yes,2016-02-28,2016-02-28,0,0,0,0,0,0,0,0,0,0,0,0,Run a bounded page-history CDX shard for this game.
not_checked,1,La invasión de los arqueros,http://www.kongregate.com/games/thays36/la-invasi-n-de-los-arqueros,www.kongregate.com/games/thays36/la-invasi-n-de-los-arqueros,14,1,0,yes,2016-03-05,2016-03-05,0,0,0,0,0,0,0,0,0,0,0,0,Run a bounded page-history CDX shard for this game.
not_checked,1,Roadkill Revenge,http://www.kongregate.com/games/kizigames/roadkill-revenge,www.kongregate.com/games/kizigames/roadkill-revenge,14,1,0,yes,2016-03-07,2016-03-07,0,0,0,0,0,0,0,0,0,0,0,0,Run a bounded page-history CDX shard for this game.
not_checked,1,Fire hit .Beta,http://www.kongregate.com/games/deivisonGamerBr/fire-hit-beta,www.kongregate.com/games/deivisongamerbr/fire-hit-beta,14,1,0,yes,2016-03-16,2016-03-16,0,0,0,0,0,0,0,0,0,0,0,0,Run a bounded page-history CDX shard for this game.
not_checked,1,MafiaBattle,http://www.kongregate.com/games/mafiabattle/mafiabattle,www.kongregate.com/games/mafiabattle/mafiabattle,14,1,0,yes,2016-03-20,2016-03-20,0,0,0,0,0,0,0,0,0,0,0,0,Run a bounded page-history CDX shard for this game.
not_checked,1,Employee of the month,http://www.kongregate.com/games/SandraKim/employee-of-the-month,www.kongregate.com/games/sandrakim/employee-of-the-month,14,1,0,yes,2016-03-24,2016-03-24,0,0,0,0,0,0,0,0,0,0,0,0,Run a bounded page-history CDX shard for this game.
not_checked,1,Fun With Physics (1.1),http://www.kongregate.com/games/boblova/fun-with-physics-1-1,www.kongregate.com/games/boblova/fun-with-physics-1-1,14,1,0,yes,2016-05-15,2016-05-15,0,0,0,0,0,0,0,0,0,0,0,0,Run a bounded page-history CDX shard for this game.
not_checked,1,Space Invaderz Tutorial,http://www.kongregate.com/games/scotty42/space-invaderz-tutorial,www.kongregate.com/games/scotty42/space-invaderz-tutorial,14,6,0,yes,2016-05-25,2023-11-23,0,0,0,0,0,0,0,0,0,0,0,0,Run a bounded page-history CDX shard for this game.
not_checked,1,Soke,http://www.kongregate.com/games/josehzz/soke,www.kongregate.com/games/josehzz/soke,14,1,0,yes,2016-06-05,2016-06-05,0,0,0,0,0,0,0,0,0,0,0,0,Run a bounded page-history CDX shard for this game.
not_checked,1,Empire Defender 7,http://www.kongregate.com/games/thegames8dotcom/empire-defender-7,www.kongregate.com/games/thegames8dotcom/empire-defender-7,14,1,0,yes,2016-06-13,2016-06-13,0,0,0,0,0,0,0,0,0,0,0,0,Run a bounded page-history CDX shard for this game.
not_checked,1,MazeGame,http://www.kongregate.com/games/Geagles/mazegame,www.kongregate.com/games/geagles/mazegame,14,1,0,yes,2016-06-22,2016-06-22,0,0,0,0,0,0,0,0,0,0,0,0,Run a bounded page-history CDX shard for this game.
not_checked,1,ittwbi attempt 2,http://www.kongregate.com/games/EGees/ittwbi-attempt-2,www.kongregate.com/games/egees/ittwbi-attempt-2,14,1,0,yes,2016-06-29,2016-06-29,0,0,0,0,0,0,0,0,0,0,0,0,Run a bounded page-history CDX shard for this game.
not_checked,1,Multiplayer Island Survivel RPG,http://www.kongregate.com/games/sandrudarius/multiplayer-island-survivel-rpg,www.kongregate.com/games/sandrudarius/multiplayer-island-survivel-rpg,14,1,0,yes,2016-07-07,2016-07-07,0,0,0,0,0,0,0,0,0,0,0,0,Run a bounded page-history CDX shard for this game.
not_checked,1,Insane - hardcore physics puzzle-platformer,http://www.kongregate.com/games/Studionum43/insane-hardcore-physics-puzzle-platformer,www.kongregate.com/games/studionum43/insane-hardcore-physics-puzzle-platformer,14,1,0,yes,2016-07-14,2016-07-14,0,0,0,0,0,0,0,0,0,0,0,0,Run a bounded page-history CDX shard for this game.
not_checked,1,PONG,http://www.kongregate.com/games/BorysK20/pong,www.kongregate.com/games/borysk20/pong,14,1,0,yes,2016-07-20,2016-07-20,0,0,0,0,0,0,0,0,0,0,0,0,Run a bounded page-history CDX shard for this game.
not_checked,1,Who Can Escape The House,http://www.kongregate.com/games/rahchel321/who-can-escape-the-house,www.kongregate.com/games/rahchel321/who-can-escape-the-house,14,1,0,yes,2016-07-27,2016-07-27,0,0,0,0,0,0,0,0,0,0,0,0,Run a bounded page-history CDX shard for this game.
not_checked,1,Unblocking,http://www.kongregate.com/games/comrad_gremlin/unblocking,www.kongregate.com/games/comrad_gremlin/unblocking,14,1,0,yes,2016-08-05,2016-08-05,0,0,0,0,0,0,0,0,0,0,0,0,Run a bounded page-history CDX shard for this game.
not_checked,1,Famous Paintings Parodies 2,http://www.kongregate.com/games/Munguia/famous-paintings-parodies-2,www.kongregate.com/games/munguia/famous-paintings-parodies-2,14,1,0,yes,2016-08-13,2016-08-13,0,0,0,0,0,0,0,0,0,0,0,0,Run a bounded page-history CDX shard for this game.
not_checked,1,Trash King,http://www.kongregate.com/games/BrrrIce/trash-king,www.kongregate.com/games/brrrice/trash-king,14,1,0,yes,2016-08-28,2016-08-28,0,0,0,0,0,0,0,0,0,0,0,0,Run a bounded page-history CDX shard for this game.
not_checked,1,Super Trucks 3D,http://www.kongregate.com/games/Chilican/super-trucks-3d,www.kongregate.com/games/chilican/super-trucks-3d,14,1,0,yes,2016-09-03,2016-09-03,0,0,0,0,0,0,0,0,0,0,0,0,Run a bounded page-history CDX shard for this game.
not_checked,1,Escape Rooms 1,http://www.kongregate.com/games/rahchel321/escape-rooms-1,www.kongregate.com/games/rahchel321/escape-rooms-1,14,1,0,yes,2016-09-16,2016-09-16,0,0,0,0,0,0,0,0,0,0,0,0,Run a bounded page-history CDX shard for this game.
not_checked,1,"No More ""Terrorism""",http://www.kongregate.com/games/KarlJ86/no-more-terrorism,www.kongregate.com/games/karlj86/no-more-terrorism,14,1,0,yes,2016-09-17,2016-09-17,0,0,0,0,0,0,0,0,0,0,0,0,Run a bounded page-history CDX shard for this game.
not_checked,1,Sandbox Game,http://www.kongregate.com/games/JishTNM/sandbox-game,www.kongregate.com/games/jishtnm/sandbox-game,14,1,0,yes,2016-09-23,2016-09-23,0,0,0,0,0,0,0,0,0,0,0,0,Run a bounded page-history CDX shard for this game.
not_checked,1,Squares TinRune,http://www.kongregate.com/games/TinRune/squares-tinrune,www.kongregate.com/games/tinrune/squares-tinrune,14,1,0,yes,2016-10-04,2016-10-04,0,0,0,0,0,0,0,0,0,0,0,0,Run a bounded page-history CDX shard for this game.
not_checked,1,Emergency Ninja Training,http://www.kongregate.com/games/ViniAleixo/emergency-ninja-training,www.kongregate.com/games/vinialeixo/emergency-ninja-training,14,1,0,yes,2016-10-17,2016-10-17,0,0,0,0,0,0,0,0,0,0,0,0,Run a bounded page-history CDX shard for this game.
not_checked,1,Halloween Why Lucent Skull,http://www.kongregate.com/games/Enagamess/halloween-why-lucent-skull,www.kongregate.com/games/enagamess/halloween-why-lucent-skull,14,1,0,yes,2016-10-18,2016-10-18,0,0,0,0,0,0,0,0,0,0,0,0,Run a bounded page-history CDX shard for this game.
not_checked,1,Trick the Cat,http://www.kongregate.com/games/balbal1/trick-the-cat,www.kongregate.com/games/balbal1/trick-the-cat,14,1,0,yes,2016-10-24,2016-10-24,0,0,0,0,0,0,0,0,0,0,0,0,Run a bounded page-history CDX shard for this game.
not_checked,1,clicker farm,http://www.kongregate.com/games/12345102/clicker-farm,www.kongregate.com/games/12345102/clicker-farm,14,1,0,yes,2016-10-30,2016-10-30,0,0,0,0,0,0,0,0,0,0,0,0,Run a bounded page-history CDX shard for this game.
not_checked,1,WarLight: Multi-Player,https://www.kongregate.com/games/FizzerWL/warlight-multi-player,www.kongregate.com/games/fizzerwl/warlight-multi-player,14,54,0,yes,2017-04-08,2020-11-03,0,0,0,0,0,0,0,0,0,0,0,0,Run a bounded page-history CDX shard for this game.
not_checked,1,Area 51 Aliens,http://www.kongregate.com/games/CrazyEscapeGames/area-51-aliens,www.kongregate.com/games/crazyescapegames/area-51-aliens,14,1,0,yes,2017-05-05,2017-05-05,0,0,0,0,0,0,0,0,0,0,0,0,Run a bounded page-history CDX shard for this game.
not_checked,1,Perfect Aim,http://www.kongregate.com/games/Brunuu/perfect-aim,www.kongregate.com/games/brunuu/perfect-aim,14,1,0,yes,2017-05-16,2017-05-16,0,0,0,0,0,0,0,0,0,0,0,0,Run a bounded page-history CDX shard for this game.
not_checked,1,Knf Escape With Boat From Villa,http://www.kongregate.com/games/knfescapegame/knf-escape-with-boat-from-villa,www.kongregate.com/games/knfescapegame/knf-escape-with-boat-from-villa,14,1,0,yes,2017-05-25,2017-05-25,0,0,0,0,0,0,0,0,0,0,0,0,Run a bounded page-history CDX shard for this game.
not_checked,1,KoGaMa: WAR 4,http://www.kongregate.com/games/CaptainJens/kogama-war-4,www.kongregate.com/games/captainjens/kogama-war-4,14,1,0,yes,2017-05-26,2017-05-26,0,0,0,0,0,0,0,0,0,0,0,0,Run a bounded page-history CDX shard for this game.
not_checked,1,Flying Snake,http://www.kongregate.com/games/JimGiant/flying-snake,www.kongregate.com/games/jimgiant/flying-snake,14,1,0,yes,2017-06-04,2017-06-04,0,0,0,0,0,0,0,0,0,0,0,0,Run a bounded page-history CDX shard for this game.
not_checked,1,Wings Of Infinity,http://www.kongregate.com/games/Enagamess/wings-of-infinity,www.kongregate.com/games/enagamess/wings-of-infinity,14,1,0,yes,2017-06-25,2017-06-25,0,0,0,0,0,0,0,0,0,0,0,0,Run a bounded page-history CDX shard for this game.
not_checked,1,Survival Sandbox Simulator,http://www.kongregate.com/games/orndotio/survival-sandbox-simulator,www.kongregate.com/games/orndotio/survival-sandbox-simulator,14,1,0,yes,2017-07-03,2017-07-03,0,0,0,0,0,0,0,0,0,0,0,0,Run a bounded page-history CDX shard for this game.
not_checked,1,MadrugaHalla,http://www.kongregate.com/games/TaiguaraGuerra/madrugahalla,www.kongregate.com/games/taiguaraguerra/madrugahalla,14,1,0,yes,2017-07-12,2017-07-12,0,0,0,0,0,0,0,0,0,0,0,0,Run a bounded page-history CDX shard for this game.
not_checked,1,Moana Appendicitis Surgery,http://www.kongregate.com/games/k25507891/moana-appendicitis-surgery,www.kongregate.com/games/k25507891/moana-appendicitis-surgery,14,1,0,yes,2017-07-28,2017-07-28,0,0,0,0,0,0,0,0,0,0,0,0,Run a bounded page-history CDX shard for this game.
not_checked,1,Escape Game Love Fever,http://www.kongregate.com/games/ajazgames/escape-game-love-fever,www.kongregate.com/games/ajazgames/escape-game-love-fever,14,1,0,yes,2017-07-29,2017-07-29,0,0,0,0,0,0,0,0,0,0,0,0,Run a bounded page-history CDX shard for this game.
not_checked,1,Cannon Lord,http://www.kongregate.com/games/Herlyke/cannon-lord,www.kongregate.com/games/herlyke/cannon-lord,14,1,0,yes,2017-08-05,2017-08-05,0,0,0,0,0,0,0,0,0,0,0,0,Run a bounded page-history CDX shard for this game.
not_checked,1,Hexa_Match,http://www.kongregate.com/games/PasKuda13/hexa-match,www.kongregate.com/games/paskuda13/hexa-match,14,1,0,yes,2017-08-11,2017-08-11,0,0,0,0,0,0,0,0,0,0,0,0,Run a bounded page-history CDX shard for this game.
not_checked,1,Beast in the cave.,http://www.kongregate.com/games/minininja956/beast-in-the-cave,www.kongregate.com/games/minininja956/beast-in-the-cave,14,1,0,yes,2017-08-17,2017-08-17,0,0,0,0,0,0,0,0,0,0,0,0,Run a bounded page-history CDX shard for this game.
not_checked,1,Nights Within Zombies,http://www.kongregate.com/games/alaanasro1337/nights-within-zombies,www.kongregate.com/games/alaanasro1337/nights-within-zombies,14,1,0,yes,2017-08-23,2017-08-23,0,0,0,0,0,0,0,0,0,0,0,0,Run a bounded page-history CDX shard for this game.
not_checked,1,Zombie vs Janitor,http://www.kongregate.com/games/brvasil/zombie-vs-janitor,www.kongregate.com/games/brvasil/zombie-vs-janitor,14,1,0,yes,2017-08-25,2017-08-25,0,0,0,0,0,0,0,0,0,0,0,0,Run a bounded page-history CDX shard for this game.
not_checked,1,Nirvana Pilot Yume Promo,http://www.kongregate.com/games/Dev9K/nirvana-pilot-yume-promo,www.kongregate.com/games/dev9k/nirvana-pilot-yume-promo,14,1,0,yes,2017-09-04,2017-09-04,0,0,0,0,0,0,0,0,0,0,0,0,Run a bounded page-history CDX shard for this game.
not_checked,1,F.H. Memento: Love Beyond,http://www.kongregate.com/games/FMStudio/f-h-memento-love-beyond,www.kongregate.com/games/fmstudio/f-h-memento-love-beyond,14,1,0,yes,2017-09-13,2017-09-13,0,0,0,0,0,0,0,0,0,0,0,0,Run a bounded page-history CDX shard for this game.
not_checked,1,Winged Wheels,http://www.kongregate.com/games/Tenfor/winged-wheels,www.kongregate.com/games/tenfor/winged-wheels,14,1,0,yes,2017-09-20,2017-09-20,0,0,0,0,0,0,0,0,0,0,0,0,Run a bounded page-history CDX shard for this game.
not_checked,1,Dragon Quest,http://www.kongregate.com/games/Andreu1415/dragon-quest,www.kongregate.com/games/andreu1415/dragon-quest,14,1,0,yes,2017-09-30,2017-09-30,0,0,0,0,0,0,0,0,0,0,0,0,Run a bounded page-history CDX shard for this game.
not_checked,1,Escape From Ghost House,http://www.kongregate.com/games/top10newgames/escape-from-ghost-house,www.kongregate.com/games/top10newgames/escape-from-ghost-house,14,1,0,yes,2017-10-08,2017-10-08,0,0,0,0,0,0,0,0,0,0,0,0,Run a bounded page-history CDX shard for this game.
not_checked,1,Idle Photosynthesis,http://www.kongregate.com/games/Qmario1/idle-photosynthesis,www.kongregate.com/games/qmario1/idle-photosynthesis,14,1,0,yes,2017-10-15,2017-10-15,0,0,0,0,0,0,0,0,0,0,0,0,Run a bounded page-history CDX shard for this game.
not_checked,1,Fotis putsos,http://www.kongregate.com/games/GiwrgosCh/fotis-putsos,www.kongregate.com/games/giwrgosch/fotis-putsos,14,1,0,yes,2017-10-24,2017-10-24,0,0,0,0,0,0,0,0,0,0,0,0,Run a bounded page-history CDX shard for this game.
not_checked,1,Sword Fight,https://www.kongregate.com/en/games/tovrick/sword-fight,www.kongregate.com/games/tovrick/sword-fight,14,53,30,yes,2017-11-01,2017-11-04,0,0,0,0,0,0,0,0,0,0,0,0,Run a bounded page-history CDX shard for this game.
not_checked,1,Roller Runner,http://www.kongregate.com/games/RM2369/roller-runner,www.kongregate.com/games/rm2369/roller-runner,14,1,0,yes,2017-11-06,2017-11-06,0,0,0,0,0,0,0,0,0,0,0,0,Run a bounded page-history CDX shard for this game.
not_checked,1,Wizard (And Minion) Idle,https://www.kongregate.com/games/Oninou/wami,www.kongregate.com/games/oninou/wami,14,1,0,yes,2018-12-22,2018-12-22,0,0,0,0,0,0,0,0,0,0,0,0,Run a bounded page-history CDX shard for this game.
not_checked,1,Gun Mayhem 2:More Mayhem,https://www.kongregate.com/games/AwesomePixels/gun-mayhem-2-more-mayhem,www.kongregate.com/games/awesomepixels/gun-mayhem-2-more-mayhem,14,46,20,yes,2019-01-08,2019-05-08,0,0,0,0,0,0,0,0,0,0,0,0,Run a bounded page-history CDX shard for this game.
not_checked,1,Gravity Game - Charity Edition,https://www.kongregate.com/games/NessieGaming/gravity-game-charity-edition,www.kongregate.com/games/nessiegaming/gravity-game-charity-edition,14,1,0,yes,2019-08-25,2019-08-25,0,0,0,0,0,0,0,0,0,0,0,0,Run a bounded page-history CDX shard for this game.
not_checked,1,Long Way,https://www.kongregate.com/en/games/meetreen_games/long-way,www.kongregate.com/games/meetreen_games/long-way,14,12,9,yes,2024-08-28,2025-10-12,0,0,0,0,0,0,0,0,0,0,0,0,Run a bounded page-history CDX shard for this game.
not_checked,1,Curl Up and Fly!,http://www.kongregate.com/games/Kongregate/curl-up-and-fly,www.kongregate.com/games/kongregate/curl-up-and-fly,15,1,0,yes,2014-08-22,2014-08-22,0,0,0,0,0,0,0,0,0,0,0,0,Run a bounded page-history CDX shard for this game.
not_checked,1,Super Hair Salon,http://www.kongregate.com/games/oyunlar1com/super-hair-salon,www.kongregate.com/games/oyunlar1com/super-hair-salon,15,1,0,yes,2014-08-22,2014-08-22,0,0,0,0,0,0,0,0,0,0,0,0,Run a bounded page-history CDX shard for this game.
not_checked,1,Roller,http://www.kongregate.com/games/Naruku/roller,www.kongregate.com/games/naruku/roller,15,1,0,yes,2014-08-26,2014-08-26,0,0,0,0,0,0,0,0,0,0,0,0,Run a bounded page-history CDX shard for this game.
not_checked,1,Nami The Fox,http://www.kongregate.com/games/Tigrra/nami-the-fox,www.kongregate.com/games/tigrra/nami-the-fox,15,1,0,yes,2014-08-29,2014-08-29,0,0,0,0,0,0,0,0,0,0,0,0,Run a bounded page-history CDX shard for this game.
not_checked,1,SAS: Zombie Assault 3,http://www.kongregate.com/games/Ninjakiwi/sas-zombie-assault-3,www.kongregate.com/games/ninjakiwi/sas-zombie-assault-3,15,52,0,yes,2014-08-29,2016-03-01,0,0,0,0,0,0,0,0,0,0,0,0,Run a bounded page-history CDX shard for this game.
not_checked,1,Max Dirt Bike 3,http://www.kongregate.com/games/Saekism/max-dirt-bike-3,www.kongregate.com/games/saekism/max-dirt-bike-3,15,1,0,yes,2014-09-02,2014-09-02,0,0,0,0,0,0,0,0,0,0,0,0,Run a bounded page-history CDX shard for this game.
not_checked,1,My Fathers Hotel,http://www.kongregate.com/games/SandraKim/my-fathers-hotel,www.kongregate.com/games/sandrakim/my-fathers-hotel,15,1,0,yes,2014-09-05,2014-09-05,0,0,0,0,0,0,0,0,0,0,0,0,Run a bounded page-history CDX shard for this game.
not_checked,1,Guess the Number,http://www.kongregate.com/games/ruinmasters/guess-the-number,www.kongregate.com/games/ruinmasters/guess-the-number,15,1,0,yes,2014-09-12,2014-09-12,0,0,0,0,0,0,0,0,0,0,0,0,Run a bounded page-history CDX shard for this game.
not_checked,1,Dodger: Ragdoll Edition,http://www.kongregate.com/games/StaticHS/dodger-ragdoll-edition,www.kongregate.com/games/statichs/dodger-ragdoll-edition,15,1,0,yes,2014-09-14,2014-09-14,0,0,0,0,0,0,0,0,0,0,0,0,Run a bounded page-history CDX shard for this game.
not_checked,1,Beach Head Angry Birds,http://www.kongregate.com/games/hibiscus070133/beach-head-angry-birds,www.kongregate.com/games/hibiscus070133/beach-head-angry-birds,15,1,0,yes,2014-09-19,2014-09-19,0,0,0,0,0,0,0,0,0,0,0,0,Run a bounded page-history CDX shard for this game.
not_checked,1,Save The US President,http://www.kongregate.com/games/Enagamess/save-the-us-president,www.kongregate.com/games/enagamess/save-the-us-president,15,1,0,yes,2014-09-20,2014-09-20,0,0,0,0,0,0,0,0,0,0,0,0,Run a bounded page-history CDX shard for this game.
not_checked,1,Charmed in the Garden,http://www.kongregate.com/games/SandraKim/charmed-in-the-garden,www.kongregate.com/games/sandrakim/charmed-in-the-garden,15,1,0,yes,2014-09-26,2014-09-26,0,0,0,0,0,0,0,0,0,0,0,0,Run a bounded page-history CDX shard for this game.
not_checked,1,Destructodon,http://www.kongregate.com/games/BuffaloPhil/destructodon,www.kongregate.com/games/buffalophil/destructodon,15,1,0,yes,2014-10-09,2014-10-09,0,0,0,0,0,0,0,0,0,0,0,0,Run a bounded page-history CDX shard for this game.
not_checked,1,Mara Terminal Velocity,http://www.kongregate.com/games/Dakiu/mara-terminal-velocity,www.kongregate.com/games/dakiu/mara-terminal-velocity,15,1,0,yes,2014-10-10,2014-10-10,0,0,0,0,0,0,0,0,0,0,0,0,Run a bounded page-history CDX shard for this game.
not_checked,1,Keep2,http://www.kongregate.com/games/meok95/keep2,www.kongregate.com/games/meok95/keep2,15,1,0,yes,2014-10-13,2014-10-13,0,0,0,0,0,0,0,0,0,0,0,0,Run a bounded page-history CDX shard for this game.
not_checked,1,SpaceFight,http://www.kongregate.com/games/alincviv/spacefight,www.kongregate.com/games/alincviv/spacefight,15,1,0,yes,2014-10-17,2014-10-17,0,0,0,0,0,0,0,0,0,0,0,0,Run a bounded page-history CDX shard for this game.
not_checked,1,Chess 3d - the classic strategy game,http://www.kongregate.com/games/pitanello/chess-3d-the-classic-strategy-game,www.kongregate.com/games/pitanello/chess-3d-the-classic-strategy-game,15,1,0,yes,2014-10-24,2014-10-24,0,0,0,0,0,0,0,0,0,0,0,0,Run a bounded page-history CDX shard for this game.
not_checked,1,Babysitting for Halloween,http://www.kongregate.com/games/funnypeppygames/babysitting-for-halloween,www.kongregate.com/games/funnypeppygames/babysitting-for-halloween,15,1,0,yes,2014-10-29,2014-10-29,0,0,0,0,0,0,0,0,0,0,0,0,Run a bounded page-history CDX shard for this game.
not_checked,1,Hello Kitty Defend The Flowers,http://www.kongregate.com/games/yyplay/hello-kitty-defend-the-flowers,www.kongregate.com/games/yyplay/hello-kitty-defend-the-flowers,15,1,0,yes,2014-11-11,2014-11-11,0,0,0,0,0,0,0,0,0,0,0,0,Run a bounded page-history CDX shard for this game.
not_checked,1,Stampede,http://www.kongregate.com/games/jinfox91/stampede,www.kongregate.com/games/jinfox91/stampede,15,1,0,yes,2014-11-25,2014-11-25,0,0,0,0,0,0,0,0,0,0,0,0,Run a bounded page-history CDX shard for this game.
not_checked,1,What Stars are Made of (Pre-Alpha),http://www.kongregate.com/games/darksharkmark/what-stars-are-made-of-pre-alpha,www.kongregate.com/games/darksharkmark/what-stars-are-made-of-pre-alpha,15,1,0,yes,2014-12-02,2014-12-02,0,0,0,0,0,0,0,0,0,0,0,0,Run a bounded page-history CDX shard for this game.
not_checked,1,Keep Watching,http://www.kongregate.com/games/KennethBScott/keep-watching,www.kongregate.com/games/kennethbscott/keep-watching,15,1,0,yes,2014-12-10,2014-12-10,0,0,0,0,0,0,0,0,0,0,0,0,Run a bounded page-history CDX shard for this game.
not_checked,1,Car Stunt Simulator,http://www.kongregate.com/games/Gunsling3r/car-stunt-simulator,www.kongregate.com/games/gunsling3r/car-stunt-simulator,15,1,0,yes,2014-12-17,2014-12-17,0,0,0,0,0,0,0,0,0,0,0,0,Run a bounded page-history CDX shard for this game.
not_checked,1,Christmas Tree Decorations,http://www.kongregate.com/games/HiHoy/christmas-tree-decorations,www.kongregate.com/games/hihoy/christmas-tree-decorations,15,1,0,yes,2014-12-28,2014-12-28,0,0,0,0,0,0,0,0,0,0,0,0,Run a bounded page-history CDX shard for this game.
not_checked,1,Dora And Mermaid Birthday,http://www.kongregate.com/games/qywlgame/dora-and-mermaid-birthday,www.kongregate.com/games/qywlgame/dora-and-mermaid-birthday,15,1,0,yes,2014-12-30,2014-12-30,0,0,0,0,0,0,0,0,0,0,0,0,Run a bounded page-history CDX shard for this game.
not_checked,1,Lionheart Tactics,http://www.kongregate.com/games/EmeraldCityGames/lionheart-tactics-web,www.kongregate.com/games/emeraldcitygames/lionheart-tactics-web,15,1,0,yes,2015-03-01,2015-03-01,0,0,0,0,0,0,0,0,0,0,0,0,Run a bounded page-history CDX shard for this game.
not_checked,1,Tap Heroes,http://www.kongregate.com/games/VaragtP/tap-heroes,www.kongregate.com/games/varagtp/tap-heroes,15,1,0,yes,2015-03-31,2015-03-31,0,0,0,0,0,0,0,0,0,0,0,0,Run a bounded page-history CDX shard for this game.
not_checked,1,Unity Ball Roller,http://www.kongregate.com/games/prepkunow/unity-ball-roller,www.kongregate.com/games/prepkunow/unity-ball-roller,15,1,0,yes,2015-04-01,2015-04-01,0,0,0,0,0,0,0,0,0,0,0,0,Run a bounded page-history CDX shard for this game.
not_checked,1,Reaction Clicker,http://www.kongregate.com/games/SwingShock/reaction-clicker,www.kongregate.com/games/swingshock/reaction-clicker,15,1,0,yes,2015-09-14,2015-09-14,0,0,0,0,0,0,0,0,0,0,0,0,Run a bounded page-history CDX shard for this game.
not_checked,1,Miami Mafia Hitman,http://www.kongregate.com/games/gamolition/miami-mafia-hitman,www.kongregate.com/games/gamolition/miami-mafia-hitman,15,1,0,yes,2015-09-15,2015-09-15,0,0,0,0,0,0,0,0,0,0,0,0,Run a bounded page-history CDX shard for this game.
not_checked,1,Five Camping Tips,http://www.kongregate.com/games/SandraKim/five-camping-tips,www.kongregate.com/games/sandrakim/five-camping-tips,15,1,0,yes,2015-09-23,2015-09-23,0,0,0,0,0,0,0,0,0,0,0,0,Run a bounded page-history CDX shard for this game.
not_checked,1,crazy dice,http://www.kongregate.com/games/jocmania/crazy-dice,www.kongregate.com/games/jocmania/crazy-dice,15,1,0,yes,2015-09-30,2015-09-30,0,0,0,0,0,0,0,0,0,0,0,0,Run a bounded page-history CDX shard for this game.
not_checked,1,3/2 Chess,http://www.kongregate.com/games/shurf771/3-2-chess,www.kongregate.com/games/shurf771/3-2-chess,15,1,0,yes,2015-12-05,2015-12-05,0,0,0,0,0,0,0,0,0,0,0,0,Run a bounded page-history CDX shard for this game.
not_checked,1,Xmas Brickout,http://www.kongregate.com/games/Aiursrage2k/xmas-brickout,www.kongregate.com/games/aiursrage2k/xmas-brickout,15,1,0,yes,2015-12-18,2015-12-18,0,0,0,0,0,0,0,0,0,0,0,0,Run a bounded page-history CDX shard for this game.
not_checked,1,my first TDS game,http://www.kongregate.com/games/munoz20/my-first-tds-game,www.kongregate.com/games/munoz20/my-first-tds-game,15,1,0,yes,2015-12-26,2015-12-26,0,0,0,0,0,0,0,0,0,0,0,0,Run a bounded page-history CDX shard for this game.
not_checked,1,ZombieAssault,http://www.kongregate.com/games/eaglelord567/zombieassault,www.kongregate.com/games/eaglelord567/zombieassault,15,1,0,yes,2016-01-02,2016-01-02,0,0,0,0,0,0,0,0,0,0,0,0,Run a bounded page-history CDX shard for this game.
not_checked,1,Dark Ascent (WIP),http://www.kongregate.com/games/tommtom9/dark-ascent-wip,www.kongregate.com/games/tommtom9/dark-ascent-wip,15,1,0,yes,2016-01-16,2016-01-16,0,0,0,0,0,0,0,0,0,0,0,0,Run a bounded page-history CDX shard for this game.
not_checked,1,Minimalistic Slotmachine,http://www.kongregate.com/games/Alberton/minimalistic-slotmachine,www.kongregate.com/games/alberton/minimalistic-slotmachine,15,1,0,yes,2016-01-25,2016-01-25,0,0,0,0,0,0,0,0,0,0,0,0,Run a bounded page-history CDX shard for this game.
not_checked,1,1010 Puzzle Blocks Game,http://www.kongregate.com/games/GeosMedia/1010-puzzle-blocks-game,www.kongregate.com/games/geosmedia/1010-puzzle-blocks-game,15,1,0,yes,2016-02-02,2016-02-02,0,0,0,0,0,0,0,0,0,0,0,0,Run a bounded page-history CDX shard for this game.
not_checked,1,Mixer Truck Jigsaw,http://www.kongregate.com/games/newgamess/mixer-truck-jigsaw,www.kongregate.com/games/newgamess/mixer-truck-jigsaw,15,1,0,yes,2016-02-17,2016-02-17,0,0,0,0,0,0,0,0,0,0,0,0,Run a bounded page-history CDX shard for this game.
not_checked,1,20 Clicks,http://www.kongregate.com/games/mdgani11/20-clicks,www.kongregate.com/games/mdgani11/20-clicks,15,1,0,yes,2016-02-28,2016-02-28,0,0,0,0,0,0,0,0,0,0,0,0,Run a bounded page-history CDX shard for this game.
not_checked,1,Idle metropolis,http://www.kongregate.com/games/NicoCcino/idle-metropolis,www.kongregate.com/games/nicoccino/idle-metropolis,15,1,0,yes,2016-03-05,2016-03-05,0,0,0,0,0,0,0,0,0,0,0,0,Run a bounded page-history CDX shard for this game.
not_checked,1,Annihilation Derby,http://www.kongregate.com/games/RhettBlood/annihilation-derby,www.kongregate.com/games/rhettblood/annihilation-derby,15,1,0,yes,2016-03-07,2016-03-07,0,0,0,0,0,0,0,0,0,0,0,0,Run a bounded page-history CDX shard for this game.
not_checked,1,[Redacted],http://www.kongregate.com/games/swirly/redacted,www.kongregate.com/games/swirly/redacted,15,1,0,yes,2016-03-16,2016-03-16,0,0,0,0,0,0,0,0,0,0,0,0,Run a bounded page-history CDX shard for this game.
not_checked,1,Chase the question paper,http://www.kongregate.com/games/Enagamess/chase-the-question-paper,www.kongregate.com/games/enagamess/chase-the-question-paper,15,1,0,yes,2016-03-20,2016-03-20,0,0,0,0,0,0,0,0,0,0,0,0,Run a bounded page-history CDX shard for this game.
not_checked,1,Easter Eggs Memory,http://www.kongregate.com/games/newgamess/easter-eggs-memory,www.kongregate.com/games/newgamess/easter-eggs-memory,15,1,0,yes,2016-03-24,2016-03-24,0,0,0,0,0,0,0,0,0,0,0,0,Run a bounded page-history CDX shard for this game.
not_checked,1,Sift Heads World Act 1,https://www.kongregate.com/games/WebCypher/sift-heads-world-act-1,www.kongregate.com/games/webcypher/sift-heads-world-act-1,15,119,22,yes,2016-04-08,2019-11-04,0,0,0,0,0,0,0,0,0,0,0,0,Run a bounded page-history CDX shard for this game.
not_checked,1,Drunk Driver,http://www.kongregate.com/games/PaulHTML5/drunk-driver,www.kongregate.com/games/paulhtml5/drunk-driver,15,1,0,yes,2016-05-24,2016-05-24,0,0,0,0,0,0,0,0,0,0,0,0,Run a bounded page-history CDX shard for this game.
not_checked,1,Sweet Colony!,http://www.kongregate.com/games/MossyStump/sweet-colony,www.kongregate.com/games/mossystump/sweet-colony,15,1,0,yes,2016-06-04,2016-06-04,0,0,0,0,0,0,0,0,0,0,0,0,Run a bounded page-history CDX shard for this game.
not_checked,1,The Impossible Game,http://www.kongregate.com/games/piglet777/the-impossible-game,www.kongregate.com/games/piglet777/the-impossible-game,15,1,0,yes,2016-06-05,2016-06-05,0,0,0,0,0,0,0,0,0,0,0,0,Run a bounded page-history CDX shard for this game.
not_checked,1,Tesla X Jigsaw,http://www.kongregate.com/games/newgamess/tesla-x-jigsaw,www.kongregate.com/games/newgamess/tesla-x-jigsaw,15,1,0,yes,2016-06-13,2016-06-13,0,0,0,0,0,0,0,0,0,0,0,0,Run a bounded page-history CDX shard for this game.
not_checked,1,Antraxx Alpha Demo,http://www.kongregate.com/games/AntraxxGame/antraxx-alpha-demo,www.kongregate.com/games/antraxxgame/antraxx-alpha-demo,15,1,0,yes,2016-06-22,2016-06-22,0,0,0,0,0,0,0,0,0,0,0,0,Run a bounded page-history CDX shard for this game.
not_checked,1,ittwbi,http://www.kongregate.com/games/EGees/ittwbi,www.kongregate.com/games/egees/ittwbi,15,1,0,yes,2016-06-29,2016-06-29,0,0,0,0,0,0,0,0,0,0,0,0,Run a bounded page-history CDX shard for this game.
not_checked,1,Fantasy City Builder,http://www.kongregate.com/games/nagolinc/fantasy-city-builder,www.kongregate.com/games/nagolinc/fantasy-city-builder,15,1,0,yes,2016-07-07,2016-07-07,0,0,0,0,0,0,0,0,0,0,0,0,Run a bounded page-history CDX shard for this game.
not_checked,1,Little Bear ALPHA,http://www.kongregate.com/games/GameDots/little-bear-alpha,www.kongregate.com/games/gamedots/little-bear-alpha,15,1,0,yes,2016-07-20,2016-07-20,0,0,0,0,0,0,0,0,0,0,0,0,Run a bounded page-history CDX shard for this game.
not_checked,1,Pixlaser,http://www.kongregate.com/games/hoqpe/pixlaser,www.kongregate.com/games/hoqpe/pixlaser,15,1,0,yes,2016-07-27,2016-07-27,0,0,0,0,0,0,0,0,0,0,0,0,Run a bounded page-history CDX shard for this game.
not_checked,1,DAF Truck Differences,http://www.kongregate.com/games/newgamess/daf-truck-differences,www.kongregate.com/games/newgamess/daf-truck-differences,15,1,0,yes,2016-08-05,2016-08-05,0,0,0,0,0,0,0,0,0,0,0,0,Run a bounded page-history CDX shard for this game.
not_checked,1,Future PONG N.W.O,http://www.kongregate.com/games/TheNoob20/future-pong-n-w-o,www.kongregate.com/games/thenoob20/future-pong-n-w-o,15,1,0,yes,2016-08-13,2016-08-13,0,0,0,0,0,0,0,0,0,0,0,0,Run a bounded page-history CDX shard for this game.
not_checked,1,Verdun,http://www.kongregate.com/games/M2Hgames/verdun,www.kongregate.com/games/m2hgames/verdun,15,1,0,yes,2016-08-17,2016-08-17,0,0,0,0,0,0,0,0,0,0,0,0,Run a bounded page-history CDX shard for this game.
not_checked,1,UnityGameTest1_v1.0,http://www.kongregate.com/games/Guruguy69/unitygametest1-v1-0,www.kongregate.com/games/guruguy69/unitygametest1-v1-0,15,1,0,yes,2016-08-20,2016-08-20,0,0,0,0,0,0,0,0,0,0,0,0,Run a bounded page-history CDX shard for this game.
not_checked,1,ClassicTetris,http://www.kongregate.com/games/gorilazgames/classictetris,www.kongregate.com/games/gorilazgames/classictetris,15,1,0,yes,2016-08-28,2016-08-28,0,0,0,0,0,0,0,0,0,0,0,0,Run a bounded page-history CDX shard for this game.
not_checked,1,Uh-Oh UFO! 2,http://www.kongregate.com/games/dgao2020/uh-oh-ufo-2,www.kongregate.com/games/dgao2020/uh-oh-ufo-2,15,1,0,yes,2016-09-16,2016-09-16,0,0,0,0,0,0,0,0,0,0,0,0,Run a bounded page-history CDX shard for this game.
not_checked,1,slimes and jumps2,http://www.kongregate.com/games/R_games/slimes-and-jumps2,www.kongregate.com/games/r_games/slimes-and-jumps2,15,1,0,yes,2016-09-17,2016-09-17,0,0,0,0,0,0,0,0,0,0,0,0,Run a bounded page-history CDX shard for this game.
not_checked,1,Tetrus 3D,http://www.kongregate.com/games/mrwillowb/tetrus-3d,www.kongregate.com/games/mrwillowb/tetrus-3d,15,1,0,yes,2016-09-23,2016-09-23,0,0,0,0,0,0,0,0,0,0,0,0,Run a bounded page-history CDX shard for this game.
not_checked,1,Halloween Chunks,http://www.kongregate.com/games/dslevis/halloween-chunks,www.kongregate.com/games/dslevis/halloween-chunks,15,1,0,yes,2016-10-04,2016-10-04,0,0,0,0,0,0,0,0,0,0,0,0,Run a bounded page-history CDX shard for this game.
not_checked,1,Spin It,http://www.kongregate.com/games/NaiveGames/spin-it,www.kongregate.com/games/naivegames/spin-it,15,1,0,yes,2016-10-17,2016-10-17,0,0,0,0,0,0,0,0,0,0,0,0,Run a bounded page-history CDX shard for this game.
not_checked,1,Halloween Tetriz,http://www.kongregate.com/games/dslevis/halloween-tetriz,www.kongregate.com/games/dslevis/halloween-tetriz,15,1,0,yes,2016-10-18,2016-10-18,0,0,0,0,0,0,0,0,0,0,0,0,Run a bounded page-history CDX shard for this game.
not_checked,1,Project Game,http://www.kongregate.com/games/panprezydent/project-game,www.kongregate.com/games/panprezydent/project-game,15,1,0,yes,2016-10-24,2016-10-24,0,0,0,0,0,0,0,0,0,0,0,0,Run a bounded page-history CDX shard for this game.
not_checked,1,Dream Halloween,http://www.kongregate.com/games/kairek/dream-halloween,www.kongregate.com/games/kairek/dream-halloween,15,1,0,yes,2016-10-30,2016-10-30,0,0,0,0,0,0,0,0,0,0,0,0,Run a bounded page-history CDX shard for this game.
not_checked,1,Idle Sword 2,http://www.kongregate.com/games/laFunk/idle-sword-2,www.kongregate.com/games/lafunk/idle-sword-2,15,13,2,yes,2017-01-05,2017-01-14,0,0,0,0,0,0,0,0,0,0,0,0,Run a bounded page-history CDX shard for this game.
not_checked,1,Burrito Bison: Launcha Libre,https://www.kongregate.com/games/JuicyBeast/burrito-bison-launcha-libre,www.kongregate.com/games/juicybeast/burrito-bison-launcha-libre,15,49,16,yes,2017-03-04,2017-03-18,0,0,0,0,0,0,0,0,0,0,0,0,Run a bounded page-history CDX shard for this game.
not_checked,1,Heart of Galaxy,http://www.kongregate.com/games/Cheslava/heart-of-galaxy,www.kongregate.com/games/cheslava/heart-of-galaxy,15,1,0,yes,2017-04-01,2017-04-01,0,0,0,0,0,0,0,0,0,0,0,0,Run a bounded page-history CDX shard for this game.
not_checked,1,Rogue Fable II,http://www.kongregate.com/games/Justin_wang123/rogue-fable-ii,www.kongregate.com/games/justin_wang123/rogue-fable-ii,15,1,0,yes,2017-04-15,2017-04-15,0,0,0,0,0,0,0,0,0,0,0,0,Run a bounded page-history CDX shard for this game.
not_checked,1,Super Treasure Hunt,http://www.kongregate.com/games/kendrickj011/super-treasure-hunt,www.kongregate.com/games/kendrickj011/super-treasure-hunt,15,1,0,yes,2017-05-05,2017-05-05,0,0,0,0,0,0,0,0,0,0,0,0,Run a bounded page-history CDX shard for this game.
not_checked,1,Massengeschmack - Episode 1,http://www.kongregate.com/games/scumdog77/massengeschmack-episode-1,www.kongregate.com/games/scumdog77/massengeschmack-episode-1,15,1,0,yes,2017-05-16,2017-05-16,0,0,0,0,0,0,0,0,0,0,0,0,Run a bounded page-history CDX shard for this game.
not_checked,1,Cellblock prison escape,http://www.kongregate.com/games/leaf2games2015/cellblock-prison-escape,www.kongregate.com/games/leaf2games2015/cellblock-prison-escape,15,1,0,yes,2017-05-25,2017-05-25,0,0,0,0,0,0,0,0,0,0,0,0,Run a bounded page-history CDX shard for this game.
not_checked,1,The Grand Plaza Underground,http://www.kongregate.com/games/305070/the-grand-plaza-underground,www.kongregate.com/games/305070/the-grand-plaza-underground,15,1,0,yes,2017-05-26,2017-05-26,0,0,0,0,0,0,0,0,0,0,0,0,Run a bounded page-history CDX shard for this game.
not_checked,1,blockPuzzle,http://www.kongregate.com/games/gorilazgames/blockpuzzle,www.kongregate.com/games/gorilazgames/blockpuzzle,15,1,0,yes,2017-06-15,2017-06-15,0,0,0,0,0,0,0,0,0,0,0,0,Run a bounded page-history CDX shard for this game.
not_checked,1,Blaze Bubble,http://www.kongregate.com/games/blazejuegos/blaze-bubble,www.kongregate.com/games/blazejuegos/blaze-bubble,15,1,0,yes,2017-06-16,2017-06-16,0,0,0,0,0,0,0,0,0,0,0,0,Run a bounded page-history CDX shard for this game.
not_checked,1,The Scorpion Lair,http://www.kongregate.com/games/Enagamess/the-scorpion-lair,www.kongregate.com/games/enagamess/the-scorpion-lair,15,1,0,yes,2017-06-25,2017-06-25,0,0,0,0,0,0,0,0,0,0,0,0,Run a bounded page-history CDX shard for this game.
not_checked,1,8 Ball Pool Multiplayer,http://www.kongregate.com/games/rjgonzaleapps/8-ball-pool-multiplayer,www.kongregate.com/games/rjgonzaleapps/8-ball-pool-multiplayer,15,1,0,yes,2017-07-03,2017-07-03,0,0,0,0,0,0,0,0,0,0,0,0,Run a bounded page-history CDX shard for this game.
not_checked,1,Blockbustoid,http://www.kongregate.com/games/Hushfield/blockbustoid,www.kongregate.com/games/hushfield/blockbustoid,15,1,0,yes,2017-07-12,2017-07-12,0,0,0,0,0,0,0,0,0,0,0,0,Run a bounded page-history CDX shard for this game.
not_checked,1,Skull Castle,http://www.kongregate.com/games/Enagamess/skull-castle,www.kongregate.com/games/enagamess/skull-castle,15,1,0,yes,2017-07-28,2017-07-28,0,0,0,0,0,0,0,0,0,0,0,0,Run a bounded page-history CDX shard for this game.
not_checked,1,Escape Game Love Fever,http://www.kongregate.com/games/AjazgamesA/escape-game-love-fever,www.kongregate.com/games/ajazgamesa/escape-game-love-fever,15,1,0,yes,2017-07-29,2017-07-29,0,0,0,0,0,0,0,0,0,0,0,0,Run a bounded page-history CDX shard for this game.
not_checked,1,Tei-Gi,http://www.kongregate.com/games/Herlyke/tei-gi,www.kongregate.com/games/herlyke/tei-gi,15,1,0,yes,2017-08-05,2017-08-05,0,0,0,0,0,0,0,0,0,0,0,0,Run a bounded page-history CDX shard for this game.
not_checked,1,Twist Escape 2,http://www.kongregate.com/games/Nsrgames/twist-escape-2,www.kongregate.com/games/nsrgames/twist-escape-2,15,1,0,yes,2017-08-11,2017-08-11,0,0,0,0,0,0,0,0,0,0,0,0,Run a bounded page-history CDX shard for this game.
not_checked,1,discord,http://www.kongregate.com/games/savageselite/discord,www.kongregate.com/games/savageselite/discord,15,1,0,yes,2017-08-17,2017-08-17,0,0,0,0,0,0,0,0,0,0,0,0,Run a bounded page-history CDX shard for this game.
not_checked,1,Hide!,http://www.kongregate.com/games/d3garcia/hide,www.kongregate.com/games/d3garcia/hide,15,1,0,yes,2017-08-23,2017-08-23,0,0,0,0,0,0,0,0,0,0,0,0,Run a bounded page-history CDX shard for this game.
not_checked,1,BOTKEN Assault And Battery,http://www.kongregate.com/games/brvasil/botken-assault-and-battery,www.kongregate.com/games/brvasil/botken-assault-and-battery,15,1,0,yes,2017-08-25,2017-08-25,0,0,0,0,0,0,0,0,0,0,0,0,Run a bounded page-history CDX shard for this game.
not_checked,1,E-Vade,http://www.kongregate.com/games/GravenDusk/e-vade,www.kongregate.com/games/gravendusk/e-vade,15,1,0,yes,2017-09-20,2017-09-20,0,0,0,0,0,0,0,0,0,0,0,0,Run a bounded page-history CDX shard for this game.
not_checked,1,Girls Room Escape 8,http://www.kongregate.com/games/Nsrgames/girls-room-escape-8,www.kongregate.com/games/nsrgames/girls-room-escape-8,15,1,0,yes,2017-09-30,2017-09-30,0,0,0,0,0,0,0,0,0,0,0,0,Run a bounded page-history CDX shard for this game.
not_checked,1,BoxFall,http://www.kongregate.com/games/superma021/boxfall,www.kongregate.com/games/superma021/boxfall,15,1,0,yes,2017-10-15,2017-10-15,0,0,0,0,0,0,0,0,0,0,0,0,Run a bounded page-history CDX shard for this game.
not_checked,1,Dungeoneers,https://www.kongregate.com/games/RogueSword/dungeoneers,www.kongregate.com/games/roguesword/dungeoneers,15,1,0,yes,2018-12-22,2018-12-22,0,0,0,0,0,0,0,0,0,0,0,0,Run a bounded page-history CDX shard for this game.
not_checked,1,Amgel Kids Room Escape 26,https://www.kongregate.com/games/amgelescape/amgel-kids-room-escape-26,www.kongregate.com/games/amgelescape/amgel-kids-room-escape-26,15,1,0,yes,2019-08-25,2019-08-25,0,0,0,0,0,0,0,0,0,0,0,0,Run a bounded page-history CDX shard for this game.
not_checked,1,Insert Random Information Here,http://www.kongregate.com/games/CookingStudent2/insert-random-information-here,www.kongregate.com/games/cookingstudent2/insert-random-information-here,15,1,0,yes,2021-01-25,2021-01-25,0,0,0,0,0,0,0,0,0,0,0,0,Run a bounded page-history CDX shard for this game.
not_checked,1,asasdasfdg,http://www.kongregate.com/games/uranio235/asasdasfdg,www.kongregate.com/games/uranio235/asasdasfdg,15,1,0,yes,2021-11-12,2021-11-12,0,0,0,0,0,0,0,0,0,0,0,0,Run a bounded page-history CDX shard for this game.
not_checked,1,Endless Flight 2,https://www.kongregate.com/games/GeoKureli/endless-flight-2,www.kongregate.com/games/geokureli/endless-flight-2,15,1,0,yes,2023-11-23,2023-11-23,0,0,0,0,0,0,0,0,0,0,0,0,Run a bounded page-history CDX shard for this game.
not_checked,1,Inferno 2: Meltdown,https://www.kongregate.com/en/games/thepodge/inferno-2-meltdown,www.kongregate.com/games/thepodge/inferno-2-meltdown,15,27,14,yes,2024-06-05,2025-10-09,0,0,0,0,0,0,0,0,0,0,0,0,Run a bounded page-history CDX shard for this game.
not_checked,1,Tom Catch Cold,http://www.kongregate.com/games/aimegames/tom-catch-cold,www.kongregate.com/games/aimegames/tom-catch-cold,16,1,0,yes,2014-08-22,2014-08-22,0,0,0,0,0,0,0,0,0,0,0,0,Run a bounded page-history CDX shard for this game.
not_checked,1,Sun Saviors,http://www.kongregate.com/games/HeuGamer/sun-saviors,www.kongregate.com/games/heugamer/sun-saviors,16,1,0,yes,2014-08-26,2014-08-26,0,0,0,0,0,0,0,0,0,0,0,0,Run a bounded page-history CDX shard for this game.
not_checked,1,3D Puzzle Game - Jumpin Jack,http://www.kongregate.com/games/jumpinjackus/3d-puzzle-game-jumpin-jack,www.kongregate.com/games/jumpinjackus/3d-puzzle-game-jumpin-jack,16,1,0,yes,2014-08-29,2014-08-29,0,0,0,0,0,0,0,0,0,0,0,0,Run a bounded page-history CDX shard for this game.
not_checked,1,Rapunzel Escape Tower,http://www.kongregate.com/games/k25507891/rapunzel-escape-tower,www.kongregate.com/games/k25507891/rapunzel-escape-tower,16,1,0,yes,2014-09-02,2014-09-02,0,0,0,0,0,0,0,0,0,0,0,0,Run a bounded page-history CDX shard for this game.
not_checked,1,Space Wonder: Bullet Hell Shooter,http://www.kongregate.com/games/arcadecrowd/space-wonder-bullet-hell-shooter,www.kongregate.com/games/arcadecrowd/space-wonder-bullet-hell-shooter,16,1,0,yes,2014-09-12,2014-09-12,0,0,0,0,0,0,0,0,0,0,0,0,Run a bounded page-history CDX shard for this game.
not_checked,1,Bowling Game,http://www.kongregate.com/games/gamer70008000/bowling-game,www.kongregate.com/games/gamer70008000/bowling-game,16,1,0,yes,2014-09-14,2014-09-14,0,0,0,0,0,0,0,0,0,0,0,0,Run a bounded page-history CDX shard for this game.
not_checked,1,Angry Birds Space Labyrinth,http://www.kongregate.com/games/hibiscus070133/angry-birds-space-labyrinth,www.kongregate.com/games/hibiscus070133/angry-birds-space-labyrinth,16,1,0,yes,2014-09-19,2014-09-19,0,0,0,0,0,0,0,0,0,0,0,0,Run a bounded page-history CDX shard for this game.
not_checked,1,Halloween Cat Escape,http://www.kongregate.com/games/Enagamess/halloween-cat-escape,www.kongregate.com/games/enagamess/halloween-cat-escape,16,1,0,yes,2014-09-20,2014-09-20,0,0,0,0,0,0,0,0,0,0,0,0,Run a bounded page-history CDX shard for this game.
not_checked,1,Castle Monster,http://www.kongregate.com/games/NewKrok/castle-monster,www.kongregate.com/games/newkrok/castle-monster,16,1,0,yes,2014-09-26,2014-09-26,0,0,0,0,0,0,0,0,0,0,0,0,Run a bounded page-history CDX shard for this game.
not_checked,1,Monster Truck Coloring,http://www.kongregate.com/games/RHMGames/monster-truck-coloring,www.kongregate.com/games/rhmgames/monster-truck-coloring,16,1,0,yes,2014-09-26,2014-09-26,0,0,0,0,0,0,0,0,0,0,0,0,Run a bounded page-history CDX shard for this game.
not_checked,1,Alien attack,http://www.kongregate.com/games/Edylanelap/alien-attack,www.kongregate.com/games/edylanelap/alien-attack,16,1,0,yes,2014-10-09,2014-10-09,0,0,0,0,0,0,0,0,0,0,0,0,Run a bounded page-history CDX shard for this game.
not_checked,1,Cat Box Bowling,http://www.kongregate.com/games/asute/cat-box-bowling,www.kongregate.com/games/asute/cat-box-bowling,16,1,0,yes,2014-10-17,2014-10-17,0,0,0,0,0,0,0,0,0,0,0,0,Run a bounded page-history CDX shard for this game.
not_checked,1,Icons One,http://www.kongregate.com/games/jamboska/icons-one,www.kongregate.com/games/jamboska/icons-one,16,1,0,yes,2014-10-24,2014-10-24,0,0,0,0,0,0,0,0,0,0,0,0,Run a bounded page-history CDX shard for this game.
not_checked,1,Maze Race,http://www.kongregate.com/games/BA4T/maze-race,www.kongregate.com/games/ba4t/maze-race,16,1,0,yes,2014-10-29,2014-10-29,0,0,0,0,0,0,0,0,0,0,0,0,Run a bounded page-history CDX shard for this game.
not_checked,1,Online Car Game,http://www.kongregate.com/games/oyunlaroynama/online-car-game,www.kongregate.com/games/oyunlaroynama/online-car-game,16,1,0,yes,2014-10-31,2014-10-31,0,0,0,0,0,0,0,0,0,0,0,0,Run a bounded page-history CDX shard for this game.
not_checked,1,Prime World: Defenders,http://www.kongregate.com/games/NivalPublishing/prime-world-defenders,www.kongregate.com/games/nivalpublishing/prime-world-defenders,16,12,0,yes,2014-11-01,2015-04-27,0,0,0,0,0,0,0,0,0,0,0,0,Run a bounded page-history CDX shard for this game.
not_checked,1,Idle Tree,http://www.kongregate.com/games/KingsWill/idle-tree,www.kongregate.com/games/kingswill/idle-tree,16,7,0,yes,2014-11-02,2015-01-10,0,0,0,0,0,0,0,0,0,0,0,0,Run a bounded page-history CDX shard for this game.
not_checked,1,Angry Daigekitou,http://www.kongregate.com/games/game4joy1/angry-daigekitou,www.kongregate.com/games/game4joy1/angry-daigekitou,16,1,0,yes,2014-11-11,2014-11-11,0,0,0,0,0,0,0,0,0,0,0,0,Run a bounded page-history CDX shard for this game.
not_checked,1,Mike Shadow: I paid for it!,http://www.kongregate.com/games/Tanoku/mike-shadow-i-paid-for-it,www.kongregate.com/games/tanoku/mike-shadow-i-paid-for-it,16,43,0,yes,2014-11-18,2015-02-17,0,0,0,0,0,0,0,0,0,0,0,0,Run a bounded page-history CDX shard for this game.
not_checked,1,PewDiePie - Amazing Bro Adventure,http://www.kongregate.com/games/CapJSheridan/pewdiepie-amazing-bro-adventure,www.kongregate.com/games/capjsheridan/pewdiepie-amazing-bro-adventure,16,1,0,yes,2014-11-25,2014-11-25,0,0,0,0,0,0,0,0,0,0,0,0,Run a bounded page-history CDX shard for this game.
not_checked,1,Cookies Maze,http://www.kongregate.com/games/cookie1up/cookies-maze,www.kongregate.com/games/cookie1up/cookies-maze,16,1,0,yes,2014-12-02,2014-12-02,0,0,0,0,0,0,0,0,0,0,0,0,Run a bounded page-history CDX shard for this game.
not_checked,1,Magma Treasure Cave Escape,http://www.kongregate.com/games/quicksailor/magma-treasure-cave-escape,www.kongregate.com/games/quicksailor/magma-treasure-cave-escape,16,1,0,yes,2014-12-10,2014-12-10,0,0,0,0,0,0,0,0,0,0,0,0,Run a bounded page-history CDX shard for this game.
not_checked,1,Precious Sophie,http://www.kongregate.com/games/SandraKim/precious-sophie,www.kongregate.com/games/sandrakim/precious-sophie,16,1,0,yes,2014-12-17,2014-12-17,0,0,0,0,0,0,0,0,0,0,0,0,Run a bounded page-history CDX shard for this game.
not_checked,1,Sofia Decoration Party,http://www.kongregate.com/games/lemonindieg/sofia-decoration-party,www.kongregate.com/games/lemonindieg/sofia-decoration-party,16,1,0,yes,2014-12-28,2014-12-28,0,0,0,0,0,0,0,0,0,0,0,0,Run a bounded page-history CDX shard for this game.
not_checked,1,Treasure Castle Escape,http://www.kongregate.com/games/Enagamess/treasure-castle-escape,www.kongregate.com/games/enagamess/treasure-castle-escape,16,1,0,yes,2014-12-30,2014-12-30,0,0,0,0,0,0,0,0,0,0,0,0,Run a bounded page-history CDX shard for this game.
not_checked,1,Hexad,http://www.kongregate.com/games/toweld/hexad,www.kongregate.com/games/toweld/hexad,16,1,0,yes,2015-03-27,2015-03-27,0,0,0,0,0,0,0,0,0,0,0,0,Run a bounded page-history CDX shard for this game.
not_checked,1,Curiosity,http://www.kongregate.com/games/steVeRoll/curiosity,www.kongregate.com/games/steveroll/curiosity,16,1,0,yes,2015-04-01,2015-04-01,0,0,0,0,0,0,0,0,0,0,0,0,Run a bounded page-history CDX shard for this game.
not_checked,1,Legend of the Void 2,http://www.kongregate.com/games/violatorgames/legend-of-the-void-2,www.kongregate.com/games/violatorgames/legend-of-the-void-2,16,8,0,yes,2015-04-01,2019-10-22,0,0,0,0,0,0,0,0,0,0,0,0,Run a bounded page-history CDX shard for this game.
not_checked,1,Heroes of The Banner,http://www.kongregate.com/games/R2Games/heroes-of-the-banner,www.kongregate.com/games/r2games/heroes-of-the-banner,16,1,0,yes,2015-05-12,2015-05-12,0,0,0,0,0,0,0,0,0,0,0,0,Run a bounded page-history CDX shard for this game.
not_checked,1,groglo - Grow2Glow,http://www.kongregate.com/games/jingax/groglo-grow2glow,www.kongregate.com/games/jingax/groglo-grow2glow,16,1,0,yes,2015-09-14,2015-09-14,0,0,0,0,0,0,0,0,0,0,0,0,Run a bounded page-history CDX shard for this game.
not_checked,1,Rescue Trapped Spirit,http://www.kongregate.com/games/Enagamess/rescue-trapped-spirit,www.kongregate.com/games/enagamess/rescue-trapped-spirit,16,1,0,yes,2015-09-15,2015-09-15,0,0,0,0,0,0,0,0,0,0,0,0,Run a bounded page-history CDX shard for this game.
not_checked,1,Elsa Pretty Legs Spa,http://www.kongregate.com/games/k25507891/elsa-pretty-legs-spa,www.kongregate.com/games/k25507891/elsa-pretty-legs-spa,16,1,0,yes,2015-09-23,2015-09-23,0,0,0,0,0,0,0,0,0,0,0,0,Run a bounded page-history CDX shard for this game.
not_checked,1,The Vault,http://www.kongregate.com/games/JellyGames/the-vault,www.kongregate.com/games/jellygames/the-vault,16,1,0,yes,2015-09-30,2015-09-30,0,0,0,0,0,0,0,0,0,0,0,0,Run a bounded page-history CDX shard for this game.
not_checked,1,UFO Escape,http://www.kongregate.com/games/xFireDragonx/ufo-escape,www.kongregate.com/games/xfiredragonx/ufo-escape,16,1,0,yes,2015-12-18,2015-12-18,0,0,0,0,0,0,0,0,0,0,0,0,Run a bounded page-history CDX shard for this game.
not_checked,1,Islandsettler,http://www.kongregate.com/games/Huhibuu/islandsettler,www.kongregate.com/games/huhibuu/islandsettler,16,1,0,yes,2015-12-26,2015-12-26,0,0,0,0,0,0,0,0,0,0,0,0,Run a bounded page-history CDX shard for this game.
not_checked,1,HARD FART (Early Release),http://www.kongregate.com/games/shlte/hard-fart-early-release,www.kongregate.com/games/shlte/hard-fart-early-release,16,1,0,yes,2016-01-02,2016-01-02,0,0,0,0,0,0,0,0,0,0,0,0,Run a bounded page-history CDX shard for this game.
not_checked,1,Pong,http://www.kongregate.com/games/domcurry/pong,www.kongregate.com/games/domcurry/pong,16,1,0,yes,2016-01-16,2016-01-16,0,0,0,0,0,0,0,0,0,0,0,0,Run a bounded page-history CDX shard for this game.
not_checked,1,The Murder,http://www.kongregate.com/games/domcurry/the-murder,www.kongregate.com/games/domcurry/the-murder,16,1,0,yes,2016-01-25,2016-01-25,0,0,0,0,0,0,0,0,0,0,0,0,Run a bounded page-history CDX shard for this game.
not_checked,1,Pixel Cult,http://www.kongregate.com/games/endertaimer/pixel-cult,www.kongregate.com/games/endertaimer/pixel-cult,16,1,0,yes,2016-02-02,2016-02-02,0,0,0,0,0,0,0,0,0,0,0,0,Run a bounded page-history CDX shard for this game.
not_checked,1,Promise Keepers,http://www.kongregate.com/games/SandraKim/promise-keepers,www.kongregate.com/games/sandrakim/promise-keepers,16,1,0,yes,2016-02-17,2016-02-17,0,0,0,0,0,0,0,0,0,0,0,0,Run a bounded page-history CDX shard for this game.
not_checked,1,Find Colors (MasterMind),http://www.kongregate.com/games/Ratan81/find-colors-mastermind,www.kongregate.com/games/ratan81/find-colors-mastermind,16,1,0,yes,2016-03-05,2016-03-05,0,0,0,0,0,0,0,0,0,0,0,0,Run a bounded page-history CDX shard for this game.
not_checked,1,Nuke Gun,http://www.kongregate.com/games/kizigames/nuke-gun,www.kongregate.com/games/kizigames/nuke-gun,16,1,0,yes,2016-03-07,2016-03-07,0,0,0,0,0,0,0,0,0,0,0,0,Run a bounded page-history CDX shard for this game.
not_checked,1,Mini Countryman Jigsaw,http://www.kongregate.com/games/newgamess/mini-countryman-jigsaw,www.kongregate.com/games/newgamess/mini-countryman-jigsaw,16,1,0,yes,2016-03-16,2016-03-16,0,0,0,0,0,0,0,0,0,0,0,0,Run a bounded page-history CDX shard for this game.
not_checked,1,Mario Crossover,http://www.kongregate.com/games/flamingpiece/mario-crossover,www.kongregate.com/games/flamingpiece/mario-crossover,16,1,0,yes,2016-03-20,2016-03-20,0,0,0,0,0,0,0,0,0,0,0,0,Run a bounded page-history CDX shard for this game.
not_checked,1,Ratatouille Eats Crepes,http://www.kongregate.com/games/loogames/ratatouille-eats-crepes,www.kongregate.com/games/loogames/ratatouille-eats-crepes,16,1,0,yes,2016-03-24,2016-03-24,0,0,0,0,0,0,0,0,0,0,0,0,Run a bounded page-history CDX shard for this game.
not_checked,1,Old Mine Escape,http://www.kongregate.com/games/playitonline/old-mine-escape,www.kongregate.com/games/playitonline/old-mine-escape,16,1,0,yes,2016-05-06,2016-05-06,0,0,0,0,0,0,0,0,0,0,0,0,Run a bounded page-history CDX shard for this game.
not_checked,1,SpeedDev Arkanoid,http://www.kongregate.com/games/eduard_777/speeddev-arkanoid,www.kongregate.com/games/eduard_777/speeddev-arkanoid,16,1,0,yes,2016-05-15,2016-05-15,0,0,0,0,0,0,0,0,0,0,0,0,Run a bounded page-history CDX shard for this game.
not_checked,1,Brothers Treasure Recovery 16,http://www.kongregate.com/games/Enagamess/brothers-treasure-recovery-16,www.kongregate.com/games/enagamess/brothers-treasure-recovery-16,16,1,0,yes,2016-05-24,2016-05-24,0,0,0,0,0,0,0,0,0,0,0,0,Run a bounded page-history CDX shard for this game.
not_checked,1,Swoop-to-Nuts,http://www.kongregate.com/games/Fusionary/swoop-to-nuts,www.kongregate.com/games/fusionary/swoop-to-nuts,16,6,0,yes,2016-05-25,2023-11-23,0,0,0,0,0,0,0,0,0,0,0,0,Run a bounded page-history CDX shard for this game.
not_checked,1,ZOON,http://www.kongregate.com/games/jeagle747/zoon,www.kongregate.com/games/jeagle747/zoon,16,1,0,yes,2016-06-04,2016-06-04,0,0,0,0,0,0,0,0,0,0,0,0,Run a bounded page-history CDX shard for this game.
not_checked,1,Princess Pony Caring,http://www.kongregate.com/games/gamesforgirlz/princess-pony-caring,www.kongregate.com/games/gamesforgirlz/princess-pony-caring,16,1,0,yes,2016-06-05,2016-06-05,0,0,0,0,0,0,0,0,0,0,0,0,Run a bounded page-history CDX shard for this game.
not_checked,1,Switchy,http://www.kongregate.com/games/Harksa/switchy,www.kongregate.com/games/harksa/switchy,16,1,0,yes,2016-06-13,2016-06-13,0,0,0,0,0,0,0,0,0,0,0,0,Run a bounded page-history CDX shard for this game.
not_checked,1,Corporate Volcano,http://www.kongregate.com/games/delguapo/corporate-volcano,www.kongregate.com/games/delguapo/corporate-volcano,16,1,0,yes,2016-06-22,2016-06-22,0,0,0,0,0,0,0,0,0,0,0,0,Run a bounded page-history CDX shard for this game.
not_checked,1,Zombies vs Brains,http://www.kongregate.com/games/SilenGames/zombies-vs-brains,www.kongregate.com/games/silengames/zombies-vs-brains,16,1,0,yes,2016-06-29,2016-06-29,0,0,0,0,0,0,0,0,0,0,0,0,Run a bounded page-history CDX shard for this game.
not_checked,1,RPS Multiplayer,http://www.kongregate.com/games/OriginalNameOP/rps-multiplayer,www.kongregate.com/games/originalnameop/rps-multiplayer,16,1,0,yes,2016-07-07,2016-07-07,0,0,0,0,0,0,0,0,0,0,0,0,Run a bounded page-history CDX shard for this game.
not_checked,1,Ball Chase 4,http://www.kongregate.com/games/gamer70008000/ball-chase-4,www.kongregate.com/games/gamer70008000/ball-chase-4,16,1,0,yes,2016-07-14,2016-07-14,0,0,0,0,0,0,0,0,0,0,0,0,Run a bounded page-history CDX shard for this game.
not_checked,1,That Pokeyman Thing Your Grandkids Are Into,http://www.kongregate.com/games/claedalus/that-pokeyman-thing-your-grandkids-are-into,www.kongregate.com/games/claedalus/that-pokeyman-thing-your-grandkids-are-into,16,1,0,yes,2016-08-13,2016-08-13,0,0,0,0,0,0,0,0,0,0,0,0,Run a bounded page-history CDX shard for this game.
not_checked,1,Fufu's Nightmare,http://www.kongregate.com/games/psyopticgames/fufus-nightmare,www.kongregate.com/games/psyopticgames/fufus-nightmare,16,1,0,yes,2016-08-20,2016-08-20,0,0,0,0,0,0,0,0,0,0,0,0,Run a bounded page-history CDX shard for this game.
not_checked,1,The Magical Forest,http://www.kongregate.com/games/esthetix/the-magical-forest,www.kongregate.com/games/esthetix/the-magical-forest,16,1,0,yes,2016-08-28,2016-08-28,0,0,0,0,0,0,0,0,0,0,0,0,Run a bounded page-history CDX shard for this game.
not_checked,1,food,http://www.kongregate.com/games/solomanolo/food,www.kongregate.com/games/solomanolo/food,16,1,0,yes,2016-09-03,2016-09-03,0,0,0,0,0,0,0,0,0,0,0,0,Run a bounded page-history CDX shard for this game.
not_checked,1,Nations At War,http://www.kongregate.com/games/Boxingwolf/nations-at-war,www.kongregate.com/games/boxingwolf/nations-at-war,16,1,0,yes,2016-09-16,2016-09-16,0,0,0,0,0,0,0,0,0,0,0,0,Run a bounded page-history CDX shard for this game.
not_checked,1,Ping-Pong-Special,http://www.kongregate.com/games/LostRaiderTV/ping-pong-special,www.kongregate.com/games/lostraidertv/ping-pong-special,16,1,0,yes,2016-09-17,2016-09-17,0,0,0,0,0,0,0,0,0,0,0,0,Run a bounded page-history CDX shard for this game.
not_checked,1,Giga Sun Class Game 03,http://www.kongregate.com/games/gigasun/giga-sun-class-game-03,www.kongregate.com/games/gigasun/giga-sun-class-game-03,16,1,0,yes,2016-09-23,2016-09-23,0,0,0,0,0,0,0,0,0,0,0,0,Run a bounded page-history CDX shard for this game.
not_checked,1,Yogi Bear,http://www.kongregate.com/games/newgamess/yogi-bear,www.kongregate.com/games/newgamess/yogi-bear,16,1,0,yes,2016-10-04,2016-10-04,0,0,0,0,0,0,0,0,0,0,0,0,Run a bounded page-history CDX shard for this game.
not_checked,1,Halloween Castle,http://www.kongregate.com/games/yell/halloween-castle,www.kongregate.com/games/yell/halloween-castle,16,1,0,yes,2016-10-17,2016-10-17,0,0,0,0,0,0,0,0,0,0,0,0,Run a bounded page-history CDX shard for this game.
not_checked,1,Sonic Magic Jump,http://www.kongregate.com/games/Gamesdeveloper/sonic-magic-jump,www.kongregate.com/games/gamesdeveloper/sonic-magic-jump,16,1,0,yes,2016-10-18,2016-10-18,0,0,0,0,0,0,0,0,0,0,0,0,Run a bounded page-history CDX shard for this game.
not_checked,1,Wut,http://www.kongregate.com/games/freever/wut,www.kongregate.com/games/freever/wut,16,1,0,yes,2016-10-24,2016-10-24,0,0,0,0,0,0,0,0,0,0,0,0,Run a bounded page-history CDX shard for this game.
not_checked,1,Abyss Dota | Информатор,http://www.kongregate.com/games/MaximM205/abyss-dota,www.kongregate.com/games/maximm205/abyss-dota,16,1,0,yes,2016-10-30,2016-10-30,0,0,0,0,0,0,0,0,0,0,0,0,Run a bounded page-history CDX shard for this game.
not_checked,1,Dope Slinger Tycoon,http://www.kongregate.com/games/JamesG466/dope-slinger-tycoon,www.kongregate.com/games/jamesg466/dope-slinger-tycoon,16,4,0,yes,2017-05-06,2017-05-20,0,0,0,0,0,0,0,0,0,0,0,0,Run a bounded page-history CDX shard for this game.
not_checked,1,Highscore Clicker,http://www.kongregate.com/games/rex9109/highscore-clicker,www.kongregate.com/games/rex9109/highscore-clicker,16,1,0,yes,2017-05-16,2017-05-16,0,0,0,0,0,0,0,0,0,0,0,0,Run a bounded page-history CDX shard for this game.
not_checked,1,Old Dungeon House escape,http://www.kongregate.com/games/leaf2games2015/old-dungeon-house-escape,www.kongregate.com/games/leaf2games2015/old-dungeon-house-escape,16,1,0,yes,2017-05-25,2017-05-25,0,0,0,0,0,0,0,0,0,0,0,0,Run a bounded page-history CDX shard for this game.
not_checked,1,Grand Plaza of Plazas,http://www.kongregate.com/games/305070/grand-plaza-of-plazas,www.kongregate.com/games/305070/grand-plaza-of-plazas,16,1,0,yes,2017-05-26,2017-05-26,0,0,0,0,0,0,0,0,0,0,0,0,Run a bounded page-history CDX shard for this game.
not_checked,1,space dog,http://www.kongregate.com/games/deadsoul53/space-dog,www.kongregate.com/games/deadsoul53/space-dog,16,1,0,yes,2017-06-04,2017-06-04,0,0,0,0,0,0,0,0,0,0,0,0,Run a bounded page-history CDX shard for this game.
not_checked,1,Mini Lab,http://www.kongregate.com/games/barricados/mini-lab,www.kongregate.com/games/barricados/mini-lab,16,1,0,yes,2017-06-15,2017-06-15,0,0,0,0,0,0,0,0,0,0,0,0,Run a bounded page-history CDX shard for this game.
not_checked,1,Chronolia DEMO,http://www.kongregate.com/games/ExedysStudios/chronolia-demo,www.kongregate.com/games/exedysstudios/chronolia-demo,16,1,0,yes,2017-06-16,2017-06-16,0,0,0,0,0,0,0,0,0,0,0,0,Run a bounded page-history CDX shard for this game.
not_checked,1,Heroes Tactics,http://www.kongregate.com/games/heroestactics/heroes-tactics,www.kongregate.com/games/heroestactics/heroes-tactics,16,1,0,yes,2017-06-24,2017-06-24,0,0,0,0,0,0,0,0,0,0,0,0,Run a bounded page-history CDX shard for this game.
not_checked,1,Idle Runner,http://www.kongregate.com/games/cool_guy76/idle-runner,www.kongregate.com/games/cool_guy76/idle-runner,16,1,0,yes,2017-06-25,2017-06-25,0,0,0,0,0,0,0,0,0,0,0,0,Run a bounded page-history CDX shard for this game.
not_checked,1,Battle Pirates Hotfix,http://www.kongregate.com/games/BPDev/battle-pirates-hotfix,www.kongregate.com/games/bpdev/battle-pirates-hotfix,16,1,0,yes,2017-07-12,2017-07-12,0,0,0,0,0,0,0,0,0,0,0,0,Run a bounded page-history CDX shard for this game.
not_checked,1,Abandoned Castle,http://www.kongregate.com/games/Enagamess/abandoned-castle,www.kongregate.com/games/enagamess/abandoned-castle,16,1,0,yes,2017-07-20,2017-07-20,0,0,0,0,0,0,0,0,0,0,0,0,Run a bounded page-history CDX shard for this game.
not_checked,1,Lake Crusade,http://www.kongregate.com/games/DexterReal/lake-crusade,www.kongregate.com/games/dexterreal/lake-crusade,16,1,0,yes,2017-07-28,2017-07-28,0,0,0,0,0,0,0,0,0,0,0,0,Run a bounded page-history CDX shard for this game.
not_checked,1,Space Shooter,http://www.kongregate.com/games/Larryquartz/space-shooter,www.kongregate.com/games/larryquartz/space-shooter,16,1,0,yes,2017-07-29,2017-07-29,0,0,0,0,0,0,0,0,0,0,0,0,Run a bounded page-history CDX shard for this game.
not_checked,1,Princess Nella Fishing,http://www.kongregate.com/games/juegosnella/princess-nella-fishing,www.kongregate.com/games/juegosnella/princess-nella-fishing,16,1,0,yes,2017-08-05,2017-08-05,0,0,0,0,0,0,0,0,0,0,0,0,Run a bounded page-history CDX shard for this game.
not_checked,1,TypeMasters,http://www.kongregate.com/games/WeiMinM/typemasters,www.kongregate.com/games/weiminm/typemasters,16,1,0,yes,2017-08-11,2017-08-11,0,0,0,0,0,0,0,0,0,0,0,0,Run a bounded page-history CDX shard for this game.
not_checked,1,Plane Simulator 2018,http://www.kongregate.com/games/Drug_Cartel/plane-simulator-2018,www.kongregate.com/games/drug_cartel/plane-simulator-2018,16,1,0,yes,2017-08-17,2017-08-17,0,0,0,0,0,0,0,0,0,0,0,0,Run a bounded page-history CDX shard for this game.
not_checked,1,Super Chicken,http://www.kongregate.com/games/fatspliffs/super-chicken,www.kongregate.com/games/fatspliffs/super-chicken,16,1,0,yes,2017-08-23,2017-08-23,0,0,0,0,0,0,0,0,0,0,0,0,Run a bounded page-history CDX shard for this game.
not_checked,1,Zombie Invasion,http://www.kongregate.com/games/brvasil/zombie-invasion,www.kongregate.com/games/brvasil/zombie-invasion,16,1,0,yes,2017-08-25,2017-08-25,0,0,0,0,0,0,0,0,0,0,0,0,Run a bounded page-history CDX shard for this game.
not_checked,1,Wonder Woman Fashion Event,http://www.kongregate.com/games/edidea/wonder-woman-fashion-event,www.kongregate.com/games/edidea/wonder-woman-fashion-event,16,1,0,yes,2017-09-13,2017-09-13,0,0,0,0,0,0,0,0,0,0,0,0,Run a bounded page-history CDX shard for this game.
not_checked,1,The Locker - Weapon House,http://www.kongregate.com/games/Enagamess/the-locker-weapon-house,www.kongregate.com/games/enagamess/the-locker-weapon-house,16,1,0,yes,2017-09-20,2017-09-20,0,0,0,0,0,0,0,0,0,0,0,0,Run a bounded page-history CDX shard for this game.
not_checked,1,Link ADVENTURES,http://www.kongregate.com/games/andracpotavski/link-adventures,www.kongregate.com/games/andracpotavski/link-adventures,16,1,0,yes,2017-10-08,2017-10-08,0,0,0,0,0,0,0,0,0,0,0,0,Run a bounded page-history CDX shard for this game.
not_checked,1,Tickety Toc Where is My Gift?,http://www.kongregate.com/games/EngineerTR/tickety-toc-where-is-my-gift,www.kongregate.com/games/engineertr/tickety-toc-where-is-my-gift,16,1,0,yes,2017-10-15,2017-10-15,0,0,0,0,0,0,0,0,0,0,0,0,Run a bounded page-history CDX shard for this game.
not_checked,1,Halloween vs christmas,http://www.kongregate.com/games/GDP333572/halloween-vs-christmas,www.kongregate.com/games/gdp333572/halloween-vs-christmas,16,1,0,yes,2017-10-24,2017-10-24,0,0,0,0,0,0,0,0,0,0,0,0,Run a bounded page-history CDX shard for this game.
not_checked,1,Puzzle Test,http://www.kongregate.com/games/dspiv097/puzzle-test,www.kongregate.com/games/dspiv097/puzzle-test,16,1,0,yes,2017-11-06,2017-11-06,0,0,0,0,0,0,0,0,0,0,0,0,Run a bounded page-history CDX shard for this game.
not_checked,1,Bow and hunt,https://www.kongregate.com/games/spencer1237/bow-and-hunt,www.kongregate.com/games/spencer1237/bow-and-hunt,16,1,0,yes,2019-08-25,2019-08-25,0,0,0,0,0,0,0,0,0,0,0,0,Run a bounded page-history CDX shard for this game.
not_checked,1,Supre Survivor gaem,http://www.kongregate.com/games/deco766/supre-survivor-gaem,www.kongregate.com/games/deco766/supre-survivor-gaem,16,1,0,yes,2021-01-25,2021-01-25,0,0,0,0,0,0,0,0,0,0,0,0,Run a bounded page-history CDX shard for this game.
not_checked,1,Medieval Cop -The Invidia Games - Part 3,https://www.kongregate.com/en/games/VasantJ/medieval-cop-the-invidia-games-part-3,www.kongregate.com/games/vasantj/medieval-cop-the-invidia-games-part-3,16,10,4,yes,2021-04-05,2021-04-11,0,0,0,0,0,0,0,0,0,0,0,0,Run a bounded page-history CDX shard for this game.
not_checked,1,Territory WAR,https://www.kongregate.com/games/zacktoon819/territory-war,www.kongregate.com/games/zacktoon819/territory-war,16,1,0,yes,2021-11-12,2021-11-12,0,0,0,0,0,0,0,0,0,0,0,0,Run a bounded page-history CDX shard for this game.
not_checked,1,MR RACER - Car Racing,http://www.kongregate.com/games/ChennaiGames/mr-racer-car-racing,www.kongregate.com/games/chennaigames/mr-racer-car-racing,16,1,0,yes,2024-01-21,2024-01-21,0,0,0,0,0,0,0,0,0,0,0,0,Run a bounded page-history CDX shard for this game.
not_checked,1,Pirates of the Stupid Seas!,https://www.kongregate.com/en/games/backburner/pirates-of-the-stupid-seas,www.kongregate.com/games/backburner/pirates-of-the-stupid-seas,16,25,12,yes,2024-06-05,2025-10-09,0,0,0,0,0,0,0,0,0,0,0,0,Run a bounded page-history CDX shard for this game.
not_checked,1,Bomb Transport 3D,http://www.kongregate.com/games/nowgamez/bomb-transport-3d,www.kongregate.com/games/nowgamez/bomb-transport-3d,17,1,0,yes,2014-08-22,2014-08-22,0,0,0,0,0,0,0,0,0,0,0,0,Run a bounded page-history CDX shard for this game.
not_checked,1,Splitter 2,http://www.kongregate.com/games/CasualCollective/splitter-2,www.kongregate.com/games/casualcollective/splitter-2,17,1,0,yes,2014-08-22,2014-08-22,0,0,0,0,0,0,0,0,0,0,0,0,Run a bounded page-history CDX shard for this game.
not_checked,1,Paralella,http://www.kongregate.com/games/Genezgames/paralella,www.kongregate.com/games/genezgames/paralella,17,1,0,yes,2014-08-26,2014-08-26,0,0,0,0,0,0,0,0,0,0,0,0,Run a bounded page-history CDX shard for this game.
not_checked,1,3D Puzzle Game - Jumpin Jack - HD,http://www.kongregate.com/games/jumpinjackus/3d-puzzle-game-jumpin-jack-hd,www.kongregate.com/games/jumpinjackus/3d-puzzle-game-jumpin-jack-hd,17,1,0,yes,2014-08-29,2014-08-29,0,0,0,0,0,0,0,0,0,0,0,0,Run a bounded page-history CDX shard for this game.
not_checked,1,Dimensional - Running Between Worlds,http://www.kongregate.com/games/HizuYuuki/dimensional-running-between-worlds,www.kongregate.com/games/hizuyuuki/dimensional-running-between-worlds,17,1,0,yes,2014-09-02,2014-09-02,0,0,0,0,0,0,0,0,0,0,0,0,Run a bounded page-history CDX shard for this game.
not_checked,1,Turbo Trip 89,http://www.kongregate.com/games/rootools/turbo-trip-89,www.kongregate.com/games/rootools/turbo-trip-89,17,1,0,yes,2014-09-05,2014-09-05,0,0,0,0,0,0,0,0,0,0,0,0,Run a bounded page-history CDX shard for this game.
not_checked,1,Escape Route Hard,http://www.kongregate.com/games/NickJ66/escape-route-hard,www.kongregate.com/games/nickj66/escape-route-hard,17,1,0,yes,2014-09-12,2014-09-12,0,0,0,0,0,0,0,0,0,0,0,0,Run a bounded page-history CDX shard for this game.
not_checked,1,Russian Army,http://www.kongregate.com/games/kenandreypineda/russian-army,www.kongregate.com/games/kenandreypineda/russian-army,17,1,0,yes,2014-09-14,2014-09-14,0,0,0,0,0,0,0,0,0,0,0,0,Run a bounded page-history CDX shard for this game.
not_checked,1,Burger Brawl,http://www.kongregate.com/games/CurryTech/burger-brawl,www.kongregate.com/games/currytech/burger-brawl,17,1,0,yes,2014-09-19,2014-09-19,0,0,0,0,0,0,0,0,0,0,0,0,Run a bounded page-history CDX shard for this game.
not_checked,1,Light House Escape 2,http://www.kongregate.com/games/Enagamess/light-house-escape-2,www.kongregate.com/games/enagamess/light-house-escape-2,17,1,0,yes,2014-09-20,2014-09-20,0,0,0,0,0,0,0,0,0,0,0,0,Run a bounded page-history CDX shard for this game.
not_checked,1,The Secret Affair,http://www.kongregate.com/games/SandraKim/the-secret-affair,www.kongregate.com/games/sandrakim/the-secret-affair,17,1,0,yes,2014-09-26,2014-09-26,0,0,0,0,0,0,0,0,0,0,0,0,Run a bounded page-history CDX shard for this game.
not_checked,1,Wadwipe: Play 4 Free,http://www.kongregate.com/games/CryWar/wadwipe-play-4-free,www.kongregate.com/games/crywar/wadwipe-play-4-free,17,1,0,yes,2014-09-26,2014-09-26,0,0,0,0,0,0,0,0,0,0,0,0,Run a bounded page-history CDX shard for this game.
not_checked,1,Lode Runner Retro,http://www.kongregate.com/games/Milton_W/lode-runner-retro,www.kongregate.com/games/milton_w/lode-runner-retro,17,1,0,yes,2014-10-09,2014-10-09,0,0,0,0,0,0,0,0,0,0,0,0,Run a bounded page-history CDX shard for this game.
not_checked,1,5 Colorful Cats,http://www.kongregate.com/games/minikidsgames/5-colorful-cats,www.kongregate.com/games/minikidsgames/5-colorful-cats,17,1,0,yes,2014-10-10,2014-10-10,0,0,0,0,0,0,0,0,0,0,0,0,Run a bounded page-history CDX shard for this game.
not_checked,1,Fear of Failure,http://www.kongregate.com/games/Bluelemon/fear-of-failure,www.kongregate.com/games/bluelemon/fear-of-failure,17,1,0,yes,2014-10-13,2014-10-13,0,0,0,0,0,0,0,0,0,0,0,0,Run a bounded page-history CDX shard for this game.
not_checked,1,Lost in the Forest 2,http://www.kongregate.com/games/SandraKim/lost-in-the-forest-2,www.kongregate.com/games/sandrakim/lost-in-the-forest-2,17,1,0,yes,2014-10-17,2014-10-17,0,0,0,0,0,0,0,0,0,0,0,0,Run a bounded page-history CDX shard for this game.
not_checked,1,Play Halloween Match,http://www.kongregate.com/games/yippeegames/play-halloween-match,www.kongregate.com/games/yippeegames/play-halloween-match,17,1,0,yes,2014-10-24,2014-10-24,0,0,0,0,0,0,0,0,0,0,0,0,Run a bounded page-history CDX shard for this game.
not_checked,1,Halloween Run,http://www.kongregate.com/games/shaibaazsparrow1/halloween-run,www.kongregate.com/games/shaibaazsparrow1/halloween-run,17,1,0,yes,2014-10-29,2014-10-29,0,0,0,0,0,0,0,0,0,0,0,0,Run a bounded page-history CDX shard for this game.
not_checked,1,Broken Shells,http://www.kongregate.com/games/wholetonegames/broken-shells,www.kongregate.com/games/wholetonegames/broken-shells,17,1,0,yes,2014-10-31,2014-10-31,0,0,0,0,0,0,0,0,0,0,0,0,Run a bounded page-history CDX shard for this game.
not_checked,1,Protector III,http://www.kongregate.com/games/undefined/protector-iii,www.kongregate.com/games/undefined/protector-iii,17,3,0,yes,2014-11-01,2014-11-06,0,0,0,0,0,0,0,0,0,0,0,0,Run a bounded page-history CDX shard for this game.
not_checked,1,Idle Blacksmith,http://www.kongregate.com/games/mrcaboom/idle-blacksmith,www.kongregate.com/games/mrcaboom/idle-blacksmith,17,7,0,yes,2014-11-02,2015-01-10,0,0,0,0,0,0,0,0,0,0,0,0,Run a bounded page-history CDX shard for this game.
not_checked,1,Daisy Girl Dress Up,http://www.kongregate.com/games/funnypeppygames/daisy-girl-dress-up,www.kongregate.com/games/funnypeppygames/daisy-girl-dress-up,17,1,0,yes,2014-11-11,2014-11-11,0,0,0,0,0,0,0,0,0,0,0,0,Run a bounded page-history CDX shard for this game.
not_checked,1,Bubblenator,http://www.kongregate.com/games/Souleris/bubblenator,www.kongregate.com/games/souleris/bubblenator,17,1,0,yes,2014-11-25,2014-11-25,0,0,0,0,0,0,0,0,0,0,0,0,Run a bounded page-history CDX shard for this game.
not_checked,1,Victorian House Escape,http://www.kongregate.com/games/Enagamess/victorian-house-escape,www.kongregate.com/games/enagamess/victorian-house-escape,17,1,0,yes,2014-12-02,2014-12-02,0,0,0,0,0,0,0,0,0,0,0,0,Run a bounded page-history CDX shard for this game.
not_checked,1,My Life IDLE,http://www.kongregate.com/games/markieer12/my-life-idle,www.kongregate.com/games/markieer12/my-life-idle,17,1,0,yes,2014-12-10,2014-12-10,0,0,0,0,0,0,0,0,0,0,0,0,Run a bounded page-history CDX shard for this game.
not_checked,1,Color Zones,http://www.kongregate.com/games/MulitaSoft/color-zones,www.kongregate.com/games/mulitasoft/color-zones,17,1,0,yes,2014-12-17,2014-12-17,0,0,0,0,0,0,0,0,0,0,0,0,Run a bounded page-history CDX shard for this game.
not_checked,1,Decision:Medieval,http://www.kongregate.com/games/FlyAnvil/decision-medieval,www.kongregate.com/games/flyanvil/decision-medieval,17,2,0,yes,2014-12-27,2014-12-30,0,0,0,0,0,0,0,0,0,0,0,0,Run a bounded page-history CDX shard for this game.
not_checked,1,Bik,http://www.kongregate.com/games/montelucci/bik,www.kongregate.com/games/montelucci/bik,17,1,0,yes,2014-12-28,2014-12-28,0,0,0,0,0,0,0,0,0,0,0,0,Run a bounded page-history CDX shard for this game.
not_checked,1,Pick Up Sticks,http://www.kongregate.com/games/cranberrygame/pick-up-sticks,www.kongregate.com/games/cranberrygame/pick-up-sticks,17,1,0,yes,2014-12-30,2014-12-30,0,0,0,0,0,0,0,0,0,0,0,0,Run a bounded page-history CDX shard for this game.
not_checked,1,PRE ALPHA PIXEL THE HEIST,http://www.kongregate.com/games/gamendekiwi/pre-alpha-pixel-the-heist,www.kongregate.com/games/gamendekiwi/pre-alpha-pixel-the-heist,17,1,0,yes,2015-04-01,2015-04-01,0,0,0,0,0,0,0,0,0,0,0,0,Run a bounded page-history CDX shard for this game.
not_checked,1,Shop Class Slacking,http://www.kongregate.com/games/gg123/shop-class-slacking,www.kongregate.com/games/gg123/shop-class-slacking,17,1,0,yes,2015-09-09,2015-09-09,0,0,0,0,0,0,0,0,0,0,0,0,Run a bounded page-history CDX shard for this game.
not_checked,1,Pacman Dash,http://www.kongregate.com/games/PaulHTML5/pacman-dash,www.kongregate.com/games/paulhtml5/pacman-dash,17,1,0,yes,2015-09-14,2015-09-14,0,0,0,0,0,0,0,0,0,0,0,0,Run a bounded page-history CDX shard for this game.
not_checked,1,Modern Home Escape,http://www.kongregate.com/games/Enagamess/modern-home-escape,www.kongregate.com/games/enagamess/modern-home-escape,17,1,0,yes,2015-09-15,2015-09-15,0,0,0,0,0,0,0,0,0,0,0,0,Run a bounded page-history CDX shard for this game.
not_checked,1,Tractor Mania 3D Parking,http://www.kongregate.com/games/gamolition/tractor-mania-3d-parking,www.kongregate.com/games/gamolition/tractor-mania-3d-parking,17,1,0,yes,2015-09-23,2015-09-23,0,0,0,0,0,0,0,0,0,0,0,0,Run a bounded page-history CDX shard for this game.
not_checked,1,FR Find Differences #1,http://www.kongregate.com/games/MePlayItOnline/fr-find-differences-1,www.kongregate.com/games/meplayitonline/fr-find-differences-1,17,1,0,yes,2015-09-30,2015-09-30,0,0,0,0,0,0,0,0,0,0,0,0,Run a bounded page-history CDX shard for this game.
not_checked,1,Unique House Escape 2,http://www.kongregate.com/games/Enagamess/unique-house-escape-2,www.kongregate.com/games/enagamess/unique-house-escape-2,17,1,0,yes,2015-12-05,2015-12-05,0,0,0,0,0,0,0,0,0,0,0,0,Run a bounded page-history CDX shard for this game.
not_checked,1,Weltenstaub 1,http://www.kongregate.com/games/Koemmels/weltenstaub-1,www.kongregate.com/games/koemmels/weltenstaub-1,17,1,0,yes,2015-12-18,2015-12-18,0,0,0,0,0,0,0,0,0,0,0,0,Run a bounded page-history CDX shard for this game.
not_checked,1,Dodge Durst or Die,http://www.kongregate.com/games/Madsdestruction/dodge-durst-or-die,www.kongregate.com/games/madsdestruction/dodge-durst-or-die,17,1,0,yes,2015-12-26,2015-12-26,0,0,0,0,0,0,0,0,0,0,0,0,Run a bounded page-history CDX shard for this game.
not_checked,1,The Terrible Old Man,http://www.kongregate.com/games/cadgames/the-terrible-old-man,www.kongregate.com/games/cadgames/the-terrible-old-man,17,1,0,yes,2016-01-02,2016-01-02,0,0,0,0,0,0,0,0,0,0,0,0,Run a bounded page-history CDX shard for this game.
not_checked,1,Ultimate Treasure Dive,http://www.kongregate.com/games/zooxii/ultimate-treasure-dive,www.kongregate.com/games/zooxii/ultimate-treasure-dive,17,1,0,yes,2016-01-16,2016-01-16,0,0,0,0,0,0,0,0,0,0,0,0,Run a bounded page-history CDX shard for this game.
not_checked,1,sCHOOL,http://www.kongregate.com/games/Iam_GamerPS5/school,www.kongregate.com/games/iam_gamerps5/school,17,1,0,yes,2016-01-25,2016-01-25,0,0,0,0,0,0,0,0,0,0,0,0,Run a bounded page-history CDX shard for this game.
not_checked,1,school project 3d forrest,http://www.kongregate.com/games/mynameisxboard/school-project-3d-forrest,www.kongregate.com/games/mynameisxboard/school-project-3d-forrest,17,1,0,yes,2016-02-02,2016-02-02,0,0,0,0,0,0,0,0,0,0,0,0,Run a bounded page-history CDX shard for this game.
not_checked,1,Rescue My Soul 2,http://www.kongregate.com/games/Enagamess/rescue-my-soul-2,www.kongregate.com/games/enagamess/rescue-my-soul-2,17,1,0,yes,2016-02-17,2016-02-17,0,0,0,0,0,0,0,0,0,0,0,0,Run a bounded page-history CDX shard for this game.
not_checked,1,Get Back The Fairy,http://www.kongregate.com/games/Enagamess/get-back-the-fairy,www.kongregate.com/games/enagamess/get-back-the-fairy,17,1,0,yes,2016-02-28,2016-02-28,0,0,0,0,0,0,0,0,0,0,0,0,Run a bounded page-history CDX shard for this game.
not_checked,1,Avalancher,http://www.kongregate.com/games/Vogd/avalancher,www.kongregate.com/games/vogd/avalancher,17,1,0,yes,2016-03-05,2016-03-05,0,0,0,0,0,0,0,0,0,0,0,0,Run a bounded page-history CDX shard for this game.
not_checked,1,Spaceship Shooter,http://www.kongregate.com/games/kizigames/spaceship-shooter,www.kongregate.com/games/kizigames/spaceship-shooter,17,1,0,yes,2016-03-07,2016-03-07,0,0,0,0,0,0,0,0,0,0,0,0,Run a bounded page-history CDX shard for this game.
not_checked,1,Vandalise The Gas Station,http://www.kongregate.com/games/tackypoop111/vandalise-the-gas-station,www.kongregate.com/games/tackypoop111/vandalise-the-gas-station,17,1,0,yes,2016-03-16,2016-03-16,0,0,0,0,0,0,0,0,0,0,0,0,Run a bounded page-history CDX shard for this game.
not_checked,1,Gimbo jump 3,http://www.kongregate.com/games/worldhacker/gimbo-jump-3,www.kongregate.com/games/worldhacker/gimbo-jump-3,17,1,0,yes,2016-03-20,2016-03-20,0,0,0,0,0,0,0,0,0,0,0,0,Run a bounded page-history CDX shard for this game.
not_checked,1,Easter Truck Jigsaw,http://www.kongregate.com/games/newgamess/easter-truck-jigsaw,www.kongregate.com/games/newgamess/easter-truck-jigsaw,17,1,0,yes,2016-03-24,2016-03-24,0,0,0,0,0,0,0,0,0,0,0,0,Run a bounded page-history CDX shard for this game.
not_checked,1,STH .01,http://www.kongregate.com/games/KyozCorp/sth-01,www.kongregate.com/games/kyozcorp/sth-01,17,1,0,yes,2016-05-06,2016-05-06,0,0,0,0,0,0,0,0,0,0,0,0,Run a bounded page-history CDX shard for this game.
not_checked,1,MegaBEER,http://www.kongregate.com/games/fancyork/megabeer,www.kongregate.com/games/fancyork/megabeer,17,1,0,yes,2016-05-15,2016-05-15,0,0,0,0,0,0,0,0,0,0,0,0,Run a bounded page-history CDX shard for this game.
not_checked,1,Platt 10,http://www.kongregate.com/games/KAPLOARPLOAR/platt-10,www.kongregate.com/games/kaploarploar/platt-10,17,1,0,yes,2016-05-23,2016-05-23,0,0,0,0,0,0,0,0,0,0,0,0,Run a bounded page-history CDX shard for this game.
not_checked,1,Tig With Xenomorph,http://www.kongregate.com/games/x2wifi/tig-with-xenomorph,www.kongregate.com/games/x2wifi/tig-with-xenomorph,17,1,0,yes,2016-05-24,2016-05-24,0,0,0,0,0,0,0,0,0,0,0,0,Run a bounded page-history CDX shard for this game.
not_checked,1,Chess Evolved Online,https://www.kongregate.com/games/TheGrandestine/chess-evolved-online,www.kongregate.com/games/thegrandestine/chess-evolved-online,17,4,0,yes,2016-06-01,2016-06-01,0,0,0,0,0,0,0,0,0,0,0,0,Run a bounded page-history CDX shard for this game.
not_checked,1,Tower Attraction,http://www.kongregate.com/games/aptriangle/tower-attraction,www.kongregate.com/games/aptriangle/tower-attraction,17,1,0,yes,2016-06-04,2016-06-04,0,0,0,0,0,0,0,0,0,0,0,0,Run a bounded page-history CDX shard for this game.
not_checked,1,EL Orco Malvado,http://www.kongregate.com/games/edher19/el-orco-malvado,www.kongregate.com/games/edher19/el-orco-malvado,17,1,0,yes,2016-06-05,2016-06-05,0,0,0,0,0,0,0,0,0,0,0,0,Run a bounded page-history CDX shard for this game.
not_checked,1,Who Can Escape Castle Prison,http://www.kongregate.com/games/rahchel321/who-can-escape-castle-prison,www.kongregate.com/games/rahchel321/who-can-escape-castle-prison,17,1,0,yes,2016-06-13,2016-06-13,0,0,0,0,0,0,0,0,0,0,0,0,Run a bounded page-history CDX shard for this game.
not_checked,1,Raiders and Traders,http://www.kongregate.com/games/daggerit/raiders-and-traders,www.kongregate.com/games/daggerit/raiders-and-traders,17,1,0,yes,2016-06-22,2016-06-22,0,0,0,0,0,0,0,0,0,0,0,0,Run a bounded page-history CDX shard for this game.
not_checked,1,Terminator Jigsaw,http://www.kongregate.com/games/newgamess/terminator-jigsaw,www.kongregate.com/games/newgamess/terminator-jigsaw,17,1,0,yes,2016-06-29,2016-06-29,0,0,0,0,0,0,0,0,0,0,0,0,Run a bounded page-history CDX shard for this game.
not_checked,1,Daylight Robbery,http://www.kongregate.com/games/SandraKim/daylight-robbery,www.kongregate.com/games/sandrakim/daylight-robbery,17,1,0,yes,2016-07-14,2016-07-14,0,0,0,0,0,0,0,0,0,0,0,0,Run a bounded page-history CDX shard for this game.
not_checked,1,Sword HUMMUS,http://www.kongregate.com/games/aymaniscool/sword-hummus,www.kongregate.com/games/aymaniscool/sword-hummus,17,1,0,yes,2016-07-20,2016-07-20,0,0,0,0,0,0,0,0,0,0,0,0,Run a bounded page-history CDX shard for this game.
not_checked,1,Duelo,http://www.kongregate.com/games/ccamiloo/duelo,www.kongregate.com/games/ccamiloo/duelo,17,1,0,yes,2016-07-27,2016-07-27,0,0,0,0,0,0,0,0,0,0,0,0,Run a bounded page-history CDX shard for this game.
not_checked,1,Elsa Restaurant Vegetarian Meatloaf,http://www.kongregate.com/games/gamesforgirlz/elsa-restaurant-vegetarian-meatloaf,www.kongregate.com/games/gamesforgirlz/elsa-restaurant-vegetarian-meatloaf,17,1,0,yes,2016-08-13,2016-08-13,0,0,0,0,0,0,0,0,0,0,0,0,Run a bounded page-history CDX shard for this game.
not_checked,1,Retro Redux,http://www.kongregate.com/games/BowWow200/retro-redux,www.kongregate.com/games/bowwow200/retro-redux,17,1,0,yes,2016-08-20,2016-08-20,0,0,0,0,0,0,0,0,0,0,0,0,Run a bounded page-history CDX shard for this game.
not_checked,1,Annas Kitchen Zucchini Soup,http://www.kongregate.com/games/gamesforgirlz/annas-kitchen-zucchini-soup,www.kongregate.com/games/gamesforgirlz/annas-kitchen-zucchini-soup,17,1,0,yes,2016-08-28,2016-08-28,0,0,0,0,0,0,0,0,0,0,0,0,Run a bounded page-history CDX shard for this game.
not_checked,1,Cross my Heart,http://www.kongregate.com/games/SandraKim/cross-my-heart,www.kongregate.com/games/sandrakim/cross-my-heart,17,1,0,yes,2016-09-03,2016-09-03,0,0,0,0,0,0,0,0,0,0,0,0,Run a bounded page-history CDX shard for this game.
not_checked,1,Blue Falcon,http://www.kongregate.com/games/newgamess/blue-falcon,www.kongregate.com/games/newgamess/blue-falcon,17,1,0,yes,2016-09-16,2016-09-16,0,0,0,0,0,0,0,0,0,0,0,0,Run a bounded page-history CDX shard for this game.
not_checked,1,Test2,http://www.kongregate.com/games/PanzerGraveyard/test2,www.kongregate.com/games/panzergraveyard/test2,17,1,0,yes,2016-09-17,2016-09-17,0,0,0,0,0,0,0,0,0,0,0,0,Run a bounded page-history CDX shard for this game.
not_checked,1,Giga Sun Class Game 02,http://www.kongregate.com/games/gigasun/giga-sun-class-game-02,www.kongregate.com/games/gigasun/giga-sun-class-game-02,17,1,0,yes,2016-09-23,2016-09-23,0,0,0,0,0,0,0,0,0,0,0,0,Run a bounded page-history CDX shard for this game.
not_checked,1,Super Skeleton II,http://www.kongregate.com/games/javiersan22/super-skeleton-ii,www.kongregate.com/games/javiersan22/super-skeleton-ii,17,1,0,yes,2016-10-04,2016-10-04,0,0,0,0,0,0,0,0,0,0,0,0,Run a bounded page-history CDX shard for this game.
not_checked,1,Romance is Dead,http://www.kongregate.com/games/SandboxAdventure/romance-is-dead,www.kongregate.com/games/sandboxadventure/romance-is-dead,17,1,0,yes,2016-10-17,2016-10-17,0,0,0,0,0,0,0,0,0,0,0,0,Run a bounded page-history CDX shard for this game.
not_checked,1,Run Chase 9,http://www.kongregate.com/games/Enagamess/run-chase-9,www.kongregate.com/games/enagamess/run-chase-9,17,1,0,yes,2016-10-18,2016-10-18,0,0,0,0,0,0,0,0,0,0,0,0,Run a bounded page-history CDX shard for this game.
not_checked,1,Light Directions,http://www.kongregate.com/games/HPieta/light-directions,www.kongregate.com/games/hpieta/light-directions,17,1,0,yes,2016-10-24,2016-10-24,0,0,0,0,0,0,0,0,0,0,0,0,Run a bounded page-history CDX shard for this game.
not_checked,1,Horror Paintings Parodies,http://www.kongregate.com/games/Munguia/horror-paintings-parodies,www.kongregate.com/games/munguia/horror-paintings-parodies,17,1,0,yes,2016-10-30,2016-10-30,0,0,0,0,0,0,0,0,0,0,0,0,Run a bounded page-history CDX shard for this game.
not_checked,1,W. House Version 0.0.2,http://www.kongregate.com/games/Mariuskintzs/w-house-version-0-0-2,www.kongregate.com/games/mariuskintzs/w-house-version-0-0-2,17,1,0,yes,2017-05-05,2017-05-05,0,0,0,0,0,0,0,0,0,0,0,0,Run a bounded page-history CDX shard for this game.
not_checked,1,The Vessel,http://www.kongregate.com/games/Enagamess/the-vessel,www.kongregate.com/games/enagamess/the-vessel,17,1,0,yes,2017-05-25,2017-05-25,0,0,0,0,0,0,0,0,0,0,0,0,Run a bounded page-history CDX shard for this game.
not_checked,1,pantscuer02,http://www.kongregate.com/games/Anzefuto/pantscuer02,www.kongregate.com/games/anzefuto/pantscuer02,17,1,0,yes,2017-05-26,2017-05-26,0,0,0,0,0,0,0,0,0,0,0,0,Run a bounded page-history CDX shard for this game.
not_checked,1,Road Of Heroes,http://www.kongregate.com/games/IriySoft/road-of-heroes,www.kongregate.com/games/iriysoft/road-of-heroes,17,4,0,yes,2017-06-03,2017-06-10,0,0,0,0,0,0,0,0,0,0,0,0,Run a bounded page-history CDX shard for this game.
not_checked,1,Cracking Open A Cold One With The Boys Simulator 2017,http://www.kongregate.com/games/StarvingStudios/cracking-open-a-cold-one-with-the-boys-simulator-2017,www.kongregate.com/games/starvingstudios/cracking-open-a-cold-one-with-the-boys-simulator-2017,17,1,0,yes,2017-06-04,2017-06-04,0,0,0,0,0,0,0,0,0,0,0,0,Run a bounded page-history CDX shard for this game.
not_checked,1,Ice Cream Sandwich Cake,http://www.kongregate.com/games/gamesforgirlz/ice-cream-sandwich-cake,www.kongregate.com/games/gamesforgirlz/ice-cream-sandwich-cake,17,1,0,yes,2017-06-15,2017-06-15,0,0,0,0,0,0,0,0,0,0,0,0,Run a bounded page-history CDX shard for this game.
not_checked,1,Run For Athena!,http://www.kongregate.com/games/spacegrid/run-for-athena,www.kongregate.com/games/spacegrid/run-for-athena,17,1,0,yes,2017-06-16,2017-06-16,0,0,0,0,0,0,0,0,0,0,0,0,Run a bounded page-history CDX shard for this game.
not_checked,1,Mask Area,http://www.kongregate.com/games/Enagamess/mask-area,www.kongregate.com/games/enagamess/mask-area,17,1,0,yes,2017-06-25,2017-06-25,0,0,0,0,0,0,0,0,0,0,0,0,Run a bounded page-history CDX shard for this game.
not_checked,1,Badlands[Online] Alpha,http://www.kongregate.com/games/charboozi/badlands-online-alpha,www.kongregate.com/games/charboozi/badlands-online-alpha,17,1,0,yes,2017-07-03,2017-07-03,0,0,0,0,0,0,0,0,0,0,0,0,Run a bounded page-history CDX shard for this game.
not_checked,1,Idle Glow Bugs,http://www.kongregate.com/games/sgtwombatstudios/idle-glow-bugs,www.kongregate.com/games/sgtwombatstudios/idle-glow-bugs,17,1,0,yes,2017-07-12,2017-07-12,0,0,0,0,0,0,0,0,0,0,0,0,Run a bounded page-history CDX shard for this game.
not_checked,1,Warriors,http://www.kongregate.com/games/spacegrid/warriors,www.kongregate.com/games/spacegrid/warriors,17,1,0,yes,2017-07-20,2017-07-20,0,0,0,0,0,0,0,0,0,0,0,0,Run a bounded page-history CDX shard for this game.
not_checked,1,Bat Palace,http://www.kongregate.com/games/Enagamess/bat-palace,www.kongregate.com/games/enagamess/bat-palace,17,1,0,yes,2017-07-28,2017-07-28,0,0,0,0,0,0,0,0,0,0,0,0,Run a bounded page-history CDX shard for this game.
not_checked,1,Sky Guardian,http://www.kongregate.com/games/Dumitru_V/sky-guardian,www.kongregate.com/games/dumitru_v/sky-guardian,17,1,0,yes,2017-07-29,2017-07-29,0,0,0,0,0,0,0,0,0,0,0,0,Run a bounded page-history CDX shard for this game.
not_checked,1,Summoner's Tale,http://www.kongregate.com/games/masternegm/summoners-tale,www.kongregate.com/games/masternegm/summoners-tale,17,1,0,yes,2017-08-05,2017-08-05,0,0,0,0,0,0,0,0,0,0,0,0,Run a bounded page-history CDX shard for this game.
not_checked,1,Paint the block,http://www.kongregate.com/games/AugustoA150/paint-the-block,www.kongregate.com/games/augustoa150/paint-the-block,17,1,0,yes,2017-08-11,2017-08-11,0,0,0,0,0,0,0,0,0,0,0,0,Run a bounded page-history CDX shard for this game.
not_checked,1,PixelDog: Beach Run,http://www.kongregate.com/games/PixelCounter/pixeldog-beach-run,www.kongregate.com/games/pixelcounter/pixeldog-beach-run,17,1,0,yes,2017-08-17,2017-08-17,0,0,0,0,0,0,0,0,0,0,0,0,Run a bounded page-history CDX shard for this game.
not_checked,1,Find The Tusk,http://www.kongregate.com/games/top10newgames/find-the-tusk,www.kongregate.com/games/top10newgames/find-the-tusk,17,1,0,yes,2017-08-23,2017-08-23,0,0,0,0,0,0,0,0,0,0,0,0,Run a bounded page-history CDX shard for this game.
not_checked,1,Raging Fist,http://www.kongregate.com/games/brvasil/raging-fist,www.kongregate.com/games/brvasil/raging-fist,17,1,0,yes,2017-08-25,2017-08-25,0,0,0,0,0,0,0,0,0,0,0,0,Run a bounded page-history CDX shard for this game.
not_checked,1,Voxel Aliens,http://www.kongregate.com/games/Kovida/voxel-aliens,www.kongregate.com/games/kovida/voxel-aliens,17,1,0,yes,2017-09-04,2017-09-04,0,0,0,0,0,0,0,0,0,0,0,0,Run a bounded page-history CDX shard for this game.
not_checked,1,Copter Boat Takedown,http://www.kongregate.com/games/gamer70008000/copter-boat-takedown,www.kongregate.com/games/gamer70008000/copter-boat-takedown,17,1,0,yes,2017-09-13,2017-09-13,0,0,0,0,0,0,0,0,0,0,0,0,Run a bounded page-history CDX shard for this game.
not_checked,1,The Locker - Military Secret Place,http://www.kongregate.com/games/Enagamess/the-locker-military-secret-place,www.kongregate.com/games/enagamess/the-locker-military-secret-place,17,1,0,yes,2017-09-20,2017-09-20,0,0,0,0,0,0,0,0,0,0,0,0,Run a bounded page-history CDX shard for this game.
not_checked,1,The True Criminal - Saloon Escape,http://www.kongregate.com/games/Enagamess/the-true-criminal-saloon-escape,www.kongregate.com/games/enagamess/the-true-criminal-saloon-escape,17,1,0,yes,2017-10-08,2017-10-08,0,0,0,0,0,0,0,0,0,0,0,0,Run a bounded page-history CDX shard for this game.
not_checked,1,HEyooo,http://www.kongregate.com/games/talhaa1008/heyooo,www.kongregate.com/games/talhaa1008/heyooo,17,1,0,yes,2017-10-15,2017-10-15,0,0,0,0,0,0,0,0,0,0,0,0,Run a bounded page-history CDX shard for this game.
not_checked,1,Madness Project Nexus [Party Mod],https://www.kongregate.com/games/paulliam80/madness-project-nexus-party-mod,www.kongregate.com/games/paulliam80/madness-project-nexus-party-mod,17,31,0,yes,2018-05-07,2018-05-07,0,0,0,0,0,0,0,0,0,0,0,0,Run a bounded page-history CDX shard for this game.
not_checked,1,Zombie escape,https://www.kongregate.com/games/tntninja05/zombie-escape,www.kongregate.com/games/tntninja05/zombie-escape,17,1,0,yes,2019-08-25,2019-08-25,0,0,0,0,0,0,0,0,0,0,0,0,Run a bounded page-history CDX shard for this game.
not_checked,1,Press The Button,https://www.kongregate.com/games/truefire/press-the-button,www.kongregate.com/games/truefire/press-the-button,17,76,0,yes,2019-10-10,2019-11-07,0,0,0,0,0,0,0,0,0,0,0,0,Run a bounded page-history CDX shard for this game.
not_checked,1,Dungeon Blitz,https://www.kongregate.com/games/BlueMammoth/dungeon-blitz,www.kongregate.com/games/bluemammoth/dungeon-blitz,17,1,0,yes,2019-10-22,2019-10-22,0,0,0,0,0,0,0,0,0,0,0,0,Run a bounded page-history CDX shard for this game.
not_checked,1,ZS Dead Detective - Pumpkin Dead,https://www.kongregate.com/games/Lu_Muja/zs-dead-detective-pumpkin-dead,www.kongregate.com/games/lu_muja/zs-dead-detective-pumpkin-dead,17,1,0,yes,2020-01-02,2020-01-02,0,0,0,0,0,0,0,0,0,0,0,0,Run a bounded page-history CDX shard for this game.
not_checked,1,Maptroid,https://www.kongregate.com/games/lozzajp/maptroid,www.kongregate.com/games/lozzajp/maptroid,17,1,0,yes,2020-06-07,2020-06-07,0,0,0,0,0,0,0,0,0,0,0,0,Run a bounded page-history CDX shard for this game.
not_checked,1,Defend your Honor!,https://www.kongregate.com/en/games/ArmorGames/defend-your-honor,www.kongregate.com/games/armorgames/defend-your-honor,17,12,9,yes,2024-08-28,2025-10-12,0,0,0,0,0,0,0,0,0,0,0,0,Run a bounded page-history CDX shard for this game.
not_checked,1,NG Space Company,http://www.kongregate.com/games/ExileNG/ng-space-company,www.kongregate.com/games/exileng/ng-space-company,19,1,0,yes,2024-01-21,2024-01-21,0,0,0,0,0,0,0,0,0,0,0,0,Run a bounded page-history CDX shard for this game.
dynamic_metrics_placeholder,1,Sift Heads World Act 5 - An Exotic Job,https://www.kongregate.com/games/WebCypher/sift-heads-world-act-5-an-exotic-job,www.kongregate.com/games/webcypher/sift-heads-world-act-5-an-exotic-job,20,4,0,yes,2024-06-12,2024-08-22,2,74,0,40,28,12,26,26,26,0,0,0,Probe exact archived metrics.json endpoints; cached HTML defers counts to JavaScript-injected metrics.
not_checked,1,Reeelz,https://www.kongregate.com/en/games/gameinabottle/reeelz,www.kongregate.com/games/gameinabottle/reeelz,20,8,7,yes,2025-10-09,2025-10-09,0,0,0,0,0,0,0,0,0,0,0,0,Run a bounded page-history CDX shard for this game.
