game_name,game_url,previous_date,previous_plays,previous_source,current_date,current_plays,drop,current_source,first_seen_date,first_seen_source,reason
Woodclicker,http://www.kongregate.com/games/Exception_e/woodclicker,2026-07-04,1500000,category_top,2026-07-04,1450408,49592,live_metrics_json,,,Small exact-vs-rounded listing difference; listing pages often round modern play counts.
Feudalism II,http://www.kongregate.com/games/Vitaly/feudalism-ii,2026-07-04,4300000,category_top,2026-07-04,4251523,48477,live_metrics_json,,,Small exact-vs-rounded listing difference; listing pages often round modern play counts.
Boxhead: More Rooms,http://kongregate.com/games/SeanCooper/boxhead-more-rooms,2026-05-21,1800000,category_top,2026-06-29,1751604,48396,live_metrics_json,,,Small exact-vs-rounded listing difference; listing pages often round modern play counts.
Hands of War,http://www.kongregate.com/games/Djugan/hands-of-war,2026-07-04,3800000,category_top,2026-07-04,3752061,47939,live_metrics_json,,,Small exact-vs-rounded listing difference; listing pages often round modern play counts.
Solipskier,https://www.kongregate.com/en/games/Mikengreg/solipskier,2026-07-01,2900000,category_top,2026-07-01,2852467,47533,live_metrics_json,,,Small exact-vs-rounded listing difference; listing pages often round modern play counts.
Splitter 2,http://www.kongregate.com/games/CasualCollective/splitter-2,2026-06-26,3400000,category_top,2026-06-30,3353266,46734,live_metrics_json,,,Small exact-vs-rounded listing difference; listing pages often round modern play counts.
The Tickler,https://www.kongregate.com/en/games/xpndsprt/the-tickler,2025-04-26,1245939,metrics_json,2025-12-03,1200000,45939,category_top,,,Small exact-vs-rounded listing difference; listing pages often round modern play counts.
The Tickler,https://www.kongregate.com/en/games/xpndsprt/the-tickler,2025-04-26,1245939,metrics_json,2025-12-03,1200000,45939,category_top,2025-12-03,category_top,Listing page repeated an older already-observed play count after a higher count was observed.
Battle without End,http://www.kongregate.com/games/CritGame/battle-without-end,2026-06-21,2500000,category_top,2026-06-30,2454085,45915,live_metrics_json,,,Small exact-vs-rounded listing difference; listing pages often round modern play counts.
The Several Journeys of Reemus: Chapter 2,https://www.kongregate.com/en/games/zeebarf/the-several-journeys-of-reemus-chapter-2,2026-06-30,1645754,live_metrics_json,2026-07-01,1600000,45754,category_top,,,Small exact-vs-rounded listing difference; listing pages often round modern play counts.
The Several Journeys of Reemus: Chapter 2,https://www.kongregate.com/en/games/zeebarf/the-several-journeys-of-reemus-chapter-2,2026-06-30,1645754,live_metrics_json,2026-07-01,1600000,45754,category_top,2026-07-01,category_top,Listing page repeated an older already-observed play count after a higher count was observed.
The Several Journeys of Reemus: Chapter 2,https://www.kongregate.com/en/games/zeebarf/the-several-journeys-of-reemus-chapter-2,2026-06-30,1645754,live_metrics_json,2026-07-02,1600000,45754,category_top,2026-07-01,category_top,Listing page repeated an older already-observed play count after a higher count was observed.
The Several Journeys of Reemus: Chapter 2,https://www.kongregate.com/en/games/zeebarf/the-several-journeys-of-reemus-chapter-2,2026-06-30,1645754,live_metrics_json,2026-07-02,1600000,45754,category_top,2026-07-01,category_top,Listing page repeated an older already-observed play count after a higher count was observed.
The Several Journeys of Reemus: Chapter 2,https://www.kongregate.com/en/games/zeebarf/the-several-journeys-of-reemus-chapter-2,2026-06-30,1645754,live_metrics_json,2026-07-03,1600000,45754,category_top,2026-07-01,category_top,Listing page repeated an older already-observed play count after a higher count was observed.
The Several Journeys of Reemus: Chapter 2,https://www.kongregate.com/en/games/zeebarf/the-several-journeys-of-reemus-chapter-2,2026-06-30,1645754,live_metrics_json,2026-07-03,1600000,45754,category_top,2026-07-01,category_top,Listing page repeated an older already-observed play count after a higher count was observed.
The Several Journeys of Reemus: Chapter 2,https://www.kongregate.com/en/games/zeebarf/the-several-journeys-of-reemus-chapter-2,2026-06-30,1645754,live_metrics_json,2026-07-04,1600000,45754,category_top,2026-07-01,category_top,Listing page repeated an older already-observed play count after a higher count was observed.
The Several Journeys of Reemus: Chapter 2,https://www.kongregate.com/en/games/zeebarf/the-several-journeys-of-reemus-chapter-2,2026-06-30,1645754,live_metrics_json,2026-07-04,1600000,45754,category_top,2026-07-01,category_top,Listing page repeated an older already-observed play count after a higher count was observed.
Idle Evolution,http://www.kongregate.com/games/NewProject1/idle-evolution,2026-07-04,2700000,category_top,2026-07-04,2655849,44151,live_metrics_json,,,Small exact-vs-rounded listing difference; listing pages often round modern play counts.
Frantic,http://www.kongregate.com/games/polymerrabbit/frantic,2026-07-04,2400000,category_top,2026-07-04,2356531,43469,live_metrics_json,,,Small exact-vs-rounded listing difference; listing pages often round modern play counts.
The Tickler,https://www.kongregate.com/games/xpndsprt/the-tickler,2026-07-04,1300000,category_top,2026-07-04,1257027,42973,live_metrics_json,,,Small exact-vs-rounded listing difference; listing pages often round modern play counts.
Decision,https://www.kongregate.com/en/games/FlyAnvil/decision,2026-07-04,1600000,category_top,2026-07-04,1557113,42887,live_metrics_json,,,Small exact-vs-rounded listing difference; listing pages often round modern play counts.
Renegade Racing,https://www.kongregate.com/en/games/PaulGene/renegade-racing,2026-07-01,1742496,live_metrics_json,2026-07-02,1700000,42496,category_top,2026-07-01,category_top,Listing page repeated an older already-observed play count after a higher count was observed.
Renegade Racing,https://www.kongregate.com/en/games/PaulGene/renegade-racing,2026-07-01,1742496,live_metrics_json,2026-07-03,1700000,42496,category_top,2026-07-01,category_top,Listing page repeated an older already-observed play count after a higher count was observed.
Renegade Racing,https://www.kongregate.com/en/games/PaulGene/renegade-racing,2026-07-01,1742496,live_metrics_json,2026-07-04,1700000,42496,category_top,2026-07-01,category_top,Listing page repeated an older already-observed play count after a higher count was observed.
Dolphin Olympics 2,http://www.kongregate.com/games/arawkins/dolphin-olympics-2,2026-07-04,13100000,category_top,2026-07-04,13057617,42383,live_metrics_json,,,Small exact-vs-rounded listing difference; listing pages often round modern play counts.
Cat God vs Sun King,https://www.kongregate.com/en/games/nerdook/cat-god-vs-sun-king,2026-07-04,1200000,category_top,2026-07-04,1157792,42208,live_metrics_json,,,Small exact-vs-rounded listing difference; listing pages often round modern play counts.
Frantic,https://www.kongregate.com/en/games/polymerrabbit/frantic,2022-07-06,2342157,metrics_json,2025-11-22,2300000,42157,category_top,,,Small exact-vs-rounded listing difference; listing pages often round modern play counts.
Frantic,https://www.kongregate.com/en/games/polymerrabbit/frantic,2022-07-06,2342157,metrics_json,2025-12-10,2300000,42157,category_top,2025-11-22,category_top,Listing page repeated an older already-observed play count after a higher count was observed.
Frantic,https://www.kongregate.com/en/games/polymerrabbit/frantic,2022-07-06,2342157,metrics_json,2025-12-19,2300000,42157,category_top,2025-11-22,category_top,Listing page repeated an older already-observed play count after a higher count was observed.
Frantic,https://www.kongregate.com/en/games/polymerrabbit/frantic,2022-07-06,2342157,metrics_json,2025-12-31,2300000,42157,category_top,2025-11-22,category_top,Listing page repeated an older already-observed play count after a higher count was observed.
Frantic,https://www.kongregate.com/en/games/polymerrabbit/frantic,2022-07-06,2342157,metrics_json,2026-01-03,2300000,42157,category_top,2025-11-22,category_top,Listing page repeated an older already-observed play count after a higher count was observed.
Frantic,https://www.kongregate.com/en/games/polymerrabbit/frantic,2022-07-06,2342157,metrics_json,2026-01-08,2300000,42157,category_top,2025-11-22,category_top,Listing page repeated an older already-observed play count after a higher count was observed.
Frantic,https://www.kongregate.com/en/games/polymerrabbit/frantic,2022-07-06,2342157,metrics_json,2026-01-11,2300000,42157,category_top,2025-11-22,category_top,Listing page repeated an older already-observed play count after a higher count was observed.
Morningstar,https://www.kongregate.com/en/games/RedHerringLabs/morningstar,2026-07-01,1841958,live_metrics_json,2026-07-02,1800000,41958,category_top,2026-07-01,category_top,Listing page repeated an older already-observed play count after a higher count was observed.
Morningstar,https://www.kongregate.com/en/games/RedHerringLabs/morningstar,2026-07-01,1841958,live_metrics_json,2026-07-02,1800000,41958,category_top,2026-07-01,category_top,Listing page repeated an older already-observed play count after a higher count was observed.
Morningstar,https://www.kongregate.com/en/games/RedHerringLabs/morningstar,2026-07-01,1841958,live_metrics_json,2026-07-03,1800000,41958,category_top,2026-07-01,category_top,Listing page repeated an older already-observed play count after a higher count was observed.
Morningstar,https://www.kongregate.com/en/games/RedHerringLabs/morningstar,2026-07-01,1841958,live_metrics_json,2026-07-03,1800000,41958,category_top,2026-07-01,category_top,Listing page repeated an older already-observed play count after a higher count was observed.
Morningstar,https://www.kongregate.com/en/games/RedHerringLabs/morningstar,2026-07-01,1841958,live_metrics_json,2026-07-04,1800000,41958,category_top,2026-07-01,category_top,Listing page repeated an older already-observed play count after a higher count was observed.
Morningstar,https://www.kongregate.com/en/games/RedHerringLabs/morningstar,2026-07-01,1841958,live_metrics_json,2026-07-04,1800000,41958,category_top,2026-07-01,category_top,Listing page repeated an older already-observed play count after a higher count was observed.
Groundhog Life,https://www.kongregate.com/en/games/egosummo/groundhog-life,2026-07-04,1200000,category_top,2026-07-04,1158255,41745,live_metrics_json,,,Small exact-vs-rounded listing difference; listing pages often round modern play counts.
Cat God vs Sun King,https://www.kongregate.com/en/games/nerdook/cat-god-vs-sun-king,2020-12-18,1140614,metrics_json,2025-12-03,1100000,40614,category_top,,,Small exact-vs-rounded listing difference; listing pages often round modern play counts.
Cat God vs Sun King,https://www.kongregate.com/en/games/nerdook/cat-god-vs-sun-king,2020-12-18,1140614,metrics_json,2025-12-03,1100000,40614,category_top,2025-12-03,category_top,Listing page repeated an older already-observed play count after a higher count was observed.
YouKongregate,http://www.kongregate.com/games/locos/youkongregate,2026-07-04,1100000,category_top,2026-07-04,1059390,40610,live_metrics_json,,,Small exact-vs-rounded listing difference; listing pages often round modern play counts.
Mytheria,https://www.kongregate.com/en/games/DiffusionGames/mytheria,2026-07-01,1540474,live_metrics_json,2026-07-02,1500000,40474,category_top,2026-07-01,category_top,Listing page repeated an older already-observed play count after a higher count was observed.
Mytheria,https://www.kongregate.com/en/games/DiffusionGames/mytheria,2026-07-01,1540474,live_metrics_json,2026-07-03,1500000,40474,category_top,2026-07-01,category_top,Listing page repeated an older already-observed play count after a higher count was observed.
Mytheria,https://www.kongregate.com/en/games/DiffusionGames/mytheria,2026-07-01,1540474,live_metrics_json,2026-07-04,1500000,40474,category_top,2026-07-01,category_top,Listing page repeated an older already-observed play count after a higher count was observed.
Spectromancer: Gamer's Pack,https://www.kongregate.com/en/games/fighter106/spectromancer-gamers-pack,2026-07-01,1539483,live_metrics_json,2026-07-02,1500000,39483,category_top,2026-07-01,category_top,Listing page repeated an older already-observed play count after a higher count was observed.
Spectromancer: Gamer's Pack,https://www.kongregate.com/en/games/fighter106/spectromancer-gamers-pack,2026-07-01,1539483,live_metrics_json,2026-07-03,1500000,39483,category_top,2026-07-01,category_top,Listing page repeated an older already-observed play count after a higher count was observed.
Spectromancer: Gamer's Pack,https://www.kongregate.com/en/games/fighter106/spectromancer-gamers-pack,2026-07-01,1539483,live_metrics_json,2026-07-04,1500000,39483,category_top,2026-07-01,category_top,Listing page repeated an older already-observed play count after a higher count was observed.
Battle without End,https://www.kongregate.com/en/games/CritGame/battle-without-end,2025-01-05,2439199,metrics_json,2025-12-05,2400000,39199,category_top,,,Small exact-vs-rounded listing difference; listing pages often round modern play counts.
Battle without End,https://www.kongregate.com/en/games/CritGame/battle-without-end,2025-01-05,2439199,metrics_json,2025-12-15,2400000,39199,category_top,2025-12-05,category_top,Listing page repeated an older already-observed play count after a higher count was observed.
Battle without End,https://www.kongregate.com/en/games/CritGame/battle-without-end,2025-01-05,2439199,metrics_json,2026-01-09,2400000,39199,category_top,2025-12-05,category_top,Listing page repeated an older already-observed play count after a higher count was observed.
Battle without End,https://www.kongregate.com/en/games/CritGame/battle-without-end,2025-01-05,2439199,metrics_json,2026-01-15,2400000,39199,category_top,2025-12-05,category_top,Listing page repeated an older already-observed play count after a higher count was observed.
Battle without End,https://www.kongregate.com/en/games/CritGame/battle-without-end,2025-01-05,2439199,metrics_json,2026-01-15,2400000,39199,category_top,2025-12-05,category_top,Listing page repeated an older already-observed play count after a higher count was observed.
Long Way,https://www.kongregate.com/en/games/meetreen_games/long-way,2026-05-21,1100000,category_top,2026-06-29,1061271,38729,live_metrics_json,,,Small exact-vs-rounded listing difference; listing pages often round modern play counts.
Splitter 2,https://www.kongregate.com/en/games/CasualCollective/splitter-2,2025-04-07,3338609,metrics_json,2025-11-22,3300000,38609,category_top,,,Small exact-vs-rounded listing difference; listing pages often round modern play counts.
Splitter 2,https://www.kongregate.com/en/games/CasualCollective/splitter-2,2025-04-07,3338609,metrics_json,2025-12-20,3300000,38609,category_top,2025-11-22,category_top,Listing page repeated an older already-observed play count after a higher count was observed.
Splitter 2,https://www.kongregate.com/en/games/CasualCollective/splitter-2,2025-04-07,3338609,metrics_json,2026-01-02,3300000,38609,category_top,2025-11-22,category_top,Listing page repeated an older already-observed play count after a higher count was observed.
Splitter 2,https://www.kongregate.com/en/games/CasualCollective/splitter-2,2025-04-07,3338609,metrics_json,2026-01-08,3300000,38609,category_top,2025-11-22,category_top,Listing page repeated an older already-observed play count after a higher count was observed.
Diggy,https://www.kongregate.com/en/games/Vogd/diggy,2026-07-04,1200000,category_top,2026-07-04,1161398,38602,live_metrics_json,,,Small exact-vs-rounded listing difference; listing pages often round modern play counts.
Anti-Idle: The Game,https://www.kongregate.com/en/games/Tukkun/anti-idle-the-game,2025-09-30,16437973,metrics_json,2025-12-05,16400000,37973,category_top,,,Small exact-vs-rounded listing difference; listing pages often round modern play counts.
Anti-Idle: The Game,https://www.kongregate.com/en/games/Tukkun/anti-idle-the-game,2025-09-30,16437973,metrics_json,2025-12-15,16400000,37973,category_top,2025-12-05,category_top,Listing page repeated an older already-observed play count after a higher count was observed.
Protector IV,https://www.kongregate.com/en/games/undefined/protector-iv,2026-07-04,4600000,category_top,2026-07-04,4562933,37067,live_metrics_json,,,Small exact-vs-rounded listing difference; listing pages often round modern play counts.
Necronator,https://www.kongregate.com/en/games/TogeProductions/necronator,2026-06-29,2136344,live_metrics_json,2026-07-01,2100000,36344,category_top,2025-11-22,category_top,Listing page repeated an older already-observed play count after a higher count was observed.
Necronator,https://www.kongregate.com/en/games/TogeProductions/necronator,2026-06-29,2136344,live_metrics_json,2026-07-01,2100000,36344,category_top,2025-11-22,category_top,Listing page repeated an older already-observed play count after a higher count was observed.
Necronator,https://www.kongregate.com/en/games/TogeProductions/necronator,2026-06-29,2136344,live_metrics_json,2026-07-02,2100000,36344,category_top,2025-11-22,category_top,Listing page repeated an older already-observed play count after a higher count was observed.
Necronator,https://www.kongregate.com/en/games/TogeProductions/necronator,2026-06-29,2136344,live_metrics_json,2026-07-02,2100000,36344,category_top,2025-11-22,category_top,Listing page repeated an older already-observed play count after a higher count was observed.
Necronator,https://www.kongregate.com/en/games/TogeProductions/necronator,2026-06-29,2136344,live_metrics_json,2026-07-03,2100000,36344,category_top,2025-11-22,category_top,Listing page repeated an older already-observed play count after a higher count was observed.
Necronator,https://www.kongregate.com/en/games/TogeProductions/necronator,2026-06-29,2136344,live_metrics_json,2026-07-03,2100000,36344,category_top,2025-11-22,category_top,Listing page repeated an older already-observed play count after a higher count was observed.
Necronator,https://www.kongregate.com/en/games/TogeProductions/necronator,2026-06-29,2136344,live_metrics_json,2026-07-04,2100000,36344,category_top,2025-11-22,category_top,Listing page repeated an older already-observed play count after a higher count was observed.
Necronator,https://www.kongregate.com/en/games/TogeProductions/necronator,2026-06-29,2136344,live_metrics_json,2026-07-04,2100000,36344,category_top,2025-11-22,category_top,Listing page repeated an older already-observed play count after a higher count was observed.
Kongai,http://www.kongregate.com/games/Kongregate/kongai,2026-07-04,14300000,category_top,2026-07-04,14263882,36118,live_metrics_json,,,Small exact-vs-rounded listing difference; listing pages often round modern play counts.
Protector,http://www.kongregate.com/games/undefined/protector,2026-07-04,8000000,category_top,2026-07-04,7964092,35908,live_metrics_json,,,Small exact-vs-rounded listing difference; listing pages often round modern play counts.
Ghost Hacker,https://www.kongregate.com/en/games/CoreSector/ghost-hacker,2026-07-04,1400000,category_top,2026-07-04,1364115,35885,live_metrics_json,,,Small exact-vs-rounded listing difference; listing pages often round modern play counts.
Reactor Incremental,https://www.kongregate.com/en/games/Cael/reactor-incremental,2025-09-27,2735885,metrics_json,2025-11-22,2700000,35885,category_top,,,Small exact-vs-rounded listing difference; listing pages often round modern play counts.
Reactor Incremental,https://www.kongregate.com/en/games/Cael/reactor-incremental,2025-09-27,2735885,metrics_json,2025-12-05,2700000,35885,category_top,2025-11-22,category_top,Listing page repeated an older already-observed play count after a higher count was observed.
Idling to Rule the Gods,http://www.kongregate.com/games/Ryu82/idling-to-become-god,2026-07-04,9300000,category_top,2026-07-04,9265091,34909,live_metrics_json,,,Small exact-vs-rounded listing difference; listing pages often round modern play counts.
Castle Wars 2,https://www.kongregate.com/en/games/m0rkeulv/castle-wars-2,2026-07-01,2600000,category_top,2026-07-01,2566385,33615,live_metrics_json,,,Small exact-vs-rounded listing difference; listing pages often round modern play counts.
Synergism,https://www.kongregate.com/games/Platonic/synergism,2026-07-04,4200000,category_top,2026-07-04,4166643,33357,live_metrics_json,,,Small exact-vs-rounded listing difference; listing pages often round modern play counts.
Factory Balls 2,http://www.kongregate.com/games/bontegames/factory-balls-2,2026-07-04,2400000,category_top,2026-07-04,2366908,33092,live_metrics_json,,,Small exact-vs-rounded listing difference; listing pages often round modern play counts.
The Space Game: Missions,https://www.kongregate.com/en/games/CasualCollective/the-space-game-missions,2026-07-01,2300000,category_top,2026-07-01,2267106,32894,live_metrics_json,,,Small exact-vs-rounded listing difference; listing pages often round modern play counts.
Music Catch,http://www.kongregate.com./games/Reflexive/music-catch,2026-03-27,2600000,browse,2026-06-29,2567706,32294,live_metrics_json,,,Small exact-vs-rounded listing difference; listing pages often round modern play counts.
Ghost Hacker,http://www.kongregate.com/en/games/CoreSector/ghost-hacker,2020-12-10,1332215,metrics_json,2025-11-16,1300000,32215,category_top,,,Small exact-vs-rounded listing difference; listing pages often round modern play counts.
Ghost Hacker,https://www.kongregate.com/en/games/CoreSector/ghost-hacker,2020-12-10,1332215,metrics_json,2025-11-22,1300000,32215,category_top,2025-11-16,category_top,Listing page repeated an older already-observed play count after a higher count was observed.
Transport Defender,http://www.kongregate.com/games/IDNoise/transport-defender,2026-07-04,2000000,category_top,2026-07-04,1968970,31030,live_metrics_json,,,Small exact-vs-rounded listing difference; listing pages often round modern play counts.
Epic War 2,https://www.kongregate.com/en/games/rudy_sudarto/epic-war-2,2026-07-01,8230876,live_metrics_json,2026-07-02,8200000,30876,category_top,2025-11-22,category_top,Listing page repeated an older already-observed play count after a higher count was observed.
Epic War 2,https://www.kongregate.com/en/games/rudy_sudarto/epic-war-2,2026-07-01,8230876,live_metrics_json,2026-07-02,8200000,30876,category_top,2025-11-22,category_top,Listing page repeated an older already-observed play count after a higher count was observed.
Epic War 2,https://www.kongregate.com/en/games/rudy_sudarto/epic-war-2,2026-07-01,8230876,live_metrics_json,2026-07-03,8200000,30876,category_top,2025-11-22,category_top,Listing page repeated an older already-observed play count after a higher count was observed.
Epic War 2,https://www.kongregate.com/en/games/rudy_sudarto/epic-war-2,2026-07-01,8230876,live_metrics_json,2026-07-03,8200000,30876,category_top,2025-11-22,category_top,Listing page repeated an older already-observed play count after a higher count was observed.
Epic War 2,https://www.kongregate.com/en/games/rudy_sudarto/epic-war-2,2026-07-01,8230876,live_metrics_json,2026-07-04,8200000,30876,category_top,2025-11-22,category_top,Listing page repeated an older already-observed play count after a higher count was observed.
Epic War 2,https://www.kongregate.com/en/games/rudy_sudarto/epic-war-2,2026-07-01,8230876,live_metrics_json,2026-07-04,8200000,30876,category_top,2025-11-22,category_top,Listing page repeated an older already-observed play count after a higher count was observed.
Decision,https://www.kongregate.com/en/games/FlyAnvil/decision,2024-08-07,1530286,metrics_json,2025-11-22,1500000,30286,category_top,,,Small exact-vs-rounded listing difference; listing pages often round modern play counts.
Decision,https://www.kongregate.com/en/games/FlyAnvil/decision,2024-08-07,1530286,metrics_json,2025-11-22,1500000,30286,category_top,2025-11-22,category_top,Listing page repeated an older already-observed play count after a higher count was observed.
Decision,https://www.kongregate.com/en/games/FlyAnvil/decision,2024-08-07,1530286,metrics_json,2025-12-10,1500000,30286,category_top,2025-11-22,category_top,Listing page repeated an older already-observed play count after a higher count was observed.
Decision,https://www.kongregate.com/en/games/FlyAnvil/decision,2024-08-07,1530286,metrics_json,2025-12-19,1500000,30286,category_top,2025-11-22,category_top,Listing page repeated an older already-observed play count after a higher count was observed.
Decision,https://www.kongregate.com/en/games/FlyAnvil/decision,2024-08-07,1530286,metrics_json,2025-12-31,1500000,30286,category_top,2025-11-22,category_top,Listing page repeated an older already-observed play count after a higher count was observed.
Decision,https://www.kongregate.com/en/games/FlyAnvil/decision,2024-08-07,1530286,metrics_json,2026-01-03,1500000,30286,category_top,2025-11-22,category_top,Listing page repeated an older already-observed play count after a higher count was observed.
Decision,https://www.kongregate.com/en/games/FlyAnvil/decision,2024-08-07,1530286,metrics_json,2026-01-05,1500000,30286,category_top,2025-11-22,category_top,Listing page repeated an older already-observed play count after a higher count was observed.
Decision,https://www.kongregate.com/en/games/FlyAnvil/decision,2024-08-07,1530286,metrics_json,2026-01-08,1500000,30286,category_top,2025-11-22,category_top,Listing page repeated an older already-observed play count after a higher count was observed.
Decision,https://www.kongregate.com/en/games/FlyAnvil/decision,2024-08-07,1530286,metrics_json,2026-01-11,1500000,30286,category_top,2025-11-22,category_top,Listing page repeated an older already-observed play count after a higher count was observed.
Battle For the Galaxy,https://www.kongregate.com/en/games/amtgames/battle-for-the-galaxy,2026-07-01,1700000,category_top,2026-07-01,1669821,30179,live_metrics_json,,,Small exact-vs-rounded listing difference; listing pages often round modern play counts.
Skincraft,https://www.kongregate.com/en/games/theswain/skincraft,2026-07-01,2300000,category_top,2026-07-01,2270502,29498,live_metrics_json,,,Small exact-vs-rounded listing difference; listing pages often round modern play counts.
Swarm Simulator: Evolution,https://www.kongregate.com/en/games/ScaryBee/swarm-simulator-evolution,2026-07-04,1500000,category_top,2026-07-04,1471054,28946,live_metrics_json,,,Small exact-vs-rounded listing difference; listing pages often round modern play counts.
Idle Bouncer,http://www.kongregate.com/games/almostidle/idle-bouncer,2026-07-04,2200000,category_top,2026-07-04,2171090,28910,live_metrics_json,,,Small exact-vs-rounded listing difference; listing pages often round modern play counts.
Icy Gifts,http://www.kongregate.com/games/SilenGames/icy-gifts,2026-07-04,1600000,category_top,2026-07-04,1571155,28845,live_metrics_json,,,Small exact-vs-rounded listing difference; listing pages often round modern play counts.
Woodclicker,https://www.kongregate.com/en/games/Exception_e/woodclicker,2025-02-10,1426853,metrics_json,2025-12-05,1400000,26853,category_top,,,Small exact-vs-rounded listing difference; listing pages often round modern play counts.
Woodclicker,https://www.kongregate.com/en/games/Exception_e/woodclicker,2025-02-10,1426853,metrics_json,2025-12-15,1400000,26853,category_top,2025-12-05,category_top,Listing page repeated an older already-observed play count after a higher count was observed.
Woodclicker,https://www.kongregate.com/en/games/Exception_e/woodclicker,2025-02-10,1426853,metrics_json,2026-01-09,1400000,26853,category_top,2025-12-05,category_top,Listing page repeated an older already-observed play count after a higher count was observed.
Woodclicker,https://www.kongregate.com/en/games/Exception_e/woodclicker,2025-02-10,1426853,metrics_json,2026-01-15,1400000,26853,category_top,2025-12-05,category_top,Listing page repeated an older already-observed play count after a higher count was observed.
Woodclicker,https://www.kongregate.com/en/games/Exception_e/woodclicker,2025-02-10,1426853,metrics_json,2026-01-15,1400000,26853,category_top,2025-12-05,category_top,Listing page repeated an older already-observed play count after a higher count was observed.
Woodclicker,https://www.kongregate.com/en/games/Exception_e/woodclicker,2025-02-10,1426853,metrics_json,2026-04-04,1400000,26853,category_top,2025-12-05,category_top,Listing page repeated an older already-observed play count after a higher count was observed.
Woodclicker,https://www.kongregate.com/en/games/Exception_e/woodclicker,2025-02-10,1426853,metrics_json,2026-04-11,1400000,26853,category_top,2025-12-05,category_top,Listing page repeated an older already-observed play count after a higher count was observed.
Woodclicker,https://www.kongregate.com/en/games/Exception_e/woodclicker,2025-02-10,1426853,metrics_json,2026-04-19,1400000,26853,category_top,2025-12-05,category_top,Listing page repeated an older already-observed play count after a higher count was observed.
Woodclicker,https://www.kongregate.com/en/games/Exception_e/woodclicker,2025-02-10,1426853,metrics_json,2026-04-20,1400000,26853,category_top,2025-12-05,category_top,Listing page repeated an older already-observed play count after a higher count was observed.
Woodclicker,https://www.kongregate.com/en/games/Exception_e/woodclicker,2025-02-10,1426853,metrics_json,2026-05-03,1400000,26853,category_top,2025-12-05,category_top,Listing page repeated an older already-observed play count after a higher count was observed.
Woodclicker,https://www.kongregate.com/en/games/Exception_e/woodclicker,2025-02-10,1426853,metrics_json,2026-05-04,1400000,26853,category_top,2025-12-05,category_top,Listing page repeated an older already-observed play count after a higher count was observed.
Woodclicker,https://www.kongregate.com/en/games/Exception_e/woodclicker,2025-02-10,1426853,metrics_json,2026-05-10,1400000,26853,category_top,2025-12-05,category_top,Listing page repeated an older already-observed play count after a higher count was observed.
Woodclicker,https://www.kongregate.com/en/games/Exception_e/woodclicker,2025-02-10,1426853,metrics_json,2026-05-10,1400000,26853,category_top,2025-12-05,category_top,Listing page repeated an older already-observed play count after a higher count was observed.
Woodclicker,https://www.kongregate.com/en/games/Exception_e/woodclicker,2025-02-10,1426853,metrics_json,2026-06-03,1400000,26853,category_top,2025-12-05,category_top,Listing page repeated an older already-observed play count after a higher count was observed.
Idle Bouncer,https://www.kongregate.com/en/games/almostidle/idle-bouncer,2025-09-20,2126689,metrics_json,2025-12-05,2100000,26689,category_top,,,Small exact-vs-rounded listing difference; listing pages often round modern play counts.
Idle Bouncer,https://www.kongregate.com/en/games/almostidle/idle-bouncer,2025-09-20,2126689,metrics_json,2025-12-15,2100000,26689,category_top,2025-12-05,category_top,Listing page repeated an older already-observed play count after a higher count was observed.
Idle Bouncer,https://www.kongregate.com/en/games/almostidle/idle-bouncer,2025-09-20,2126689,metrics_json,2026-01-09,2100000,26689,category_top,2025-12-05,category_top,Listing page repeated an older already-observed play count after a higher count was observed.
Idle Bouncer,https://www.kongregate.com/en/games/almostidle/idle-bouncer,2025-09-20,2126689,metrics_json,2026-01-15,2100000,26689,category_top,2025-12-05,category_top,Listing page repeated an older already-observed play count after a higher count was observed.
Idle Bouncer,https://www.kongregate.com/en/games/almostidle/idle-bouncer,2025-09-20,2126689,metrics_json,2026-01-15,2100000,26689,category_top,2025-12-05,category_top,Listing page repeated an older already-observed play count after a higher count was observed.
Idle Wizard,https://www.kongregate.com/games/TwoWizards/idle-wizard,2026-07-04,4800000,category_top,2026-07-04,4773660,26340,live_metrics_json,,,Small exact-vs-rounded listing difference; listing pages often round modern play counts.
Cursed Treasure: Level Pack!,http://www.kongregate.com/games/IriySoft/cursed-treasure-level-pack,2026-07-04,5100000,category_top,2026-07-04,5073867,26133,live_metrics_json,,,Small exact-vs-rounded listing difference; listing pages often round modern play counts.
Crush The Castle 2,https://www.kongregate.com/en/games/ArmorGames/crush-the-castle-2,2025-10-26,3226066,metrics_json,2025-12-03,3200000,26066,category_top,,,Small exact-vs-rounded listing difference; listing pages often round modern play counts.
Crush The Castle 2,https://www.kongregate.com/en/games/ArmorGames/crush-the-castle-2,2025-10-26,3226066,metrics_json,2025-12-03,3200000,26066,category_top,2025-12-03,category_top,Listing page repeated an older already-observed play count after a higher count was observed.
Crush The Castle 2,https://www.kongregate.com/en/games/ArmorGames/crush-the-castle-2,2025-10-26,3226066,metrics_json,2026-01-09,3200000,26066,category_top,2025-12-03,category_top,Listing page repeated an older already-observed play count after a higher count was observed.
Crush The Castle 2,https://www.kongregate.com/en/games/ArmorGames/crush-the-castle-2,2025-10-26,3226066,metrics_json,2026-01-10,3200000,26066,category_top,2025-12-03,category_top,Listing page repeated an older already-observed play count after a higher count was observed.
Trimps,https://www.kongregate.com/games/GreenSatellite/trimps,2026-07-04,11600000,category_top,2026-07-04,11573937,26063,live_metrics_json,,,Small exact-vs-rounded listing difference; listing pages often round modern play counts.
Protector: Reclaiming the Throne,https://www.kongregate.com/en/games/undefined/protector-reclaiming-the-throne,2026-06-22,3500000,category_top,2026-06-29,3474372,25628,live_metrics_json,,,Small exact-vs-rounded listing difference; listing pages often round modern play counts.
Mushroom Madness 3,http://www.kongregate.com/games/SilenGames/mushroom-madness-3,2026-05-21,2000000,category_top,2026-06-30,1974519,25481,live_metrics_json,,,Small exact-vs-rounded listing difference; listing pages often round modern play counts.
Epic war,https://www.kongregate.com/en/games/rudy_sudarto/epic-war,2026-07-01,6300000,category_top,2026-07-01,6274821,25179,live_metrics_json,,,Small exact-vs-rounded listing difference; listing pages often round modern play counts.
Creeper World 3: Abraxis,https://www.kongregate.com/games/whiteboardwar/creeper-world-3-abraxis,2026-07-04,2700000,category_top,2026-07-04,2674884,25116,live_metrics_json,,,Small exact-vs-rounded listing difference; listing pages often round modern play counts.
Time Clickers,http://www.kongregate.com/games/ProtonStudio/time-clickers,2026-07-04,2200000,category_top,2026-07-04,2174932,25068,live_metrics_json,,,Small exact-vs-rounded listing difference; listing pages often round modern play counts.
Viking Clan,https://www.kongregate.com/en/games/kanoapps/viking-clan,2026-07-01,1600000,category_top,2026-07-01,1575885,24115,live_metrics_json,,,Small exact-vs-rounded listing difference; listing pages often round modern play counts.
Crush Crush,https://www.kongregate.com/games/SadPandaStudios/crush-crush,2026-07-04,8200000,category_top,2026-07-04,8175922,24078,live_metrics_json,,,Small exact-vs-rounded listing difference; listing pages often round modern play counts.
Crunchball 3000,https://www.kongregate.com/en/games/DJStatika/crunchball-3000,2026-07-01,2523812,live_metrics_json,2026-07-02,2500000,23812,category_top,2026-07-01,category_top,Listing page repeated an older already-observed play count after a higher count was observed.
Crunchball 3000,https://www.kongregate.com/en/games/DJStatika/crunchball-3000,2026-07-01,2523812,live_metrics_json,2026-07-03,2500000,23812,category_top,2026-07-01,category_top,Listing page repeated an older already-observed play count after a higher count was observed.
Crunchball 3000,https://www.kongregate.com/en/games/DJStatika/crunchball-3000,2026-07-01,2523812,live_metrics_json,2026-07-04,2500000,23812,category_top,2026-07-01,category_top,Listing page repeated an older already-observed play count after a higher count was observed.
Realm of Empires: Warlords Rising,https://www.kongregate.com/en/games/BDAEntertainment/realm-of-empires,2026-07-01,1800000,category_top,2026-07-01,1776247,23753,live_metrics_json,,,Small exact-vs-rounded listing difference; listing pages often round modern play counts.
Cardinal Quest 2,https://www.kongregate.com/en/games/randomnine/cardinal-quest-2,2026-07-04,1300000,category_top,2026-07-04,1276482,23518,live_metrics_json,,,Small exact-vs-rounded listing difference; listing pages often round modern play counts.
Super Karoshi,https://www.kongregate.com/en/games/Venbrux/super-karoshi,2024-05-25,1323168,metrics_json,2025-11-22,1300000,23168,category_top,,,Small exact-vs-rounded listing difference; listing pages often round modern play counts.
Super Karoshi,https://www.kongregate.com/en/games/Venbrux/super-karoshi,2024-05-25,1323168,metrics_json,2025-12-20,1300000,23168,category_top,2025-11-22,category_top,Listing page repeated an older already-observed play count after a higher count was observed.
Super Karoshi,https://www.kongregate.com/en/games/Venbrux/super-karoshi,2024-05-25,1323168,metrics_json,2026-01-02,1300000,23168,category_top,2025-11-22,category_top,Listing page repeated an older already-observed play count after a higher count was observed.
Super Karoshi,https://www.kongregate.com/en/games/Venbrux/super-karoshi,2024-05-25,1323168,metrics_json,2026-01-08,1300000,23168,category_top,2025-11-22,category_top,Listing page repeated an older already-observed play count after a higher count was observed.
Super Karoshi,https://www.kongregate.com/en/games/Venbrux/super-karoshi,2024-05-25,1323168,metrics_json,2026-03-29,1300000,23168,category_top,2025-11-22,category_top,Listing page repeated an older already-observed play count after a higher count was observed.
Super Karoshi,https://www.kongregate.com/en/games/Venbrux/super-karoshi,2024-05-25,1323168,metrics_json,2026-04-08,1300000,23168,category_top,2025-11-22,category_top,Listing page repeated an older already-observed play count after a higher count was observed.
Super Karoshi,https://www.kongregate.com/en/games/Venbrux/super-karoshi,2024-05-25,1323168,metrics_json,2026-04-15,1300000,23168,category_top,2025-11-22,category_top,Listing page repeated an older already-observed play count after a higher count was observed.
Super Karoshi,https://www.kongregate.com/en/games/Venbrux/super-karoshi,2024-05-25,1323168,metrics_json,2026-05-03,1300000,23168,category_top,2025-11-22,category_top,Listing page repeated an older already-observed play count after a higher count was observed.
Super Karoshi,https://www.kongregate.com/en/games/Venbrux/super-karoshi,2024-05-25,1323168,metrics_json,2026-05-21,1300000,23168,category_top,2025-11-22,category_top,Listing page repeated an older already-observed play count after a higher count was observed.
Super Karoshi,https://www.kongregate.com/en/games/Venbrux/super-karoshi,2024-05-25,1323168,metrics_json,2026-05-21,1300000,23168,category_top,2025-11-22,category_top,Listing page repeated an older already-observed play count after a higher count was observed.
Super Karoshi,https://www.kongregate.com/en/games/Venbrux/super-karoshi,2024-05-25,1323168,metrics_json,2026-06-26,1300000,23168,category_top,2025-11-22,category_top,Listing page repeated an older already-observed play count after a higher count was observed.
Super Karoshi,https://www.kongregate.com/en/games/Venbrux/super-karoshi,2024-05-25,1323168,metrics_json,2026-07-01,1300000,23168,category_top,2025-11-22,category_top,Listing page repeated an older already-observed play count after a higher count was observed.
Super Karoshi,https://www.kongregate.com/en/games/Venbrux/super-karoshi,2024-05-25,1323168,metrics_json,2026-07-02,1300000,23168,category_top,2025-11-22,category_top,Listing page repeated an older already-observed play count after a higher count was observed.
Super Karoshi,https://www.kongregate.com/en/games/Venbrux/super-karoshi,2024-05-25,1323168,metrics_json,2026-07-03,1300000,23168,category_top,2025-11-22,category_top,Listing page repeated an older already-observed play count after a higher count was observed.
Super Karoshi,https://www.kongregate.com/en/games/Venbrux/super-karoshi,2024-05-25,1323168,metrics_json,2026-07-04,1300000,23168,category_top,2025-11-22,category_top,Listing page repeated an older already-observed play count after a higher count was observed.
Mighty Party,https://www.kongregate.com/en/games/ByAliens/mighty-party,2026-07-01,7200000,category_top,2026-07-01,7177086,22914,live_metrics_json,,,Small exact-vs-rounded listing difference; listing pages often round modern play counts.
Takeover,http://www.kongregate.com/games/IriySoft/takeover,2026-06-22,1900000,category_top,2026-06-30,1877218,22782,live_metrics_json,,,Small exact-vs-rounded listing difference; listing pages often round modern play counts.
Rogue Fable III,https://www.kongregate.com/games/Justin_wang123/rogue-fable-iii,2026-07-04,3200000,category_top,2026-07-04,3177564,22436,live_metrics_json,,,Small exact-vs-rounded listing difference; listing pages often round modern play counts.
Spellstone,http://www.kongregate.com/games/synapticon/spellstone,2026-07-04,12600000,category_top,2026-07-04,12577927,22073,live_metrics_json,,,Small exact-vs-rounded listing difference; listing pages often round modern play counts.
Multitask,https://www.kongregate.com/games/IcyLime/multitask,2026-07-04,4900000,category_top,2026-07-04,4878506,21494,live_metrics_json,,,Small exact-vs-rounded listing difference; listing pages often round modern play counts.
Idle Online Universe,http://www.kongregate.com/games/iouRPG/idle-online-universe,2026-07-04,9600000,category_top,2026-07-04,9578532,21468,live_metrics_json,,,Small exact-vs-rounded listing difference; listing pages often round modern play counts.
Necronator,https://www.kongregate.com/en/games/TogeProductions/necronator,2025-07-18,2121467,metrics_json,2025-11-22,2100000,21467,category_top,,,Small exact-vs-rounded listing difference; listing pages often round modern play counts.
Necronator,https://www.kongregate.com/en/games/TogeProductions/necronator,2025-07-18,2121467,metrics_json,2026-01-05,2100000,21467,category_top,2025-11-22,category_top,Listing page repeated an older already-observed play count after a higher count was observed.
Necronator,https://www.kongregate.com/en/games/TogeProductions/necronator,2025-07-18,2121467,metrics_json,2026-03-21,2100000,21467,category_top,2025-11-22,category_top,Listing page repeated an older already-observed play count after a higher count was observed.
Necronator,https://www.kongregate.com/en/games/TogeProductions/necronator,2025-07-18,2121467,metrics_json,2026-04-19,2100000,21467,category_top,2025-11-22,category_top,Listing page repeated an older already-observed play count after a higher count was observed.
Necronator,https://www.kongregate.com/en/games/TogeProductions/necronator,2025-07-18,2121467,metrics_json,2026-04-20,2100000,21467,category_top,2025-11-22,category_top,Listing page repeated an older already-observed play count after a higher count was observed.
Necronator,https://www.kongregate.com/en/games/TogeProductions/necronator,2025-07-18,2121467,metrics_json,2026-04-20,2100000,21467,category_top,2025-11-22,category_top,Listing page repeated an older already-observed play count after a higher count was observed.
Necronator,https://www.kongregate.com/en/games/TogeProductions/necronator,2025-07-18,2121467,metrics_json,2026-05-03,2100000,21467,category_top,2025-11-22,category_top,Listing page repeated an older already-observed play count after a higher count was observed.
Necronator,https://www.kongregate.com/en/games/TogeProductions/necronator,2025-07-18,2121467,metrics_json,2026-05-10,2100000,21467,category_top,2025-11-22,category_top,Listing page repeated an older already-observed play count after a higher count was observed.
Necronator,https://www.kongregate.com/en/games/TogeProductions/necronator,2025-07-18,2121467,metrics_json,2026-05-10,2100000,21467,category_top,2025-11-22,category_top,Listing page repeated an older already-observed play count after a higher count was observed.
Necronator,https://www.kongregate.com/en/games/TogeProductions/necronator,2025-07-18,2121467,metrics_json,2026-05-21,2100000,21467,category_top,2025-11-22,category_top,Listing page repeated an older already-observed play count after a higher count was observed.
Necronator,https://www.kongregate.com/en/games/TogeProductions/necronator,2025-07-18,2121467,metrics_json,2026-06-22,2100000,21467,category_top,2025-11-22,category_top,Listing page repeated an older already-observed play count after a higher count was observed.
Robot Wants Kitty,https://www.kongregate.com/en/games/Hamumu/robot-wants-kitty,2026-07-04,1700000,category_top,2026-07-04,1679323,20677,live_metrics_json,,,Small exact-vs-rounded listing difference; listing pages often round modern play counts.
Hands of War Tower Defense,https://www.kongregate.com/en/games/Djugan/hands-of-war-tower-defense,2026-05-21,1700000,category_top,2026-06-29,1680149,19851,live_metrics_json,,,Small exact-vs-rounded listing difference; listing pages often round modern play counts.
Free Rider 2,https://www.kongregate.com/en/games/onemorelevel/free-rider-2,2026-07-01,4700000,category_top,2026-07-01,4680150,19850,live_metrics_json,,,Small exact-vs-rounded listing difference; listing pages often round modern play counts.
Reach the core,https://www.kongregate.com/games/mmx95/reach-the-core,2026-07-04,1400000,category_top,2026-07-04,1380474,19526,live_metrics_json,,,Small exact-vs-rounded listing difference; listing pages often round modern play counts.
Cosmos Quest: The Origin,https://www.kongregate.com/en/games/GaiaByte/cosmos-quest,2026-04-20,13500000,category_top,2026-04-25,13480705,19295,metrics_json,,,Small exact-vs-rounded listing difference; listing pages often round modern play counts.
Little Wheel,https://www.kongregate.com/en/games/fastgames/little-wheel,2026-06-29,3119257,live_metrics_json,2026-07-01,3100000,19257,category_top,2025-11-22,category_top,Listing page repeated an older already-observed play count after a higher count was observed.
Little Wheel,https://www.kongregate.com/en/games/fastgames/little-wheel,2026-06-29,3119257,live_metrics_json,2026-07-01,3100000,19257,category_top,2025-11-22,category_top,Listing page repeated an older already-observed play count after a higher count was observed.
Little Wheel,https://www.kongregate.com/en/games/fastgames/little-wheel,2026-06-29,3119257,live_metrics_json,2026-07-02,3100000,19257,category_top,2025-11-22,category_top,Listing page repeated an older already-observed play count after a higher count was observed.
Little Wheel,https://www.kongregate.com/en/games/fastgames/little-wheel,2026-06-29,3119257,live_metrics_json,2026-07-02,3100000,19257,category_top,2025-11-22,category_top,Listing page repeated an older already-observed play count after a higher count was observed.
Little Wheel,https://www.kongregate.com/en/games/fastgames/little-wheel,2026-06-29,3119257,live_metrics_json,2026-07-03,3100000,19257,category_top,2025-11-22,category_top,Listing page repeated an older already-observed play count after a higher count was observed.
Little Wheel,https://www.kongregate.com/en/games/fastgames/little-wheel,2026-06-29,3119257,live_metrics_json,2026-07-03,3100000,19257,category_top,2025-11-22,category_top,Listing page repeated an older already-observed play count after a higher count was observed.
Little Wheel,https://www.kongregate.com/en/games/fastgames/little-wheel,2026-06-29,3119257,live_metrics_json,2026-07-04,3100000,19257,category_top,2025-11-22,category_top,Listing page repeated an older already-observed play count after a higher count was observed.
Little Wheel,https://www.kongregate.com/en/games/fastgames/little-wheel,2026-06-29,3119257,live_metrics_json,2026-07-04,3100000,19257,category_top,2025-11-22,category_top,Listing page repeated an older already-observed play count after a higher count was observed.
Everybody Edits,https://www.kongregate.com/en/games/MegaLamb/everybody-edits,2025-10-28,6418759,metrics_json,2026-02-21,6400000,18759,browse,,,Small exact-vs-rounded listing difference; listing pages often round modern play counts.
Everybody Edits,https://www.kongregate.com/en/games/MegaLamb/everybody-edits,2025-10-28,6418759,metrics_json,2026-03-27,6400000,18759,browse,2026-02-21,browse,Listing page repeated an older already-observed play count after a higher count was observed.
Everybody Edits,https://www.kongregate.com/en/games/MegaLamb/everybody-edits,2025-10-28,6418759,metrics_json,2026-07-01,6400000,18759,category_top,2026-02-21,browse,Listing page repeated an older already-observed play count after a higher count was observed.
Everybody Edits,https://www.kongregate.com/en/games/MegaLamb/everybody-edits,2025-10-28,6418759,metrics_json,2026-07-02,6400000,18759,category_top,2026-02-21,browse,Listing page repeated an older already-observed play count after a higher count was observed.
Everybody Edits,https://www.kongregate.com/en/games/MegaLamb/everybody-edits,2025-10-28,6418759,metrics_json,2026-07-03,6400000,18759,category_top,2026-02-21,browse,Listing page repeated an older already-observed play count after a higher count was observed.
Everybody Edits,https://www.kongregate.com/en/games/MegaLamb/everybody-edits,2025-10-28,6418759,metrics_json,2026-07-04,6400000,18759,category_top,2026-02-21,browse,Listing page repeated an older already-observed play count after a higher count was observed.
Idle Skilling,https://www.kongregate.com/en/games/lavaflame2/idle-skilling,2026-06-30,2418736,live_metrics_json,2026-07-01,2400000,18736,category_top,2025-12-05,category_top,Listing page repeated an older already-observed play count after a higher count was observed.
Idle Skilling,https://www.kongregate.com/en/games/lavaflame2/idle-skilling,2026-06-30,2418736,live_metrics_json,2026-07-02,2400000,18736,category_top,2025-12-05,category_top,Listing page repeated an older already-observed play count after a higher count was observed.
Idle Skilling,https://www.kongregate.com/en/games/lavaflame2/idle-skilling,2026-06-30,2418736,live_metrics_json,2026-07-03,2400000,18736,category_top,2025-12-05,category_top,Listing page repeated an older already-observed play count after a higher count was observed.
Idle Skilling,https://www.kongregate.com/en/games/lavaflame2/idle-skilling,2026-06-30,2418736,live_metrics_json,2026-07-04,2400000,18736,category_top,2025-12-05,category_top,Listing page repeated an older already-observed play count after a higher count was observed.
Retro Bowl,https://www.kongregate.com/games/siread/retro-bowl,2026-07-04,7700000,category_top,2026-07-04,7681492,18508,live_metrics_json,,,Small exact-vs-rounded listing difference; listing pages often round modern play counts.
Boxhead: The Zombie Wars,https://www.kongregate.com/en/games/SeanCooper/boxhead-the-zombie-wars,2023-02-26,4717357,metrics_json,2025-11-22,4700000,17357,category_top,,,Small exact-vs-rounded listing difference; listing pages often round modern play counts.
Boxhead: The Zombie Wars,https://www.kongregate.com/en/games/SeanCooper/boxhead-the-zombie-wars,2023-02-26,4717357,metrics_json,2025-12-10,4700000,17357,category_top,2025-11-22,category_top,Listing page repeated an older already-observed play count after a higher count was observed.
Boxhead: The Zombie Wars,https://www.kongregate.com/en/games/SeanCooper/boxhead-the-zombie-wars,2023-02-26,4717357,metrics_json,2025-12-19,4700000,17357,category_top,2025-11-22,category_top,Listing page repeated an older already-observed play count after a higher count was observed.
Boxhead: The Zombie Wars,https://www.kongregate.com/en/games/SeanCooper/boxhead-the-zombie-wars,2023-02-26,4717357,metrics_json,2025-12-31,4700000,17357,category_top,2025-11-22,category_top,Listing page repeated an older already-observed play count after a higher count was observed.
Boxhead: The Zombie Wars,https://www.kongregate.com/en/games/SeanCooper/boxhead-the-zombie-wars,2023-02-26,4717357,metrics_json,2026-01-03,4700000,17357,category_top,2025-11-22,category_top,Listing page repeated an older already-observed play count after a higher count was observed.
Boxhead: The Zombie Wars,https://www.kongregate.com/en/games/SeanCooper/boxhead-the-zombie-wars,2023-02-26,4717357,metrics_json,2026-01-08,4700000,17357,category_top,2025-11-22,category_top,Listing page repeated an older already-observed play count after a higher count was observed.
Boxhead: The Zombie Wars,https://www.kongregate.com/en/games/SeanCooper/boxhead-the-zombie-wars,2023-02-26,4717357,metrics_json,2026-01-11,4700000,17357,category_top,2025-11-22,category_top,Listing page repeated an older already-observed play count after a higher count was observed.
Boxhead: The Zombie Wars,https://www.kongregate.com/en/games/SeanCooper/boxhead-the-zombie-wars,2023-02-26,4717357,metrics_json,2026-04-04,4700000,17357,category_top,2025-11-22,category_top,Listing page repeated an older already-observed play count after a higher count was observed.
Boxhead: The Zombie Wars,https://www.kongregate.com/en/games/SeanCooper/boxhead-the-zombie-wars,2023-02-26,4717357,metrics_json,2026-04-05,4700000,17357,category_top,2025-11-22,category_top,Listing page repeated an older already-observed play count after a higher count was observed.
Boxhead: The Zombie Wars,https://www.kongregate.com/en/games/SeanCooper/boxhead-the-zombie-wars,2023-02-26,4717357,metrics_json,2026-04-27,4700000,17357,category_top,2025-11-22,category_top,Listing page repeated an older already-observed play count after a higher count was observed.
Boxhead: The Zombie Wars,https://www.kongregate.com/en/games/SeanCooper/boxhead-the-zombie-wars,2023-02-26,4717357,metrics_json,2026-05-03,4700000,17357,category_top,2025-11-22,category_top,Listing page repeated an older already-observed play count after a higher count was observed.
Boxhead: The Zombie Wars,https://www.kongregate.com/en/games/SeanCooper/boxhead-the-zombie-wars,2023-02-26,4717357,metrics_json,2026-05-07,4700000,17357,category_top,2025-11-22,category_top,Listing page repeated an older already-observed play count after a higher count was observed.
Boxhead: The Zombie Wars,https://www.kongregate.com/en/games/SeanCooper/boxhead-the-zombie-wars,2023-02-26,4717357,metrics_json,2026-05-07,4700000,17357,category_top,2025-11-22,category_top,Listing page repeated an older already-observed play count after a higher count was observed.
Boxhead: The Zombie Wars,https://www.kongregate.com/en/games/SeanCooper/boxhead-the-zombie-wars,2023-02-26,4717357,metrics_json,2026-05-10,4700000,17357,category_top,2025-11-22,category_top,Listing page repeated an older already-observed play count after a higher count was observed.
Boxhead: The Zombie Wars,https://www.kongregate.com/en/games/SeanCooper/boxhead-the-zombie-wars,2023-02-26,4717357,metrics_json,2026-05-10,4700000,17357,category_top,2025-11-22,category_top,Listing page repeated an older already-observed play count after a higher count was observed.
Boxhead: The Zombie Wars,https://www.kongregate.com/en/games/SeanCooper/boxhead-the-zombie-wars,2023-02-26,4717357,metrics_json,2026-05-21,4700000,17357,category_top,2025-11-22,category_top,Listing page repeated an older already-observed play count after a higher count was observed.
Boxhead: The Zombie Wars,https://www.kongregate.com/en/games/SeanCooper/boxhead-the-zombie-wars,2023-02-26,4717357,metrics_json,2026-07-01,4700000,17357,category_top,2025-11-22,category_top,Listing page repeated an older already-observed play count after a higher count was observed.
Boxhead: The Zombie Wars,https://www.kongregate.com/en/games/SeanCooper/boxhead-the-zombie-wars,2023-02-26,4717357,metrics_json,2026-07-02,4700000,17357,category_top,2025-11-22,category_top,Listing page repeated an older already-observed play count after a higher count was observed.
Boxhead: The Zombie Wars,https://www.kongregate.com/en/games/SeanCooper/boxhead-the-zombie-wars,2023-02-26,4717357,metrics_json,2026-07-03,4700000,17357,category_top,2025-11-22,category_top,Listing page repeated an older already-observed play count after a higher count was observed.
Boxhead: The Zombie Wars,https://www.kongregate.com/en/games/SeanCooper/boxhead-the-zombie-wars,2023-02-26,4717357,metrics_json,2026-07-04,4700000,17357,category_top,2025-11-22,category_top,Listing page repeated an older already-observed play count after a higher count was observed.
Protector IV,http://www.kongregate.com/en/games/undefined/protector-iv,2024-01-17,4517151,metrics_json,2025-11-16,4500000,17151,category_top,,,Small exact-vs-rounded listing difference; listing pages often round modern play counts.
Protector IV,https://www.kongregate.com/en/games/undefined/protector-iv,2024-01-17,4517151,metrics_json,2025-11-22,4500000,17151,category_top,2025-11-16,category_top,Listing page repeated an older already-observed play count after a higher count was observed.
Protector IV,https://www.kongregate.com/en/games/undefined/protector-iv,2024-01-17,4517151,metrics_json,2026-01-03,4500000,17151,category_top,2025-11-16,category_top,Listing page repeated an older already-observed play count after a higher count was observed.
Protector IV,https://www.kongregate.com/en/games/undefined/protector-iv,2024-01-17,4517151,metrics_json,2026-01-05,4500000,17151,category_top,2025-11-16,category_top,Listing page repeated an older already-observed play count after a higher count was observed.
The Perfect Tower,https://www.kongregate.com/games/XmmmX99/the-perfect-tower,2026-07-04,6000000,category_top,2026-07-04,5982930,17070,live_metrics_json,,,Small exact-vs-rounded listing difference; listing pages often round modern play counts.
Idle Monster TD,https://www.kongregate.com/en/games/tbiz5270/idle-monster-td,2026-07-04,1600000,category_top,2026-07-04,1583152,16848,live_metrics_json,,,Small exact-vs-rounded listing difference; listing pages often round modern play counts.
Idleplex,http://www.kongregate.com/games/Kongregate/idleplex,2026-06-21,1800000,category_top,2026-06-30,1783444,16556,live_metrics_json,,,Small exact-vs-rounded listing difference; listing pages often round modern play counts.
Dead Land: Survival,https://www.kongregate.com/games/GeronimoApps/dead-land-survival,2026-07-04,1200000,category_top,2026-07-04,1183868,16132,live_metrics_json,,,Small exact-vs-rounded listing difference; listing pages often round modern play counts.
Frantic Frigates,https://www.kongregate.com/en/games/BerzerkStudio/frantic-frigates,2024-02-22,3216044,metrics_json,2025-11-22,3200000,16044,category_top,,,Small exact-vs-rounded listing difference; listing pages often round modern play counts.
Frantic Frigates,https://www.kongregate.com/en/games/BerzerkStudio/frantic-frigates,2024-02-22,3216044,metrics_json,2025-12-10,3200000,16044,category_top,2025-11-22,category_top,Listing page repeated an older already-observed play count after a higher count was observed.
Frantic Frigates,https://www.kongregate.com/en/games/BerzerkStudio/frantic-frigates,2024-02-22,3216044,metrics_json,2025-12-19,3200000,16044,category_top,2025-11-22,category_top,Listing page repeated an older already-observed play count after a higher count was observed.
Frantic Frigates,https://www.kongregate.com/en/games/BerzerkStudio/frantic-frigates,2024-02-22,3216044,metrics_json,2025-12-31,3200000,16044,category_top,2025-11-22,category_top,Listing page repeated an older already-observed play count after a higher count was observed.
Frantic Frigates,https://www.kongregate.com/en/games/BerzerkStudio/frantic-frigates,2024-02-22,3216044,metrics_json,2026-01-03,3200000,16044,category_top,2025-11-22,category_top,Listing page repeated an older already-observed play count after a higher count was observed.
Frantic Frigates,https://www.kongregate.com/en/games/BerzerkStudio/frantic-frigates,2024-02-22,3216044,metrics_json,2026-01-08,3200000,16044,category_top,2025-11-22,category_top,Listing page repeated an older already-observed play count after a higher count was observed.
Frantic Frigates,https://www.kongregate.com/en/games/BerzerkStudio/frantic-frigates,2024-02-22,3216044,metrics_json,2026-01-11,3200000,16044,category_top,2025-11-22,category_top,Listing page repeated an older already-observed play count after a higher count was observed.
Frantic Frigates,https://www.kongregate.com/en/games/BerzerkStudio/frantic-frigates,2024-02-22,3216044,metrics_json,2026-04-04,3200000,16044,category_top,2025-11-22,category_top,Listing page repeated an older already-observed play count after a higher count was observed.
Frantic Frigates,https://www.kongregate.com/en/games/BerzerkStudio/frantic-frigates,2024-02-22,3216044,metrics_json,2026-04-05,3200000,16044,category_top,2025-11-22,category_top,Listing page repeated an older already-observed play count after a higher count was observed.
Frantic Frigates,https://www.kongregate.com/en/games/BerzerkStudio/frantic-frigates,2024-02-22,3216044,metrics_json,2026-04-27,3200000,16044,category_top,2025-11-22,category_top,Listing page repeated an older already-observed play count after a higher count was observed.
Frantic Frigates,https://www.kongregate.com/en/games/BerzerkStudio/frantic-frigates,2024-02-22,3216044,metrics_json,2026-05-03,3200000,16044,category_top,2025-11-22,category_top,Listing page repeated an older already-observed play count after a higher count was observed.
Frantic Frigates,https://www.kongregate.com/en/games/BerzerkStudio/frantic-frigates,2024-02-22,3216044,metrics_json,2026-05-07,3200000,16044,category_top,2025-11-22,category_top,Listing page repeated an older already-observed play count after a higher count was observed.
Frantic Frigates,https://www.kongregate.com/en/games/BerzerkStudio/frantic-frigates,2024-02-22,3216044,metrics_json,2026-05-07,3200000,16044,category_top,2025-11-22,category_top,Listing page repeated an older already-observed play count after a higher count was observed.
Frantic Frigates,https://www.kongregate.com/en/games/BerzerkStudio/frantic-frigates,2024-02-22,3216044,metrics_json,2026-05-10,3200000,16044,category_top,2025-11-22,category_top,Listing page repeated an older already-observed play count after a higher count was observed.
Frantic Frigates,https://www.kongregate.com/en/games/BerzerkStudio/frantic-frigates,2024-02-22,3216044,metrics_json,2026-05-10,3200000,16044,category_top,2025-11-22,category_top,Listing page repeated an older already-observed play count after a higher count was observed.
Frantic Frigates,https://www.kongregate.com/en/games/BerzerkStudio/frantic-frigates,2024-02-22,3216044,metrics_json,2026-05-21,3200000,16044,category_top,2025-11-22,category_top,Listing page repeated an older already-observed play count after a higher count was observed.
Frantic Frigates,https://www.kongregate.com/en/games/BerzerkStudio/frantic-frigates,2024-02-22,3216044,metrics_json,2026-07-01,3200000,16044,category_top,2025-11-22,category_top,Listing page repeated an older already-observed play count after a higher count was observed.
Frantic Frigates,https://www.kongregate.com/en/games/BerzerkStudio/frantic-frigates,2024-02-22,3216044,metrics_json,2026-07-02,3200000,16044,category_top,2025-11-22,category_top,Listing page repeated an older already-observed play count after a higher count was observed.
Frantic Frigates,https://www.kongregate.com/en/games/BerzerkStudio/frantic-frigates,2024-02-22,3216044,metrics_json,2026-07-03,3200000,16044,category_top,2025-11-22,category_top,Listing page repeated an older already-observed play count after a higher count was observed.
Frantic Frigates,https://www.kongregate.com/en/games/BerzerkStudio/frantic-frigates,2024-02-22,3216044,metrics_json,2026-07-04,3200000,16044,category_top,2025-11-22,category_top,Listing page repeated an older already-observed play count after a higher count was observed.
Mighty Knight,https://www.kongregate.com/en/games/swartag/mighty-knight,2026-05-14,1200000,category_top,2026-06-29,1184161,15839,live_metrics_json,,,Small exact-vs-rounded listing difference; listing pages often round modern play counts.
Tactical Assassin,https://www.kongregate.com/en/games/simonhason/tactical-assassin,2026-06-29,1215631,live_metrics_json,2026-07-01,1200000,15631,category_top,2025-11-22,category_top,Listing page repeated an older already-observed play count after a higher count was observed.
Tactical Assassin,https://www.kongregate.com/en/games/simonhason/tactical-assassin,2026-06-29,1215631,live_metrics_json,2026-07-02,1200000,15631,category_top,2025-11-22,category_top,Listing page repeated an older already-observed play count after a higher count was observed.
Tactical Assassin,https://www.kongregate.com/en/games/simonhason/tactical-assassin,2026-06-29,1215631,live_metrics_json,2026-07-03,1200000,15631,category_top,2025-11-22,category_top,Listing page repeated an older already-observed play count after a higher count was observed.
Tactical Assassin,https://www.kongregate.com/en/games/simonhason/tactical-assassin,2026-06-29,1215631,live_metrics_json,2026-07-04,1200000,15631,category_top,2025-11-22,category_top,Listing page repeated an older already-observed play count after a higher count was observed.
ChatChat,https://www.kongregate.com/en/games/TerryCavanagh_B/chatchat,2026-07-04,2500000,category_top,2026-07-04,2484378,15622,live_metrics_json,,,Small exact-vs-rounded listing difference; listing pages often round modern play counts.
Wonderputt,https://www.kongregate.com/games/dampgnat/wonderputt,2026-07-04,3800000,category_top,2026-07-04,3784799,15201,live_metrics_json,,,Small exact-vs-rounded listing difference; listing pages often round modern play counts.
Desktop TD Pro,http://www.kongregate.com/games/CasualCollective/desktop-td-pro,2026-07-04,5100000,category_top,2026-07-04,5086050,13950,live_metrics_json,,,Small exact-vs-rounded listing difference; listing pages often round modern play counts.
Pingy the Ping Idle RPG,https://www.kongregate.com/en/games/saybox/pingy-the-ping-idle-rpg,2024-04-05,1713807,metrics_json,2025-12-05,1700000,13807,category_top,,,Small exact-vs-rounded listing difference; listing pages often round modern play counts.
Pingy the Ping Idle RPG,https://www.kongregate.com/en/games/saybox/pingy-the-ping-idle-rpg,2024-04-05,1713807,metrics_json,2025-12-15,1700000,13807,category_top,2025-12-05,category_top,Listing page repeated an older already-observed play count after a higher count was observed.
Pingy the Ping Idle RPG,https://www.kongregate.com/en/games/saybox/pingy-the-ping-idle-rpg,2024-04-05,1713807,metrics_json,2026-01-09,1700000,13807,category_top,2025-12-05,category_top,Listing page repeated an older already-observed play count after a higher count was observed.
Pingy the Ping Idle RPG,https://www.kongregate.com/en/games/saybox/pingy-the-ping-idle-rpg,2024-04-05,1713807,metrics_json,2026-01-15,1700000,13807,category_top,2025-12-05,category_top,Listing page repeated an older already-observed play count after a higher count was observed.
Pingy the Ping Idle RPG,https://www.kongregate.com/en/games/saybox/pingy-the-ping-idle-rpg,2024-04-05,1713807,metrics_json,2026-01-15,1700000,13807,category_top,2025-12-05,category_top,Listing page repeated an older already-observed play count after a higher count was observed.
Pingy the Ping Idle RPG,https://www.kongregate.com/en/games/saybox/pingy-the-ping-idle-rpg,2024-04-05,1713807,metrics_json,2026-04-04,1700000,13807,category_top,2025-12-05,category_top,Listing page repeated an older already-observed play count after a higher count was observed.
Pingy the Ping Idle RPG,https://www.kongregate.com/en/games/saybox/pingy-the-ping-idle-rpg,2024-04-05,1713807,metrics_json,2026-04-11,1700000,13807,category_top,2025-12-05,category_top,Listing page repeated an older already-observed play count after a higher count was observed.
Pingy the Ping Idle RPG,https://www.kongregate.com/en/games/saybox/pingy-the-ping-idle-rpg,2024-04-05,1713807,metrics_json,2026-04-19,1700000,13807,category_top,2025-12-05,category_top,Listing page repeated an older already-observed play count after a higher count was observed.
Pingy the Ping Idle RPG,https://www.kongregate.com/en/games/saybox/pingy-the-ping-idle-rpg,2024-04-05,1713807,metrics_json,2026-04-20,1700000,13807,category_top,2025-12-05,category_top,Listing page repeated an older already-observed play count after a higher count was observed.
Pingy the Ping Idle RPG,https://www.kongregate.com/en/games/saybox/pingy-the-ping-idle-rpg,2024-04-05,1713807,metrics_json,2026-05-03,1700000,13807,category_top,2025-12-05,category_top,Listing page repeated an older already-observed play count after a higher count was observed.
Pingy the Ping Idle RPG,https://www.kongregate.com/en/games/saybox/pingy-the-ping-idle-rpg,2024-04-05,1713807,metrics_json,2026-05-04,1700000,13807,category_top,2025-12-05,category_top,Listing page repeated an older already-observed play count after a higher count was observed.
Pingy the Ping Idle RPG,https://www.kongregate.com/en/games/saybox/pingy-the-ping-idle-rpg,2024-04-05,1713807,metrics_json,2026-05-10,1700000,13807,category_top,2025-12-05,category_top,Listing page repeated an older already-observed play count after a higher count was observed.
Pingy the Ping Idle RPG,https://www.kongregate.com/en/games/saybox/pingy-the-ping-idle-rpg,2024-04-05,1713807,metrics_json,2026-05-10,1700000,13807,category_top,2025-12-05,category_top,Listing page repeated an older already-observed play count after a higher count was observed.
Pingy the Ping Idle RPG,https://www.kongregate.com/en/games/saybox/pingy-the-ping-idle-rpg,2024-04-05,1713807,metrics_json,2026-06-03,1700000,13807,category_top,2025-12-05,category_top,Listing page repeated an older already-observed play count after a higher count was observed.
Pingy the Ping Idle RPG,https://www.kongregate.com/en/games/saybox/pingy-the-ping-idle-rpg,2024-04-05,1713807,metrics_json,2026-06-21,1700000,13807,category_top,2025-12-05,category_top,Listing page repeated an older already-observed play count after a higher count was observed.
Pingy the Ping Idle RPG,https://www.kongregate.com/en/games/saybox/pingy-the-ping-idle-rpg,2024-04-05,1713807,metrics_json,2026-07-01,1700000,13807,category_top,2025-12-05,category_top,Listing page repeated an older already-observed play count after a higher count was observed.
Pingy the Ping Idle RPG,https://www.kongregate.com/en/games/saybox/pingy-the-ping-idle-rpg,2024-04-05,1713807,metrics_json,2026-07-02,1700000,13807,category_top,2025-12-05,category_top,Listing page repeated an older already-observed play count after a higher count was observed.
Pingy the Ping Idle RPG,https://www.kongregate.com/en/games/saybox/pingy-the-ping-idle-rpg,2024-04-05,1713807,metrics_json,2026-07-03,1700000,13807,category_top,2025-12-05,category_top,Listing page repeated an older already-observed play count after a higher count was observed.
Pingy the Ping Idle RPG,https://www.kongregate.com/en/games/saybox/pingy-the-ping-idle-rpg,2024-04-05,1713807,metrics_json,2026-07-04,1700000,13807,category_top,2025-12-05,category_top,Listing page repeated an older already-observed play count after a higher count was observed.
Tentacle Wars. The Purple Menace,https://www.kongregate.com/en/games/gamezhero/tentacle-wars-the-purple-menace,2026-07-01,1500000,category_top,2026-07-01,1486900,13100,live_metrics_json,,,Small exact-vs-rounded listing difference; listing pages often round modern play counts.
GrindCraft,https://www.kongregate.com/en/games/jetspice/grindcraft,2025-10-29,2112379,metrics_json,2025-12-05,2100000,12379,category_top,,,Small exact-vs-rounded listing difference; listing pages often round modern play counts.
GrindCraft,https://www.kongregate.com/en/games/jetspice/grindcraft,2025-10-29,2112379,metrics_json,2025-12-15,2100000,12379,category_top,2025-12-05,category_top,Listing page repeated an older already-observed play count after a higher count was observed.
GrindCraft,https://www.kongregate.com/en/games/jetspice/grindcraft,2025-10-29,2112379,metrics_json,2026-01-09,2100000,12379,category_top,2025-12-05,category_top,Listing page repeated an older already-observed play count after a higher count was observed.
GrindCraft,https://www.kongregate.com/en/games/jetspice/grindcraft,2025-10-29,2112379,metrics_json,2026-01-15,2100000,12379,category_top,2025-12-05,category_top,Listing page repeated an older already-observed play count after a higher count was observed.
GrindCraft,https://www.kongregate.com/en/games/jetspice/grindcraft,2025-10-29,2112379,metrics_json,2026-01-15,2100000,12379,category_top,2025-12-05,category_top,Listing page repeated an older already-observed play count after a higher count was observed.
GrindCraft,https://www.kongregate.com/en/games/jetspice/grindcraft,2025-10-29,2112379,metrics_json,2026-04-04,2100000,12379,category_top,2025-12-05,category_top,Listing page repeated an older already-observed play count after a higher count was observed.
GrindCraft,https://www.kongregate.com/en/games/jetspice/grindcraft,2025-10-29,2112379,metrics_json,2026-04-11,2100000,12379,category_top,2025-12-05,category_top,Listing page repeated an older already-observed play count after a higher count was observed.
GrindCraft,https://www.kongregate.com/en/games/jetspice/grindcraft,2025-10-29,2112379,metrics_json,2026-04-19,2100000,12379,category_top,2025-12-05,category_top,Listing page repeated an older already-observed play count after a higher count was observed.
GrindCraft,https://www.kongregate.com/en/games/jetspice/grindcraft,2025-10-29,2112379,metrics_json,2026-04-20,2100000,12379,category_top,2025-12-05,category_top,Listing page repeated an older already-observed play count after a higher count was observed.
GrindCraft,https://www.kongregate.com/en/games/jetspice/grindcraft,2025-10-29,2112379,metrics_json,2026-05-03,2100000,12379,category_top,2025-12-05,category_top,Listing page repeated an older already-observed play count after a higher count was observed.
GrindCraft,https://www.kongregate.com/en/games/jetspice/grindcraft,2025-10-29,2112379,metrics_json,2026-05-04,2100000,12379,category_top,2025-12-05,category_top,Listing page repeated an older already-observed play count after a higher count was observed.
GrindCraft,https://www.kongregate.com/en/games/jetspice/grindcraft,2025-10-29,2112379,metrics_json,2026-05-10,2100000,12379,category_top,2025-12-05,category_top,Listing page repeated an older already-observed play count after a higher count was observed.
GrindCraft,https://www.kongregate.com/en/games/jetspice/grindcraft,2025-10-29,2112379,metrics_json,2026-05-10,2100000,12379,category_top,2025-12-05,category_top,Listing page repeated an older already-observed play count after a higher count was observed.
GrindCraft,https://www.kongregate.com/en/games/jetspice/grindcraft,2025-10-29,2112379,metrics_json,2026-06-03,2100000,12379,category_top,2025-12-05,category_top,Listing page repeated an older already-observed play count after a higher count was observed.
GrindCraft,https://www.kongregate.com/en/games/jetspice/grindcraft,2025-10-29,2112379,metrics_json,2026-06-21,2100000,12379,category_top,2025-12-05,category_top,Listing page repeated an older already-observed play count after a higher count was observed.
GrindCraft,https://www.kongregate.com/en/games/jetspice/grindcraft,2025-10-29,2112379,metrics_json,2026-07-01,2100000,12379,category_top,2025-12-05,category_top,Listing page repeated an older already-observed play count after a higher count was observed.
GrindCraft,https://www.kongregate.com/en/games/jetspice/grindcraft,2025-10-29,2112379,metrics_json,2026-07-02,2100000,12379,category_top,2025-12-05,category_top,Listing page repeated an older already-observed play count after a higher count was observed.
GrindCraft,https://www.kongregate.com/en/games/jetspice/grindcraft,2025-10-29,2112379,metrics_json,2026-07-03,2100000,12379,category_top,2025-12-05,category_top,Listing page repeated an older already-observed play count after a higher count was observed.
GrindCraft,https://www.kongregate.com/en/games/jetspice/grindcraft,2025-10-29,2112379,metrics_json,2026-07-04,2100000,12379,category_top,2025-12-05,category_top,Listing page repeated an older already-observed play count after a higher count was observed.
Dream World,https://www.kongregate.com/en/games/kingk/dream-world,2026-06-29,32512250,live_metrics_json,2026-07-01,32500000,12250,category_top,,,Small exact-vs-rounded listing difference; listing pages often round modern play counts.
Dream World,https://www.kongregate.com/en/games/kingk/dream-world,2026-06-29,32512250,live_metrics_json,2026-07-02,32500000,12250,category_top,2026-07-01,category_top,Listing page repeated an older already-observed play count after a higher count was observed.
Dream World,https://www.kongregate.com/en/games/kingk/dream-world,2026-06-29,32512250,live_metrics_json,2026-07-03,32500000,12250,category_top,2026-07-01,category_top,Listing page repeated an older already-observed play count after a higher count was observed.
Dream World,https://www.kongregate.com/en/games/kingk/dream-world,2026-06-29,32512250,live_metrics_json,2026-07-04,32500000,12250,category_top,2026-07-01,category_top,Listing page repeated an older already-observed play count after a higher count was observed.
One and One Story,http://www.kongregate.com/games/MaTX222/one-and-one-story,2026-07-04,1100000,category_top,2026-07-04,1088029,11971,live_metrics_json,,,Small exact-vs-rounded listing difference; listing pages often round modern play counts.
Kingdom Rush,http://www.kongregate.com/games/Ironhidegames/kingdom-rush,2012-03-10,3815990,category_top,2012-03-12,3804101,11889,category_top,2012-03-10,category_top,Listing page repeated an older already-observed play count after a higher count was observed.
Epic Combo!,http://www.kongregate.com/games/ArmorGames/epic-combo,2026-07-04,2600000,category_top,2026-07-04,2588711,11289,live_metrics_json,,,Small exact-vs-rounded listing difference; listing pages often round modern play counts.
Bunny Invasion 2,https://www.kongregate.com/en/games/GPStudios/bunny-invasion-2,2026-07-01,3311143,live_metrics_json,2026-07-02,3300000,11143,category_top,2026-07-01,category_top,Listing page repeated an older already-observed play count after a higher count was observed.
Bunny Invasion 2,https://www.kongregate.com/en/games/GPStudios/bunny-invasion-2,2026-07-01,3311143,live_metrics_json,2026-07-03,3300000,11143,category_top,2026-07-01,category_top,Listing page repeated an older already-observed play count after a higher count was observed.
Bunny Invasion 2,https://www.kongregate.com/en/games/GPStudios/bunny-invasion-2,2026-07-01,3311143,live_metrics_json,2026-07-04,3300000,11143,category_top,2026-07-01,category_top,Listing page repeated an older already-observed play count after a higher count was observed.
Crush The Castle 2,https://www.kongregate.com/games/ArmorGames/crush-the-castle-2,2026-07-04,3300000,category_top,2026-07-04,3289083,10917,live_metrics_json,,,Small exact-vs-rounded listing difference; listing pages often round modern play counts.
Sports Heads: Football Championship,https://www.kongregate.com/en/games/Mousebreaker/sports-heads-football-championship,2025-08-19,1510580,metrics_json,2026-07-01,1500000,10580,category_top,,,Small exact-vs-rounded listing difference; listing pages often round modern play counts.
Sports Heads: Football Championship,https://www.kongregate.com/en/games/Mousebreaker/sports-heads-football-championship,2025-08-19,1510580,metrics_json,2026-07-02,1500000,10580,category_top,2026-07-01,category_top,Listing page repeated an older already-observed play count after a higher count was observed.
Sports Heads: Football Championship,https://www.kongregate.com/en/games/Mousebreaker/sports-heads-football-championship,2025-08-19,1510580,metrics_json,2026-07-03,1500000,10580,category_top,2026-07-01,category_top,Listing page repeated an older already-observed play count after a higher count was observed.
Sports Heads: Football Championship,https://www.kongregate.com/en/games/Mousebreaker/sports-heads-football-championship,2025-08-19,1510580,metrics_json,2026-07-04,1500000,10580,category_top,2026-07-01,category_top,Listing page repeated an older already-observed play count after a higher count was observed.
Idle Monster TD,http://www.kongregate.com/en/games/tbiz5270/idle-monster-td,2025-08-11,1510276,metrics_json,2025-11-16,1500000,10276,category_top,,,Small exact-vs-rounded listing difference; listing pages often round modern play counts.
Idle Monster TD,https://www.kongregate.com/en/games/tbiz5270/idle-monster-td,2025-08-11,1510276,metrics_json,2026-01-03,1500000,10276,category_top,2025-11-16,category_top,Listing page repeated an older already-observed play count after a higher count was observed.
Defend your Honor!,https://www.kongregate.com/en/games/ArmorGames/defend-your-honor,2026-06-29,1309974,live_metrics_json,2026-07-01,1300000,9974,category_top,2025-11-16,category_top,Listing page repeated an older already-observed play count after a higher count was observed.
Defend your Honor!,https://www.kongregate.com/en/games/ArmorGames/defend-your-honor,2026-06-29,1309974,live_metrics_json,2026-07-01,1300000,9974,category_top,2025-11-16,category_top,Listing page repeated an older already-observed play count after a higher count was observed.
Defend your Honor!,https://www.kongregate.com/en/games/ArmorGames/defend-your-honor,2026-06-29,1309974,live_metrics_json,2026-07-02,1300000,9974,category_top,2025-11-16,category_top,Listing page repeated an older already-observed play count after a higher count was observed.
Defend your Honor!,https://www.kongregate.com/en/games/ArmorGames/defend-your-honor,2026-06-29,1309974,live_metrics_json,2026-07-02,1300000,9974,category_top,2025-11-16,category_top,Listing page repeated an older already-observed play count after a higher count was observed.
Defend your Honor!,https://www.kongregate.com/en/games/ArmorGames/defend-your-honor,2026-06-29,1309974,live_metrics_json,2026-07-03,1300000,9974,category_top,2025-11-16,category_top,Listing page repeated an older already-observed play count after a higher count was observed.
Defend your Honor!,https://www.kongregate.com/en/games/ArmorGames/defend-your-honor,2026-06-29,1309974,live_metrics_json,2026-07-03,1300000,9974,category_top,2025-11-16,category_top,Listing page repeated an older already-observed play count after a higher count was observed.
Defend your Honor!,https://www.kongregate.com/en/games/ArmorGames/defend-your-honor,2026-06-29,1309974,live_metrics_json,2026-07-04,1300000,9974,category_top,2025-11-16,category_top,Listing page repeated an older already-observed play count after a higher count was observed.
Defend your Honor!,https://www.kongregate.com/en/games/ArmorGames/defend-your-honor,2026-06-29,1309974,live_metrics_json,2026-07-04,1300000,9974,category_top,2025-11-16,category_top,Listing page repeated an older already-observed play count after a higher count was observed.
Bubble Tanks 2,https://www.kongregate.com/en/games/HeroInteractive/bubble-tanks-2,2024-01-17,4809846,metrics_json,2025-11-22,4800000,9846,category_top,,,Small exact-vs-rounded listing difference; listing pages often round modern play counts.
Bubble Tanks 2,https://www.kongregate.com/en/games/HeroInteractive/bubble-tanks-2,2024-01-17,4809846,metrics_json,2025-12-10,4800000,9846,category_top,2025-11-22,category_top,Listing page repeated an older already-observed play count after a higher count was observed.
Bubble Tanks 2,https://www.kongregate.com/en/games/HeroInteractive/bubble-tanks-2,2024-01-17,4809846,metrics_json,2025-12-19,4800000,9846,category_top,2025-11-22,category_top,Listing page repeated an older already-observed play count after a higher count was observed.
Bubble Tanks 2,https://www.kongregate.com/en/games/HeroInteractive/bubble-tanks-2,2024-01-17,4809846,metrics_json,2025-12-31,4800000,9846,category_top,2025-11-22,category_top,Listing page repeated an older already-observed play count after a higher count was observed.
Bubble Tanks 2,https://www.kongregate.com/en/games/HeroInteractive/bubble-tanks-2,2024-01-17,4809846,metrics_json,2026-01-03,4800000,9846,category_top,2025-11-22,category_top,Listing page repeated an older already-observed play count after a higher count was observed.
Bubble Tanks 2,https://www.kongregate.com/en/games/HeroInteractive/bubble-tanks-2,2024-01-17,4809846,metrics_json,2026-01-08,4800000,9846,category_top,2025-11-22,category_top,Listing page repeated an older already-observed play count after a higher count was observed.
Bubble Tanks 2,https://www.kongregate.com/en/games/HeroInteractive/bubble-tanks-2,2024-01-17,4809846,metrics_json,2026-01-11,4800000,9846,category_top,2025-11-22,category_top,Listing page repeated an older already-observed play count after a higher count was observed.
Bubble Tanks 2,https://www.kongregate.com/en/games/HeroInteractive/bubble-tanks-2,2024-01-17,4809846,metrics_json,2026-04-04,4800000,9846,category_top,2025-11-22,category_top,Listing page repeated an older already-observed play count after a higher count was observed.
Bubble Tanks 2,https://www.kongregate.com/en/games/HeroInteractive/bubble-tanks-2,2024-01-17,4809846,metrics_json,2026-04-05,4800000,9846,category_top,2025-11-22,category_top,Listing page repeated an older already-observed play count after a higher count was observed.
Bubble Tanks 2,https://www.kongregate.com/en/games/HeroInteractive/bubble-tanks-2,2024-01-17,4809846,metrics_json,2026-04-27,4800000,9846,category_top,2025-11-22,category_top,Listing page repeated an older already-observed play count after a higher count was observed.
Bubble Tanks 2,https://www.kongregate.com/en/games/HeroInteractive/bubble-tanks-2,2024-01-17,4809846,metrics_json,2026-05-03,4800000,9846,category_top,2025-11-22,category_top,Listing page repeated an older already-observed play count after a higher count was observed.
Bubble Tanks 2,https://www.kongregate.com/en/games/HeroInteractive/bubble-tanks-2,2024-01-17,4809846,metrics_json,2026-05-07,4800000,9846,category_top,2025-11-22,category_top,Listing page repeated an older already-observed play count after a higher count was observed.
Bubble Tanks 2,https://www.kongregate.com/en/games/HeroInteractive/bubble-tanks-2,2024-01-17,4809846,metrics_json,2026-05-07,4800000,9846,category_top,2025-11-22,category_top,Listing page repeated an older already-observed play count after a higher count was observed.
Bubble Tanks 2,https://www.kongregate.com/en/games/HeroInteractive/bubble-tanks-2,2024-01-17,4809846,metrics_json,2026-05-10,4800000,9846,category_top,2025-11-22,category_top,Listing page repeated an older already-observed play count after a higher count was observed.
Bubble Tanks 2,https://www.kongregate.com/en/games/HeroInteractive/bubble-tanks-2,2024-01-17,4809846,metrics_json,2026-05-10,4800000,9846,category_top,2025-11-22,category_top,Listing page repeated an older already-observed play count after a higher count was observed.
Bubble Tanks 2,https://www.kongregate.com/en/games/HeroInteractive/bubble-tanks-2,2024-01-17,4809846,metrics_json,2026-05-21,4800000,9846,category_top,2025-11-22,category_top,Listing page repeated an older already-observed play count after a higher count was observed.
Bubble Tanks 2,https://www.kongregate.com/en/games/HeroInteractive/bubble-tanks-2,2024-01-17,4809846,metrics_json,2026-07-01,4800000,9846,category_top,2025-11-22,category_top,Listing page repeated an older already-observed play count after a higher count was observed.
Bubble Tanks 2,https://www.kongregate.com/en/games/HeroInteractive/bubble-tanks-2,2024-01-17,4809846,metrics_json,2026-07-02,4800000,9846,category_top,2025-11-22,category_top,Listing page repeated an older already-observed play count after a higher count was observed.
Bubble Tanks 2,https://www.kongregate.com/en/games/HeroInteractive/bubble-tanks-2,2024-01-17,4809846,metrics_json,2026-07-03,4800000,9846,category_top,2025-11-22,category_top,Listing page repeated an older already-observed play count after a higher count was observed.
Bubble Tanks 2,https://www.kongregate.com/en/games/HeroInteractive/bubble-tanks-2,2024-01-17,4809846,metrics_json,2026-07-04,4800000,9846,category_top,2025-11-22,category_top,Listing page repeated an older already-observed play count after a higher count was observed.
Adventure Story,https://www.kongregate.com/en/games/kupo707/adventure-story,2023-10-18,1909760,metrics_json,2026-07-01,1900000,9760,category_top,,,Small exact-vs-rounded listing difference; listing pages often round modern play counts.
Adventure Story,https://www.kongregate.com/en/games/kupo707/adventure-story,2023-10-18,1909760,metrics_json,2026-07-01,1900000,9760,category_top,2026-07-01,category_top,Listing page repeated an older already-observed play count after a higher count was observed.
Adventure Story,https://www.kongregate.com/en/games/kupo707/adventure-story,2023-10-18,1909760,metrics_json,2026-07-02,1900000,9760,category_top,2026-07-01,category_top,Listing page repeated an older already-observed play count after a higher count was observed.
Adventure Story,https://www.kongregate.com/en/games/kupo707/adventure-story,2023-10-18,1909760,metrics_json,2026-07-02,1900000,9760,category_top,2026-07-01,category_top,Listing page repeated an older already-observed play count after a higher count was observed.
Adventure Story,https://www.kongregate.com/en/games/kupo707/adventure-story,2023-10-18,1909760,metrics_json,2026-07-03,1900000,9760,category_top,2026-07-01,category_top,Listing page repeated an older already-observed play count after a higher count was observed.
Adventure Story,https://www.kongregate.com/en/games/kupo707/adventure-story,2023-10-18,1909760,metrics_json,2026-07-03,1900000,9760,category_top,2026-07-01,category_top,Listing page repeated an older already-observed play count after a higher count was observed.
Adventure Story,https://www.kongregate.com/en/games/kupo707/adventure-story,2023-10-18,1909760,metrics_json,2026-07-04,1900000,9760,category_top,2026-07-01,category_top,Listing page repeated an older already-observed play count after a higher count was observed.
Adventure Story,https://www.kongregate.com/en/games/kupo707/adventure-story,2023-10-18,1909760,metrics_json,2026-07-04,1900000,9760,category_top,2026-07-01,category_top,Listing page repeated an older already-observed play count after a higher count was observed.
Cividlization 2,https://www.kongregate.com/en/games/to_change_later/cividlization-2,2026-07-04,1200000,category_top,2026-07-04,1190563,9437,live_metrics_json,,,Small exact-vs-rounded listing difference; listing pages often round modern play counts.
Achievement Unlocked 2,https://www.kongregate.com/en/games/ArmorGames/achievement-unlocked-2,2026-07-04,2100000,category_top,2026-07-04,2090724,9276,live_metrics_json,,,Small exact-vs-rounded listing difference; listing pages often round modern play counts.
William and Sly 2,https://www.kongregate.com/en/games/Kajenx/william-and-sly-2,2026-07-04,1100000,category_top,2026-07-04,1090957,9043,live_metrics_json,,,Small exact-vs-rounded listing difference; listing pages often round modern play counts.
GeoSketch,https://www.kongregate.com/en/games/Denial_Designs/geosketch,2026-07-01,1108863,live_metrics_json,2026-07-02,1100000,8863,category_top,2026-07-01,category_top,Listing page repeated an older already-observed play count after a higher count was observed.
GeoSketch,https://www.kongregate.com/en/games/Denial_Designs/geosketch,2026-07-01,1108863,live_metrics_json,2026-07-03,1100000,8863,category_top,2026-07-01,category_top,Listing page repeated an older already-observed play count after a higher count was observed.
GeoSketch,https://www.kongregate.com/en/games/Denial_Designs/geosketch,2026-07-01,1108863,live_metrics_json,2026-07-04,1100000,8863,category_top,2026-07-01,category_top,Listing page repeated an older already-observed play count after a higher count was observed.
Shopping Cart Hero,https://www.kongregate.com/en/games/MonkeyWantBanana/shopping-cart-hero,2026-07-01,6400000,category_top,2026-07-01,6391139,8861,live_metrics_json,,,Small exact-vs-rounded listing difference; listing pages often round modern play counts.
Hanna in a Choppa,http://www.kongregate.com/games/Deeperbeige/hanna-in-a-choppa,2026-05-14,1900000,category_top,2026-06-30,1891146,8854,live_metrics_json,,,Small exact-vs-rounded listing difference; listing pages often round modern play counts.
Anti-Idle: The Game,http://www.kongregate.com/games/Tukkun/anti-idle-the-game,2026-07-04,16500000,category_top,2026-07-04,16491474,8526,live_metrics_json,,,Small exact-vs-rounded listing difference; listing pages often round modern play counts.
Falling Sands,http://www.kongregate.com/games/ajs11893/falling-sands,2026-07-04,1600000,category_top,2026-07-04,1591533,8467,live_metrics_json,,,Small exact-vs-rounded listing difference; listing pages often round modern play counts.
Bubble Tanks 3,https://www.kongregate.com/games/HeroInteractive/bubble-tanks-3,2026-07-04,1700000,category_top,2026-07-04,1691690,8310,live_metrics_json,,,Small exact-vs-rounded listing difference; listing pages often round modern play counts.
Creeper World 3: Abraxis,http://www.kongregate.com/en/games/whiteboardwar/creeper-world-3-abraxis,2025-09-20,2608280,metrics_json,2025-11-16,2600000,8280,category_top,,,Small exact-vs-rounded listing difference; listing pages often round modern play counts.
Creeper World 3: Abraxis,https://www.kongregate.com/en/games/whiteboardwar/creeper-world-3-abraxis,2025-09-20,2608280,metrics_json,2025-11-22,2600000,8280,category_top,2025-11-16,category_top,Listing page repeated an older already-observed play count after a higher count was observed.
Creeper World 3: Abraxis,https://www.kongregate.com/en/games/whiteboardwar/creeper-world-3-abraxis,2025-09-20,2608280,metrics_json,2026-01-03,2600000,8280,category_top,2025-11-16,category_top,Listing page repeated an older already-observed play count after a higher count was observed.
Creeper World 3: Abraxis,https://www.kongregate.com/en/games/whiteboardwar/creeper-world-3-abraxis,2025-09-20,2608280,metrics_json,2026-01-05,2600000,8280,category_top,2025-11-16,category_top,Listing page repeated an older already-observed play count after a higher count was observed.
Creeper World 3: Abraxis,https://www.kongregate.com/en/games/whiteboardwar/creeper-world-3-abraxis,2025-09-20,2608280,metrics_json,2026-01-30,2600000,8280,category_top,2025-11-16,category_top,Listing page repeated an older already-observed play count after a higher count was observed.
Creeper World 3: Abraxis,https://www.kongregate.com/en/games/whiteboardwar/creeper-world-3-abraxis,2025-09-20,2608280,metrics_json,2026-02-07,2600000,8280,category_top,2025-11-16,category_top,Listing page repeated an older already-observed play count after a higher count was observed.
Bloons Tower Defense 4,http://www.kongregate.com/games/Ninjakiwi/bloons-tower-defense-4,2012-03-10,10723688,category_top,2012-03-12,10716091,7597,category_top,2012-03-10,category_top,Listing page repeated an older already-observed play count after a higher count was observed.
Castlewars,https://www.kongregate.com/en/games/m0rkeulv/castlewars,2025-03-19,6907276,metrics_json,2026-07-01,6900000,7276,category_top,,,Small exact-vs-rounded listing difference; listing pages often round modern play counts.
Castlewars,https://www.kongregate.com/en/games/m0rkeulv/castlewars,2025-03-19,6907276,metrics_json,2026-07-02,6900000,7276,category_top,2026-07-01,category_top,Listing page repeated an older already-observed play count after a higher count was observed.
Castlewars,https://www.kongregate.com/en/games/m0rkeulv/castlewars,2025-03-19,6907276,metrics_json,2026-07-03,6900000,7276,category_top,2026-07-01,category_top,Listing page repeated an older already-observed play count after a higher count was observed.
Castlewars,https://www.kongregate.com/en/games/m0rkeulv/castlewars,2025-03-19,6907276,metrics_json,2026-07-04,6900000,7276,category_top,2026-07-01,category_top,Listing page repeated an older already-observed play count after a higher count was observed.
ClueSweeper,https://www.kongregate.com/en/games/nerdook/cluesweeper,2023-11-25,1806882,metrics_json,2025-11-22,1800000,6882,category_top,,,Small exact-vs-rounded listing difference; listing pages often round modern play counts.
ClueSweeper,https://www.kongregate.com/en/games/nerdook/cluesweeper,2023-11-25,1806882,metrics_json,2025-12-20,1800000,6882,category_top,2025-11-22,category_top,Listing page repeated an older already-observed play count after a higher count was observed.
ClueSweeper,https://www.kongregate.com/en/games/nerdook/cluesweeper,2023-11-25,1806882,metrics_json,2026-01-02,1800000,6882,category_top,2025-11-22,category_top,Listing page repeated an older already-observed play count after a higher count was observed.
ClueSweeper,https://www.kongregate.com/en/games/nerdook/cluesweeper,2023-11-25,1806882,metrics_json,2026-01-08,1800000,6882,category_top,2025-11-22,category_top,Listing page repeated an older already-observed play count after a higher count was observed.
ClueSweeper,https://www.kongregate.com/en/games/nerdook/cluesweeper,2023-11-25,1806882,metrics_json,2026-03-29,1800000,6882,category_top,2025-11-22,category_top,Listing page repeated an older already-observed play count after a higher count was observed.
ClueSweeper,https://www.kongregate.com/en/games/nerdook/cluesweeper,2023-11-25,1806882,metrics_json,2026-04-08,1800000,6882,category_top,2025-11-22,category_top,Listing page repeated an older already-observed play count after a higher count was observed.
ClueSweeper,https://www.kongregate.com/en/games/nerdook/cluesweeper,2023-11-25,1806882,metrics_json,2026-04-15,1800000,6882,category_top,2025-11-22,category_top,Listing page repeated an older already-observed play count after a higher count was observed.
ClueSweeper,https://www.kongregate.com/en/games/nerdook/cluesweeper,2023-11-25,1806882,metrics_json,2026-05-03,1800000,6882,category_top,2025-11-22,category_top,Listing page repeated an older already-observed play count after a higher count was observed.
ClueSweeper,https://www.kongregate.com/en/games/nerdook/cluesweeper,2023-11-25,1806882,metrics_json,2026-05-21,1800000,6882,category_top,2025-11-22,category_top,Listing page repeated an older already-observed play count after a higher count was observed.
ClueSweeper,https://www.kongregate.com/en/games/nerdook/cluesweeper,2023-11-25,1806882,metrics_json,2026-05-21,1800000,6882,category_top,2025-11-22,category_top,Listing page repeated an older already-observed play count after a higher count was observed.
ClueSweeper,https://www.kongregate.com/en/games/nerdook/cluesweeper,2023-11-25,1806882,metrics_json,2026-06-26,1800000,6882,category_top,2025-11-22,category_top,Listing page repeated an older already-observed play count after a higher count was observed.
ClueSweeper,https://www.kongregate.com/en/games/nerdook/cluesweeper,2023-11-25,1806882,metrics_json,2026-07-01,1800000,6882,category_top,2025-11-22,category_top,Listing page repeated an older already-observed play count after a higher count was observed.
ClueSweeper,https://www.kongregate.com/en/games/nerdook/cluesweeper,2023-11-25,1806882,metrics_json,2026-07-02,1800000,6882,category_top,2025-11-22,category_top,Listing page repeated an older already-observed play count after a higher count was observed.
ClueSweeper,https://www.kongregate.com/en/games/nerdook/cluesweeper,2023-11-25,1806882,metrics_json,2026-07-03,1800000,6882,category_top,2025-11-22,category_top,Listing page repeated an older already-observed play count after a higher count was observed.
ClueSweeper,https://www.kongregate.com/en/games/nerdook/cluesweeper,2023-11-25,1806882,metrics_json,2026-07-04,1800000,6882,category_top,2025-11-22,category_top,Listing page repeated an older already-observed play count after a higher count was observed.
Monsters' Den,https://www.kongregate.com/en/games/garin/monsters-den,2026-06-29,3206833,live_metrics_json,2026-07-01,3200000,6833,category_top,,,Small exact-vs-rounded listing difference; listing pages often round modern play counts.
Monsters' Den,https://www.kongregate.com/en/games/garin/monsters-den,2026-06-29,3206833,live_metrics_json,2026-07-01,3200000,6833,category_top,2026-07-01,category_top,Listing page repeated an older already-observed play count after a higher count was observed.
Monsters' Den,https://www.kongregate.com/en/games/garin/monsters-den,2026-06-29,3206833,live_metrics_json,2026-07-02,3200000,6833,category_top,2026-07-01,category_top,Listing page repeated an older already-observed play count after a higher count was observed.
Monsters' Den,https://www.kongregate.com/en/games/garin/monsters-den,2026-06-29,3206833,live_metrics_json,2026-07-02,3200000,6833,category_top,2026-07-01,category_top,Listing page repeated an older already-observed play count after a higher count was observed.
Monsters' Den,https://www.kongregate.com/en/games/garin/monsters-den,2026-06-29,3206833,live_metrics_json,2026-07-03,3200000,6833,category_top,2026-07-01,category_top,Listing page repeated an older already-observed play count after a higher count was observed.
Monsters' Den,https://www.kongregate.com/en/games/garin/monsters-den,2026-06-29,3206833,live_metrics_json,2026-07-03,3200000,6833,category_top,2026-07-01,category_top,Listing page repeated an older already-observed play count after a higher count was observed.
Monsters' Den,https://www.kongregate.com/en/games/garin/monsters-den,2026-06-29,3206833,live_metrics_json,2026-07-04,3200000,6833,category_top,2026-07-01,category_top,Listing page repeated an older already-observed play count after a higher count was observed.
Monsters' Den,https://www.kongregate.com/en/games/garin/monsters-den,2026-06-29,3206833,live_metrics_json,2026-07-04,3200000,6833,category_top,2026-07-01,category_top,Listing page repeated an older already-observed play count after a higher count was observed.
Rise of Champions,https://www.kongregate.com/en/games/FrozenTorch/rise-of-champions,2026-06-22,2400000,category_top,2026-06-29,2393494,6506,live_metrics_json,,,Small exact-vs-rounded listing difference; listing pages often round modern play counts.
Little Wheel,https://www.kongregate.com/en/games/fastgames/little-wheel,2023-09-16,3106022,metrics_json,2025-11-22,3100000,6022,category_top,,,Small exact-vs-rounded listing difference; listing pages often round modern play counts.
Little Wheel,https://www.kongregate.com/en/games/fastgames/little-wheel,2023-09-16,3106022,metrics_json,2025-12-20,3100000,6022,category_top,2025-11-22,category_top,Listing page repeated an older already-observed play count after a higher count was observed.
Little Wheel,https://www.kongregate.com/en/games/fastgames/little-wheel,2023-09-16,3106022,metrics_json,2026-01-02,3100000,6022,category_top,2025-11-22,category_top,Listing page repeated an older already-observed play count after a higher count was observed.
Little Wheel,https://www.kongregate.com/en/games/fastgames/little-wheel,2023-09-16,3106022,metrics_json,2026-01-08,3100000,6022,category_top,2025-11-22,category_top,Listing page repeated an older already-observed play count after a higher count was observed.
Little Wheel,https://www.kongregate.com/en/games/fastgames/little-wheel,2023-09-16,3106022,metrics_json,2026-03-29,3100000,6022,category_top,2025-11-22,category_top,Listing page repeated an older already-observed play count after a higher count was observed.
Little Wheel,https://www.kongregate.com/en/games/fastgames/little-wheel,2023-09-16,3106022,metrics_json,2026-04-08,3100000,6022,category_top,2025-11-22,category_top,Listing page repeated an older already-observed play count after a higher count was observed.
Little Wheel,https://www.kongregate.com/en/games/fastgames/little-wheel,2023-09-16,3106022,metrics_json,2026-04-15,3100000,6022,category_top,2025-11-22,category_top,Listing page repeated an older already-observed play count after a higher count was observed.
Little Wheel,https://www.kongregate.com/en/games/fastgames/little-wheel,2023-09-16,3106022,metrics_json,2026-05-03,3100000,6022,category_top,2025-11-22,category_top,Listing page repeated an older already-observed play count after a higher count was observed.
Little Wheel,https://www.kongregate.com/en/games/fastgames/little-wheel,2023-09-16,3106022,metrics_json,2026-05-21,3100000,6022,category_top,2025-11-22,category_top,Listing page repeated an older already-observed play count after a higher count was observed.
Little Wheel,https://www.kongregate.com/en/games/fastgames/little-wheel,2023-09-16,3106022,metrics_json,2026-05-21,3100000,6022,category_top,2025-11-22,category_top,Listing page repeated an older already-observed play count after a higher count was observed.
Little Wheel,https://www.kongregate.com/en/games/fastgames/little-wheel,2023-09-16,3106022,metrics_json,2026-06-26,3100000,6022,category_top,2025-11-22,category_top,Listing page repeated an older already-observed play count after a higher count was observed.
Mob Wars: La Cosa Nostra,https://www.kongregate.com/games/kanoapps/mob-wars-la-cosa-nostra,2026-07-04,8800000,category_top,2026-07-04,8793986,6014,live_metrics_json,,,Small exact-vs-rounded listing difference; listing pages often round modern play counts.
Idle Raiders: Second Run,http://www.kongregate.com/games/pitforest/idle-raiders-second-run,2026-07-04,1300000,category_top,2026-07-04,1294170,5830,live_metrics_json,,,Small exact-vs-rounded listing difference; listing pages often round modern play counts.
Gravitee Wars Online,http://www.kongregate.com/games/FunkyPear/gravitee-wars-online,2026-07-04,2200000,category_top,2026-07-04,2195247,4753,live_metrics_json,,,Small exact-vs-rounded listing difference; listing pages often round modern play counts.
Reactor Incremental,https://www.kongregate.com/en/games/Cael/reactor-incremental,2026-07-04,2800000,category_top,2026-07-04,2795396,4604,live_metrics_json,,,Small exact-vs-rounded listing difference; listing pages often round modern play counts.
The King's League: Odyssey,http://www.kongregate.com/games/kurechii/the-kings-league-odyssey,2026-07-04,5200000,category_top,2026-07-04,5195497,4503,live_metrics_json,,,Small exact-vs-rounded listing difference; listing pages often round modern play counts.
"Gragyriss, Captor of Princesses",https://www.kongregate.com/games/snowroadgames/gragyriss-captor-of-princesses,2026-07-04,1100000,category_top,2026-07-04,1095531,4469,live_metrics_json,,,Small exact-vs-rounded listing difference; listing pages often round modern play counts.
Groundhog Life,https://www.kongregate.com/en/games/egosummo/groundhog-life,2025-06-05,1104414,metrics_json,2025-11-22,1100000,4414,category_top,,,Small exact-vs-rounded listing difference; listing pages often round modern play counts.
Groundhog Life,https://www.kongregate.com/en/games/egosummo/groundhog-life,2025-06-05,1104414,metrics_json,2025-12-05,1100000,4414,category_top,2025-11-22,category_top,Listing page repeated an older already-observed play count after a higher count was observed.
Groundhog Life,https://www.kongregate.com/en/games/egosummo/groundhog-life,2025-06-05,1104414,metrics_json,2025-12-15,1100000,4414,category_top,2025-11-22,category_top,Listing page repeated an older already-observed play count after a higher count was observed.
Groundhog Life,https://www.kongregate.com/en/games/egosummo/groundhog-life,2025-06-05,1104414,metrics_json,2026-01-05,1100000,4414,category_top,2025-11-22,category_top,Listing page repeated an older already-observed play count after a higher count was observed.
Groundhog Life,https://www.kongregate.com/en/games/egosummo/groundhog-life,2025-06-05,1104414,metrics_json,2026-01-09,1100000,4414,category_top,2025-11-22,category_top,Listing page repeated an older already-observed play count after a higher count was observed.
Groundhog Life,https://www.kongregate.com/en/games/egosummo/groundhog-life,2025-06-05,1104414,metrics_json,2026-01-15,1100000,4414,category_top,2025-11-22,category_top,Listing page repeated an older already-observed play count after a higher count was observed.
Groundhog Life,https://www.kongregate.com/en/games/egosummo/groundhog-life,2025-06-05,1104414,metrics_json,2026-01-15,1100000,4414,category_top,2025-11-22,category_top,Listing page repeated an older already-observed play count after a higher count was observed.
Groundhog Life,https://www.kongregate.com/en/games/egosummo/groundhog-life,2025-06-05,1104414,metrics_json,2026-03-21,1100000,4414,category_top,2025-11-22,category_top,Listing page repeated an older already-observed play count after a higher count was observed.
Storm Wars,https://www.kongregate.com/en/games/Monumental/storm-wars,2026-07-01,2204232,live_metrics_json,2026-07-02,2200000,4232,category_top,2026-07-01,category_top,Listing page repeated an older already-observed play count after a higher count was observed.
Storm Wars,https://www.kongregate.com/en/games/Monumental/storm-wars,2026-07-01,2204232,live_metrics_json,2026-07-03,2200000,4232,category_top,2026-07-01,category_top,Listing page repeated an older already-observed play count after a higher count was observed.
Storm Wars,https://www.kongregate.com/en/games/Monumental/storm-wars,2026-07-01,2204232,live_metrics_json,2026-07-04,2200000,4232,category_top,2026-07-01,category_top,Listing page repeated an older already-observed play count after a higher count was observed.
Animation Throwdown,http://www.kongregate.com/games/Throwdown/animation-throwdown,2026-07-04,18000000,category_top,2026-07-04,17995951,4049,live_metrics_json,,,Small exact-vs-rounded listing difference; listing pages often round modern play counts.
Sports Heads: Football,https://www.kongregate.com/en/games/Mousebreaker/sports-heads-football,2026-07-01,1303602,live_metrics_json,2026-07-02,1300000,3602,category_top,2026-07-01,category_top,Listing page repeated an older already-observed play count after a higher count was observed.
Sports Heads: Football,https://www.kongregate.com/en/games/Mousebreaker/sports-heads-football,2026-07-01,1303602,live_metrics_json,2026-07-03,1300000,3602,category_top,2026-07-01,category_top,Listing page repeated an older already-observed play count after a higher count was observed.
Sports Heads: Football,https://www.kongregate.com/en/games/Mousebreaker/sports-heads-football,2026-07-01,1303602,live_metrics_json,2026-07-04,1300000,3602,category_top,2026-07-01,category_top,Listing page repeated an older already-observed play count after a higher count was observed.
Cursed Treasure: Don't...,http://www.kongregate.com/games/IriySoft/cursed-treasure-dont-touch-my-gems,2012-03-10,12361855,category_top,2012-03-12,12358297,3558,category_top,2012-03-10,category_top,Listing page repeated an older already-observed play count after a higher count was observed.
Defender's Quest (lengthy!) Demo,http://www.kongregate.com/en/games/LevelUpLabs/defenders-quest-prelude,2021-07-26,1103469,metrics_json,2025-11-16,1100000,3469,category_top,,,Small exact-vs-rounded listing difference; listing pages often round modern play counts.
Defender's Quest (lengthy!) Demo,https://www.kongregate.com/en/games/LevelUpLabs/defenders-quest-prelude,2021-07-26,1103469,metrics_json,2025-11-22,1100000,3469,category_top,2025-11-16,category_top,Listing page repeated an older already-observed play count after a higher count was observed.
Defender's Quest (lengthy!) Demo,https://www.kongregate.com/en/games/LevelUpLabs/defenders-quest-prelude,2021-07-26,1103469,metrics_json,2026-01-03,1100000,3469,category_top,2025-11-16,category_top,Listing page repeated an older already-observed play count after a higher count was observed.
Defender's Quest (lengthy!) Demo,https://www.kongregate.com/en/games/LevelUpLabs/defenders-quest-prelude,2021-07-26,1103469,metrics_json,2026-01-05,1100000,3469,category_top,2025-11-16,category_top,Listing page repeated an older already-observed play count after a higher count was observed.
Defender's Quest (lengthy!) Demo,https://www.kongregate.com/en/games/LevelUpLabs/defenders-quest-prelude,2021-07-26,1103469,metrics_json,2026-01-30,1100000,3469,category_top,2025-11-16,category_top,Listing page repeated an older already-observed play count after a higher count was observed.
Defender's Quest (lengthy!) Demo,https://www.kongregate.com/en/games/LevelUpLabs/defenders-quest-prelude,2021-07-26,1103469,metrics_json,2026-02-07,1100000,3469,category_top,2025-11-16,category_top,Listing page repeated an older already-observed play count after a higher count was observed.
Defender's Quest (lengthy!) Demo,https://www.kongregate.com/en/games/LevelUpLabs/defenders-quest-prelude,2021-07-26,1103469,metrics_json,2026-03-21,1100000,3469,category_top,2025-11-16,category_top,Listing page repeated an older already-observed play count after a higher count was observed.
Defender's Quest (lengthy!) Demo,https://www.kongregate.com/en/games/LevelUpLabs/defenders-quest-prelude,2021-07-26,1103469,metrics_json,2026-04-13,1100000,3469,category_top,2025-11-16,category_top,Listing page repeated an older already-observed play count after a higher count was observed.
Defender's Quest (lengthy!) Demo,https://www.kongregate.com/en/games/LevelUpLabs/defenders-quest-prelude,2021-07-26,1103469,metrics_json,2026-04-19,1100000,3469,category_top,2025-11-16,category_top,Listing page repeated an older already-observed play count after a higher count was observed.
Defender's Quest (lengthy!) Demo,https://www.kongregate.com/en/games/LevelUpLabs/defenders-quest-prelude,2021-07-26,1103469,metrics_json,2026-04-20,1100000,3469,category_top,2025-11-16,category_top,Listing page repeated an older already-observed play count after a higher count was observed.
Defender's Quest (lengthy!) Demo,https://www.kongregate.com/en/games/LevelUpLabs/defenders-quest-prelude,2021-07-26,1103469,metrics_json,2026-04-20,1100000,3469,category_top,2025-11-16,category_top,Listing page repeated an older already-observed play count after a higher count was observed.
Defender's Quest (lengthy!) Demo,https://www.kongregate.com/en/games/LevelUpLabs/defenders-quest-prelude,2021-07-26,1103469,metrics_json,2026-05-03,1100000,3469,category_top,2025-11-16,category_top,Listing page repeated an older already-observed play count after a higher count was observed.
Defender's Quest (lengthy!) Demo,https://www.kongregate.com/en/games/LevelUpLabs/defenders-quest-prelude,2021-07-26,1103469,metrics_json,2026-05-10,1100000,3469,category_top,2025-11-16,category_top,Listing page repeated an older already-observed play count after a higher count was observed.
Defender's Quest (lengthy!) Demo,https://www.kongregate.com/en/games/LevelUpLabs/defenders-quest-prelude,2021-07-26,1103469,metrics_json,2026-05-10,1100000,3469,category_top,2025-11-16,category_top,Listing page repeated an older already-observed play count after a higher count was observed.
Defender's Quest (lengthy!) Demo,https://www.kongregate.com/en/games/LevelUpLabs/defenders-quest-prelude,2021-07-26,1103469,metrics_json,2026-05-21,1100000,3469,category_top,2025-11-16,category_top,Listing page repeated an older already-observed play count after a higher count was observed.
Defender's Quest (lengthy!) Demo,https://www.kongregate.com/en/games/LevelUpLabs/defenders-quest-prelude,2021-07-26,1103469,metrics_json,2026-05-21,1100000,3469,category_top,2025-11-16,category_top,Listing page repeated an older already-observed play count after a higher count was observed.
Defender's Quest (lengthy!) Demo,https://www.kongregate.com/en/games/LevelUpLabs/defenders-quest-prelude,2021-07-26,1103469,metrics_json,2026-05-21,1100000,3469,category_top,2025-11-16,category_top,Listing page repeated an older already-observed play count after a higher count was observed.
Defender's Quest (lengthy!) Demo,https://www.kongregate.com/en/games/LevelUpLabs/defenders-quest-prelude,2021-07-26,1103469,metrics_json,2026-06-22,1100000,3469,category_top,2025-11-16,category_top,Listing page repeated an older already-observed play count after a higher count was observed.
Defender's Quest (lengthy!) Demo,https://www.kongregate.com/en/games/LevelUpLabs/defenders-quest-prelude,2021-07-26,1103469,metrics_json,2026-07-01,1100000,3469,category_top,2025-11-16,category_top,Listing page repeated an older already-observed play count after a higher count was observed.
Defender's Quest (lengthy!) Demo,https://www.kongregate.com/en/games/LevelUpLabs/defenders-quest-prelude,2021-07-26,1103469,metrics_json,2026-07-01,1100000,3469,category_top,2025-11-16,category_top,Listing page repeated an older already-observed play count after a higher count was observed.
Defender's Quest (lengthy!) Demo,https://www.kongregate.com/en/games/LevelUpLabs/defenders-quest-prelude,2021-07-26,1103469,metrics_json,2026-07-01,1100000,3469,category_top,2025-11-16,category_top,Listing page repeated an older already-observed play count after a higher count was observed.
Defender's Quest (lengthy!) Demo,https://www.kongregate.com/en/games/LevelUpLabs/defenders-quest-prelude,2021-07-26,1103469,metrics_json,2026-07-02,1100000,3469,category_top,2025-11-16,category_top,Listing page repeated an older already-observed play count after a higher count was observed.
Defender's Quest (lengthy!) Demo,https://www.kongregate.com/en/games/LevelUpLabs/defenders-quest-prelude,2021-07-26,1103469,metrics_json,2026-07-02,1100000,3469,category_top,2025-11-16,category_top,Listing page repeated an older already-observed play count after a higher count was observed.
Defender's Quest (lengthy!) Demo,https://www.kongregate.com/en/games/LevelUpLabs/defenders-quest-prelude,2021-07-26,1103469,metrics_json,2026-07-02,1100000,3469,category_top,2025-11-16,category_top,Listing page repeated an older already-observed play count after a higher count was observed.
Defender's Quest (lengthy!) Demo,https://www.kongregate.com/en/games/LevelUpLabs/defenders-quest-prelude,2021-07-26,1103469,metrics_json,2026-07-03,1100000,3469,category_top,2025-11-16,category_top,Listing page repeated an older already-observed play count after a higher count was observed.
Defender's Quest (lengthy!) Demo,https://www.kongregate.com/en/games/LevelUpLabs/defenders-quest-prelude,2021-07-26,1103469,metrics_json,2026-07-03,1100000,3469,category_top,2025-11-16,category_top,Listing page repeated an older already-observed play count after a higher count was observed.
Defender's Quest (lengthy!) Demo,https://www.kongregate.com/en/games/LevelUpLabs/defenders-quest-prelude,2021-07-26,1103469,metrics_json,2026-07-03,1100000,3469,category_top,2025-11-16,category_top,Listing page repeated an older already-observed play count after a higher count was observed.
Defender's Quest (lengthy!) Demo,https://www.kongregate.com/en/games/LevelUpLabs/defenders-quest-prelude,2021-07-26,1103469,metrics_json,2026-07-04,1100000,3469,category_top,2025-11-16,category_top,Listing page repeated an older already-observed play count after a higher count was observed.
Defender's Quest (lengthy!) Demo,https://www.kongregate.com/en/games/LevelUpLabs/defenders-quest-prelude,2021-07-26,1103469,metrics_json,2026-07-04,1100000,3469,category_top,2025-11-16,category_top,Listing page repeated an older already-observed play count after a higher count was observed.
Defender's Quest (lengthy!) Demo,https://www.kongregate.com/en/games/LevelUpLabs/defenders-quest-prelude,2021-07-26,1103469,metrics_json,2026-07-04,1100000,3469,category_top,2025-11-16,category_top,Listing page repeated an older already-observed play count after a higher count was observed.
Hunters and Props,https://www.kongregate.com/en/games/Dimofan/hunters-and-props,2021-07-26,3003353,metrics_json,2026-02-21,3000000,3353,browse,,,Small exact-vs-rounded listing difference; listing pages often round modern play counts.
Hunters and Props,https://www.kongregate.com/en/games/Dimofan/hunters-and-props,2021-07-26,3003353,metrics_json,2026-03-27,3000000,3353,browse,2026-02-21,browse,Listing page repeated an older already-observed play count after a higher count was observed.
Hunters and Props,https://www.kongregate.com/en/games/Dimofan/hunters-and-props,2021-07-26,3003353,metrics_json,2026-07-01,3000000,3353,category_top,2026-02-21,browse,Listing page repeated an older already-observed play count after a higher count was observed.
Hunters and Props,https://www.kongregate.com/en/games/Dimofan/hunters-and-props,2021-07-26,3003353,metrics_json,2026-07-02,3000000,3353,category_top,2026-02-21,browse,Listing page repeated an older already-observed play count after a higher count was observed.
Hunters and Props,https://www.kongregate.com/en/games/Dimofan/hunters-and-props,2021-07-26,3003353,metrics_json,2026-07-03,3000000,3353,category_top,2026-02-21,browse,Listing page repeated an older already-observed play count after a higher count was observed.
Hunters and Props,https://www.kongregate.com/en/games/Dimofan/hunters-and-props,2021-07-26,3003353,metrics_json,2026-07-04,3000000,3353,category_top,2026-02-21,browse,Listing page repeated an older already-observed play count after a higher count was observed.
Feudalism II,https://www.kongregate.com/en/games/Vitaly/feudalism-ii,2025-07-01,4202801,metrics_json,2025-11-22,4200000,2801,category_top,,,Small exact-vs-rounded listing difference; listing pages often round modern play counts.
Feudalism II,https://www.kongregate.com/en/games/Vitaly/feudalism-ii,2025-07-01,4202801,metrics_json,2026-01-05,4200000,2801,category_top,2025-11-22,category_top,Listing page repeated an older already-observed play count after a higher count was observed.
Feudalism II,https://www.kongregate.com/en/games/Vitaly/feudalism-ii,2025-07-01,4202801,metrics_json,2026-03-21,4200000,2801,category_top,2025-11-22,category_top,Listing page repeated an older already-observed play count after a higher count was observed.
Feudalism II,https://www.kongregate.com/en/games/Vitaly/feudalism-ii,2025-07-01,4202801,metrics_json,2026-04-19,4200000,2801,category_top,2025-11-22,category_top,Listing page repeated an older already-observed play count after a higher count was observed.
Feudalism II,https://www.kongregate.com/en/games/Vitaly/feudalism-ii,2025-07-01,4202801,metrics_json,2026-04-20,4200000,2801,category_top,2025-11-22,category_top,Listing page repeated an older already-observed play count after a higher count was observed.
Feudalism II,https://www.kongregate.com/en/games/Vitaly/feudalism-ii,2025-07-01,4202801,metrics_json,2026-04-20,4200000,2801,category_top,2025-11-22,category_top,Listing page repeated an older already-observed play count after a higher count was observed.
Feudalism II,https://www.kongregate.com/en/games/Vitaly/feudalism-ii,2025-07-01,4202801,metrics_json,2026-05-03,4200000,2801,category_top,2025-11-22,category_top,Listing page repeated an older already-observed play count after a higher count was observed.
Feudalism II,https://www.kongregate.com/en/games/Vitaly/feudalism-ii,2025-07-01,4202801,metrics_json,2026-05-10,4200000,2801,category_top,2025-11-22,category_top,Listing page repeated an older already-observed play count after a higher count was observed.
Feudalism II,https://www.kongregate.com/en/games/Vitaly/feudalism-ii,2025-07-01,4202801,metrics_json,2026-05-10,4200000,2801,category_top,2025-11-22,category_top,Listing page repeated an older already-observed play count after a higher count was observed.
Feudalism II,https://www.kongregate.com/en/games/Vitaly/feudalism-ii,2025-07-01,4202801,metrics_json,2026-05-21,4200000,2801,category_top,2025-11-22,category_top,Listing page repeated an older already-observed play count after a higher count was observed.
Cursed Treasure: Level...,http://www.kongregate.com/games/IriySoft/cursed-treasure-level-pack,2012-03-10,2665737,category_top,2012-03-12,2664342,1395,category_top,2012-03-10,category_top,Listing page repeated an older already-observed play count after a higher count was observed.
GemCraft,http://www.kongregate.com/games/gameinabottle/gemcraft,2012-03-10,7919277,category_top,2012-03-12,7918537,740,category_top,2012-03-10,category_top,Listing page repeated an older already-observed play count after a higher count was observed.
Endless Zombie Rampage 2,https://www.kongregate.com/en/games/Weasel/endless-zombie-rampage-2,2025-04-26,2500718,metrics_json,2025-11-22,2500000,718,category_top,,,Small exact-vs-rounded listing difference; listing pages often round modern play counts.
Endless Zombie Rampage 2,https://www.kongregate.com/en/games/Weasel/endless-zombie-rampage-2,2025-04-26,2500718,metrics_json,2025-12-10,2500000,718,category_top,2025-11-22,category_top,Listing page repeated an older already-observed play count after a higher count was observed.
Endless Zombie Rampage 2,https://www.kongregate.com/en/games/Weasel/endless-zombie-rampage-2,2025-04-26,2500718,metrics_json,2025-12-19,2500000,718,category_top,2025-11-22,category_top,Listing page repeated an older already-observed play count after a higher count was observed.
Endless Zombie Rampage 2,https://www.kongregate.com/en/games/Weasel/endless-zombie-rampage-2,2025-04-26,2500718,metrics_json,2025-12-31,2500000,718,category_top,2025-11-22,category_top,Listing page repeated an older already-observed play count after a higher count was observed.
Endless Zombie Rampage 2,https://www.kongregate.com/en/games/Weasel/endless-zombie-rampage-2,2025-04-26,2500718,metrics_json,2026-01-03,2500000,718,category_top,2025-11-22,category_top,Listing page repeated an older already-observed play count after a higher count was observed.
Endless Zombie Rampage 2,https://www.kongregate.com/en/games/Weasel/endless-zombie-rampage-2,2025-04-26,2500718,metrics_json,2026-01-08,2500000,718,category_top,2025-11-22,category_top,Listing page repeated an older already-observed play count after a higher count was observed.
Endless Zombie Rampage 2,https://www.kongregate.com/en/games/Weasel/endless-zombie-rampage-2,2025-04-26,2500718,metrics_json,2026-01-11,2500000,718,category_top,2025-11-22,category_top,Listing page repeated an older already-observed play count after a higher count was observed.
Endless Zombie Rampage 2,https://www.kongregate.com/en/games/Weasel/endless-zombie-rampage-2,2025-04-26,2500718,metrics_json,2026-02-21,2500000,718,browse,2025-11-22,category_top,Listing page repeated an older already-observed play count after a higher count was observed.
Endless Zombie Rampage 2,https://www.kongregate.com/en/games/Weasel/endless-zombie-rampage-2,2025-04-26,2500718,metrics_json,2026-03-27,2500000,718,browse,2025-11-22,category_top,Listing page repeated an older already-observed play count after a higher count was observed.
Endless Zombie Rampage 2,https://www.kongregate.com/en/games/Weasel/endless-zombie-rampage-2,2025-04-26,2500718,metrics_json,2026-04-04,2500000,718,category_top,2025-11-22,category_top,Listing page repeated an older already-observed play count after a higher count was observed.
Endless Zombie Rampage 2,https://www.kongregate.com/en/games/Weasel/endless-zombie-rampage-2,2025-04-26,2500718,metrics_json,2026-04-05,2500000,718,category_top,2025-11-22,category_top,Listing page repeated an older already-observed play count after a higher count was observed.
Endless Zombie Rampage 2,https://www.kongregate.com/en/games/Weasel/endless-zombie-rampage-2,2025-04-26,2500718,metrics_json,2026-04-27,2500000,718,category_top,2025-11-22,category_top,Listing page repeated an older already-observed play count after a higher count was observed.
Endless Zombie Rampage 2,https://www.kongregate.com/en/games/Weasel/endless-zombie-rampage-2,2025-04-26,2500718,metrics_json,2026-05-03,2500000,718,category_top,2025-11-22,category_top,Listing page repeated an older already-observed play count after a higher count was observed.
Endless Zombie Rampage 2,https://www.kongregate.com/en/games/Weasel/endless-zombie-rampage-2,2025-04-26,2500718,metrics_json,2026-05-07,2500000,718,category_top,2025-11-22,category_top,Listing page repeated an older already-observed play count after a higher count was observed.
Endless Zombie Rampage 2,https://www.kongregate.com/en/games/Weasel/endless-zombie-rampage-2,2025-04-26,2500718,metrics_json,2026-05-07,2500000,718,category_top,2025-11-22,category_top,Listing page repeated an older already-observed play count after a higher count was observed.
Endless Zombie Rampage 2,https://www.kongregate.com/en/games/Weasel/endless-zombie-rampage-2,2025-04-26,2500718,metrics_json,2026-05-10,2500000,718,category_top,2025-11-22,category_top,Listing page repeated an older already-observed play count after a higher count was observed.
Endless Zombie Rampage 2,https://www.kongregate.com/en/games/Weasel/endless-zombie-rampage-2,2025-04-26,2500718,metrics_json,2026-05-10,2500000,718,category_top,2025-11-22,category_top,Listing page repeated an older already-observed play count after a higher count was observed.
Endless Zombie Rampage 2,https://www.kongregate.com/en/games/Weasel/endless-zombie-rampage-2,2025-04-26,2500718,metrics_json,2026-05-21,2500000,718,category_top,2025-11-22,category_top,Listing page repeated an older already-observed play count after a higher count was observed.
Endless Zombie Rampage 2,https://www.kongregate.com/en/games/Weasel/endless-zombie-rampage-2,2025-04-26,2500718,metrics_json,2026-07-01,2500000,718,category_top,2025-11-22,category_top,Listing page repeated an older already-observed play count after a higher count was observed.
Endless Zombie Rampage 2,https://www.kongregate.com/en/games/Weasel/endless-zombie-rampage-2,2025-04-26,2500718,metrics_json,2026-07-02,2500000,718,category_top,2025-11-22,category_top,Listing page repeated an older already-observed play count after a higher count was observed.
Endless Zombie Rampage 2,https://www.kongregate.com/en/games/Weasel/endless-zombie-rampage-2,2025-04-26,2500718,metrics_json,2026-07-03,2500000,718,category_top,2025-11-22,category_top,Listing page repeated an older already-observed play count after a higher count was observed.
Endless Zombie Rampage 2,https://www.kongregate.com/en/games/Weasel/endless-zombie-rampage-2,2025-04-26,2500718,metrics_json,2026-07-04,2500000,718,category_top,2025-11-22,category_top,Listing page repeated an older already-observed play count after a higher count was observed.
Freeway Fury 2,https://www.kongregate.com/en/games/Vasco_F/freeway-fury-2,2026-07-01,1500000,category_top,2026-07-01,1499387,613,live_metrics_json,,,Small exact-vs-rounded listing difference; listing pages often round modern play counts.
Sword Fight,https://www.kongregate.com/en/games/tovrick/sword-fight,2025-07-25,4100590,metrics_json,2025-11-22,4100000,590,category_top,,,Small exact-vs-rounded listing difference; listing pages often round modern play counts.
Sword Fight,https://www.kongregate.com/en/games/tovrick/sword-fight,2025-07-25,4100590,metrics_json,2025-12-05,4100000,590,category_top,2025-11-22,category_top,Listing page repeated an older already-observed play count after a higher count was observed.
Sword Fight,https://www.kongregate.com/en/games/tovrick/sword-fight,2025-07-25,4100590,metrics_json,2025-12-15,4100000,590,category_top,2025-11-22,category_top,Listing page repeated an older already-observed play count after a higher count was observed.
Electric Box,https://www.kongregate.com/en/games/TwinkleStarGames/electric-box,2026-06-30,2600349,live_metrics_json,2026-07-01,2600000,349,category_top,2025-11-22,category_top,Listing page repeated an older already-observed play count after a higher count was observed.
Electric Box,https://www.kongregate.com/en/games/TwinkleStarGames/electric-box,2026-06-30,2600349,live_metrics_json,2026-07-02,2600000,349,category_top,2025-11-22,category_top,Listing page repeated an older already-observed play count after a higher count was observed.
Electric Box,https://www.kongregate.com/en/games/TwinkleStarGames/electric-box,2026-06-30,2600349,live_metrics_json,2026-07-03,2600000,349,category_top,2025-11-22,category_top,Listing page repeated an older already-observed play count after a higher count was observed.
Electric Box,https://www.kongregate.com/en/games/TwinkleStarGames/electric-box,2026-06-30,2600349,live_metrics_json,2026-07-04,2600000,349,category_top,2025-11-22,category_top,Listing page repeated an older already-observed play count after a higher count was observed.
Squid Ink,http://www.kongregate.com/games/LollygagGames/squid-ink,2026-07-04,2000000,category_top,2026-07-04,1999828,172,live_metrics_json,,,Small exact-vs-rounded listing difference; listing pages often round modern play counts.
Music Wars,https://www.kongregate.com/en/games/DestinyDev/music-wars,2026-07-01,128200,category_top,2026-07-01,128152,48,live_metrics_json,,,Small exact-vs-rounded listing difference; listing pages often round modern play counts.
Rhomb,https://www.kongregate.com/games/KekGames/rhomb,2026-07-04,415200,category_top,2026-07-04,415154,46,live_metrics_json,,,Small exact-vs-rounded listing difference; listing pages often round modern play counts.
Dj Sheepwolf Mixer,https://www.kongregate.com/en/games/DjSonicx/dj-sheepwolf-mixer,2026-07-01,294300,category_top,2026-07-01,294254,46,live_metrics_json,,,Small exact-vs-rounded listing difference; listing pages often round modern play counts.
Eredan Arena,https://www.kongregate.com/en/games/feerik/eredan-arena,2026-07-01,916900,category_top,2026-07-01,916855,45,live_metrics_json,,,Small exact-vs-rounded listing difference; listing pages often round modern play counts.
Co-op Toon Shooter: Rise of the fleet,https://www.kongregate.com/en/games/saltyegg/co-op-toon-shooter-rise-of-the-fleet,2026-06-29,757844,live_metrics_json,2026-07-01,757800,44,category_top,2026-04-27,category_top,Listing page repeated an older already-observed play count after a higher count was observed.
Co-op Toon Shooter: Rise of the fleet,https://www.kongregate.com/en/games/saltyegg/co-op-toon-shooter-rise-of-the-fleet,2026-06-29,757844,live_metrics_json,2026-07-02,757800,44,category_top,2026-04-27,category_top,Listing page repeated an older already-observed play count after a higher count was observed.
Co-op Toon Shooter: Rise of the fleet,https://www.kongregate.com/en/games/saltyegg/co-op-toon-shooter-rise-of-the-fleet,2026-06-29,757844,live_metrics_json,2026-07-03,757800,44,category_top,2026-04-27,category_top,Listing page repeated an older already-observed play count after a higher count was observed.
Co-op Toon Shooter: Rise of the fleet,https://www.kongregate.com/en/games/saltyegg/co-op-toon-shooter-rise-of-the-fleet,2026-06-29,757844,live_metrics_json,2026-07-04,757800,44,category_top,2026-04-27,category_top,Listing page repeated an older already-observed play count after a higher count was observed.
League of Angels II,https://www.kongregate.com/en/games/Youzu/league-of-angels-ii-gta,2026-07-01,320800,category_top,2026-07-01,320756,44,live_metrics_json,,,Small exact-vs-rounded listing difference; listing pages often round modern play counts.
Filipe Sheepwolf Mixer 2,https://www.kongregate.com/en/games/DjSonicx/filipe-sheepwolf-mixer-2,2026-07-01,108644,live_metrics_json,2026-07-02,108600,44,category_top,2026-07-01,category_top,Listing page repeated an older already-observed play count after a higher count was observed.
Soul Tax,https://www.kongregate.com/en/games/jlong64/soul-tax,2026-06-30,301743,live_metrics_json,2026-07-01,301700,43,category_top,2026-05-10,category_top,Listing page repeated an older already-observed play count after a higher count was observed.
Soul Tax,https://www.kongregate.com/en/games/jlong64/soul-tax,2026-06-30,301743,live_metrics_json,2026-07-02,301700,43,category_top,2026-05-10,category_top,Listing page repeated an older already-observed play count after a higher count was observed.
Commando Assault,https://www.kongregate.com/games/miniclip/commando-assault,2026-07-04,127900,category_top,2026-07-04,127857,43,live_metrics_json,,,Small exact-vs-rounded listing difference; listing pages often round modern play counts.
8BitMMO (Construction Sandbox),https://www.kongregate.com/en/games/RobbyZ/8bitmmo-construction-sandbox,2026-07-01,240900,category_top,2026-07-01,240858,42,live_metrics_json,,,Small exact-vs-rounded listing difference; listing pages often round modern play counts.
klocki,https://www.kongregate.com/games/targaciej/klocki,2026-07-04,762100,category_top,2026-07-04,762059,41,live_metrics_json,,,Small exact-vs-rounded listing difference; listing pages often round modern play counts.
Cactus McCoy 2,https://www.kongregate.com/games/FliplineStudios/cactus-mccoy-2,2026-07-04,991300,category_top,2026-07-04,991260,40,live_metrics_json,,,Small exact-vs-rounded listing difference; listing pages often round modern play counts.
Kongregate Avatar Creator CONTEST,https://www.kongregate.com/en/games/Lionga/kongregate-avatar-creator-contest,2026-07-01,724340,live_metrics_json,2026-07-02,724300,40,category_top,2026-03-27,browse,Listing page repeated an older already-observed play count after a higher count was observed.
Kongregate Avatar Creator CONTEST,https://www.kongregate.com/en/games/Lionga/kongregate-avatar-creator-contest,2026-07-01,724340,live_metrics_json,2026-07-03,724300,40,category_top,2026-03-27,browse,Listing page repeated an older already-observed play count after a higher count was observed.
Kongregate Avatar Creator CONTEST,https://www.kongregate.com/en/games/Lionga/kongregate-avatar-creator-contest,2026-07-01,724340,live_metrics_json,2026-07-04,724300,40,category_top,2026-03-27,browse,Listing page repeated an older already-observed play count after a higher count was observed.
Treasure Arena,https://www.kongregate.com/en/games/Vennril/treasure-arena,2026-07-04,137600,category_top,2026-07-04,137561,39,live_metrics_json,,,Small exact-vs-rounded listing difference; listing pages often round modern play counts.
Medieval Cop,https://www.kongregate.com/en/games/VasantJ/medieval-cop,2026-07-04,157300,category_top,2026-07-04,157261,39,live_metrics_json,,,Small exact-vs-rounded listing difference; listing pages often round modern play counts.
The madness scene creator BETA,https://www.kongregate.com/en/games/Zukhov/the-madness-scene-creator-beta,2026-07-01,79400,category_top,2026-07-01,79361,39,live_metrics_json,,,Small exact-vs-rounded listing difference; listing pages often round modern play counts.
Fishing Girl,https://www.kongregate.com/en/games/LunaDrift/fishing-girl,2026-07-01,619100,category_top,2026-07-01,619061,39,live_metrics_json,,,Small exact-vs-rounded listing difference; listing pages often round modern play counts.
Sift Heads World - Act 6,https://www.kongregate.com/en/games/WebCypher/sift-heads-world-act-6,2026-07-04,291900,category_top,2026-07-04,291864,36,live_metrics_json,,,Small exact-vs-rounded listing difference; listing pages often round modern play counts.
Rhythm Doctor (Demo),https://www.kongregate.com/games/fizzd/rhythm-doctor-demo,2026-07-04,90700,category_top,2026-07-04,90664,36,live_metrics_json,,,Small exact-vs-rounded listing difference; listing pages often round modern play counts.
HD Xyth,https://www.kongregate.com/en/games/nulllvoid/hd-xyth,2026-07-01,644200,category_top,2026-07-01,644165,35,live_metrics_json,,,Small exact-vs-rounded listing difference; listing pages often round modern play counts.
Milky Way Idle,https://www.kongregate.com/en/games/chezedude/milky-way-idle,2026-07-01,348200,category_top,2026-07-01,348165,35,live_metrics_json,,,Small exact-vs-rounded listing difference; listing pages often round modern play counts.
LOLcaptions,https://www.kongregate.com/en/games/gyre_o_guile/lolcaptions,2026-07-01,734100,category_top,2026-07-01,734065,35,live_metrics_json,,,Small exact-vs-rounded listing difference; listing pages often round modern play counts.
LazerGrrl,https://www.kongregate.com/en/games/Sandwich_Gen/lazergrrl,2026-07-01,17500,category_top,2026-07-01,17465,35,live_metrics_json,,,Small exact-vs-rounded listing difference; listing pages often round modern play counts.
Sports Heads: Tennis,https://www.kongregate.com/en/games/Mousebreaker/sports-heads-tennis,2026-07-01,350300,category_top,2026-07-01,350266,34,live_metrics_json,,,Small exact-vs-rounded listing difference; listing pages often round modern play counts.
Stormbound,https://www.kongregate.com/en/games/paladinstudios/stormbound,2026-07-01,726833,live_metrics_json,2026-07-02,726800,33,category_top,2026-07-01,category_top,Listing page repeated an older already-observed play count after a higher count was observed.
Stormbound,https://www.kongregate.com/en/games/paladinstudios/stormbound,2026-07-01,726833,live_metrics_json,2026-07-03,726800,33,category_top,2026-07-01,category_top,Listing page repeated an older already-observed play count after a higher count was observed.
Stormbound,https://www.kongregate.com/en/games/paladinstudios/stormbound,2026-07-01,726833,live_metrics_json,2026-07-04,726800,33,category_top,2026-07-01,category_top,Listing page repeated an older already-observed play count after a higher count was observed.
Hat Wizard 2,https://www.kongregate.com/en/games/taccommandeur/hat-wizard-2,2026-07-04,197600,category_top,2026-07-04,197568,32,live_metrics_json,,,Small exact-vs-rounded listing difference; listing pages often round modern play counts.
Rogue Isles,https://www.kongregate.com/games/ConnorBohan/rogue-isles,2026-07-04,288900,category_top,2026-07-04,288868,32,live_metrics_json,,,Small exact-vs-rounded listing difference; listing pages often round modern play counts.
Idol Days Sim Date,https://www.kongregate.com/en/games/Pacthesis/idol-days-sim-date,2026-07-01,168132,live_metrics_json,2026-07-02,168100,32,category_top,2026-07-01,category_top,Listing page repeated an older already-observed play count after a higher count was observed.
Idol Days Sim Date,https://www.kongregate.com/en/games/Pacthesis/idol-days-sim-date,2026-07-01,168132,live_metrics_json,2026-07-03,168100,32,category_top,2026-07-01,category_top,Listing page repeated an older already-observed play count after a higher count was observed.
Idol Days Sim Date,https://www.kongregate.com/en/games/Pacthesis/idol-days-sim-date,2026-07-01,168132,live_metrics_json,2026-07-04,168100,32,category_top,2026-07-01,category_top,Listing page repeated an older already-observed play count after a higher count was observed.
Evo Explores,https://www.kongregate.com/games/tobeglad/evo-explores,2026-07-04,443900,category_top,2026-07-04,443869,31,live_metrics_json,,,Small exact-vs-rounded listing difference; listing pages often round modern play counts.
Brutal Strike,https://www.kongregate.com/en/games/friuns/brutal-strike,2026-07-01,22700,category_top,2026-07-01,22669,31,live_metrics_json,,,Small exact-vs-rounded listing difference; listing pages often round modern play counts.
Drag Racer V 3,https://www.kongregate.com/en/games/loadsbadges/drag-racer-v-3,2026-07-01,153000,category_top,2026-07-01,152969,31,live_metrics_json,,,Small exact-vs-rounded listing difference; listing pages often round modern play counts.
The Settlers Online,https://www.kongregate.com/en/games/UbisoftBlueByte/the-settlers-online,2026-07-01,375400,category_top,2026-07-01,375370,30,live_metrics_json,,,Small exact-vs-rounded listing difference; listing pages often round modern play counts.
Neon Rider,https://www.kongregate.com/en/games/ArmorGames/neon-rider,2026-07-01,411830,live_metrics_json,2026-07-02,411800,30,category_top,2026-07-01,category_top,Listing page repeated an older already-observed play count after a higher count was observed.
Neon Rider,https://www.kongregate.com/en/games/ArmorGames/neon-rider,2026-07-01,411830,live_metrics_json,2026-07-03,411800,30,category_top,2026-07-01,category_top,Listing page repeated an older already-observed play count after a higher count was observed.
Neon Rider,https://www.kongregate.com/en/games/ArmorGames/neon-rider,2026-07-01,411830,live_metrics_json,2026-07-04,411800,30,category_top,2026-07-01,category_top,Listing page repeated an older already-observed play count after a higher count was observed.
siftheads 5,https://www.kongregate.com/en/games/WebCypher/siftheads-5,2026-06-29,819428,live_metrics_json,2026-07-01,819400,28,category_top,,,Small exact-vs-rounded listing difference; listing pages often round modern play counts.
siftheads 5,https://www.kongregate.com/en/games/WebCypher/siftheads-5,2026-06-29,819428,live_metrics_json,2026-07-01,819400,28,category_top,2026-07-01,category_top,Listing page repeated an older already-observed play count after a higher count was observed.
siftheads 5,https://www.kongregate.com/en/games/WebCypher/siftheads-5,2026-06-29,819428,live_metrics_json,2026-07-02,819400,28,category_top,2026-07-01,category_top,Listing page repeated an older already-observed play count after a higher count was observed.
siftheads 5,https://www.kongregate.com/en/games/WebCypher/siftheads-5,2026-06-29,819428,live_metrics_json,2026-07-02,819400,28,category_top,2026-07-01,category_top,Listing page repeated an older already-observed play count after a higher count was observed.
siftheads 5,https://www.kongregate.com/en/games/WebCypher/siftheads-5,2026-06-29,819428,live_metrics_json,2026-07-03,819400,28,category_top,2026-07-01,category_top,Listing page repeated an older already-observed play count after a higher count was observed.
siftheads 5,https://www.kongregate.com/en/games/WebCypher/siftheads-5,2026-06-29,819428,live_metrics_json,2026-07-03,819400,28,category_top,2026-07-01,category_top,Listing page repeated an older already-observed play count after a higher count was observed.
siftheads 5,https://www.kongregate.com/en/games/WebCypher/siftheads-5,2026-06-29,819428,live_metrics_json,2026-07-04,819400,28,category_top,2026-07-01,category_top,Listing page repeated an older already-observed play count after a higher count was observed.
siftheads 5,https://www.kongregate.com/en/games/WebCypher/siftheads-5,2026-06-29,819428,live_metrics_json,2026-07-04,819400,28,category_top,2026-07-01,category_top,Listing page repeated an older already-observed play count after a higher count was observed.
Downhill snowboard 3,https://www.kongregate.com/en/games/KarolinaGames/downhill-snowboard-3,2026-07-01,837428,live_metrics_json,2026-07-02,837400,28,category_top,2026-07-01,category_top,Listing page repeated an older already-observed play count after a higher count was observed.
Downhill snowboard 3,https://www.kongregate.com/en/games/KarolinaGames/downhill-snowboard-3,2026-07-01,837428,live_metrics_json,2026-07-03,837400,28,category_top,2026-07-01,category_top,Listing page repeated an older already-observed play count after a higher count was observed.
Downhill snowboard 3,https://www.kongregate.com/en/games/KarolinaGames/downhill-snowboard-3,2026-07-01,837428,live_metrics_json,2026-07-04,837400,28,category_top,2026-07-01,category_top,Listing page repeated an older already-observed play count after a higher count was observed.
Medieval Chronicles 8 (Part 2),https://www.kongregate.com/games/VasantJ/medieval-chronicles-8-part-2,2026-07-04,77300,category_top,2026-07-04,77273,27,live_metrics_json,,,Small exact-vs-rounded listing difference; listing pages often round modern play counts.
Warmerise | Red vs Blue - Lite Version,https://www.kongregate.com/en/games/NSdesignGames/warmerise-red-vs-blue-lite-version,2026-06-29,471727,live_metrics_json,2026-07-01,471700,27,category_top,,,Small exact-vs-rounded listing difference; listing pages often round modern play counts.
Demons Down Under,https://www.kongregate.com/en/games/epace/demons-down-under,2026-06-30,401327,live_metrics_json,2026-07-01,401300,27,category_top,,,Small exact-vs-rounded listing difference; listing pages often round modern play counts.
Demons Down Under,https://www.kongregate.com/en/games/epace/demons-down-under,2026-06-30,401327,live_metrics_json,2026-07-02,401300,27,category_top,2026-07-01,category_top,Listing page repeated an older already-observed play count after a higher count was observed.
Demons Down Under,https://www.kongregate.com/en/games/epace/demons-down-under,2026-06-30,401327,live_metrics_json,2026-07-03,401300,27,category_top,2026-07-01,category_top,Listing page repeated an older already-observed play count after a higher count was observed.
Demons Down Under,https://www.kongregate.com/en/games/epace/demons-down-under,2026-06-30,401327,live_metrics_json,2026-07-04,401300,27,category_top,2026-07-01,category_top,Listing page repeated an older already-observed play count after a higher count was observed.
Dj Sheepwolf Mixer 4,https://www.kongregate.com/en/games/Filipe_Sheepwolf/dj-sheepwolf-mixer-4,2026-07-01,146427,live_metrics_json,2026-07-02,146400,27,category_top,2026-07-01,category_top,Listing page repeated an older already-observed play count after a higher count was observed.
Dj Sheepwolf Mixer 4,https://www.kongregate.com/en/games/Filipe_Sheepwolf/dj-sheepwolf-mixer-4,2026-07-01,146427,live_metrics_json,2026-07-03,146400,27,category_top,2026-07-01,category_top,Listing page repeated an older already-observed play count after a higher count was observed.
Dj Sheepwolf Mixer 4,https://www.kongregate.com/en/games/Filipe_Sheepwolf/dj-sheepwolf-mixer-4,2026-07-01,146427,live_metrics_json,2026-07-04,146400,27,category_top,2026-07-01,category_top,Listing page repeated an older already-observed play count after a higher count was observed.
Motor Wars,https://www.kongregate.com/en/games/MartianGames/motor-wars,2026-07-01,172327,live_metrics_json,2026-07-02,172300,27,category_top,2026-07-01,category_top,Listing page repeated an older already-observed play count after a higher count was observed.
Medieval Chronicles 9,https://www.kongregate.com/games/VasantJ/medieval-chronicles-9,2026-07-04,52100,category_top,2026-07-04,52074,26,live_metrics_json,,,Small exact-vs-rounded listing difference; listing pages often round modern play counts.
Castle Wars 2.5,https://www.kongregate.com/en/games/m0rkeulv/castle-wars-2-5,2026-07-01,470526,live_metrics_json,2026-07-02,470500,26,category_top,2026-07-01,category_top,Listing page repeated an older already-observed play count after a higher count was observed.
Castle Wars 2.5,https://www.kongregate.com/en/games/m0rkeulv/castle-wars-2-5,2026-07-01,470526,live_metrics_json,2026-07-02,470500,26,category_top,2026-07-01,category_top,Listing page repeated an older already-observed play count after a higher count was observed.
Flight Simulator - FlyWings 2016,https://www.kongregate.com/games/ThetisGames/flight-simulator-flywings-2016,2026-07-04,833600,category_top,2026-07-04,833576,24,live_metrics_json,,,Small exact-vs-rounded listing difference; listing pages often round modern play counts.
missed messages.,https://www.kongregate.com/games/zephybite/missed-messages,2026-07-04,115900,category_top,2026-07-04,115876,24,live_metrics_json,,,Small exact-vs-rounded listing difference; listing pages often round modern play counts.
Scooby doo creepy run,https://www.kongregate.com/en/games/funnychasegames/scooby-doo-creepy-run,2026-07-01,135000,category_top,2026-07-01,134976,24,live_metrics_json,,,Small exact-vs-rounded listing difference; listing pages often round modern play counts.
Hidden Dimensions,https://www.kongregate.com/en/games/nulllvoid/hidden-dimensions,2026-07-01,335624,live_metrics_json,2026-07-02,335600,24,category_top,2026-07-01,category_top,Listing page repeated an older already-observed play count after a higher count was observed.
Hidden Dimensions,https://www.kongregate.com/en/games/nulllvoid/hidden-dimensions,2026-07-01,335624,live_metrics_json,2026-07-03,335600,24,category_top,2026-07-01,category_top,Listing page repeated an older already-observed play count after a higher count was observed.
Hidden Dimensions,https://www.kongregate.com/en/games/nulllvoid/hidden-dimensions,2026-07-01,335624,live_metrics_json,2026-07-04,335600,24,category_top,2026-07-01,category_top,Listing page repeated an older already-observed play count after a higher count was observed.
Factory Balls forever,https://www.kongregate.com/games/bontegames/factory-balls-forever,2026-07-04,288700,category_top,2026-07-04,288678,22,live_metrics_json,,,Small exact-vs-rounded listing difference; listing pages often round modern play counts.
Cube Escape: Birthday,http://www.kongregate.com/games/RustyLake/cube-escape-birthday,2026-07-04,385000,category_top,2026-07-04,384978,22,live_metrics_json,,,Small exact-vs-rounded listing difference; listing pages often round modern play counts.
Trader of Stories - Chapter 1,https://www.kongregate.com/en/games/mrudi/trader-of-stories-chapter-1,2026-07-01,185621,live_metrics_json,2026-07-02,185600,21,category_top,2026-07-01,category_top,Listing page repeated an older already-observed play count after a higher count was observed.
Trader of Stories - Chapter 1,https://www.kongregate.com/en/games/mrudi/trader-of-stories-chapter-1,2026-07-01,185621,live_metrics_json,2026-07-02,185600,21,category_top,2026-07-01,category_top,Listing page repeated an older already-observed play count after a higher count was observed.
Trader of Stories - Chapter 1,https://www.kongregate.com/en/games/mrudi/trader-of-stories-chapter-1,2026-07-01,185621,live_metrics_json,2026-07-03,185600,21,category_top,2026-07-01,category_top,Listing page repeated an older already-observed play count after a higher count was observed.
Trader of Stories - Chapter 1,https://www.kongregate.com/en/games/mrudi/trader-of-stories-chapter-1,2026-07-01,185621,live_metrics_json,2026-07-03,185600,21,category_top,2026-07-01,category_top,Listing page repeated an older already-observed play count after a higher count was observed.
Trader of Stories - Chapter 1,https://www.kongregate.com/en/games/mrudi/trader-of-stories-chapter-1,2026-07-01,185621,live_metrics_json,2026-07-04,185600,21,category_top,2026-07-01,category_top,Listing page repeated an older already-observed play count after a higher count was observed.
Trader of Stories - Chapter 1,https://www.kongregate.com/en/games/mrudi/trader-of-stories-chapter-1,2026-07-01,185621,live_metrics_json,2026-07-04,185600,21,category_top,2026-07-01,category_top,Listing page repeated an older already-observed play count after a higher count was observed.
Reachin' Pichin,https://www.kongregate.com/en/games/KingDotCom/reachin-pichin,2026-07-01,945100,category_top,2026-07-01,945080,20,live_metrics_json,,,Small exact-vs-rounded listing difference; listing pages often round modern play counts.
TrackRacing Online TRO,https://www.kongregate.com/en/games/SoulKey/trackracing-online-tro,2026-07-01,426800,category_top,2026-07-01,426781,19,live_metrics_json,,,Small exact-vs-rounded listing difference; listing pages often round modern play counts.
Trader of Stories - Chapter 3,https://www.kongregate.com/en/games/mrudi/trader-of-stories-chapter-3,2026-06-29,38417,live_metrics_json,2026-07-01,38400,17,category_top,,,Small exact-vs-rounded listing difference; listing pages often round modern play counts.
Trader of Stories - Chapter 3,https://www.kongregate.com/en/games/mrudi/trader-of-stories-chapter-3,2026-06-29,38417,live_metrics_json,2026-07-01,38400,17,category_top,2026-07-01,category_top,Listing page repeated an older already-observed play count after a higher count was observed.
Trader of Stories - Chapter 3,https://www.kongregate.com/en/games/mrudi/trader-of-stories-chapter-3,2026-06-29,38417,live_metrics_json,2026-07-02,38400,17,category_top,2026-07-01,category_top,Listing page repeated an older already-observed play count after a higher count was observed.
Trader of Stories - Chapter 3,https://www.kongregate.com/en/games/mrudi/trader-of-stories-chapter-3,2026-06-29,38417,live_metrics_json,2026-07-02,38400,17,category_top,2026-07-01,category_top,Listing page repeated an older already-observed play count after a higher count was observed.
Music Quest,http://www.kongregate.com/games/master_machines/music-quest,2026-07-04,264100,category_top,2026-07-04,264084,16,live_metrics_json,,,Small exact-vs-rounded listing difference; listing pages often round modern play counts.
Sift Heads World Act 5 - An Exotic Job,https://www.kongregate.com/games/WebCypher/sift-heads-world-act-5-an-exotic-job,2026-07-01,160600,category_top,2026-07-01,160584,16,live_metrics_json,,,Small exact-vs-rounded listing difference; listing pages often round modern play counts.
Reeelz,https://www.kongregate.com/en/games/gameinabottle/reeelz,2026-06-29,204716,live_metrics_json,2026-07-01,204700,16,category_top,,,Small exact-vs-rounded listing difference; listing pages often round modern play counts.
Reeelz,https://www.kongregate.com/en/games/gameinabottle/reeelz,2026-06-29,204716,live_metrics_json,2026-07-02,204700,16,category_top,2026-07-01,category_top,Listing page repeated an older already-observed play count after a higher count was observed.
Reeelz,https://www.kongregate.com/en/games/gameinabottle/reeelz,2026-06-29,204716,live_metrics_json,2026-07-03,204700,16,category_top,2026-07-01,category_top,Listing page repeated an older already-observed play count after a higher count was observed.
Reeelz,https://www.kongregate.com/en/games/gameinabottle/reeelz,2026-06-29,204716,live_metrics_json,2026-07-04,204700,16,category_top,2026-07-01,category_top,Listing page repeated an older already-observed play count after a higher count was observed.
Knight-errant,https://www.kongregate.com/en/games/FractalSunrise/knight-errant,2026-07-04,262600,category_top,2026-07-04,262585,15,live_metrics_json,,,Small exact-vs-rounded listing difference; listing pages often round modern play counts.
Pinata Hunter 2,https://www.kongregate.com/en/games/myplayyard/pinata-hunter-2,2026-06-29,382215,live_metrics_json,2026-07-01,382200,15,category_top,,,Small exact-vs-rounded listing difference; listing pages often round modern play counts.
Pinata Hunter 2,https://www.kongregate.com/en/games/myplayyard/pinata-hunter-2,2026-06-29,382215,live_metrics_json,2026-07-02,382200,15,category_top,2026-07-01,category_top,Listing page repeated an older already-observed play count after a higher count was observed.
Daymare Cat,https://www.kongregate.com/en/games/MateuszSkutnik/daymare-cat,2026-07-04,161300,category_top,2026-07-04,161285,15,live_metrics_json,,,Small exact-vs-rounded listing difference; listing pages often round modern play counts.
Steel Legions,https://www.kongregate.com/en/games/SplitscreenGames/steel-legions,2026-07-01,320815,live_metrics_json,2026-07-02,320800,15,category_top,2026-07-01,category_top,Listing page repeated an older already-observed play count after a higher count was observed.
Steel Legions,https://www.kongregate.com/en/games/SplitscreenGames/steel-legions,2026-07-01,320815,live_metrics_json,2026-07-02,320800,15,category_top,2026-07-01,category_top,Listing page repeated an older already-observed play count after a higher count was observed.
Steel Legions,https://www.kongregate.com/en/games/SplitscreenGames/steel-legions,2026-07-01,320815,live_metrics_json,2026-07-03,320800,15,category_top,2026-07-01,category_top,Listing page repeated an older already-observed play count after a higher count was observed.
Steel Legions,https://www.kongregate.com/en/games/SplitscreenGames/steel-legions,2026-07-01,320815,live_metrics_json,2026-07-03,320800,15,category_top,2026-07-01,category_top,Listing page repeated an older already-observed play count after a higher count was observed.
Steel Legions,https://www.kongregate.com/en/games/SplitscreenGames/steel-legions,2026-07-01,320815,live_metrics_json,2026-07-04,320800,15,category_top,2026-07-01,category_top,Listing page repeated an older already-observed play count after a higher count was observed.
Steel Legions,https://www.kongregate.com/en/games/SplitscreenGames/steel-legions,2026-07-01,320815,live_metrics_json,2026-07-04,320800,15,category_top,2026-07-01,category_top,Listing page repeated an older already-observed play count after a higher count was observed.
Medieval Cop - The True Monster,https://www.kongregate.com/games/VasantJ/medieval-cop-the-true-monster,2026-07-04,124800,category_top,2026-07-04,124786,14,live_metrics_json,,,Small exact-vs-rounded listing difference; listing pages often round modern play counts.
Royal Squad,http://www.kongregate.com/games/platon_skedow/royal-squad,2026-07-04,638900,category_top,2026-07-04,638887,13,live_metrics_json,,,Small exact-vs-rounded listing difference; listing pages often round modern play counts.
Three Goblets,https://www.kongregate.com/games/adventale/three-goblets,2026-07-04,434100,category_top,2026-07-04,434087,13,live_metrics_json,,,Small exact-vs-rounded listing difference; listing pages often round modern play counts.
Arcuz - Behind the Dark,https://www.kongregate.com/en/games/funnaut/arcuz-behind-the-dark,2026-07-01,591712,live_metrics_json,2026-07-02,591700,12,category_top,2026-07-01,category_top,Listing page repeated an older already-observed play count after a higher count was observed.
Arcuz - Behind the Dark,https://www.kongregate.com/en/games/funnaut/arcuz-behind-the-dark,2026-07-01,591712,live_metrics_json,2026-07-02,591700,12,category_top,2026-07-01,category_top,Listing page repeated an older already-observed play count after a higher count was observed.
Arcuz - Behind the Dark,https://www.kongregate.com/en/games/funnaut/arcuz-behind-the-dark,2026-07-01,591712,live_metrics_json,2026-07-03,591700,12,category_top,2026-07-01,category_top,Listing page repeated an older already-observed play count after a higher count was observed.
Arcuz - Behind the Dark,https://www.kongregate.com/en/games/funnaut/arcuz-behind-the-dark,2026-07-01,591712,live_metrics_json,2026-07-03,591700,12,category_top,2026-07-01,category_top,Listing page repeated an older already-observed play count after a higher count was observed.
Arcuz - Behind the Dark,https://www.kongregate.com/en/games/funnaut/arcuz-behind-the-dark,2026-07-01,591712,live_metrics_json,2026-07-04,591700,12,category_top,2026-07-01,category_top,Listing page repeated an older already-observed play count after a higher count was observed.
Arcuz - Behind the Dark,https://www.kongregate.com/en/games/funnaut/arcuz-behind-the-dark,2026-07-01,591712,live_metrics_json,2026-07-04,591700,12,category_top,2026-07-01,category_top,Listing page repeated an older already-observed play count after a higher count was observed.
War Attack,https://www.kongregate.com/en/games/rokawar/war-attack,2026-07-01,70212,live_metrics_json,2026-07-02,70200,12,category_top,2026-07-01,category_top,Listing page repeated an older already-observed play count after a higher count was observed.
War Attack,https://www.kongregate.com/en/games/rokawar/war-attack,2026-07-01,70212,live_metrics_json,2026-07-03,70200,12,category_top,2026-07-01,category_top,Listing page repeated an older already-observed play count after a higher count was observed.
War Attack,https://www.kongregate.com/en/games/rokawar/war-attack,2026-07-01,70212,live_metrics_json,2026-07-04,70200,12,category_top,2026-07-01,category_top,Listing page repeated an older already-observed play count after a higher count was observed.
Commando,https://www.kongregate.com/en/games/PistolKahoona/commando,2026-07-01,20800,category_top,2026-07-01,20788,12,live_metrics_json,,,Small exact-vs-rounded listing difference; listing pages often round modern play counts.
Sift Heads World act 7 - Ultimatum,https://www.kongregate.com/en/games/WebCypher/sift-heads-world-act-7-ultimatum,2026-07-04,420300,category_top,2026-07-04,420289,11,live_metrics_json,,,Small exact-vs-rounded listing difference; listing pages often round modern play counts.
Deck Adventurers - Chapter 1,https://www.kongregate.com/en/games/Junjo/deck-adventurers-chapter-1,2026-07-01,110211,live_metrics_json,2026-07-02,110200,11,category_top,2026-07-01,category_top,Listing page repeated an older already-observed play count after a higher count was observed.
Deck Adventurers - Chapter 1,https://www.kongregate.com/en/games/Junjo/deck-adventurers-chapter-1,2026-07-01,110211,live_metrics_json,2026-07-03,110200,11,category_top,2026-07-01,category_top,Listing page repeated an older already-observed play count after a higher count was observed.
Deck Adventurers - Chapter 1,https://www.kongregate.com/en/games/Junjo/deck-adventurers-chapter-1,2026-07-01,110211,live_metrics_json,2026-07-04,110200,11,category_top,2026-07-01,category_top,Listing page repeated an older already-observed play count after a higher count was observed.
hi no homo,http://www.kongregate.com/games/zephybite/hi-no-homo,2026-07-04,25700,category_top,2026-07-04,25689,11,live_metrics_json,,,Small exact-vs-rounded listing difference; listing pages often round modern play counts.
Kuja,https://www.kongregate.com/en/games/filthsu/kuja,2026-07-04,519500,category_top,2026-07-04,519490,10,live_metrics_json,,,Small exact-vs-rounded listing difference; listing pages often round modern play counts.
Abobo's Big Adventure,https://www.kongregate.com/en/games/pestoforce/abobos-big-adventure,2026-07-04,441600,category_top,2026-07-04,441590,10,live_metrics_json,,,Small exact-vs-rounded listing difference; listing pages often round modern play counts.
Brave Order,https://www.kongregate.com/en/games/outact/brave-order,2026-07-01,157500,category_top,2026-07-01,157490,10,live_metrics_json,,,Small exact-vs-rounded listing difference; listing pages often round modern play counts.
Sift Heads World Act 1,https://www.kongregate.com/games/WebCypher/sift-heads-world-act-1,2026-07-04,617800,category_top,2026-07-04,617792,8,live_metrics_json,,,Small exact-vs-rounded listing difference; listing pages often round modern play counts.
Rotatix,https://www.kongregate.com/en/games/locos/rotatix,2026-07-01,389308,live_metrics_json,2026-07-02,389300,8,category_top,2026-07-01,category_top,Listing page repeated an older already-observed play count after a higher count was observed.
Rotatix,https://www.kongregate.com/en/games/locos/rotatix,2026-07-01,389308,live_metrics_json,2026-07-03,389300,8,category_top,2026-07-01,category_top,Listing page repeated an older already-observed play count after a higher count was observed.
Rotatix,https://www.kongregate.com/en/games/locos/rotatix,2026-07-01,389308,live_metrics_json,2026-07-04,389300,8,category_top,2026-07-01,category_top,Listing page repeated an older already-observed play count after a higher count was observed.
N Step Steve: Part 1,https://www.kongregate.com/en/games/EPGstudios/n-step-steve-part-1,2026-06-29,18607,live_metrics_json,2026-07-01,18600,7,category_top,2026-06-26,category_top,Listing page repeated an older already-observed play count after a higher count was observed.
N Step Steve: Part 1,https://www.kongregate.com/en/games/EPGstudios/n-step-steve-part-1,2026-06-29,18607,live_metrics_json,2026-07-02,18600,7,category_top,2026-06-26,category_top,Listing page repeated an older already-observed play count after a higher count was observed.
N Step Steve: Part 1,https://www.kongregate.com/en/games/EPGstudios/n-step-steve-part-1,2026-06-29,18607,live_metrics_json,2026-07-03,18600,7,category_top,2026-06-26,category_top,Listing page repeated an older already-observed play count after a higher count was observed.
N Step Steve: Part 1,https://www.kongregate.com/en/games/EPGstudios/n-step-steve-part-1,2026-06-29,18607,live_metrics_json,2026-07-04,18600,7,category_top,2026-06-26,category_top,Listing page repeated an older already-observed play count after a higher count was observed.
Sift Heads World Act 2 - The Treacherous Return,https://www.kongregate.com/en/games/WebCypher/sift-heads-world-act-2-the-treacherous-return,2026-07-04,233600,category_top,2026-07-04,233593,7,live_metrics_json,,,Small exact-vs-rounded listing difference; listing pages often round modern play counts.
Home,https://www.kongregate.com/en/games/Raius_/home,2026-07-01,432406,live_metrics_json,2026-07-02,432400,6,category_top,2026-07-01,category_top,Listing page repeated an older already-observed play count after a higher count was observed.
Home,https://www.kongregate.com/en/games/Raius_/home,2026-07-01,432406,live_metrics_json,2026-07-02,432400,6,category_top,2026-07-01,category_top,Listing page repeated an older already-observed play count after a higher count was observed.
Home,https://www.kongregate.com/en/games/Raius_/home,2026-07-01,432406,live_metrics_json,2026-07-03,432400,6,category_top,2026-07-01,category_top,Listing page repeated an older already-observed play count after a higher count was observed.
Home,https://www.kongregate.com/en/games/Raius_/home,2026-07-01,432406,live_metrics_json,2026-07-03,432400,6,category_top,2026-07-01,category_top,Listing page repeated an older already-observed play count after a higher count was observed.
Home,https://www.kongregate.com/en/games/Raius_/home,2026-07-01,432406,live_metrics_json,2026-07-04,432400,6,category_top,2026-07-01,category_top,Listing page repeated an older already-observed play count after a higher count was observed.
Home,https://www.kongregate.com/en/games/Raius_/home,2026-07-01,432406,live_metrics_json,2026-07-04,432400,6,category_top,2026-07-01,category_top,Listing page repeated an older already-observed play count after a higher count was observed.
Skrillex Equinox Launchpad v2.0,https://www.kongregate.com/en/games/Gothicbub/skrillex-equinox-launchpad-v2-0,2026-06-29,172606,live_metrics_json,2026-07-01,172600,6,category_top,,,Small exact-vs-rounded listing difference; listing pages often round modern play counts.
Skrillex Equinox Launchpad v2.0,https://www.kongregate.com/en/games/Gothicbub/skrillex-equinox-launchpad-v2-0,2026-06-29,172606,live_metrics_json,2026-07-02,172600,6,category_top,2026-07-01,category_top,Listing page repeated an older already-observed play count after a higher count was observed.
Skrillex Equinox Launchpad v2.0,https://www.kongregate.com/en/games/Gothicbub/skrillex-equinox-launchpad-v2-0,2026-06-29,172606,live_metrics_json,2026-07-03,172600,6,category_top,2026-07-01,category_top,Listing page repeated an older already-observed play count after a higher count was observed.
Skrillex Equinox Launchpad v2.0,https://www.kongregate.com/en/games/Gothicbub/skrillex-equinox-launchpad-v2-0,2026-06-29,172606,live_metrics_json,2026-07-04,172600,6,category_top,2026-07-01,category_top,Listing page repeated an older already-observed play count after a higher count was observed.
Maptroid,https://www.kongregate.com/en/games/lozzajp/maptroid,2026-06-30,244203,live_metrics_json,2026-07-01,244200,3,category_top,,,Small exact-vs-rounded listing difference; listing pages often round modern play counts.
Maptroid,https://www.kongregate.com/en/games/lozzajp/maptroid,2026-06-30,244203,live_metrics_json,2026-07-01,244200,3,category_top,2026-07-01,category_top,Listing page repeated an older already-observed play count after a higher count was observed.
Monster Legions,https://www.kongregate.com/en/games/nerdook/monster-legions,2026-07-01,949203,live_metrics_json,2026-07-02,949200,3,category_top,2026-07-01,category_top,Listing page repeated an older already-observed play count after a higher count was observed.
Monster Legions,https://www.kongregate.com/en/games/nerdook/monster-legions,2026-07-01,949203,live_metrics_json,2026-07-03,949200,3,category_top,2026-07-01,category_top,Listing page repeated an older already-observed play count after a higher count was observed.
Monster Legions,https://www.kongregate.com/en/games/nerdook/monster-legions,2026-07-01,949203,live_metrics_json,2026-07-04,949200,3,category_top,2026-07-01,category_top,Listing page repeated an older already-observed play count after a higher count was observed.
Helmet Heroes,https://www.kongregate.com/en/games/robscherer123/helmet-heroes,2026-07-04,839000,category_top,2026-07-04,838997,3,live_metrics_json,,,Small exact-vs-rounded listing difference; listing pages often round modern play counts.
Infectonator : Christmas Edition,https://www.kongregate.com/en/games/TogeProductions/infectonator-christmas-edition,2026-06-29,859802,live_metrics_json,2026-07-01,859800,2,category_top,2026-06-22,category_top,Listing page repeated an older already-observed play count after a higher count was observed.
Infectonator : Christmas Edition,https://www.kongregate.com/en/games/TogeProductions/infectonator-christmas-edition,2026-06-29,859802,live_metrics_json,2026-07-01,859800,2,category_top,2026-06-22,category_top,Listing page repeated an older already-observed play count after a higher count was observed.
Infectonator : Christmas Edition,https://www.kongregate.com/en/games/TogeProductions/infectonator-christmas-edition,2026-06-29,859802,live_metrics_json,2026-07-02,859800,2,category_top,2026-06-22,category_top,Listing page repeated an older already-observed play count after a higher count was observed.
Infectonator : Christmas Edition,https://www.kongregate.com/en/games/TogeProductions/infectonator-christmas-edition,2026-06-29,859802,live_metrics_json,2026-07-02,859800,2,category_top,2026-06-22,category_top,Listing page repeated an older already-observed play count after a higher count was observed.
Infectonator : Christmas Edition,https://www.kongregate.com/en/games/TogeProductions/infectonator-christmas-edition,2026-06-29,859802,live_metrics_json,2026-07-03,859800,2,category_top,2026-06-22,category_top,Listing page repeated an older already-observed play count after a higher count was observed.
Infectonator : Christmas Edition,https://www.kongregate.com/en/games/TogeProductions/infectonator-christmas-edition,2026-06-29,859802,live_metrics_json,2026-07-03,859800,2,category_top,2026-06-22,category_top,Listing page repeated an older already-observed play count after a higher count was observed.
Infectonator : Christmas Edition,https://www.kongregate.com/en/games/TogeProductions/infectonator-christmas-edition,2026-06-29,859802,live_metrics_json,2026-07-04,859800,2,category_top,2026-06-22,category_top,Listing page repeated an older already-observed play count after a higher count was observed.
Infectonator : Christmas Edition,https://www.kongregate.com/en/games/TogeProductions/infectonator-christmas-edition,2026-06-29,859802,live_metrics_json,2026-07-04,859800,2,category_top,2026-06-22,category_top,Listing page repeated an older already-observed play count after a higher count was observed.
Zombie Derby 2,https://www.kongregate.com/en/games/BrineMedia/zombie-derby-2,2026-07-04,230900,category_top,2026-07-04,230899,1,live_metrics_json,,,Small exact-vs-rounded listing difference; listing pages often round modern play counts.
